[
	{
		"nome": "Nicolas Augusto Bento Ribeiro",
		"idade": 61,
		"cpf": "650.600.051-19",
		"rg": "10.465.163-5",
		"data_nasc": "08/02/1962",
		"sexo": "Masculino",
		"signo": "Aquário",
		"mae": "Cecília Alícia Sandra",
		"pai": "Thomas Enrico Ribeiro",
		"email": "nicolas-ribeiro71@gmx.ca",
		"senha": "NEx9eHcGSC",
		"cep": "70760-531",
		"endereco": "Quadra SCLRN 713 Bloco A",
		"numero": 807,
		"bairro": "Asa Norte",
		"cidade": "Brasília",
		"estado": "DF",
		"telefone_fixo": "(61) 3836-8707",
		"celular": "(61) 98358-2672",
		"altura": "1,74",
		"peso": 94,
		"tipo_sanguineo": "O+",
		"cor": "vermelho"
	},
	{
		"nome": "Emily Kamilly Silveira",
		"idade": 28,
		"cpf": "101.109.951-98",
		"rg": "12.978.964-1",
		"data_nasc": "24/01/1995",
		"sexo": "Feminino",
		"signo": "Aquário",
		"mae": "Raquel Olivia",
		"pai": "Vinicius Breno Mário Silveira",
		"email": "emily-silveira74@newpark.com",
		"senha": "GY8BSlnbpx",
		"cep": "72547-221",
		"endereco": "Quadra CL 217 Bloco A",
		"numero": 354,
		"bairro": "Santa Maria",
		"cidade": "Brasília",
		"estado": "DF",
		"telefone_fixo": "(61) 3943-6261",
		"celular": "(61) 98822-6716",
		"altura": "1,55",
		"peso": 67,
		"tipo_sanguineo": "B+",
		"cor": "azul"
	},
	{
		"nome": "Eduarda Marli Carvalho",
		"idade": 76,
		"cpf": "511.358.771-06",
		"rg": "26.305.859-1",
		"data_nasc": "27/01/1947",
		"sexo": "Feminino",
		"signo": "Aquário",
		"mae": "Cecília Bruna",
		"pai": "Rafael Matheus Filipe Carvalho",
		"email": "eduarda-carvalho89@mabeitex.com.br",
		"senha": "57LXoiKuhF",
		"cep": "72546-221",
		"endereco": "Quadra CL 216 Bloco A",
		"numero": 774,
		"bairro": "Santa Maria",
		"cidade": "Brasília",
		"estado": "DF",
		"telefone_fixo": "(61) 2669-3197",
		"celular": "(61) 99855-6720",
		"altura": "1,82",
		"peso": 90,
		"tipo_sanguineo": "O+",
		"cor": "vermelho"
	},
	{
		"nome": "Cláudio Fábio Leandro Barbosa",
		"idade": 40,
		"cpf": "927.039.381-01",
		"rg": "38.393.386-9",
		"data_nasc": "23/02/1983",
		"sexo": "Masculino",
		"signo": "Peixes",
		"mae": "Yasmin Raquel",
		"pai": "Theo Giovanni Lucas Barbosa",
		"email": "claudio_barbosa@sabesp.com.br",
		"senha": "ONjgP3x3iU",
		"cep": "70658-493",
		"endereco": "Quadra SHCES Quadra 1409 Bloco C",
		"numero": 666,
		"bairro": "Cruzeiro Novo",
		"cidade": "Brasília",
		"estado": "DF",
		"telefone_fixo": "(61) 2966-6984",
		"celular": "(61) 99887-0137",
		"altura": "1,94",
		"peso": 96,
		"tipo_sanguineo": "B+",
		"cor": "amarelo"
	},
	{
		"nome": "Emanuel Tiago Nogueira",
		"idade": 57,
		"cpf": "654.517.071-62",
		"rg": "25.177.358-9",
		"data_nasc": "10/01/1966",
		"sexo": "Masculino",
		"signo": "Capricórnio",
		"mae": "Caroline Luiza",
		"pai": "Henry Rodrigo Nogueira",
		"email": "emanuel-nogueira74@argo.com.br",
		"senha": "CSI5Zh4Hlo",
		"cep": "71520-500",
		"endereco": "Quadra SHIN QI 6 Área Especial s/n",
		"numero": 793,
		"bairro": "Setor de Habitações Individuais Norte",
		"cidade": "Brasília",
		"estado": "DF",
		"telefone_fixo": "(61) 3727-6153",
		"celular": "(61) 99559-4652",
		"altura": "1,78",
		"peso": 82,
		"tipo_sanguineo": "O+",
		"cor": "roxo"
	},
	{
		"nome": "Tereza Tereza Mirella Pinto",
		"idade": 24,
		"cpf": "634.322.021-64",
		"rg": "29.354.192-9",
		"data_nasc": "18/01/1999",
		"sexo": "Feminino",
		"signo": "Capricórnio",
		"mae": "Andrea Carolina Mariane",
		"pai": "Pedro Mateus Pinto",
		"email": "tereza_pinto@amoamar.com.br",
		"senha": "ROwhw02p83",
		"cep": "70648-063",
		"endereco": "Quadra SRES Quadra 4 Bloco F",
		"numero": 940,
		"bairro": "Cruzeiro Velho",
		"cidade": "Brasília",
		"estado": "DF",
		"telefone_fixo": "(61) 2751-1521",
		"celular": "(61) 99251-3764",
		"altura": "1,78",
		"peso": 45,
		"tipo_sanguineo": "O-",
		"cor": "azul"
	},
	{
		"nome": "Raquel Giovana Freitas",
		"idade": 37,
		"cpf": "534.136.551-83",
		"rg": "27.437.555-2",
		"data_nasc": "01/02/1986",
		"sexo": "Feminino",
		"signo": "Aquário",
		"mae": "Jéssica Ana",
		"pai": "Lorenzo Diego César Freitas",
		"email": "raquel.giovana.freitas@expressoforte.com.br",
		"senha": "dQWeKUaaTj",
		"cep": "72536-000",
		"endereco": "Quadra QC 2",
		"numero": 228,
		"bairro": "Santa Maria",
		"cidade": "Brasília",
		"estado": "DF",
		"telefone_fixo": "(61) 3760-9376",
		"celular": "(61) 99799-5182",
		"altura": "1,78",
		"peso": 73,
		"tipo_sanguineo": "A-",
		"cor": "vermelho"
	},
	{
		"nome": "Isabelly Isabel dos Santos",
		"idade": 28,
		"cpf": "380.005.191-51",
		"rg": "34.037.347-7",
		"data_nasc": "01/02/1995",
		"sexo": "Feminino",
		"signo": "Aquário",
		"mae": "Vitória Rita Luna",
		"pai": "Carlos Eduardo Eduardo dos Santos",
		"email": "isabelly.isabel.dossantos@pharmaterra.com.br",
		"senha": "sqEAWHKsqG",
		"cep": "72001-550",
		"endereco": "Chácara Chácara 59",
		"numero": 643,
		"bairro": "Setor Habitacional Samambaia (Vicente Pires)",
		"cidade": "Brasília",
		"estado": "DF",
		"telefone_fixo": "(61) 2881-7765",
		"celular": "(61) 98392-4806",
		"altura": "1,62",
		"peso": 50,
		"tipo_sanguineo": "A+",
		"cor": "amarelo"
	},
	{
		"nome": "Noah Raimundo Thales Melo",
		"idade": 52,
		"cpf": "086.084.071-91",
		"rg": "13.844.989-2",
		"data_nasc": "16/02/1971",
		"sexo": "Masculino",
		"signo": "Aquário",
		"mae": "Sarah Andrea Cláudia",
		"pai": "Mário Carlos Melo",
		"email": "noahraimundomelo@comercialrizzo.com",
		"senha": "yC0pxYcic7",
		"cep": "70853-060",
		"endereco": "Quadra SQN 208 Bloco F",
		"numero": 681,
		"bairro": "Asa Norte",
		"cidade": "Brasília",
		"estado": "DF",
		"telefone_fixo": "(61) 3612-4220",
		"celular": "(61) 98134-8621",
		"altura": "1,64",
		"peso": 62,
		"tipo_sanguineo": "O+",
		"cor": "verde"
	},
	{
		"nome": "Pedro João Mário Caldeira",
		"idade": 59,
		"cpf": "084.399.801-67",
		"rg": "40.426.309-4",
		"data_nasc": "10/01/1964",
		"sexo": "Masculino",
		"signo": "Capricórnio",
		"mae": "Maitê Adriana",
		"pai": "Ricardo Miguel Caldeira",
		"email": "pedrojoaocaldeira@cmfcequipamentos.com.br",
		"senha": "3z8F12paDU",
		"cep": "70391-900",
		"endereco": "SDS Bloco A Lote 44",
		"numero": 188,
		"bairro": "Asa Sul",
		"cidade": "Brasília",
		"estado": "DF",
		"telefone_fixo": "(61) 2739-3745",
		"celular": "(61) 99352-3400",
		"altura": "1,66",
		"peso": 94,
		"tipo_sanguineo": "O+",
		"cor": "vermelho"
	},
	{
		"nome": "Daniela Clarice Pereira",
		"idade": 74,
		"cpf": "675.601.841-89",
		"rg": "16.612.913-6",
		"data_nasc": "16/01/1949",
		"sexo": "Feminino",
		"signo": "Capricórnio",
		"mae": "Eloá Manuela",
		"pai": "Severino Yago Murilo Pereira",
		"email": "daniela.clarice.pereira@triunfante.com.br",
		"senha": "mwnbiCzLMH",
		"cep": "71951-390",
		"endereco": "Quadra QS 1 Rua 600",
		"numero": 310,
		"bairro": "Areal (Águas Claras)",
		"cidade": "Brasília",
		"estado": "DF",
		"telefone_fixo": "(61) 3936-2632",
		"celular": "(61) 98531-0172",
		"altura": "1,85",
		"peso": 69,
		"tipo_sanguineo": "A-",
		"cor": "amarelo"
	},
	{
		"nome": "Tomás Elias Baptista",
		"idade": 69,
		"cpf": "133.263.831-77",
		"rg": "22.277.626-2",
		"data_nasc": "10/01/1954",
		"sexo": "Masculino",
		"signo": "Capricórnio",
		"mae": "Alícia Amanda Aparecida",
		"pai": "Manoel Nathan Severino Baptista",
		"email": "tomas_elias_baptista@econe.com.br",
		"senha": "8a3tS7wXgZ",
		"cep": "71670-240",
		"endereco": "Quadra SHIS QI 28 Conjunto 4",
		"numero": 347,
		"bairro": "Setor de Habitações Individuais Sul",
		"cidade": "Brasília",
		"estado": "DF",
		"telefone_fixo": "(61) 2608-2956",
		"celular": "(61) 99867-1124",
		"altura": "1,77",
		"peso": 103,
		"tipo_sanguineo": "AB+",
		"cor": "roxo"
	},
	{
		"nome": "Nathan Samuel Cavalcanti",
		"idade": 77,
		"cpf": "749.613.321-35",
		"rg": "20.814.577-1",
		"data_nasc": "22/02/1946",
		"sexo": "Masculino",
		"signo": "Peixes",
		"mae": "Louise Tatiane Lívia",
		"pai": "Thiago Ricardo Kaique Cavalcanti",
		"email": "nathan_cavalcanti@cheryamur.com.br",
		"senha": "NeLTXWy6yc",
		"cep": "73355-401",
		"endereco": "Quadra Quadra 14 Conjunto 1",
		"numero": 467,
		"bairro": "Setor Residencial Leste (Planaltina)",
		"cidade": "Brasília",
		"estado": "DF",
		"telefone_fixo": "(61) 3530-8882",
		"celular": "(61) 99754-1609",
		"altura": "1,80",
		"peso": 61,
		"tipo_sanguineo": "O-",
		"cor": "verde"
	},
	{
		"nome": "Giovanna Ester Gomes",
		"idade": 47,
		"cpf": "655.524.231-00",
		"rg": "41.393.272-2",
		"data_nasc": "25/02/1976",
		"sexo": "Feminino",
		"signo": "Peixes",
		"mae": "Allana Marcela Bruna",
		"pai": "Thomas Samuel Thomas Gomes",
		"email": "giovanna.ester.gomes@ddfnet.com.br",
		"senha": "zwYqe7ZaWJ",
		"cep": "72341-305",
		"endereco": "Quadra QR 207 Conjunto 5",
		"numero": 838,
		"bairro": "Samambaia Norte (Samambaia)",
		"cidade": "Brasília",
		"estado": "DF",
		"telefone_fixo": "(61) 2951-3777",
		"celular": "(61) 98830-8218",
		"altura": "1,66",
		"peso": 69,
		"tipo_sanguineo": "A-",
		"cor": "amarelo"
	},
	{
		"nome": "Isabelle Gabrielly Figueiredo",
		"idade": 64,
		"cpf": "502.151.381-80",
		"rg": "43.773.826-7",
		"data_nasc": "21/02/1959",
		"sexo": "Feminino",
		"signo": "Peixes",
		"mae": "Esther Jennifer Betina",
		"pai": "Anthony Augusto Gustavo Figueiredo",
		"email": "isabellegabriellyfigueiredo@broutdoor.com.br",
		"senha": "pqQdtIG7hN",
		"cep": "73062-506",
		"endereco": "Quadra AR 15 Conjunto 6",
		"numero": 270,
		"bairro": "Setor Oeste (Sobradinho II)",
		"cidade": "Brasília",
		"estado": "DF",
		"telefone_fixo": "(61) 3886-2056",
		"celular": "(61) 98195-5222",
		"altura": "1,57",
		"peso": 70,
		"tipo_sanguineo": "B+",
		"cor": "roxo"
	},
	{
		"nome": "Francisco José Manoel Bernardes",
		"idade": 32,
		"cpf": "157.226.891-30",
		"rg": "21.497.348-7",
		"data_nasc": "09/01/1991",
		"sexo": "Masculino",
		"signo": "Capricórnio",
		"mae": "Giovanna Cláudia",
		"pai": "Benício Edson Kaique Bernardes",
		"email": "francisco_bernardes@plastic.com.br",
		"senha": "34uFfbeg03",
		"cep": "71255-555",
		"endereco": "Quadra Quadra 1 Conjunto 11",
		"numero": 674,
		"bairro": "Setor Oeste (Vila Estrutural - Guará)",
		"cidade": "Brasília",
		"estado": "DF",
		"telefone_fixo": "(61) 2643-4299",
		"celular": "(61) 99919-4913",
		"altura": "1,71",
		"peso": 110,
		"tipo_sanguineo": "AB-",
		"cor": "verde"
	},
	{
		"nome": "Larissa Andreia Cardoso",
		"idade": 50,
		"cpf": "334.000.371-84",
		"rg": "48.509.063-6",
		"data_nasc": "24/01/1973",
		"sexo": "Feminino",
		"signo": "Aquário",
		"mae": "Benedita Isabella Ayla",
		"pai": "Juan Gael Igor Cardoso",
		"email": "larissa-cardoso87@capua.com.br",
		"senha": "da7wQkZGUT",
		"cep": "72318-544",
		"endereco": "Quadra QN 404 Conjunto D",
		"numero": 633,
		"bairro": "Samambaia Norte (Samambaia)",
		"cidade": "Brasília",
		"estado": "DF",
		"telefone_fixo": "(61) 2733-0106",
		"celular": "(61) 98158-1084",
		"altura": "1,77",
		"peso": 74,
		"tipo_sanguineo": "B+",
		"cor": "roxo"
	},
	{
		"nome": "Camila Luiza da Cunha",
		"idade": 45,
		"cpf": "766.925.981-76",
		"rg": "32.988.531-5",
		"data_nasc": "09/01/1978",
		"sexo": "Feminino",
		"signo": "Capricórnio",
		"mae": "Eduarda Cláudia Jéssica",
		"pai": "Elias Sebastião Julio da Cunha",
		"email": "camila_dacunha@nelsoncosta.com.br",
		"senha": "D6znDc3oCP",
		"cep": "72161-422",
		"endereco": "Quadra QNL 24 Via 2",
		"numero": 613,
		"bairro": "Taguatinga Norte (Taguatinga)",
		"cidade": "Brasília",
		"estado": "DF",
		"telefone_fixo": "(61) 2955-6562",
		"celular": "(61) 98668-2215",
		"altura": "1,83",
		"peso": 90,
		"tipo_sanguineo": "B-",
		"cor": "preto"
	},
	{
		"nome": "Francisca Adriana Assis",
		"idade": 44,
		"cpf": "265.764.231-44",
		"rg": "15.734.818-0",
		"data_nasc": "16/02/1979",
		"sexo": "Feminino",
		"signo": "Aquário",
		"mae": "Marlene Jennifer Giovana",
		"pai": "Augusto Luan Tomás Assis",
		"email": "francisca_assis@oxiteno.com",
		"senha": "03elIZ9TyK",
		"cep": "72630-252",
		"endereco": "Quadra Quadra 402 Conjunto 2",
		"numero": 103,
		"bairro": "Recanto das Emas",
		"cidade": "Brasília",
		"estado": "DF",
		"telefone_fixo": "(61) 3576-4540",
		"celular": "(61) 99596-0194",
		"altura": "1,62",
		"peso": 62,
		"tipo_sanguineo": "AB+",
		"cor": "amarelo"
	},
	{
		"nome": "Igor Emanuel Carlos Peixoto",
		"idade": 55,
		"cpf": "685.728.061-48",
		"rg": "39.051.008-7",
		"data_nasc": "16/01/1968",
		"sexo": "Masculino",
		"signo": "Capricórnio",
		"mae": "Andrea Carolina",
		"pai": "Márcio Felipe Márcio Peixoto",
		"email": "igor.emanuel.peixoto@tlmix.com.br",
		"senha": "XMOsW8UJ3d",
		"cep": "70278-510",
		"endereco": "Quadra CLS 412 Bloco A",
		"numero": 284,
		"bairro": "Asa Sul",
		"cidade": "Brasília",
		"estado": "DF",
		"telefone_fixo": "(61) 2644-5502",
		"celular": "(61) 98293-0932",
		"altura": "1,76",
		"peso": 91,
		"tipo_sanguineo": "AB+",
		"cor": "laranja"
	},
	{
		"nome": "Enrico Kauê Márcio Gonçalves",
		"idade": 25,
		"cpf": "389.933.951-79",
		"rg": "37.573.294-9",
		"data_nasc": "14/02/1998",
		"sexo": "Masculino",
		"signo": "Aquário",
		"mae": "Pietra Stefany Mirella",
		"pai": "Gael Thiago Gonçalves",
		"email": "enrico_goncalves@jglima.com.br",
		"senha": "nwQuShslny",
		"cep": "71699-781",
		"endereco": "Quadra QC 14 Rua I",
		"numero": 135,
		"bairro": "Jardins Mangueiral (São Sebastião)",
		"cidade": "Brasília",
		"estado": "DF",
		"telefone_fixo": "(61) 2749-8697",
		"celular": "(61) 98209-2836",
		"altura": "1,60",
		"peso": 85,
		"tipo_sanguineo": "A-",
		"cor": "laranja"
	},
	{
		"nome": "Tereza Sophia da Paz",
		"idade": 44,
		"cpf": "610.007.811-27",
		"rg": "34.327.998-8",
		"data_nasc": "14/02/1979",
		"sexo": "Feminino",
		"signo": "Aquário",
		"mae": "Eliane Vera Sandra",
		"pai": "Geraldo Nathan Diego da Paz",
		"email": "tereza_dapaz@optovac.com.br",
		"senha": "kmnE3FjP0Z",
		"cep": "70275-450",
		"endereco": "Quadra EQS 212/412",
		"numero": 700,
		"bairro": "Asa Sul",
		"cidade": "Brasília",
		"estado": "DF",
		"telefone_fixo": "(61) 3557-6333",
		"celular": "(61) 98213-6272",
		"altura": "1,84",
		"peso": 90,
		"tipo_sanguineo": "B+",
		"cor": "preto"
	},
	{
		"nome": "Yago Diego Lopes",
		"idade": 26,
		"cpf": "438.238.971-28",
		"rg": "21.582.176-2",
		"data_nasc": "13/01/1997",
		"sexo": "Masculino",
		"signo": "Capricórnio",
		"mae": "Laura Agatha Milena",
		"pai": "Isaac Bryan Daniel Lopes",
		"email": "yago_diego_lopes@buzatto.pro",
		"senha": "lo8Ag8UNjc",
		"cep": "72725-120",
		"endereco": "Quadra Quadra 1 Chácara 1",
		"numero": 354,
		"bairro": "Veredas (Brazlândia)",
		"cidade": "Brasília",
		"estado": "DF",
		"telefone_fixo": "(61) 3557-8969",
		"celular": "(61) 98118-8344",
		"altura": "1,76",
		"peso": 63,
		"tipo_sanguineo": "B-",
		"cor": "vermelho"
	},
	{
		"nome": "Marlene Andreia Bárbara Monteiro",
		"idade": 40,
		"cpf": "205.618.521-03",
		"rg": "31.255.458-8",
		"data_nasc": "01/01/1983",
		"sexo": "Feminino",
		"signo": "Capricórnio",
		"mae": "Lúcia Márcia Letícia",
		"pai": "Cauã Raul Julio Monteiro",
		"email": "marlene_andreia_monteiro@selfcd.com.br",
		"senha": "TxgE8p0YoN",
		"cep": "72005-580",
		"endereco": "Rua Rua 3B Chácara 36",
		"numero": 792,
		"bairro": "Setor Habitacional Vicente Pires",
		"cidade": "Brasília",
		"estado": "DF",
		"telefone_fixo": "(61) 2569-6916",
		"celular": "(61) 98476-6234",
		"altura": "1,54",
		"peso": 71,
		"tipo_sanguineo": "AB-",
		"cor": "vermelho"
	},
	{
		"nome": "Eduarda Isabelly Moura",
		"idade": 41,
		"cpf": "732.570.161-66",
		"rg": "49.071.637-4",
		"data_nasc": "09/01/1982",
		"sexo": "Feminino",
		"signo": "Capricórnio",
		"mae": "Bruna Marcela",
		"pai": "Carlos Eduardo Pietro Levi Moura",
		"email": "eduarda.isabelly.moura@rotadasbandeiras.com.br",
		"senha": "PKRqyPS5Lm",
		"cep": "70380-707",
		"endereco": "Quadra SHIGS 713 Bloco G",
		"numero": 970,
		"bairro": "Asa Sul",
		"cidade": "Brasília",
		"estado": "DF",
		"telefone_fixo": "(61) 3928-4615",
		"celular": "(61) 99473-4622",
		"altura": "1,53",
		"peso": 77,
		"tipo_sanguineo": "B-",
		"cor": "amarelo"
	},
	{
		"nome": "Daniel Severino Ramos",
		"idade": 39,
		"cpf": "112.630.301-14",
		"rg": "23.811.467-3",
		"data_nasc": "23/02/1984",
		"sexo": "Masculino",
		"signo": "Peixes",
		"mae": "Heloisa Nicole",
		"pai": "Diogo Renato Ramos",
		"email": "danielseverinoramos@inpa.gov.br",
		"senha": "roYuSXTwoj",
		"cep": "72130-068",
		"endereco": "Área Especial 29",
		"numero": 666,
		"bairro": "Taguatinga Norte (Taguatinga)",
		"cidade": "Brasília",
		"estado": "DF",
		"telefone_fixo": "(61) 2739-6217",
		"celular": "(61) 99878-1501",
		"altura": "1,77",
		"peso": 105,
		"tipo_sanguineo": "O-",
		"cor": "verde"
	},
	{
		"nome": "Andrea Sophie Oliveira",
		"idade": 70,
		"cpf": "333.797.091-58",
		"rg": "38.210.878-4",
		"data_nasc": "07/01/1953",
		"sexo": "Feminino",
		"signo": "Capricórnio",
		"mae": "Beatriz Simone",
		"pai": "Daniel Cláudio Oliveira",
		"email": "andrea.sophie.oliveira@uel.br",
		"senha": "86Tfqtqaqn",
		"cep": "70255-160",
		"endereco": "Quadra SQS 406 Bloco P",
		"numero": 693,
		"bairro": "Asa Sul",
		"cidade": "Brasília",
		"estado": "DF",
		"telefone_fixo": "(61) 3690-8549",
		"celular": "(61) 99372-2254",
		"altura": "1,60",
		"peso": 82,
		"tipo_sanguineo": "A+",
		"cor": "verde"
	},
	{
		"nome": "Liz Marina das Neves",
		"idade": 67,
		"cpf": "665.267.551-00",
		"rg": "25.189.124-0",
		"data_nasc": "06/02/1956",
		"sexo": "Feminino",
		"signo": "Aquário",
		"mae": "Ayla Carla",
		"pai": "Calebe Hugo das Neves",
		"email": "lizmarinadasneves@novaes.me",
		"senha": "J49uGkEDY8",
		"cep": "70687-245",
		"endereco": "Quadra SQNW 310 Bloco I",
		"numero": 709,
		"bairro": "Setor Noroeste",
		"cidade": "Brasília",
		"estado": "DF",
		"telefone_fixo": "(61) 3625-1901",
		"celular": "(61) 98824-9393",
		"altura": "1,55",
		"peso": 76,
		"tipo_sanguineo": "O+",
		"cor": "preto"
	},
	{
		"nome": "Fernanda Antônia Novaes",
		"idade": 18,
		"cpf": "366.828.051-79",
		"rg": "47.136.483-6",
		"data_nasc": "07/01/2005",
		"sexo": "Feminino",
		"signo": "Capricórnio",
		"mae": "Marcela Marlene",
		"pai": "Paulo Levi João Novaes",
		"email": "fernanda-novaes94@tecnew.net",
		"senha": "M8UAZfa1ed",
		"cep": "72415-112",
		"endereco": "Quadra Quadra 2 Conjunto L",
		"numero": 446,
		"bairro": "Setor Sul (Gama)",
		"cidade": "Brasília",
		"estado": "DF",
		"telefone_fixo": "(61) 3534-3434",
		"celular": "(61) 98724-6257",
		"altura": "1,57",
		"peso": 52,
		"tipo_sanguineo": "A-",
		"cor": "verde"
	},
	{
		"nome": "Rosa Jaqueline Pires",
		"idade": 64,
		"cpf": "807.671.341-25",
		"rg": "39.032.729-3",
		"data_nasc": "05/01/1959",
		"sexo": "Feminino",
		"signo": "Capricórnio",
		"mae": "Sophia Pietra Lorena",
		"pai": "Fernando Manuel Cauê Pires",
		"email": "rosa_jaqueline_pires@maccropropaganda.com.br",
		"senha": "pEHqtjwqI4",
		"cep": "73358-400",
		"endereco": "Quadra Quadra 23",
		"numero": 277,
		"bairro": "Setor Residencial Leste (Planaltina)",
		"cidade": "Brasília",
		"estado": "DF",
		"telefone_fixo": "(61) 3913-7303",
		"celular": "(61) 98279-3463",
		"altura": "1,60",
		"peso": 56,
		"tipo_sanguineo": "A+",
		"cor": "vermelho"
	}
]