[
	{
		"nome": "Sara Cecília Nunes",
		"idade": 63,
		"cpf": "501.455.171-87",
		"rg": "28.007.502-9",
		"data_nasc": "14/02/1960",
		"sexo": "Feminino",
		"signo": "Aquário",
		"mae": "Valentina Nicole Lorena",
		"pai": "Filipe Heitor Manuel Nunes",
		"email": "sara_nunes@villalobos.mu.br",
		"senha": "kJQXotjY4p",
		"cep": "72305-507",
		"endereco": "Quadra QS 303 Conjunto 7",
		"numero": 663,
		"bairro": "Samambaia Sul (Samambaia)",
		"cidade": "Brasília",
		"estado": "DF",
		"telefone_fixo": "(61) 2667-5518",
		"celular": "(61) 99296-5055",
		"altura": "1,70",
		"peso": 59,
		"tipo_sanguineo": "O-",
		"cor": "laranja"
	},
	{
		"nome": "Bryan Ruan Leandro Melo",
		"idade": 45,
		"cpf": "756.144.381-14",
		"rg": "18.901.337-0",
		"data_nasc": "25/01/1978",
		"sexo": "Masculino",
		"signo": "Aquário",
		"mae": "Hadassa Emanuelly Andrea",
		"pai": "Pedro Cauê Victor Melo",
		"email": "bryan_ruan_melo@eletrovip.com",
		"senha": "mbHojKtcHp",
		"cep": "70732-090",
		"endereco": "Quadra SQN 103 Bloco I",
		"numero": 247,
		"bairro": "Asa Norte",
		"cidade": "Brasília",
		"estado": "DF",
		"telefone_fixo": "(61) 2701-9141",
		"celular": "(61) 98132-4270",
		"altura": "1,95",
		"peso": 54,
		"tipo_sanguineo": "B+",
		"cor": "roxo"
	},
	{
		"nome": "Diego Cauê José Cardoso",
		"idade": 32,
		"cpf": "281.827.571-77",
		"rg": "41.980.697-0",
		"data_nasc": "10/01/1991",
		"sexo": "Masculino",
		"signo": "Capricórnio",
		"mae": "Bárbara Brenda Rayssa",
		"pai": "Miguel Ryan Cardoso",
		"email": "diego-cardoso78@itatiaia.net",
		"senha": "ohsNI7WYW9",
		"cep": "70754-540",
		"endereco": "Quadra CLN 111 Bloco D",
		"numero": 925,
		"bairro": "Asa Norte",
		"cidade": "Brasília",
		"estado": "DF",
		"telefone_fixo": "(61) 2606-2410",
		"celular": "(61) 99316-9833",
		"altura": "1,66",
		"peso": 52,
		"tipo_sanguineo": "O-",
		"cor": "preto"
	},
	{
		"nome": "Isadora Isabela Duarte",
		"idade": 61,
		"cpf": "712.078.301-78",
		"rg": "20.125.005-6",
		"data_nasc": "02/01/1962",
		"sexo": "Feminino",
		"signo": "Capricórnio",
		"mae": "Raimunda Luana Giovana",
		"pai": "Henrique Carlos Alexandre Duarte",
		"email": "isadora-duarte93@c-a-m.com",
		"senha": "GGnIRRgo01",
		"cep": "72261-233",
		"endereco": "Quadra QNO 20 Conjunto 33",
		"numero": 146,
		"bairro": "Ceilândia Norte (Ceilândia)",
		"cidade": "Brasília",
		"estado": "DF",
		"telefone_fixo": "(61) 3765-1734",
		"celular": "(61) 98283-1713",
		"altura": "1,58",
		"peso": 61,
		"tipo_sanguineo": "O-",
		"cor": "verde"
	},
	{
		"nome": "Anderson Erick Yuri Jesus",
		"idade": 20,
		"cpf": "825.018.711-38",
		"rg": "46.826.564-8",
		"data_nasc": "02/01/2003",
		"sexo": "Masculino",
		"signo": "Capricórnio",
		"mae": "Simone Lavínia Camila",
		"pai": "Marcos Francisco Jesus",
		"email": "anderson_erick_jesus@solutionimoveis.com.br",
		"senha": "NiJMbozdw6",
		"cep": "72345-051",
		"endereco": "Quadra QN 219 Conjunto 1",
		"numero": 778,
		"bairro": "Samambaia Norte (Samambaia)",
		"cidade": "Brasília",
		"estado": "DF",
		"telefone_fixo": "(61) 2812-3304",
		"celular": "(61) 99265-7613",
		"altura": "1,82",
		"peso": 56,
		"tipo_sanguineo": "B+",
		"cor": "amarelo"
	},
	{
		"nome": "Diego Marcos Vinicius Severino Alves",
		"idade": 64,
		"cpf": "439.283.491-39",
		"rg": "18.415.989-1",
		"data_nasc": "02/02/1959",
		"sexo": "Masculino",
		"signo": "Aquário",
		"mae": "Sophie Milena Eloá",
		"pai": "Renato Vicente Alves",
		"email": "diego_marcos_alves@delfrateinfo.com.br",
		"senha": "grDjyubKzp",
		"cep": "71080-005",
		"endereco": "Colônia Agrícola Bernardo Sayão Chácara 1",
		"numero": 286,
		"bairro": "Guará II",
		"cidade": "Brasília",
		"estado": "DF",
		"telefone_fixo": "(61) 3864-4824",
		"celular": "(61) 99211-0663",
		"altura": "1,68",
		"peso": 87,
		"tipo_sanguineo": "AB+",
		"cor": "amarelo"
	},
	{
		"nome": "Jorge Eduardo da Mota",
		"idade": 78,
		"cpf": "102.505.991-39",
		"rg": "21.731.413-2",
		"data_nasc": "15/02/1945",
		"sexo": "Masculino",
		"signo": "Aquário",
		"mae": "Bárbara Elaine",
		"pai": "André Victor Luan da Mota",
		"email": "jorge_eduardo_damota@aerobravo.com.br",
		"senha": "HEe6FyTc8k",
		"cep": "72016-180",
		"endereco": "Quadra QSC 18",
		"numero": 110,
		"bairro": "Taguatinga Sul (Taguatinga)",
		"cidade": "Brasília",
		"estado": "DF",
		"telefone_fixo": "(61) 3892-8721",
		"celular": "(61) 99161-6346",
		"altura": "1,77",
		"peso": 83,
		"tipo_sanguineo": "AB-",
		"cor": "azul"
	},
	{
		"nome": "Marcelo Benjamin Ferreira",
		"idade": 18,
		"cpf": "357.989.851-56",
		"rg": "44.311.992-2",
		"data_nasc": "17/02/2005",
		"sexo": "Masculino",
		"signo": "Aquário",
		"mae": "Josefa Bianca",
		"pai": "Otávio Pietro Iago Ferreira",
		"email": "marcelobenjaminferreira@escritorioindaia.com.br",
		"senha": "7icl3ADHyI",
		"cep": "72007-480",
		"endereco": "Rua Rua 12",
		"numero": 471,
		"bairro": "Setor Habitacional Vicente Pires",
		"cidade": "Brasília",
		"estado": "DF",
		"telefone_fixo": "(61) 2600-0281",
		"celular": "(61) 98181-6848",
		"altura": "1,80",
		"peso": 104,
		"tipo_sanguineo": "AB+",
		"cor": "vermelho"
	},
	{
		"nome": "Bruna Emilly Gonçalves",
		"idade": 76,
		"cpf": "641.427.401-13",
		"rg": "33.736.319-5",
		"data_nasc": "23/02/1947",
		"sexo": "Feminino",
		"signo": "Peixes",
		"mae": "Louise Ana Tânia",
		"pai": "Henrique Mateus Gonçalves",
		"email": "bruna_emilly_goncalves@bseletronicos.com.br",
		"senha": "PBkLTr1GTG",
		"cep": "72325-563",
		"endereco": "Quadra QN 423 Conjunto C",
		"numero": 307,
		"bairro": "Samambaia Norte (Samambaia)",
		"cidade": "Brasília",
		"estado": "DF",
		"telefone_fixo": "(61) 3649-0109",
		"celular": "(61) 98971-4736",
		"altura": "1,82",
		"peso": 86,
		"tipo_sanguineo": "AB-",
		"cor": "roxo"
	},
	{
		"nome": "Cauã Carlos Eduardo Aragão",
		"idade": 50,
		"cpf": "559.039.621-22",
		"rg": "13.729.438-4",
		"data_nasc": "05/01/1973",
		"sexo": "Masculino",
		"signo": "Capricórnio",
		"mae": "Brenda Raimunda Elza",
		"pai": "Martin Mário Benjamin Aragão",
		"email": "caua_carlos_aragao@vetech.vet.br",
		"senha": "Bbt68deNj7",
		"cep": "71090-185",
		"endereco": "Colônia Agrícola Águas Claras Chácara 18",
		"numero": 316,
		"bairro": "Guará I",
		"cidade": "Brasília",
		"estado": "DF",
		"telefone_fixo": "(61) 3626-0911",
		"celular": "(61) 98926-6708",
		"altura": "1,68",
		"peso": 81,
		"tipo_sanguineo": "A-",
		"cor": "verde"
	},
	{
		"nome": "Rafael Lucas Pinto",
		"idade": 60,
		"cpf": "793.492.281-73",
		"rg": "49.145.972-5",
		"data_nasc": "07/02/1963",
		"sexo": "Masculino",
		"signo": "Aquário",
		"mae": "Emilly Helena Vitória",
		"pai": "Gustavo Danilo Pinto",
		"email": "rafael_lucas_pinto@origamieventos.com.br",
		"senha": "oN0xHRNNwy",
		"cep": "71551-312",
		"endereco": "Quadra Quadra 3 Conjunto 3",
		"numero": 876,
		"bairro": "Setor Habitacional Taquari (Lago Norte)",
		"cidade": "Brasília",
		"estado": "DF",
		"telefone_fixo": "(61) 2574-3957",
		"celular": "(61) 98146-2734",
		"altura": "1,65",
		"peso": 78,
		"tipo_sanguineo": "B-",
		"cor": "vermelho"
	},
	{
		"nome": "Eduardo José de Paula",
		"idade": 75,
		"cpf": "868.065.131-15",
		"rg": "47.254.484-6",
		"data_nasc": "06/02/1948",
		"sexo": "Masculino",
		"signo": "Aquário",
		"mae": "Elaine Flávia",
		"pai": "Renan Joaquim de Paula",
		"email": "eduardo-depaula78@navescorat.com.br",
		"senha": "T9GrZ0G8rk",
		"cep": "72260-649",
		"endereco": "Quadra QNO 16 Conjunto 49",
		"numero": 614,
		"bairro": "Ceilândia Norte (Ceilândia)",
		"cidade": "Brasília",
		"estado": "DF",
		"telefone_fixo": "(61) 3771-6663",
		"celular": "(61) 99349-4892",
		"altura": "1,75",
		"peso": 83,
		"tipo_sanguineo": "B+",
		"cor": "vermelho"
	},
	{
		"nome": "Maria Raimunda Farias",
		"idade": 80,
		"cpf": "074.346.301-32",
		"rg": "34.087.333-4",
		"data_nasc": "10/02/1943",
		"sexo": "Feminino",
		"signo": "Aquário",
		"mae": "Olivia Heloisa Tânia",
		"pai": "Leonardo Anderson Luís Farias",
		"email": "mariaraimundafarias@centrovias.com.br",
		"senha": "15l2SFXaL6",
		"cep": "71255-720",
		"endereco": "Quadra Quadra 3 Conjunto 4",
		"numero": 865,
		"bairro": "Setor Oeste (Vila Estrutural - Guará)",
		"cidade": "Brasília",
		"estado": "DF",
		"telefone_fixo": "(61) 2580-0243",
		"celular": "(61) 99294-1871",
		"altura": "1,77",
		"peso": 80,
		"tipo_sanguineo": "O-",
		"cor": "vermelho"
	},
	{
		"nome": "Mirella Maria Bárbara Monteiro",
		"idade": 45,
		"cpf": "645.975.281-80",
		"rg": "32.006.026-3",
		"data_nasc": "21/01/1978",
		"sexo": "Feminino",
		"signo": "Aquário",
		"mae": "Regina Allana Rayssa",
		"pai": "Diego Cauê Fernando Monteiro",
		"email": "mirella_monteiro@cancaonova.com",
		"senha": "64HHNTSb5K",
		"cep": "70680-350",
		"endereco": "Quadra CCSW 3",
		"numero": 489,
		"bairro": "Setor Sudoeste",
		"cidade": "Brasília",
		"estado": "DF",
		"telefone_fixo": "(61) 2633-7396",
		"celular": "(61) 99700-8066",
		"altura": "1,70",
		"peso": 51,
		"tipo_sanguineo": "B+",
		"cor": "amarelo"
	},
	{
		"nome": "Luiza Sophie Almada",
		"idade": 47,
		"cpf": "910.696.161-41",
		"rg": "13.311.040-0",
		"data_nasc": "05/02/1976",
		"sexo": "Feminino",
		"signo": "Aquário",
		"mae": "Lorena Márcia Bruna",
		"pai": "Eduardo Raul Nelson Almada",
		"email": "luiza.sophie.almada@reconciliare.com.br",
		"senha": "RWc919upeP",
		"cep": "71071-120",
		"endereco": "Quadra QE 52 Conjunto J",
		"numero": 668,
		"bairro": "Guará II",
		"cidade": "Brasília",
		"estado": "DF",
		"telefone_fixo": "(61) 3973-2352",
		"celular": "(61) 99855-4404",
		"altura": "1,63",
		"peso": 71,
		"tipo_sanguineo": "A+",
		"cor": "vermelho"
	},
	{
		"nome": "Kevin Levi Elias Almeida",
		"idade": 68,
		"cpf": "077.913.851-12",
		"rg": "35.163.661-4",
		"data_nasc": "14/01/1955",
		"sexo": "Masculino",
		"signo": "Capricórnio",
		"mae": "Alícia Aparecida Sara",
		"pai": "Bernardo Martin Almeida",
		"email": "kevin_almeida@raninho.com.br",
		"senha": "gXyPgs4rS7",
		"cep": "71921-000",
		"endereco": "Rodovia EPTG",
		"numero": 287,
		"bairro": "Norte (Águas Claras)",
		"cidade": "Brasília",
		"estado": "DF",
		"telefone_fixo": "(61) 3825-4123",
		"celular": "(61) 98401-7284",
		"altura": "1,67",
		"peso": 104,
		"tipo_sanguineo": "O+",
		"cor": "amarelo"
	},
	{
		"nome": "Raimunda Clarice Esther Silveira",
		"idade": 41,
		"cpf": "172.082.301-45",
		"rg": "30.164.661-2",
		"data_nasc": "22/02/1982",
		"sexo": "Feminino",
		"signo": "Peixes",
		"mae": "Isabelly Lavínia Laís",
		"pai": "Vitor Roberto Silveira",
		"email": "raimundaclaricesilveira@rmsolutions.inf.br",
		"senha": "8nt9tWoNe9",
		"cep": "73010-750",
		"endereco": "Setor Esportivo",
		"numero": 332,
		"bairro": "Sobradinho",
		"cidade": "Brasília",
		"estado": "DF",
		"telefone_fixo": "(61) 3817-4772",
		"celular": "(61) 99818-5622",
		"altura": "1,67",
		"peso": 90,
		"tipo_sanguineo": "B+",
		"cor": "preto"
	},
	{
		"nome": "Bryan Vinicius Luiz Martins",
		"idade": 52,
		"cpf": "401.401.941-18",
		"rg": "12.808.210-0",
		"data_nasc": "21/01/1971",
		"sexo": "Masculino",
		"signo": "Aquário",
		"mae": "Teresinha Nina Elisa",
		"pai": "Levi Carlos Pedro Martins",
		"email": "bryan_martins@fluxioneventos.com.br",
		"senha": "z3CUIIc6pB",
		"cep": "71071-010",
		"endereco": "Quadra QE 50",
		"numero": 604,
		"bairro": "Guará II",
		"cidade": "Brasília",
		"estado": "DF",
		"telefone_fixo": "(61) 2901-8850",
		"celular": "(61) 99370-1283",
		"altura": "1,90",
		"peso": 78,
		"tipo_sanguineo": "O+",
		"cor": "laranja"
	},
	{
		"nome": "Henry Murilo Manuel Assis",
		"idade": 77,
		"cpf": "837.162.361-52",
		"rg": "47.990.574-5",
		"data_nasc": "02/01/1946",
		"sexo": "Masculino",
		"signo": "Capricórnio",
		"mae": "Beatriz Rebeca",
		"pai": "Benício Yago Assis",
		"email": "henry.murilo.assis@fosjc.unesp.br",
		"senha": "WzX5IK6Xeh",
		"cep": "71587-182",
		"endereco": "Quadra Quadra 4 Área Especial 4",
		"numero": 523,
		"bairro": "Paranoá Parque (Paranoá)",
		"cidade": "Brasília",
		"estado": "DF",
		"telefone_fixo": "(61) 3694-4697",
		"celular": "(61) 98179-2722",
		"altura": "1,70",
		"peso": 97,
		"tipo_sanguineo": "A-",
		"cor": "laranja"
	},
	{
		"nome": "Severino Manoel da Mata",
		"idade": 23,
		"cpf": "435.046.251-12",
		"rg": "16.374.609-6",
		"data_nasc": "25/01/2000",
		"sexo": "Masculino",
		"signo": "Aquário",
		"mae": "Catarina Rayssa Lara",
		"pai": "Matheus Ian da Mata",
		"email": "severino-damata83@prestec.com.br",
		"senha": "a3u1Jb1tmI",
		"cep": "70070-050",
		"endereco": "Quadra SAUS Quadra 5",
		"numero": 100,
		"bairro": "Asa Sul",
		"cidade": "Brasília",
		"estado": "DF",
		"telefone_fixo": "(61) 2734-5507",
		"celular": "(61) 99474-8415",
		"altura": "1,83",
		"peso": 76,
		"tipo_sanguineo": "O+",
		"cor": "amarelo"
	},
	{
		"nome": "Juan Bento Marcos da Cruz",
		"idade": 34,
		"cpf": "065.396.851-57",
		"rg": "49.414.163-3",
		"data_nasc": "12/02/1989",
		"sexo": "Masculino",
		"signo": "Aquário",
		"mae": "Tereza Isabelle",
		"pai": "Kaique Breno Manuel da Cruz",
		"email": "juan_dacruz@cmfcequipamentos.com.br",
		"senha": "8XLR6WSYqa",
		"cep": "71751-475",
		"endereco": "Núcleo Rural Vargem Bonita Rua 3 Chácara 42",
		"numero": 773,
		"bairro": "Núcleo Rural Vargem Bonita (Núcleo Bandeirante)",
		"cidade": "Brasília",
		"estado": "DF",
		"telefone_fixo": "(61) 3916-8107",
		"celular": "(61) 99800-5722",
		"altura": "1,61",
		"peso": 60,
		"tipo_sanguineo": "B-",
		"cor": "preto"
	},
	{
		"nome": "Isabelle Jaqueline dos Santos",
		"idade": 28,
		"cpf": "011.028.891-21",
		"rg": "32.362.252-5",
		"data_nasc": "15/01/1995",
		"sexo": "Feminino",
		"signo": "Capricórnio",
		"mae": "Cristiane Gabriela Letícia",
		"pai": "Marcelo Roberto dos Santos",
		"email": "isabelle.jaqueline.dossantos@consorciogastau.com.br",
		"senha": "rPlBf8xuh7",
		"cep": "71536-258",
		"endereco": "Trecho Trecho 04 Chácara 173",
		"numero": 120,
		"bairro": "Setor de Habitações Individuais Norte",
		"cidade": "Brasília",
		"estado": "DF",
		"telefone_fixo": "(61) 3632-1694",
		"celular": "(61) 98157-3919",
		"altura": "1,58",
		"peso": 55,
		"tipo_sanguineo": "A+",
		"cor": "vermelho"
	},
	{
		"nome": "Elaine Manuela Silva",
		"idade": 30,
		"cpf": "086.813.811-80",
		"rg": "42.847.514-0",
		"data_nasc": "07/01/1993",
		"sexo": "Feminino",
		"signo": "Capricórnio",
		"mae": "Lara Yasmin Lara",
		"pai": "Antonio Marcos Eduardo Silva",
		"email": "elaine.manuela.silva@sinelcom.com.br",
		"senha": "ZEAofuH2dd",
		"cep": "71692-310",
		"endereco": "Quadra Quadra 104 Conjunto 2",
		"numero": 856,
		"bairro": "Setor Residencial Oeste (São Sebastião)",
		"cidade": "Brasília",
		"estado": "DF",
		"telefone_fixo": "(61) 2963-0589",
		"celular": "(61) 98559-1801",
		"altura": "1,53",
		"peso": 82,
		"tipo_sanguineo": "AB-",
		"cor": "laranja"
	},
	{
		"nome": "Enzo Levi Victor da Rocha",
		"idade": 38,
		"cpf": "305.739.011-04",
		"rg": "48.666.073-4",
		"data_nasc": "17/02/1985",
		"sexo": "Masculino",
		"signo": "Aquário",
		"mae": "Emily Isis",
		"pai": "Osvaldo Danilo Samuel da Rocha",
		"email": "enzo.levi.darocha@vpsa.com.br",
		"senha": "aSGXnfCynn",
		"cep": "71907-180",
		"endereco": "Quadra Quadra 101",
		"numero": 898,
		"bairro": "Norte (Águas Claras)",
		"cidade": "Brasília",
		"estado": "DF",
		"telefone_fixo": "(61) 2982-1531",
		"celular": "(61) 99183-6636",
		"altura": "1,64",
		"peso": 103,
		"tipo_sanguineo": "A+",
		"cor": "roxo"
	},
	{
		"nome": "Sophia Heloise Oliveira",
		"idade": 72,
		"cpf": "510.741.311-00",
		"rg": "29.904.616-3",
		"data_nasc": "26/01/1951",
		"sexo": "Feminino",
		"signo": "Aquário",
		"mae": "Stella Malu Márcia",
		"pai": "Fernando Victor Cláudio Oliveira",
		"email": "sophia_heloise_oliveira@r7.com",
		"senha": "X72AOTSUm1",
		"cep": "73045-171",
		"endereco": "Quadra Quadra 17 Conjunto A",
		"numero": 930,
		"bairro": "Sobradinho",
		"cidade": "Brasília",
		"estado": "DF",
		"telefone_fixo": "(61) 2999-0281",
		"celular": "(61) 99180-7546",
		"altura": "1,84",
		"peso": 49,
		"tipo_sanguineo": "B-",
		"cor": "vermelho"
	},
	{
		"nome": "Lívia Emily Rafaela Castro",
		"idade": 72,
		"cpf": "648.851.171-86",
		"rg": "17.280.830-3",
		"data_nasc": "20/02/1951",
		"sexo": "Feminino",
		"signo": "Peixes",
		"mae": "Catarina Letícia Joana",
		"pai": "Mateus Joaquim João Castro",
		"email": "livia_castro@gmeil.com",
		"senha": "eitcXD49UH",
		"cep": "70686-650",
		"endereco": "Quadra CLNW 10/11 Lote J",
		"numero": 653,
		"bairro": "Setor Noroeste",
		"cidade": "Brasília",
		"estado": "DF",
		"telefone_fixo": "(61) 2953-9656",
		"celular": "(61) 99553-8129",
		"altura": "1,63",
		"peso": 66,
		"tipo_sanguineo": "A-",
		"cor": "amarelo"
	},
	{
		"nome": "Cristiane Emanuelly Rezende",
		"idade": 55,
		"cpf": "193.786.351-48",
		"rg": "19.046.962-6",
		"data_nasc": "17/02/1968",
		"sexo": "Feminino",
		"signo": "Aquário",
		"mae": "Amanda Sabrina Heloisa",
		"pai": "Mário Carlos Rezende",
		"email": "cristianeemanuellyrezende@bol.com",
		"senha": "7EySMCLbLg",
		"cep": "70276-080",
		"endereco": "Quadra SQS 410 Bloco H",
		"numero": 821,
		"bairro": "Asa Sul",
		"cidade": "Brasília",
		"estado": "DF",
		"telefone_fixo": "(61) 2996-2401",
		"celular": "(61) 99847-1022",
		"altura": "1,75",
		"peso": 52,
		"tipo_sanguineo": "O+",
		"cor": "vermelho"
	},
	{
		"nome": "Maria Clara Moraes",
		"idade": 74,
		"cpf": "692.914.271-95",
		"rg": "18.935.961-4",
		"data_nasc": "19/01/1949",
		"sexo": "Feminino",
		"signo": "Capricórnio",
		"mae": "Fernanda Jaqueline Rayssa",
		"pai": "Pietro Tomás Moraes",
		"email": "maria.clara.moraes@creativeinteriores.com.br",
		"senha": "1YHNzpSAfz",
		"cep": "71680-285",
		"endereco": "Conjunto SMDB Área Especial D",
		"numero": 986,
		"bairro": "Setor de Mansões Dom Bosco",
		"cidade": "Brasília",
		"estado": "DF",
		"telefone_fixo": "(61) 2990-8533",
		"celular": "(61) 99491-3728",
		"altura": "1,54",
		"peso": 62,
		"tipo_sanguineo": "B+",
		"cor": "amarelo"
	},
	{
		"nome": "Marcela Aline Maria Barros",
		"idade": 72,
		"cpf": "344.664.491-12",
		"rg": "10.605.277-9",
		"data_nasc": "10/01/1951",
		"sexo": "Feminino",
		"signo": "Capricórnio",
		"mae": "Mariah Emily",
		"pai": "Diogo Thomas Yago Barros",
		"email": "marcela-barros84@goldfinger.com.br",
		"senha": "EeOIm9AD4Y",
		"cep": "73005-503",
		"endereco": "Quadra Quadra 8 Bloco 3",
		"numero": 471,
		"bairro": "Sobradinho",
		"cidade": "Brasília",
		"estado": "DF",
		"telefone_fixo": "(61) 2659-5680",
		"celular": "(61) 98892-6317",
		"altura": "1,83",
		"peso": 62,
		"tipo_sanguineo": "O-",
		"cor": "vermelho"
	},
	{
		"nome": "Márcio Bernardo Otávio Porto",
		"idade": 46,
		"cpf": "406.770.751-70",
		"rg": "22.335.173-8",
		"data_nasc": "23/01/1977",
		"sexo": "Masculino",
		"signo": "Aquário",
		"mae": "Beatriz Alice",
		"pai": "Anderson Kevin Porto",
		"email": "marcio.bernardo.porto@allianceconsultoria.com.br",
		"senha": "S7iqrAOEs4",
		"cep": "72319-522",
		"endereco": "Quadra QS 401 Conjunto B",
		"numero": 678,
		"bairro": "Samambaia Norte (Samambaia)",
		"cidade": "Brasília",
		"estado": "DF",
		"telefone_fixo": "(61) 2926-6743",
		"celular": "(61) 99869-8281",
		"altura": "1,83",
		"peso": 70,
		"tipo_sanguineo": "AB+",
		"cor": "preto"
	}
]