[
	{
		"nome": "Ian Antonio Luís Gomes",
		"idade": 44,
		"cpf": "030.890.461-30",
		"rg": "45.609.692-9",
		"data_nasc": "16/01/1979",
		"sexo": "Masculino",
		"signo": "Capricórnio",
		"mae": "Aparecida Joana Marcela",
		"pai": "Cláudio Daniel Gomes",
		"email": "ianantoniogomes@hawk.com.br",
		"senha": "tBWcJfeKX3",
		"cep": "71215-300",
		"endereco": "Setor SMAS",
		"numero": 716,
		"bairro": "Zona Industrial (Guará)",
		"cidade": "Brasília",
		"estado": "DF",
		"telefone_fixo": "(61) 2819-9197",
		"celular": "(61) 98600-9191",
		"altura": "1,65",
		"peso": 90,
		"tipo_sanguineo": "O-",
		"cor": "azul"
	},
	{
		"nome": "Luna Vanessa Melissa Pereira",
		"idade": 79,
		"cpf": "000.678.391-00",
		"rg": "23.746.434-2",
		"data_nasc": "19/01/1944",
		"sexo": "Feminino",
		"signo": "Capricórnio",
		"mae": "Raquel Raimunda Marli",
		"pai": "Erick Murilo Pereira",
		"email": "luna-pereira71@andradecamara.com.br",
		"senha": "Xwzqo1eEPR",
		"cep": "70774-540",
		"endereco": "Quadra CLN 315 Bloco D",
		"numero": 133,
		"bairro": "Asa Norte",
		"cidade": "Brasília",
		"estado": "DF",
		"telefone_fixo": "(61) 3881-6737",
		"celular": "(61) 99946-3574",
		"altura": "1,57",
		"peso": 72,
		"tipo_sanguineo": "B+",
		"cor": "vermelho"
	},
	{
		"nome": "Sophia Marli Caldeira",
		"idade": 25,
		"cpf": "504.959.721-85",
		"rg": "19.664.716-2",
		"data_nasc": "07/01/1998",
		"sexo": "Feminino",
		"signo": "Capricórnio",
		"mae": "Simone Marcela",
		"pai": "Benício Henrique Renato Caldeira",
		"email": "sophia.marli.caldeira@uninet.com.br",
		"senha": "9UjbhaTZPf",
		"cep": "72319-561",
		"endereco": "Quadra QN 405 Conjunto A",
		"numero": 542,
		"bairro": "Samambaia Norte (Samambaia)",
		"cidade": "Brasília",
		"estado": "DF",
		"telefone_fixo": "(61) 2840-5830",
		"celular": "(61) 99270-8208",
		"altura": "1,60",
		"peso": 49,
		"tipo_sanguineo": "AB-",
		"cor": "amarelo"
	},
	{
		"nome": "Thomas Otávio Henrique Moraes",
		"idade": 46,
		"cpf": "224.946.651-32",
		"rg": "49.643.673-9",
		"data_nasc": "20/02/1977",
		"sexo": "Masculino",
		"signo": "Peixes",
		"mae": "Simone Daiane",
		"pai": "Diego Yuri Moraes",
		"email": "thomasotaviomoraes@tita.com.br",
		"senha": "2DzKGzPR9R",
		"cep": "72602-314",
		"endereco": "Quadra Quadra 111 Área Especial 1",
		"numero": 108,
		"bairro": "Recanto das Emas",
		"cidade": "Brasília",
		"estado": "DF",
		"telefone_fixo": "(61) 2851-1852",
		"celular": "(61) 99847-7142",
		"altura": "1,94",
		"peso": 74,
		"tipo_sanguineo": "O-",
		"cor": "vermelho"
	},
	{
		"nome": "Sophia Hadassa Sales",
		"idade": 43,
		"cpf": "353.370.871-34",
		"rg": "27.201.689-5",
		"data_nasc": "02/02/1980",
		"sexo": "Feminino",
		"signo": "Aquário",
		"mae": "Joana Analu Agatha",
		"pai": "Eduardo Juan Sales",
		"email": "sophia_hadassa_sales@right.com.br",
		"senha": "q9O5OIkIsk",
		"cep": "72260-621",
		"endereco": "Quadra QNO 16 Conjunto 21",
		"numero": 380,
		"bairro": "Ceilândia Norte (Ceilândia)",
		"cidade": "Brasília",
		"estado": "DF",
		"telefone_fixo": "(61) 2777-0127",
		"celular": "(61) 98121-4820",
		"altura": "1,58",
		"peso": 76,
		"tipo_sanguineo": "B-",
		"cor": "roxo"
	},
	{
		"nome": "Elias Heitor Fernandes",
		"idade": 21,
		"cpf": "564.149.871-82",
		"rg": "37.132.673-4",
		"data_nasc": "10/02/2002",
		"sexo": "Masculino",
		"signo": "Aquário",
		"mae": "Daniela Raimunda",
		"pai": "João Erick Fernandes",
		"email": "elias_heitor_fernandes@wredenborg.se",
		"senha": "Z4ceQrph1L",
		"cep": "71215-297",
		"endereco": "Quadra SOF Sul Quadra 19 Conjunto B",
		"numero": 699,
		"bairro": "Zona Industrial (Guará)",
		"cidade": "Brasília",
		"estado": "DF",
		"telefone_fixo": "(61) 3851-3887",
		"celular": "(61) 99697-3052",
		"altura": "1,86",
		"peso": 72,
		"tipo_sanguineo": "A+",
		"cor": "amarelo"
	},
	{
		"nome": "Beatriz Rafaela Martins",
		"idade": 31,
		"cpf": "713.803.641-83",
		"rg": "17.937.401-1",
		"data_nasc": "06/02/1992",
		"sexo": "Feminino",
		"signo": "Aquário",
		"mae": "Allana Sophia",
		"pai": "Joaquim Francisco Benício Martins",
		"email": "beatrizrafaelamartins@tecsysbrasil.com.br",
		"senha": "QJmA748KnW",
		"cep": "71750-545",
		"endereco": "Área Isolada 15",
		"numero": 559,
		"bairro": "Núcleo Rural Vargem Bonita (Núcleo Bandeirante)",
		"cidade": "Brasília",
		"estado": "DF",
		"telefone_fixo": "(61) 3742-9467",
		"celular": "(61) 98426-0147",
		"altura": "1,67",
		"peso": 71,
		"tipo_sanguineo": "B+",
		"cor": "roxo"
	},
	{
		"nome": "Débora Larissa Evelyn da Conceição",
		"idade": 39,
		"cpf": "402.486.001-17",
		"rg": "38.507.034-2",
		"data_nasc": "26/01/1984",
		"sexo": "Feminino",
		"signo": "Aquário",
		"mae": "Louise Luana Liz",
		"pai": "Roberto Ryan Cláudio da Conceição",
		"email": "deboralarissadaconceicao@policiacivil.sp.gov.br",
		"senha": "7kzzip9R7b",
		"cep": "71205-999",
		"endereco": "SIA Quadra 5C Área Especial 2 Lote B Loja 100",
		"numero": 819,
		"bairro": "Zona Industrial (Guará)",
		"cidade": "Brasília",
		"estado": "DF",
		"telefone_fixo": "(61) 3540-1375",
		"celular": "(61) 98641-8379",
		"altura": "1,63",
		"peso": 72,
		"tipo_sanguineo": "B-",
		"cor": "vermelho"
	},
	{
		"nome": "Gael Cauã Mendes",
		"idade": 57,
		"cpf": "086.622.321-59",
		"rg": "31.837.115-7",
		"data_nasc": "20/02/1966",
		"sexo": "Masculino",
		"signo": "Peixes",
		"mae": "Carolina Alícia Heloise",
		"pai": "Edson Sebastião Mendes",
		"email": "gael_caua_mendes@kof.com.mx",
		"senha": "B1zdINYWgF",
		"cep": "70343-080",
		"endereco": "Quadra SQS 104 Bloco H",
		"numero": 612,
		"bairro": "Asa Sul",
		"cidade": "Brasília",
		"estado": "DF",
		"telefone_fixo": "(61) 2735-6683",
		"celular": "(61) 98276-8943",
		"altura": "1,91",
		"peso": 67,
		"tipo_sanguineo": "O-",
		"cor": "vermelho"
	},
	{
		"nome": "Giovanni Fernando Thiago da Cunha",
		"idade": 36,
		"cpf": "021.575.831-57",
		"rg": "48.227.307-0",
		"data_nasc": "21/01/1987",
		"sexo": "Masculino",
		"signo": "Aquário",
		"mae": "Sandra Aparecida Teresinha",
		"pai": "Ruan Marcelo Iago da Cunha",
		"email": "giovanni_fernando_dacunha@oliveiraesouza.adv.br",
		"senha": "69tBPcnFuk",
		"cep": "72335-102",
		"endereco": "Quadra QR 631 Conjunto 1-A",
		"numero": 343,
		"bairro": "Samambaia Norte (Samambaia)",
		"cidade": "Brasília",
		"estado": "DF",
		"telefone_fixo": "(61) 3642-2667",
		"celular": "(61) 99669-6970",
		"altura": "1,93",
		"peso": 73,
		"tipo_sanguineo": "B-",
		"cor": "laranja"
	},
	{
		"nome": "Daiane Eliane Baptista",
		"idade": 76,
		"cpf": "003.997.591-66",
		"rg": "47.640.053-3",
		"data_nasc": "08/02/1947",
		"sexo": "Feminino",
		"signo": "Aquário",
		"mae": "Ana Stella",
		"pai": "Julio Alexandre Manoel Baptista",
		"email": "daiane_eliane_baptista@marsans.com.br",
		"senha": "I8QPMOhIfO",
		"cep": "71573-013",
		"endereco": "Quadra Quadra 29 Conjunto M",
		"numero": 310,
		"bairro": "Paranoá",
		"cidade": "Brasília",
		"estado": "DF",
		"telefone_fixo": "(61) 2718-3677",
		"celular": "(61) 99817-4540",
		"altura": "1,61",
		"peso": 81,
		"tipo_sanguineo": "AB+",
		"cor": "laranja"
	},
	{
		"nome": "Thales Ian Rodrigues",
		"idade": 48,
		"cpf": "307.092.861-71",
		"rg": "40.192.406-3",
		"data_nasc": "20/02/1975",
		"sexo": "Masculino",
		"signo": "Peixes",
		"mae": "Laura Sophia",
		"pai": "Edson Anthony Hugo Rodrigues",
		"email": "thales_ian_rodrigues@softcia.com.br",
		"senha": "e8JMr8a3g5",
		"cep": "72535-550",
		"endereco": "Quadra QC 1 Área Especial s/n",
		"numero": 167,
		"bairro": "Santa Maria",
		"cidade": "Brasília",
		"estado": "DF",
		"telefone_fixo": "(61) 2973-3665",
		"celular": "(61) 98291-1153",
		"altura": "1,72",
		"peso": 63,
		"tipo_sanguineo": "A+",
		"cor": "vermelho"
	},
	{
		"nome": "Marcos Vinicius Thomas Geraldo Castro",
		"idade": 58,
		"cpf": "609.963.031-70",
		"rg": "16.172.735-9",
		"data_nasc": "02/01/1965",
		"sexo": "Masculino",
		"signo": "Capricórnio",
		"mae": "Lavínia Luna Sophia",
		"pai": "Daniel Manoel Castro",
		"email": "marcos_vinicius_castro@maccropropaganda.com.br",
		"senha": "e4BErC35F1",
		"cep": "70630-215",
		"endereco": "Quadra QRO Conjunto 5",
		"numero": 339,
		"bairro": "Setor Militar Urbano",
		"cidade": "Brasília",
		"estado": "DF",
		"telefone_fixo": "(61) 2781-1622",
		"celular": "(61) 99794-5265",
		"altura": "1,93",
		"peso": 85,
		"tipo_sanguineo": "AB+",
		"cor": "vermelho"
	},
	{
		"nome": "Lorena Gabriela Laís da Costa",
		"idade": 33,
		"cpf": "674.657.891-76",
		"rg": "27.652.722-7",
		"data_nasc": "23/01/1990",
		"sexo": "Feminino",
		"signo": "Aquário",
		"mae": "Nicole Clara",
		"pai": "Kevin Ruan da Costa",
		"email": "lorena.gabriela.dacosta@prokopetz.com.br",
		"senha": "BgZhhq8TZF",
		"cep": "72405-922",
		"endereco": "Área Especial 20/21",
		"numero": 628,
		"bairro": "Setor Central (Gama)",
		"cidade": "Brasília",
		"estado": "DF",
		"telefone_fixo": "(61) 2533-7634",
		"celular": "(61) 99985-6130",
		"altura": "1,76",
		"peso": 90,
		"tipo_sanguineo": "B+",
		"cor": "verde"
	},
	{
		"nome": "Tânia Sandra Galvão",
		"idade": 59,
		"cpf": "693.515.451-05",
		"rg": "35.112.403-2",
		"data_nasc": "02/02/1964",
		"sexo": "Feminino",
		"signo": "Aquário",
		"mae": "Marlene Lorena Allana",
		"pai": "Roberto Mário Galvão",
		"email": "tania_sandra_galvao@solviagens.com",
		"senha": "ZtiQPnN8xy",
		"cep": "72444-210",
		"endereco": "Área Especial de Indústria 1 Faculdade",
		"numero": 184,
		"bairro": "Setor Leste (Gama)",
		"cidade": "Brasília",
		"estado": "DF",
		"telefone_fixo": "(61) 3522-2395",
		"celular": "(61) 98809-8539",
		"altura": "1,53",
		"peso": 61,
		"tipo_sanguineo": "A+",
		"cor": "verde"
	},
	{
		"nome": "Marli Marcela Isabelly Aparício",
		"idade": 60,
		"cpf": "339.326.001-42",
		"rg": "15.643.442-8",
		"data_nasc": "22/01/1963",
		"sexo": "Feminino",
		"signo": "Aquário",
		"mae": "Lavínia Allana",
		"pai": "Erick Bryan Aparício",
		"email": "marli_marcela_aparicio@santosdumonthospital.com.br",
		"senha": "8InexzDf9F",
		"cep": "73380-810",
		"endereco": "Núcleo Rural Monjolo",
		"numero": 295,
		"bairro": "Setor Residencial Mestre D'Armas (Planaltina)",
		"cidade": "Brasília",
		"estado": "DF",
		"telefone_fixo": "(61) 3572-3899",
		"celular": "(61) 99135-9859",
		"altura": "1,58",
		"peso": 53,
		"tipo_sanguineo": "AB+",
		"cor": "laranja"
	},
	{
		"nome": "Enzo Mateus Anderson Freitas",
		"idade": 76,
		"cpf": "373.620.891-04",
		"rg": "49.910.033-5",
		"data_nasc": "12/02/1947",
		"sexo": "Masculino",
		"signo": "Aquário",
		"mae": "Laura Gabriela",
		"pai": "Marcos João Noah Freitas",
		"email": "enzo.mateus.freitas@umbernardo.com.br",
		"senha": "T8xzMM4atc",
		"cep": "71882-056",
		"endereco": "Quadra QC 2 Conjunto 6",
		"numero": 578,
		"bairro": "Riacho Fundo II",
		"cidade": "Brasília",
		"estado": "DF",
		"telefone_fixo": "(61) 2791-3625",
		"celular": "(61) 99853-4426",
		"altura": "1,63",
		"peso": 53,
		"tipo_sanguineo": "A+",
		"cor": "verde"
	},
	{
		"nome": "Sebastião Diego Lucca da Mota",
		"idade": 49,
		"cpf": "567.871.671-99",
		"rg": "21.055.878-7",
		"data_nasc": "21/01/1974",
		"sexo": "Masculino",
		"signo": "Aquário",
		"mae": "Nina Alícia Sebastiana",
		"pai": "José Roberto Erick da Mota",
		"email": "sebastiao_damota@santosdumonthospital.com",
		"senha": "MeIE6xMGCq",
		"cep": "73402-075",
		"endereco": "Módulo Módulo 25",
		"numero": 369,
		"bairro": "Estância Mestre D'Armas V (Planaltina)",
		"cidade": "Brasília",
		"estado": "DF",
		"telefone_fixo": "(61) 3675-3460",
		"celular": "(61) 99965-6604",
		"altura": "1,84",
		"peso": 98,
		"tipo_sanguineo": "B-",
		"cor": "vermelho"
	},
	{
		"nome": "Daiane Manuela Evelyn Nogueira",
		"idade": 30,
		"cpf": "208.623.991-22",
		"rg": "12.831.053-4",
		"data_nasc": "15/02/1993",
		"sexo": "Feminino",
		"signo": "Aquário",
		"mae": "Clara Elaine",
		"pai": "Sérgio Calebe Enzo Nogueira",
		"email": "daiane-nogueira78@alemponte.com.br",
		"senha": "iBxFBOt2u8",
		"cep": "72331-202",
		"endereco": "Quadra QR 605 Conjunto 2",
		"numero": 461,
		"bairro": "Samambaia Norte (Samambaia)",
		"cidade": "Brasília",
		"estado": "DF",
		"telefone_fixo": "(61) 2671-1340",
		"celular": "(61) 99680-6503",
		"altura": "1,51",
		"peso": 52,
		"tipo_sanguineo": "B+",
		"cor": "amarelo"
	},
	{
		"nome": "Benjamin Nicolas Brito",
		"idade": 61,
		"cpf": "612.694.781-92",
		"rg": "17.617.207-5",
		"data_nasc": "20/02/1962",
		"sexo": "Masculino",
		"signo": "Peixes",
		"mae": "Sebastiana Sophia",
		"pai": "Samuel Giovanni Henrique Brito",
		"email": "benjaminnicolasbrito@a-qualitybrasil.com.br",
		"senha": "878hDJUBWG",
		"cep": "72155-404",
		"endereco": "Quadra QNL 4 Conjunto D",
		"numero": 406,
		"bairro": "Taguatinga Norte (Taguatinga)",
		"cidade": "Brasília",
		"estado": "DF",
		"telefone_fixo": "(61) 3535-5941",
		"celular": "(61) 98392-9636",
		"altura": "1,70",
		"peso": 74,
		"tipo_sanguineo": "AB+",
		"cor": "roxo"
	},
	{
		"nome": "Lucca Sérgio Juan Rezende",
		"idade": 72,
		"cpf": "320.646.561-38",
		"rg": "49.069.965-0",
		"data_nasc": "08/01/1951",
		"sexo": "Masculino",
		"signo": "Capricórnio",
		"mae": "Clara Fátima",
		"pai": "Sérgio Isaac Rezende",
		"email": "lucca_sergio_rezende@vivo.com.br",
		"senha": "DEswz0c7Ml",
		"cep": "73010-520",
		"endereco": "Quadra Central Bloco 10",
		"numero": 400,
		"bairro": "Sobradinho",
		"cidade": "Brasília",
		"estado": "DF",
		"telefone_fixo": "(61) 2706-5793",
		"celular": "(61) 98392-4792",
		"altura": "1,73",
		"peso": 104,
		"tipo_sanguineo": "B+",
		"cor": "laranja"
	},
	{
		"nome": "Otávio Leandro Henry Alves",
		"idade": 70,
		"cpf": "925.949.531-80",
		"rg": "20.335.566-0",
		"data_nasc": "06/02/1953",
		"sexo": "Masculino",
		"signo": "Aquário",
		"mae": "Stella Carla Débora",
		"pai": "Henrique Miguel Alves",
		"email": "otavio_leandro_alves@recatec.com.br",
		"senha": "uJdNq92pym",
		"cep": "73083-580",
		"endereco": "Quadra Quadra 18",
		"numero": 328,
		"bairro": "Serra Azul (Sobradinho)",
		"cidade": "Brasília",
		"estado": "DF",
		"telefone_fixo": "(61) 2614-8118",
		"celular": "(61) 99817-8143",
		"altura": "1,95",
		"peso": 100,
		"tipo_sanguineo": "AB-",
		"cor": "roxo"
	},
	{
		"nome": "Carlos Ryan da Rocha",
		"idade": 77,
		"cpf": "333.624.691-16",
		"rg": "27.803.471-8",
		"data_nasc": "26/01/1946",
		"sexo": "Masculino",
		"signo": "Aquário",
		"mae": "Rita Benedita",
		"pai": "Leandro José Igor da Rocha",
		"email": "carlos-darocha85@stembalagens.com.br",
		"senha": "uubM2W5SPn",
		"cep": "70770-537",
		"endereco": "Quadra SCLRN 716 Bloco G",
		"numero": 826,
		"bairro": "Asa Norte",
		"cidade": "Brasília",
		"estado": "DF",
		"telefone_fixo": "(61) 3603-8184",
		"celular": "(61) 99804-4835",
		"altura": "1,96",
		"peso": 85,
		"tipo_sanguineo": "A+",
		"cor": "azul"
	},
	{
		"nome": "Lorena Flávia Drumond",
		"idade": 61,
		"cpf": "320.143.851-06",
		"rg": "14.541.651-3",
		"data_nasc": "11/01/1962",
		"sexo": "Feminino",
		"signo": "Capricórnio",
		"mae": "Carolina Giovanna Brenda",
		"pai": "Joaquim Pedro Raul Drumond",
		"email": "lorena.flavia.drumond@comanzzaindaia.com.br",
		"senha": "zwFR5Tnfwa",
		"cep": "73365-454",
		"endereco": "Chácara 8",
		"numero": 115,
		"bairro": "Fazenda Mestre D'Armas (Etapa II - Planaltina)",
		"cidade": "Brasília",
		"estado": "DF",
		"telefone_fixo": "(61) 2810-4596",
		"celular": "(61) 98305-4791",
		"altura": "1,73",
		"peso": 81,
		"tipo_sanguineo": "AB-",
		"cor": "laranja"
	},
	{
		"nome": "Danilo Arthur Duarte",
		"idade": 36,
		"cpf": "319.623.431-20",
		"rg": "42.091.001-3",
		"data_nasc": "24/02/1987",
		"sexo": "Masculino",
		"signo": "Peixes",
		"mae": "Sara Maria Rayssa",
		"pai": "Lorenzo Yuri Marcelo Duarte",
		"email": "danilo-duarte96@proxion.com.br",
		"senha": "r7K3neNNem",
		"cep": "71691-118",
		"endereco": "Rua 13-B",
		"numero": 602,
		"bairro": "Setor Tradicional (São Sebastião)",
		"cidade": "Brasília",
		"estado": "DF",
		"telefone_fixo": "(61) 3976-4324",
		"celular": "(61) 99620-9977",
		"altura": "1,67",
		"peso": 54,
		"tipo_sanguineo": "A-",
		"cor": "azul"
	},
	{
		"nome": "Rosa Yasmin Moura",
		"idade": 20,
		"cpf": "743.789.171-90",
		"rg": "15.809.565-0",
		"data_nasc": "08/02/2003",
		"sexo": "Feminino",
		"signo": "Aquário",
		"mae": "Melissa Nair Milena",
		"pai": "Henrique Arthur Moura",
		"email": "rosa_moura@claro.com.br",
		"senha": "7y7tsw3l9W",
		"cep": "72420-228",
		"endereco": "Quadra EQ 22/26 Bloco A",
		"numero": 166,
		"bairro": "Setor Oeste (Gama)",
		"cidade": "Brasília",
		"estado": "DF",
		"telefone_fixo": "(61) 3776-5077",
		"celular": "(61) 99168-0268",
		"altura": "1,61",
		"peso": 79,
		"tipo_sanguineo": "AB-",
		"cor": "verde"
	},
	{
		"nome": "Bárbara Caroline Araújo",
		"idade": 70,
		"cpf": "439.184.191-69",
		"rg": "25.268.034-0",
		"data_nasc": "06/01/1953",
		"sexo": "Feminino",
		"signo": "Capricórnio",
		"mae": "Flávia Patrícia",
		"pai": "Henrique Miguel Araújo",
		"email": "barbara-araujo88@universo3d.com.br",
		"senha": "YoEKpaYCBC",
		"cep": "73026-620",
		"endereco": "Quadra Quadra 6 Comércio Local 8",
		"numero": 540,
		"bairro": "Sobradinho",
		"cidade": "Brasília",
		"estado": "DF",
		"telefone_fixo": "(61) 2866-2344",
		"celular": "(61) 99662-6596",
		"altura": "1,55",
		"peso": 46,
		"tipo_sanguineo": "AB-",
		"cor": "amarelo"
	},
	{
		"nome": "Oliver Mateus Osvaldo Silveira",
		"idade": 65,
		"cpf": "590.579.511-85",
		"rg": "23.915.393-5",
		"data_nasc": "27/01/1958",
		"sexo": "Masculino",
		"signo": "Aquário",
		"mae": "Hadassa Jéssica",
		"pai": "Nicolas Edson Silveira",
		"email": "olivermateussilveira@wsiconsultores.com.br",
		"senha": "nO1bpzFZAE",
		"cep": "72650-805",
		"endereco": "Quadra Quadra 805 Conjunto 1",
		"numero": 906,
		"bairro": "Recanto das Emas",
		"cidade": "Brasília",
		"estado": "DF",
		"telefone_fixo": "(61) 2629-1624",
		"celular": "(61) 99456-6399",
		"altura": "1,95",
		"peso": 58,
		"tipo_sanguineo": "A+",
		"cor": "amarelo"
	},
	{
		"nome": "Giovanni Arthur Vieira",
		"idade": 34,
		"cpf": "777.839.931-84",
		"rg": "21.551.076-8",
		"data_nasc": "11/01/1989",
		"sexo": "Masculino",
		"signo": "Capricórnio",
		"mae": "Catarina Lúcia Isabelle",
		"pai": "Cláudio Arthur Luiz Vieira",
		"email": "giovanni-vieira72@abcturismo.com.br",
		"senha": "kF64AL5Igm",
		"cep": "72600-209",
		"endereco": "Quadra Quadra 102 Conjunto 8",
		"numero": 737,
		"bairro": "Recanto das Emas",
		"cidade": "Brasília",
		"estado": "DF",
		"telefone_fixo": "(61) 2637-0787",
		"celular": "(61) 99162-5710",
		"altura": "1,88",
		"peso": 109,
		"tipo_sanguineo": "A-",
		"cor": "azul"
	},
	{
		"nome": "Flávia Ester Cavalcanti",
		"idade": 70,
		"cpf": "378.120.371-93",
		"rg": "10.978.353-0",
		"data_nasc": "27/01/1953",
		"sexo": "Feminino",
		"signo": "Aquário",
		"mae": "Sabrina Ana Elza",
		"pai": "Marcos Giovanni Thiago Cavalcanti",
		"email": "flavia-cavalcanti73@eccofibra.com.br",
		"senha": "pWWhj5RbSL",
		"cep": "72225-036",
		"endereco": "Quadra QNN 3 Conjunto F",
		"numero": 198,
		"bairro": "Ceilândia Norte (Ceilândia)",
		"cidade": "Brasília",
		"estado": "DF",
		"telefone_fixo": "(61) 3973-3104",
		"celular": "(61) 98264-2186",
		"altura": "1,59",
		"peso": 45,
		"tipo_sanguineo": "AB-",
		"cor": "laranja"
	}
]