[
	{
		"nome": "Camila Andrea Almada",
		"idade": 44,
		"cpf": "210.054.291-54",
		"rg": "40.964.931-4",
		"data_nasc": "07/01/1979",
		"sexo": "Feminino",
		"signo": "Capricórnio",
		"mae": "Laís Sophia",
		"pai": "Marcos Vinicius Hugo Almada",
		"email": "camila_almada@systrix.com.br",
		"senha": "m7boedJdzW",
		"cep": "73051-105",
		"endereco": "Quadra Quadra 14 Comércio Local 2",
		"numero": 779,
		"bairro": "Sobradinho",
		"cidade": "Brasília",
		"estado": "DF",
		"telefone_fixo": "(61) 2547-4954",
		"celular": "(61) 98437-1616",
		"altura": "1,67",
		"peso": 75,
		"tipo_sanguineo": "A+",
		"cor": "vermelho"
	},
	{
		"nome": "Daniel Julio Vieira",
		"idade": 50,
		"cpf": "087.840.931-96",
		"rg": "38.764.105-1",
		"data_nasc": "22/02/1973",
		"sexo": "Masculino",
		"signo": "Peixes",
		"mae": "Joana Valentina",
		"pai": "Renato Hugo Vieira",
		"email": "daniel_julio_vieira@rogerstenis.com.br",
		"senha": "nyPJb2fsie",
		"cep": "70684-500",
		"endereco": "Quadra CRNW 506",
		"numero": 226,
		"bairro": "Setor Noroeste",
		"cidade": "Brasília",
		"estado": "DF",
		"telefone_fixo": "(61) 3980-1741",
		"celular": "(61) 98348-3354",
		"altura": "1,93",
		"peso": 57,
		"tipo_sanguineo": "O-",
		"cor": "azul"
	},
	{
		"nome": "Caio Tiago Fábio Viana",
		"idade": 53,
		"cpf": "827.941.461-49",
		"rg": "28.712.197-5",
		"data_nasc": "16/01/1970",
		"sexo": "Masculino",
		"signo": "Capricórnio",
		"mae": "Natália Isadora Isabella",
		"pai": "Mário Samuel Viana",
		"email": "caio_tiago_viana@mmarques.com",
		"senha": "rpuxh2YgXw",
		"cep": "72507-203",
		"endereco": "Quadra CL 107 Bloco C",
		"numero": 678,
		"bairro": "Santa Maria",
		"cidade": "Brasília",
		"estado": "DF",
		"telefone_fixo": "(61) 2524-0398",
		"celular": "(61) 98706-7023",
		"altura": "1,91",
		"peso": 97,
		"tipo_sanguineo": "O-",
		"cor": "verde"
	},
	{
		"nome": "Pedro Ricardo José Pinto",
		"idade": 63,
		"cpf": "363.605.161-01",
		"rg": "31.020.952-3",
		"data_nasc": "07/01/1960",
		"sexo": "Masculino",
		"signo": "Capricórnio",
		"mae": "Lavínia Mirella Luiza",
		"pai": "Emanuel Gustavo Pinto",
		"email": "pedro_pinto@cvc.com.br",
		"senha": "WEgQsmH2pD",
		"cep": "72720-280",
		"endereco": "Quadra Quadra 28",
		"numero": 720,
		"bairro": "Setor Tradicional (Brazlândia)",
		"cidade": "Brasília",
		"estado": "DF",
		"telefone_fixo": "(61) 2646-3598",
		"celular": "(61) 99456-5471",
		"altura": "1,98",
		"peso": 82,
		"tipo_sanguineo": "AB+",
		"cor": "preto"
	},
	{
		"nome": "Levi Benício Galvão",
		"idade": 36,
		"cpf": "409.382.971-39",
		"rg": "37.152.354-0",
		"data_nasc": "19/01/1987",
		"sexo": "Masculino",
		"signo": "Capricórnio",
		"mae": "Fabiana Raimunda",
		"pai": "Nicolas Yuri Osvaldo Galvão",
		"email": "levi.benicio.galvao@gamal.com.br",
		"senha": "o2WZC3JuIs",
		"cep": "71070-051",
		"endereco": "Quadra QE 38 Conjunto E1",
		"numero": 800,
		"bairro": "Guará II",
		"cidade": "Brasília",
		"estado": "DF",
		"telefone_fixo": "(61) 2987-1955",
		"celular": "(61) 98153-9495",
		"altura": "1,93",
		"peso": 51,
		"tipo_sanguineo": "AB+",
		"cor": "roxo"
	},
	{
		"nome": "Isabel Ana Martins",
		"idade": 70,
		"cpf": "788.642.391-70",
		"rg": "47.184.761-6",
		"data_nasc": "24/02/1953",
		"sexo": "Feminino",
		"signo": "Peixes",
		"mae": "Ester Alessandra",
		"pai": "Diogo Vinicius Enrico Martins",
		"email": "isabel_martins@corpoclinica.com.br",
		"senha": "xnNOI6O4j3",
		"cep": "72001-410",
		"endereco": "Chácara Chácara 39",
		"numero": 261,
		"bairro": "Setor Habitacional Samambaia (Vicente Pires)",
		"cidade": "Brasília",
		"estado": "DF",
		"telefone_fixo": "(61) 3697-1601",
		"celular": "(61) 99482-1721",
		"altura": "1,66",
		"peso": 79,
		"tipo_sanguineo": "A-",
		"cor": "verde"
	},
	{
		"nome": "Cláudia Sophia da Cruz",
		"idade": 54,
		"cpf": "092.542.611-30",
		"rg": "40.314.220-9",
		"data_nasc": "18/02/1969",
		"sexo": "Feminino",
		"signo": "Aquário",
		"mae": "Fabiana Giovana Lorena",
		"pai": "Lucas Kauê da Cruz",
		"email": "claudia.sophia.dacruz@klipvirtual.com.br",
		"senha": "APR92DM1do",
		"cep": "70351-752",
		"endereco": "Quadra SHIGS 708 Bloco B",
		"numero": 394,
		"bairro": "Asa Sul",
		"cidade": "Brasília",
		"estado": "DF",
		"telefone_fixo": "(61) 3681-5685",
		"celular": "(61) 98795-7323",
		"altura": "1,83",
		"peso": 58,
		"tipo_sanguineo": "B-",
		"cor": "laranja"
	},
	{
		"nome": "Cecília Silvana Joana da Paz",
		"idade": 27,
		"cpf": "216.496.851-49",
		"rg": "28.883.924-9",
		"data_nasc": "14/01/1996",
		"sexo": "Feminino",
		"signo": "Capricórnio",
		"mae": "Alana Ester",
		"pai": "Bryan Fábio Bruno da Paz",
		"email": "ceciliasilvanadapaz@policiacivil.sp.gov.br",
		"senha": "fOJU61K2Ko",
		"cep": "70645-010",
		"endereco": "Quadra SRES Quadra 10 Bloco A",
		"numero": 755,
		"bairro": "Cruzeiro Velho",
		"cidade": "Brasília",
		"estado": "DF",
		"telefone_fixo": "(61) 2653-3310",
		"celular": "(61) 99734-9961",
		"altura": "1,67",
		"peso": 72,
		"tipo_sanguineo": "AB+",
		"cor": "azul"
	},
	{
		"nome": "Lorena Débora Gomes",
		"idade": 61,
		"cpf": "322.358.711-00",
		"rg": "35.867.499-2",
		"data_nasc": "26/01/1962",
		"sexo": "Feminino",
		"signo": "Aquário",
		"mae": "Larissa Bárbara",
		"pai": "Luís Julio Gomes",
		"email": "lorena.debora.gomes@yahoo.com.br",
		"senha": "3y9PCDgM01",
		"cep": "70381-550",
		"endereco": "Quadra CRS 516",
		"numero": 350,
		"bairro": "Asa Sul",
		"cidade": "Brasília",
		"estado": "DF",
		"telefone_fixo": "(61) 3806-2790",
		"celular": "(61) 99466-1546",
		"altura": "1,61",
		"peso": 54,
		"tipo_sanguineo": "A-",
		"cor": "preto"
	},
	{
		"nome": "Alícia Jéssica Manuela Bernardes",
		"idade": 51,
		"cpf": "278.541.991-08",
		"rg": "34.655.160-2",
		"data_nasc": "06/02/1972",
		"sexo": "Feminino",
		"signo": "Aquário",
		"mae": "Laura Letícia",
		"pai": "Anthony Iago Bernardes",
		"email": "alicia.jessica.bernardes@dmadvogados.com",
		"senha": "TKKjaWRgCC",
		"cep": "71655-010",
		"endereco": "Quadra SHIS QI 19 Conjunto 1",
		"numero": 143,
		"bairro": "Setor de Habitações Individuais Sul",
		"cidade": "Brasília",
		"estado": "DF",
		"telefone_fixo": "(61) 2918-7554",
		"celular": "(61) 98352-8387",
		"altura": "1,79",
		"peso": 85,
		"tipo_sanguineo": "AB-",
		"cor": "azul"
	},
	{
		"nome": "Renan Ruan Lima",
		"idade": 40,
		"cpf": "673.824.781-81",
		"rg": "23.870.246-7",
		"data_nasc": "02/01/1983",
		"sexo": "Masculino",
		"signo": "Capricórnio",
		"mae": "Lorena Julia Tatiane",
		"pai": "Roberto Ryan Lima",
		"email": "renan_ruan_lima@gruposandino.com.br",
		"senha": "tp0ukSJ6tt",
		"cep": "71010-105",
		"endereco": "Quadra QI 8 Conjunto J",
		"numero": 842,
		"bairro": "Guará I",
		"cidade": "Brasília",
		"estado": "DF",
		"telefone_fixo": "(61) 3968-4478",
		"celular": "(61) 99558-9858",
		"altura": "1,66",
		"peso": 94,
		"tipo_sanguineo": "A+",
		"cor": "preto"
	},
	{
		"nome": "Malu Rosa Teixeira",
		"idade": 76,
		"cpf": "611.215.761-68",
		"rg": "49.111.181-2",
		"data_nasc": "08/02/1947",
		"sexo": "Feminino",
		"signo": "Aquário",
		"mae": "Luiza Regina",
		"pai": "Francisco Filipe Kaique Teixeira",
		"email": "malu.rosa.teixeira@fepextrusao.com.br",
		"senha": "FU9kTB6LIg",
		"cep": "71575-340",
		"endereco": "Quadra Quadra 38 Conjunto H",
		"numero": 502,
		"bairro": "Paranoá",
		"cidade": "Brasília",
		"estado": "DF",
		"telefone_fixo": "(61) 3941-3791",
		"celular": "(61) 98890-6971",
		"altura": "1,65",
		"peso": 82,
		"tipo_sanguineo": "AB+",
		"cor": "laranja"
	},
	{
		"nome": "Tomás Marcos Vinicius da Mota",
		"idade": 71,
		"cpf": "429.506.331-29",
		"rg": "39.697.368-1",
		"data_nasc": "07/01/1952",
		"sexo": "Masculino",
		"signo": "Capricórnio",
		"mae": "Luzia Jéssica Débora",
		"pai": "Nelson Vicente Pedro da Mota",
		"email": "tomas_marcos_damota@schaeffler.com",
		"senha": "w3JjGlLec4",
		"cep": "73402-153",
		"endereco": "Módulo Módulo B",
		"numero": 572,
		"bairro": "Recanto do Sossego (Planaltina)",
		"cidade": "Brasília",
		"estado": "DF",
		"telefone_fixo": "(61) 3743-2603",
		"celular": "(61) 98239-3956",
		"altura": "1,86",
		"peso": 103,
		"tipo_sanguineo": "AB+",
		"cor": "roxo"
	},
	{
		"nome": "Sebastião Filipe Carvalho",
		"idade": 40,
		"cpf": "944.942.311-34",
		"rg": "16.007.596-8",
		"data_nasc": "12/01/1983",
		"sexo": "Masculino",
		"signo": "Capricórnio",
		"mae": "Antônia Clarice",
		"pai": "Alexandre Kevin Carvalho",
		"email": "sebastiao-carvalho91@urbam.com.br",
		"senha": "Ao4QEErQie",
		"cep": "72270-408",
		"endereco": "Quadra QNQ 4 Conjunto 8",
		"numero": 845,
		"bairro": "Ceilândia Norte (Ceilândia)",
		"cidade": "Brasília",
		"estado": "DF",
		"telefone_fixo": "(61) 2731-0462",
		"celular": "(61) 99626-1021",
		"altura": "1,87",
		"peso": 75,
		"tipo_sanguineo": "AB-",
		"cor": "laranja"
	},
	{
		"nome": "Vinicius Gustavo Dias",
		"idade": 65,
		"cpf": "308.451.071-78",
		"rg": "44.889.433-6",
		"data_nasc": "13/02/1958",
		"sexo": "Masculino",
		"signo": "Aquário",
		"mae": "Silvana Emily Agatha",
		"pai": "Rafael Cauê Dias",
		"email": "vinicius_dias@asconnet.com.br",
		"senha": "usj7HLas2X",
		"cep": "72510-227",
		"endereco": "Quadra CL 210 Bloco G",
		"numero": 879,
		"bairro": "Santa Maria",
		"cidade": "Brasília",
		"estado": "DF",
		"telefone_fixo": "(61) 2787-9964",
		"celular": "(61) 98299-7989",
		"altura": "1,65",
		"peso": 56,
		"tipo_sanguineo": "O-",
		"cor": "vermelho"
	},
	{
		"nome": "Juliana Louise Daniela Silveira",
		"idade": 57,
		"cpf": "455.703.011-43",
		"rg": "16.630.753-1",
		"data_nasc": "25/02/1966",
		"sexo": "Feminino",
		"signo": "Peixes",
		"mae": "Rayssa Lúcia",
		"pai": "Pedro Geraldo Silveira",
		"email": "juliana-silveira80@macroengenharia.com",
		"senha": "0MTOPOX55z",
		"cep": "70688-620",
		"endereco": "Quadra CRNW 709 Lote B",
		"numero": 634,
		"bairro": "Setor Noroeste",
		"cidade": "Brasília",
		"estado": "DF",
		"telefone_fixo": "(61) 3784-5048",
		"celular": "(61) 99555-8034",
		"altura": "1,56",
		"peso": 59,
		"tipo_sanguineo": "A-",
		"cor": "roxo"
	},
	{
		"nome": "Sarah Brenda Ramos",
		"idade": 63,
		"cpf": "789.361.551-64",
		"rg": "10.971.850-1",
		"data_nasc": "06/01/1960",
		"sexo": "Feminino",
		"signo": "Capricórnio",
		"mae": "Vera Marcela Carla",
		"pai": "Bento Yago Benjamin Ramos",
		"email": "sarah.brenda.ramos@2registrocivil.com.br",
		"senha": "BKswjlR73E",
		"cep": "72508-208",
		"endereco": "Quadra CL 108 Bloco H",
		"numero": 498,
		"bairro": "Santa Maria",
		"cidade": "Brasília",
		"estado": "DF",
		"telefone_fixo": "(61) 3839-2854",
		"celular": "(61) 99976-9419",
		"altura": "1,67",
		"peso": 45,
		"tipo_sanguineo": "AB-",
		"cor": "roxo"
	},
	{
		"nome": "Pedro Arthur Daniel Figueiredo",
		"idade": 41,
		"cpf": "708.595.281-46",
		"rg": "44.225.610-3",
		"data_nasc": "17/01/1982",
		"sexo": "Masculino",
		"signo": "Capricórnio",
		"mae": "Tereza Teresinha Raimunda",
		"pai": "Davi Márcio Vitor Figueiredo",
		"email": "pedroarthurfigueiredo@corp.inf.br",
		"senha": "Ax4o1jrXBy",
		"cep": "71010-133",
		"endereco": "Quadra QE 4 Conjunto M",
		"numero": 796,
		"bairro": "Guará I",
		"cidade": "Brasília",
		"estado": "DF",
		"telefone_fixo": "(61) 3697-1908",
		"celular": "(61) 98420-0827",
		"altura": "1,91",
		"peso": 79,
		"tipo_sanguineo": "A+",
		"cor": "verde"
	},
	{
		"nome": "Marcos Vinicius Vicente Assunção",
		"idade": 49,
		"cpf": "156.121.661-50",
		"rg": "14.343.079-8",
		"data_nasc": "07/02/1974",
		"sexo": "Masculino",
		"signo": "Aquário",
		"mae": "Rafaela Giovanna Sara",
		"pai": "Marcelo Elias Assunção",
		"email": "marcos_vinicius_assuncao@bwmtrade.com",
		"senha": "QtzD9jQ3Wj",
		"cep": "71615-030",
		"endereco": "Quadra SHIS QI 5 Conjunto 3",
		"numero": 896,
		"bairro": "Setor de Habitações Individuais Sul",
		"cidade": "Brasília",
		"estado": "DF",
		"telefone_fixo": "(61) 3994-3459",
		"celular": "(61) 98438-8711",
		"altura": "2,00",
		"peso": 108,
		"tipo_sanguineo": "B+",
		"cor": "laranja"
	},
	{
		"nome": "Augusto Anderson Yago da Rosa",
		"idade": 51,
		"cpf": "923.373.231-29",
		"rg": "20.823.338-6",
		"data_nasc": "05/02/1972",
		"sexo": "Masculino",
		"signo": "Aquário",
		"mae": "Malu Larissa Isabelly",
		"pai": "João João Marcos Vinicius da Rosa",
		"email": "augusto_darosa@aliancacadeiras.com.br",
		"senha": "U7f3yzX5WI",
		"cep": "72301-805",
		"endereco": "Quadra QR 121 Conjunto 5",
		"numero": 802,
		"bairro": "Samambaia Sul (Samambaia)",
		"cidade": "Brasília",
		"estado": "DF",
		"telefone_fixo": "(61) 2714-2767",
		"celular": "(61) 98938-8190",
		"altura": "1,70",
		"peso": 107,
		"tipo_sanguineo": "B+",
		"cor": "azul"
	},
	{
		"nome": "Isis Vera Sebastiana dos Santos",
		"idade": 58,
		"cpf": "517.983.341-86",
		"rg": "28.775.852-7",
		"data_nasc": "14/01/1965",
		"sexo": "Feminino",
		"signo": "Capricórnio",
		"mae": "Catarina Louise Carla",
		"pai": "Yago Hugo Gustavo dos Santos",
		"email": "isis_dossantos@absoluta.med.br",
		"senha": "b48q05dzEP",
		"cep": "70277-510",
		"endereco": "Quadra CLS 411 Bloco A",
		"numero": 317,
		"bairro": "Asa Sul",
		"cidade": "Brasília",
		"estado": "DF",
		"telefone_fixo": "(61) 2704-3637",
		"celular": "(61) 98816-9708",
		"altura": "1,59",
		"peso": 51,
		"tipo_sanguineo": "O+",
		"cor": "roxo"
	},
	{
		"nome": "Elaine Maya Francisca da Conceição",
		"idade": 55,
		"cpf": "354.212.891-09",
		"rg": "48.736.376-0",
		"data_nasc": "25/01/1968",
		"sexo": "Feminino",
		"signo": "Aquário",
		"mae": "Lavínia Eloá",
		"pai": "Felipe André Kaique da Conceição",
		"email": "elaine-daconceicao84@odebrecht.com",
		"senha": "bmcMcr2jLM",
		"cep": "72415-230",
		"endereco": "Praça 4 Bloco A",
		"numero": 201,
		"bairro": "Setor Sul (Gama)",
		"cidade": "Brasília",
		"estado": "DF",
		"telefone_fixo": "(61) 3739-6792",
		"celular": "(61) 99942-7976",
		"altura": "1,81",
		"peso": 80,
		"tipo_sanguineo": "AB-",
		"cor": "roxo"
	},
	{
		"nome": "Luna Priscila Maya da Costa",
		"idade": 21,
		"cpf": "918.789.561-75",
		"rg": "13.416.997-9",
		"data_nasc": "22/01/2002",
		"sexo": "Feminino",
		"signo": "Aquário",
		"mae": "Melissa Maitê Pietra",
		"pai": "Bento Bento Roberto da Costa",
		"email": "lunaprisciladacosta@mirabeau.art.br",
		"senha": "0NROHEfhxd",
		"cep": "72002-015",
		"endereco": "Rua Rua 4 Chácara 153",
		"numero": 897,
		"bairro": "Setor Habitacional Samambaia (Vicente Pires)",
		"cidade": "Brasília",
		"estado": "DF",
		"telefone_fixo": "(61) 3686-6362",
		"celular": "(61) 99983-7212",
		"altura": "1,55",
		"peso": 80,
		"tipo_sanguineo": "O-",
		"cor": "preto"
	},
	{
		"nome": "Eloá Daiane Hadassa Pires",
		"idade": 64,
		"cpf": "154.390.881-05",
		"rg": "15.172.695-4",
		"data_nasc": "05/02/1959",
		"sexo": "Feminino",
		"signo": "Aquário",
		"mae": "Kamilly Renata Lara",
		"pai": "Iago Raimundo Anderson Pires",
		"email": "eloa-pires92@yazigi.com",
		"senha": "MIe0pMteus",
		"cep": "70272-040",
		"endereco": "Quadra SQS 209 Bloco D",
		"numero": 293,
		"bairro": "Asa Sul",
		"cidade": "Brasília",
		"estado": "DF",
		"telefone_fixo": "(61) 3994-7238",
		"celular": "(61) 98745-7781",
		"altura": "1,50",
		"peso": 73,
		"tipo_sanguineo": "B-",
		"cor": "vermelho"
	},
	{
		"nome": "Daniela Bianca Mariah da Mata",
		"idade": 29,
		"cpf": "829.683.631-90",
		"rg": "46.886.767-3",
		"data_nasc": "11/02/1994",
		"sexo": "Feminino",
		"signo": "Aquário",
		"mae": "Manuela Alice Melissa",
		"pai": "Carlos Eduardo Kaique da Mata",
		"email": "daniela-damata82@renatoseguros.com",
		"senha": "QlsMRFJC2d",
		"cep": "73369-508",
		"endereco": "Quadra MR 05",
		"numero": 182,
		"bairro": "Residencial Condomínio Marissol (Planaltina)",
		"cidade": "Brasília",
		"estado": "DF",
		"telefone_fixo": "(61) 2578-0130",
		"celular": "(61) 98906-8518",
		"altura": "1,75",
		"peso": 88,
		"tipo_sanguineo": "AB-",
		"cor": "vermelho"
	},
	{
		"nome": "Regina Elaine Tatiane Corte Real",
		"idade": 72,
		"cpf": "603.915.011-43",
		"rg": "43.260.945-3",
		"data_nasc": "26/01/1951",
		"sexo": "Feminino",
		"signo": "Aquário",
		"mae": "Catarina Alessandra Yasmin",
		"pai": "Victor Rafael Corte Real",
		"email": "reginaelainecortereal@caiuas.com.br",
		"senha": "1O5wTUDG8b",
		"cep": "72320-021",
		"endereco": "Quadra QR 410 Conjunto 18",
		"numero": 519,
		"bairro": "Samambaia Norte (Samambaia)",
		"cidade": "Brasília",
		"estado": "DF",
		"telefone_fixo": "(61) 3789-6818",
		"celular": "(61) 98147-6770",
		"altura": "1,83",
		"peso": 65,
		"tipo_sanguineo": "AB-",
		"cor": "verde"
	},
	{
		"nome": "Luan Pedro Lorenzo Peixoto",
		"idade": 70,
		"cpf": "025.118.081-61",
		"rg": "18.819.389-3",
		"data_nasc": "25/01/1953",
		"sexo": "Masculino",
		"signo": "Aquário",
		"mae": "Débora Kamilly",
		"pai": "Benjamin Noah Peixoto",
		"email": "luan-peixoto85@gmx.de",
		"senha": "4Ne4Sg5Wfs",
		"cep": "72151-011",
		"endereco": "Quadra QNL 9 Bloco A",
		"numero": 104,
		"bairro": "Taguatinga Norte (Taguatinga)",
		"cidade": "Brasília",
		"estado": "DF",
		"telefone_fixo": "(61) 3596-5920",
		"celular": "(61) 99101-9208",
		"altura": "1,99",
		"peso": 101,
		"tipo_sanguineo": "A-",
		"cor": "laranja"
	},
	{
		"nome": "Natália Isabelle Fogaça",
		"idade": 50,
		"cpf": "966.857.811-22",
		"rg": "47.174.757-9",
		"data_nasc": "12/02/1973",
		"sexo": "Feminino",
		"signo": "Aquário",
		"mae": "Liz Simone Isabella",
		"pai": "Pedro Bruno Lucas Fogaça",
		"email": "natalia_fogaca@tecvap.com.br",
		"senha": "arZAqDHBGa",
		"cep": "72315-025",
		"endereco": "Quadra QR 513 Conjunto 16B",
		"numero": 925,
		"bairro": "Samambaia Sul (Samambaia)",
		"cidade": "Brasília",
		"estado": "DF",
		"telefone_fixo": "(61) 3530-1663",
		"celular": "(61) 98569-4301",
		"altura": "1,80",
		"peso": 60,
		"tipo_sanguineo": "B+",
		"cor": "azul"
	},
	{
		"nome": "Rosa Bianca Aragão",
		"idade": 60,
		"cpf": "087.367.451-03",
		"rg": "12.586.973-3",
		"data_nasc": "09/02/1963",
		"sexo": "Feminino",
		"signo": "Aquário",
		"mae": "Aline Liz",
		"pai": "Luís Cláudio Aragão",
		"email": "rosabiancaaragao@carolpessoa.com.br",
		"senha": "78e0KbT6KJ",
		"cep": "70298-210",
		"endereco": "Quadra SQS 415 Bloco U",
		"numero": 958,
		"bairro": "Asa Sul",
		"cidade": "Brasília",
		"estado": "DF",
		"telefone_fixo": "(61) 2833-1939",
		"celular": "(61) 99222-4086",
		"altura": "1,50",
		"peso": 85,
		"tipo_sanguineo": "O-",
		"cor": "amarelo"
	},
	{
		"nome": "Otávio André Francisco Silva",
		"idade": 48,
		"cpf": "773.758.501-00",
		"rg": "33.497.533-5",
		"data_nasc": "09/02/1975",
		"sexo": "Masculino",
		"signo": "Aquário",
		"mae": "Lorena Gabrielly",
		"pai": "Murilo Benício Silva",
		"email": "otavio.andre.silva@fertau.com.br",
		"senha": "mAx0x1mSD4",
		"cep": "72220-503",
		"endereco": "Quadra CNN 2 Bloco C",
		"numero": 905,
		"bairro": "Ceilândia Centro (Ceilândia)",
		"cidade": "Brasília",
		"estado": "DF",
		"telefone_fixo": "(61) 3813-1648",
		"celular": "(61) 98945-0892",
		"altura": "1,76",
		"peso": 65,
		"tipo_sanguineo": "B+",
		"cor": "azul"
	}
]