[
	{
		"nome": "Heloisa Elaine Ana Dias",
		"idade": 56,
		"cpf": "338.256.051-83",
		"rg": "36.846.931-1",
		"data_nasc": "15/02/1967",
		"sexo": "Feminino",
		"signo": "Aquário",
		"mae": "Heloise Mariane Heloise",
		"pai": "Luan Rafael Dias",
		"email": "heloisa_dias@onvale.com",
		"senha": "y6lc42PMqy",
		"cep": "72329-022",
		"endereco": "Quadra QR 429 Conjunto 22",
		"numero": 655,
		"bairro": "Samambaia Norte (Samambaia)",
		"cidade": "Brasília",
		"estado": "DF",
		"telefone_fixo": "(61) 3630-2579",
		"celular": "(61) 98856-9053",
		"altura": "1,71",
		"peso": 62,
		"tipo_sanguineo": "AB-",
		"cor": "vermelho"
	},
	{
		"nome": "Enrico Nicolas Oliver Viana",
		"idade": 22,
		"cpf": "917.749.251-09",
		"rg": "49.316.789-4",
		"data_nasc": "26/01/2001",
		"sexo": "Masculino",
		"signo": "Aquário",
		"mae": "Andrea Isabel Aline",
		"pai": "Victor Ruan Viana",
		"email": "enrico-viana93@univap.br",
		"senha": "b5ft2330jl",
		"cep": "70296-080",
		"endereco": "Quadra SQS 413 Bloco H",
		"numero": 744,
		"bairro": "Asa Sul",
		"cidade": "Brasília",
		"estado": "DF",
		"telefone_fixo": "(61) 3605-8597",
		"celular": "(61) 98926-2115",
		"altura": "1,84",
		"peso": 87,
		"tipo_sanguineo": "O+",
		"cor": "azul"
	},
	{
		"nome": "Fábio Anthony Novaes",
		"idade": 65,
		"cpf": "997.168.711-98",
		"rg": "47.849.431-2",
		"data_nasc": "14/02/1958",
		"sexo": "Masculino",
		"signo": "Aquário",
		"mae": "Juliana Isabela Bruna",
		"pai": "Gustavo André Novaes",
		"email": "fabio-novaes72@procivil.com.br",
		"senha": "f5GjupiB1N",
		"cep": "70255-100",
		"endereco": "Quadra SQS 406 Bloco J",
		"numero": 324,
		"bairro": "Asa Sul",
		"cidade": "Brasília",
		"estado": "DF",
		"telefone_fixo": "(61) 2925-6901",
		"celular": "(61) 98297-6775",
		"altura": "1,79",
		"peso": 88,
		"tipo_sanguineo": "B+",
		"cor": "preto"
	},
	{
		"nome": "Heitor João Sales",
		"idade": 48,
		"cpf": "254.795.851-18",
		"rg": "49.523.700-0",
		"data_nasc": "03/01/1975",
		"sexo": "Masculino",
		"signo": "Capricórnio",
		"mae": "Lavínia Alana",
		"pai": "Paulo Augusto Thomas Sales",
		"email": "heitor.joao.sales@avantii.com.br",
		"senha": "euSww9kU1F",
		"cep": "70660-016",
		"endereco": "Quadra AOS 1 Bloco F",
		"numero": 176,
		"bairro": "Área Octogonal",
		"cidade": "Brasília",
		"estado": "DF",
		"telefone_fixo": "(61) 3712-9527",
		"celular": "(61) 98161-9333",
		"altura": "1,75",
		"peso": 83,
		"tipo_sanguineo": "B-",
		"cor": "verde"
	},
	{
		"nome": "Nair Carolina Louise Ferreira",
		"idade": 71,
		"cpf": "030.525.841-97",
		"rg": "23.328.755-3",
		"data_nasc": "14/01/1952",
		"sexo": "Feminino",
		"signo": "Capricórnio",
		"mae": "Sophie Eduarda Priscila",
		"pai": "Enzo Lucas Ferreira",
		"email": "naircarolinaferreira@vilarreal.com.br",
		"senha": "eheqtk2RBY",
		"cep": "72715-716",
		"endereco": "Área Especial 1 Chácara 4",
		"numero": 414,
		"bairro": "Setor Sul (Brazlândia)",
		"cidade": "Brasília",
		"estado": "DF",
		"telefone_fixo": "(61) 3850-2242",
		"celular": "(61) 98167-4518",
		"altura": "1,77",
		"peso": 48,
		"tipo_sanguineo": "A-",
		"cor": "azul"
	},
	{
		"nome": "Laís Patrícia Rocha",
		"idade": 48,
		"cpf": "980.411.911-00",
		"rg": "40.060.152-7",
		"data_nasc": "16/02/1975",
		"sexo": "Feminino",
		"signo": "Aquário",
		"mae": "Flávia Ester",
		"pai": "Enrico Caio Rocha",
		"email": "lais-rocha82@madhause.com.br",
		"senha": "UIwRkxiBaA",
		"cep": "71970-370",
		"endereco": "Quadra QS 7 Praça 600",
		"numero": 916,
		"bairro": "Areal (Águas Claras)",
		"cidade": "Brasília",
		"estado": "DF",
		"telefone_fixo": "(61) 2691-1466",
		"celular": "(61) 99656-3071",
		"altura": "1,81",
		"peso": 69,
		"tipo_sanguineo": "AB+",
		"cor": "vermelho"
	},
	{
		"nome": "Benício Yago da Silva",
		"idade": 43,
		"cpf": "058.149.761-95",
		"rg": "21.387.206-7",
		"data_nasc": "04/01/1980",
		"sexo": "Masculino",
		"signo": "Capricórnio",
		"mae": "Isabelly Manuela",
		"pai": "Sérgio Elias Diego da Silva",
		"email": "benicio-dasilva79@lexos.com.br",
		"senha": "tmFYe7FtsL",
		"cep": "72002-510",
		"endereco": "Rua Rua 1 Chácara 107",
		"numero": 448,
		"bairro": "Setor Habitacional Samambaia (Vicente Pires)",
		"cidade": "Brasília",
		"estado": "DF",
		"telefone_fixo": "(61) 2600-7365",
		"celular": "(61) 98747-5854",
		"altura": "1,69",
		"peso": 93,
		"tipo_sanguineo": "AB-",
		"cor": "preto"
	},
	{
		"nome": "Allana Alana da Rocha",
		"idade": 28,
		"cpf": "283.388.411-70",
		"rg": "15.812.391-8",
		"data_nasc": "01/01/1995",
		"sexo": "Feminino",
		"signo": "Capricórnio",
		"mae": "Manuela Louise Lúcia",
		"pai": "Diego Elias da Rocha",
		"email": "allana_darocha@alway.com.br",
		"senha": "L8GxJGC2dD",
		"cep": "71256-210",
		"endereco": "Quadra Quadra 5 Conjunto 12",
		"numero": 790,
		"bairro": "Setor Oeste (Vila Estrutural - Guará)",
		"cidade": "Brasília",
		"estado": "DF",
		"telefone_fixo": "(61) 2656-0548",
		"celular": "(61) 99920-3523",
		"altura": "1,76",
		"peso": 68,
		"tipo_sanguineo": "A+",
		"cor": "roxo"
	},
	{
		"nome": "João Felipe Alves",
		"idade": 55,
		"cpf": "038.965.861-81",
		"rg": "19.166.371-2",
		"data_nasc": "15/02/1968",
		"sexo": "Masculino",
		"signo": "Aquário",
		"mae": "Kamilly Amanda Aurora",
		"pai": "Marcos Vinicius Bruno Alves",
		"email": "joao.felipe.alves@fosjc.unesp.br",
		"senha": "BHxn2d92Td",
		"cep": "70843-120",
		"endereco": "Quadra SQN 205 Bloco L",
		"numero": 353,
		"bairro": "Asa Norte",
		"cidade": "Brasília",
		"estado": "DF",
		"telefone_fixo": "(61) 2652-5883",
		"celular": "(61) 98595-7459",
		"altura": "1,80",
		"peso": 60,
		"tipo_sanguineo": "A+",
		"cor": "laranja"
	},
	{
		"nome": "Aurora Isabelle Emanuelly da Paz",
		"idade": 34,
		"cpf": "020.514.841-71",
		"rg": "33.628.263-1",
		"data_nasc": "17/02/1989",
		"sexo": "Feminino",
		"signo": "Aquário",
		"mae": "Amanda Nair Jaqueline",
		"pai": "Henry Bruno da Paz",
		"email": "aurora-dapaz94@embraer.com.br",
		"senha": "NNJ6JkIcXd",
		"cep": "71258-300",
		"endereco": "Quadra Quadra 3 Área Especial 2",
		"numero": 477,
		"bairro": "Setor Norte (Vila Estrutural - Guará)",
		"cidade": "Brasília",
		"estado": "DF",
		"telefone_fixo": "(61) 2876-9715",
		"celular": "(61) 99260-5905",
		"altura": "1,57",
		"peso": 90,
		"tipo_sanguineo": "AB-",
		"cor": "verde"
	},
	{
		"nome": "Vitória Gabriela Rodrigues",
		"idade": 41,
		"cpf": "680.091.911-08",
		"rg": "26.068.950-6",
		"data_nasc": "10/01/1982",
		"sexo": "Feminino",
		"signo": "Capricórnio",
		"mae": "Regina Luana Lavínia",
		"pai": "Igor Alexandre Rodrigues",
		"email": "vitoria_gabriela_rodrigues@antunez.com.br",
		"senha": "jaA98r2Ciu",
		"cep": "73015-630",
		"endereco": "Quadra Quadra 2 Conjunto E-8 Bloco B",
		"numero": 341,
		"bairro": "Sobradinho",
		"cidade": "Brasília",
		"estado": "DF",
		"telefone_fixo": "(61) 2524-3861",
		"celular": "(61) 98470-5404",
		"altura": "1,72",
		"peso": 55,
		"tipo_sanguineo": "AB-",
		"cor": "verde"
	},
	{
		"nome": "Emanuel Marcos Drumond",
		"idade": 51,
		"cpf": "034.295.121-15",
		"rg": "10.369.736-6",
		"data_nasc": "05/01/1972",
		"sexo": "Masculino",
		"signo": "Capricórnio",
		"mae": "Marli Isabelly Andreia",
		"pai": "Anthony Guilherme César Drumond",
		"email": "emanuelmarcosdrumond@sobraer.com.br",
		"senha": "GnmuC2kMlN",
		"cep": "72549-520",
		"endereco": "Setor Polo de Desenvolvimento Juscelino Kubitschek Trecho 1 Conjunto 4",
		"numero": 457,
		"bairro": "Santa Maria",
		"cidade": "Brasília",
		"estado": "DF",
		"telefone_fixo": "(61) 2667-3685",
		"celular": "(61) 99522-5755",
		"altura": "1,60",
		"peso": 105,
		"tipo_sanguineo": "AB-",
		"cor": "roxo"
	},
	{
		"nome": "Julia Lúcia da Cunha",
		"idade": 77,
		"cpf": "781.799.011-57",
		"rg": "18.872.937-9",
		"data_nasc": "05/02/1946",
		"sexo": "Feminino",
		"signo": "Aquário",
		"mae": "Isabel Kamilly",
		"pai": "Juan Pedro Tiago da Cunha",
		"email": "julia.lucia.dacunha@nogueiramoura.adv.br",
		"senha": "TfPjozGxPb",
		"cep": "72501-408",
		"endereco": "Quadra QR 201 Conjunto H",
		"numero": 196,
		"bairro": "Santa Maria",
		"cidade": "Brasília",
		"estado": "DF",
		"telefone_fixo": "(61) 2803-5103",
		"celular": "(61) 99967-7960",
		"altura": "1,52",
		"peso": 54,
		"tipo_sanguineo": "O-",
		"cor": "azul"
	},
	{
		"nome": "Mário Pedro Danilo Fernandes",
		"idade": 50,
		"cpf": "472.715.741-15",
		"rg": "13.719.795-0",
		"data_nasc": "09/02/1973",
		"sexo": "Masculino",
		"signo": "Aquário",
		"mae": "Sabrina Pietra Melissa",
		"pai": "Vitor Vicente Fernandes",
		"email": "mario_pedro_fernandes@gruposantin.com.br",
		"senha": "FlTPJF82D1",
		"cep": "72650-540",
		"endereco": "Quadra Quadra 803 Conjunto 26-A",
		"numero": 115,
		"bairro": "Recanto das Emas",
		"cidade": "Brasília",
		"estado": "DF",
		"telefone_fixo": "(61) 2910-2411",
		"celular": "(61) 98857-5060",
		"altura": "1,86",
		"peso": 56,
		"tipo_sanguineo": "A+",
		"cor": "verde"
	},
	{
		"nome": "Hadassa Sueli Cavalcanti",
		"idade": 30,
		"cpf": "871.234.221-12",
		"rg": "23.604.244-0",
		"data_nasc": "20/02/1993",
		"sexo": "Feminino",
		"signo": "Peixes",
		"mae": "Antônia Analu Carolina",
		"pai": "Hugo Gael Jorge Cavalcanti",
		"email": "hadassa_sueli_cavalcanti@edu.uniso.br",
		"senha": "gWFOIKS1jJ",
		"cep": "72145-522",
		"endereco": "Quadra EQNM 38/40 Bloco B",
		"numero": 496,
		"bairro": "Taguatinga Norte (Taguatinga)",
		"cidade": "Brasília",
		"estado": "DF",
		"telefone_fixo": "(61) 3711-4355",
		"celular": "(61) 98695-4448",
		"altura": "1,72",
		"peso": 79,
		"tipo_sanguineo": "AB+",
		"cor": "roxo"
	},
	{
		"nome": "Rosângela Sabrina Assis",
		"idade": 25,
		"cpf": "690.696.351-19",
		"rg": "12.976.804-2",
		"data_nasc": "09/02/1998",
		"sexo": "Feminino",
		"signo": "Aquário",
		"mae": "Márcia Josefa",
		"pai": "Giovanni Yago Murilo Assis",
		"email": "rosangela.sabrina.assis@arbitral.com",
		"senha": "ajOOjCHEhf",
		"cep": "72506-207",
		"endereco": "Quadra CL 106 Bloco G",
		"numero": 606,
		"bairro": "Santa Maria",
		"cidade": "Brasília",
		"estado": "DF",
		"telefone_fixo": "(61) 2868-3048",
		"celular": "(61) 99291-7955",
		"altura": "1,64",
		"peso": 56,
		"tipo_sanguineo": "B-",
		"cor": "roxo"
	},
	{
		"nome": "Lucas Sérgio Cardoso",
		"idade": 71,
		"cpf": "595.223.041-58",
		"rg": "37.050.728-9",
		"data_nasc": "03/02/1952",
		"sexo": "Masculino",
		"signo": "Aquário",
		"mae": "Carolina Sophia",
		"pai": "Theo Samuel Bruno Cardoso",
		"email": "lucas_cardoso@hormail.com",
		"senha": "ll8fwNaKkq",
		"cep": "72420-167",
		"endereco": "Quadra EQ 16/26",
		"numero": 649,
		"bairro": "Setor Oeste (Gama)",
		"cidade": "Brasília",
		"estado": "DF",
		"telefone_fixo": "(61) 3988-2604",
		"celular": "(61) 98312-6948",
		"altura": "1,74",
		"peso": 66,
		"tipo_sanguineo": "B-",
		"cor": "azul"
	},
	{
		"nome": "Melissa Alícia Freitas",
		"idade": 53,
		"cpf": "673.555.241-51",
		"rg": "30.894.451-3",
		"data_nasc": "23/01/1970",
		"sexo": "Feminino",
		"signo": "Aquário",
		"mae": "Sabrina Débora Márcia",
		"pai": "Thiago Otávio Freitas",
		"email": "melissa-freitas74@heineken.com.br",
		"senha": "j7t5BTPZET",
		"cep": "72210-230",
		"endereco": "Quadra QNM 22 Conjunto J",
		"numero": 819,
		"bairro": "Ceilândia Norte (Ceilândia)",
		"cidade": "Brasília",
		"estado": "DF",
		"telefone_fixo": "(61) 2661-6210",
		"celular": "(61) 98410-5182",
		"altura": "1,77",
		"peso": 65,
		"tipo_sanguineo": "O-",
		"cor": "amarelo"
	},
	{
		"nome": "Leonardo Elias da Luz",
		"idade": 77,
		"cpf": "626.435.411-20",
		"rg": "37.962.224-5",
		"data_nasc": "01/02/1946",
		"sexo": "Masculino",
		"signo": "Aquário",
		"mae": "Rosa Josefa Sebastiana",
		"pai": "Renato Yago Felipe da Luz",
		"email": "leonardo_daluz@montcalm.com.br",
		"senha": "29jmGdQ4um",
		"cep": "72261-020",
		"endereco": "Quadra QNO 19 Conjunto 20",
		"numero": 763,
		"bairro": "Ceilândia Norte (Ceilândia)",
		"cidade": "Brasília",
		"estado": "DF",
		"telefone_fixo": "(61) 3811-6789",
		"celular": "(61) 99356-3783",
		"altura": "1,89",
		"peso": 85,
		"tipo_sanguineo": "B-",
		"cor": "roxo"
	},
	{
		"nome": "Iago Jorge Levi Vieira",
		"idade": 60,
		"cpf": "198.818.021-05",
		"rg": "42.452.065-5",
		"data_nasc": "14/01/1963",
		"sexo": "Masculino",
		"signo": "Capricórnio",
		"mae": "Renata Francisca",
		"pai": "Eduardo Mateus Cauã Vieira",
		"email": "iago_vieira@ufscar.br",
		"senha": "G72CzNbBrL",
		"cep": "71100-057",
		"endereco": "Quadra EPTG QE 2 Bloco A-7",
		"numero": 539,
		"bairro": "Quadras Econômicas Lúcio Costa (Guará)",
		"cidade": "Brasília",
		"estado": "DF",
		"telefone_fixo": "(61) 2763-5778",
		"celular": "(61) 99617-7041",
		"altura": "1,60",
		"peso": 70,
		"tipo_sanguineo": "A-",
		"cor": "amarelo"
	},
	{
		"nome": "Murilo Benedito Arthur Aparício",
		"idade": 75,
		"cpf": "052.582.001-91",
		"rg": "39.273.650-0",
		"data_nasc": "12/02/1948",
		"sexo": "Masculino",
		"signo": "Aquário",
		"mae": "Marlene Sophia",
		"pai": "Bruno Mário Aparício",
		"email": "murilobeneditoaparicio@lojapetline.com.br",
		"senha": "ffmLL1Ch2j",
		"cep": "72316-506",
		"endereco": "Quadra QN 206 Área Especial 1",
		"numero": 410,
		"bairro": "Samambaia Norte (Samambaia)",
		"cidade": "Brasília",
		"estado": "DF",
		"telefone_fixo": "(61) 2616-1955",
		"celular": "(61) 99968-0602",
		"altura": "1,63",
		"peso": 67,
		"tipo_sanguineo": "O-",
		"cor": "vermelho"
	},
	{
		"nome": "Josefa Valentina Isabelle Farias",
		"idade": 80,
		"cpf": "961.800.471-62",
		"rg": "19.630.786-7",
		"data_nasc": "22/01/1943",
		"sexo": "Feminino",
		"signo": "Aquário",
		"mae": "Regina Milena Raimunda",
		"pai": "Edson Marcos Vinicius Farias",
		"email": "josefavalentinafarias@2registrocivil.com.br",
		"senha": "xSjyMLplTY",
		"cep": "72310-106",
		"endereco": "Quadra QR 320 Conjunto 6",
		"numero": 923,
		"bairro": "Samambaia Sul (Samambaia)",
		"cidade": "Brasília",
		"estado": "DF",
		"telefone_fixo": "(61) 3540-4351",
		"celular": "(61) 98950-2873",
		"altura": "1,67",
		"peso": 73,
		"tipo_sanguineo": "B+",
		"cor": "preto"
	},
	{
		"nome": "Vinicius Kaique Antonio da Mata",
		"idade": 30,
		"cpf": "491.858.571-06",
		"rg": "16.951.632-5",
		"data_nasc": "06/02/1993",
		"sexo": "Masculino",
		"signo": "Aquário",
		"mae": "Marina Yasmin Kamilly",
		"pai": "Cauã Yago Calebe da Mata",
		"email": "vinicius-damata79@muvacademia.com.br",
		"senha": "SIXO9U8q4c",
		"cep": "72321-522",
		"endereco": "Quadra QN 409 Conjunto B",
		"numero": 957,
		"bairro": "Samambaia Norte (Samambaia)",
		"cidade": "Brasília",
		"estado": "DF",
		"telefone_fixo": "(61) 2746-8424",
		"celular": "(61) 99832-6803",
		"altura": "1,97",
		"peso": 81,
		"tipo_sanguineo": "O-",
		"cor": "azul"
	},
	{
		"nome": "Enrico Hugo Joaquim Pinto",
		"idade": 34,
		"cpf": "155.641.001-82",
		"rg": "35.074.460-9",
		"data_nasc": "11/02/1989",
		"sexo": "Masculino",
		"signo": "Aquário",
		"mae": "Lorena Cristiane Sueli",
		"pai": "Luís José Pinto",
		"email": "enrico_hugo_pinto@yahoo.com.br",
		"senha": "ppF9S5lqSN",
		"cep": "73403-145",
		"endereco": "Módulo Módulo 15",
		"numero": 558,
		"bairro": "Setor Mansões Itiquira (Planaltina)",
		"cidade": "Brasília",
		"estado": "DF",
		"telefone_fixo": "(61) 3502-3855",
		"celular": "(61) 98495-3371",
		"altura": "1,87",
		"peso": 88,
		"tipo_sanguineo": "AB-",
		"cor": "verde"
	},
	{
		"nome": "Luiz Nathan Aragão",
		"idade": 23,
		"cpf": "050.452.741-04",
		"rg": "15.157.504-6",
		"data_nasc": "02/01/2000",
		"sexo": "Masculino",
		"signo": "Capricórnio",
		"mae": "Pietra Lívia",
		"pai": "Ian Luiz Pietro Aragão",
		"email": "luiz.nathan.aragao@marramoncks.com.br",
		"senha": "t6pX8yGdE7",
		"cep": "72225-523",
		"endereco": "Quadra EQNN 1/3 Bloco C",
		"numero": 635,
		"bairro": "Ceilândia Norte (Ceilândia)",
		"cidade": "Brasília",
		"estado": "DF",
		"telefone_fixo": "(61) 2602-3707",
		"celular": "(61) 98747-5934",
		"altura": "1,89",
		"peso": 76,
		"tipo_sanguineo": "A-",
		"cor": "vermelho"
	},
	{
		"nome": "Priscila Elaine Regina Nunes",
		"idade": 54,
		"cpf": "053.114.201-97",
		"rg": "34.635.247-2",
		"data_nasc": "03/02/1969",
		"sexo": "Feminino",
		"signo": "Aquário",
		"mae": "Adriana Sophia Emanuelly",
		"pai": "Severino Thales Danilo Nunes",
		"email": "priscila.elaine.nunes@pmm.am.gov.br",
		"senha": "OXULkGoCYs",
		"cep": "73369-074",
		"endereco": "Quadra 4M Conjunto A",
		"numero": 295,
		"bairro": "Arapoanga (Planaltina)",
		"cidade": "Brasília",
		"estado": "DF",
		"telefone_fixo": "(61) 2734-8611",
		"celular": "(61) 99887-1683",
		"altura": "1,52",
		"peso": 49,
		"tipo_sanguineo": "O-",
		"cor": "laranja"
	},
	{
		"nome": "Giovana Rafaela Ester Mendes",
		"idade": 59,
		"cpf": "035.123.931-60",
		"rg": "19.753.685-2",
		"data_nasc": "01/01/1964",
		"sexo": "Feminino",
		"signo": "Capricórnio",
		"mae": "Flávia Emanuelly",
		"pai": "Benedito Julio Thiago Mendes",
		"email": "giovana_mendes@live.co.uk",
		"senha": "GaPMHGaY9d",
		"cep": "72410-105",
		"endereco": "Quadra Quadra 1 Conjunto E",
		"numero": 654,
		"bairro": "Setor Sul (Gama)",
		"cidade": "Brasília",
		"estado": "DF",
		"telefone_fixo": "(61) 2837-5541",
		"celular": "(61) 99778-5644",
		"altura": "1,51",
		"peso": 70,
		"tipo_sanguineo": "O+",
		"cor": "verde"
	},
	{
		"nome": "Nicolas Caio Yuri Baptista",
		"idade": 69,
		"cpf": "183.693.111-56",
		"rg": "17.337.666-6",
		"data_nasc": "25/02/1954",
		"sexo": "Masculino",
		"signo": "Peixes",
		"mae": "Adriana Sandra Rebeca",
		"pai": "Alexandre Noah Baptista",
		"email": "nicolascaiobaptista@ideiaviva.com.br",
		"senha": "fq8bcadUQH",
		"cep": "72545-240",
		"endereco": "Quadra CL 415",
		"numero": 599,
		"bairro": "Santa Maria",
		"cidade": "Brasília",
		"estado": "DF",
		"telefone_fixo": "(61) 3598-4832",
		"celular": "(61) 99492-9018",
		"altura": "1,89",
		"peso": 73,
		"tipo_sanguineo": "A-",
		"cor": "laranja"
	},
	{
		"nome": "Sueli Lúcia Francisca Ramos",
		"idade": 46,
		"cpf": "773.834.701-50",
		"rg": "33.744.252-6",
		"data_nasc": "10/02/1977",
		"sexo": "Feminino",
		"signo": "Aquário",
		"mae": "Malu Antônia",
		"pai": "Edson Noah Márcio Ramos",
		"email": "sueliluciaramos@mastria.com.br",
		"senha": "2uU799fFxR",
		"cep": "72308-530",
		"endereco": "Quadra QS 318",
		"numero": 451,
		"bairro": "Samambaia Sul (Samambaia)",
		"cidade": "Brasília",
		"estado": "DF",
		"telefone_fixo": "(61) 3668-2294",
		"celular": "(61) 99214-0527",
		"altura": "1,60",
		"peso": 48,
		"tipo_sanguineo": "O+",
		"cor": "azul"
	},
	{
		"nome": "Renata Lara Araújo",
		"idade": 36,
		"cpf": "956.648.611-18",
		"rg": "15.868.794-2",
		"data_nasc": "12/01/1987",
		"sexo": "Feminino",
		"signo": "Capricórnio",
		"mae": "Alana Maria Lara",
		"pai": "Luan Kauê Filipe Araújo",
		"email": "renata_araujo@meteorus.com.br",
		"senha": "96AO2kP56Y",
		"cep": "71655-030",
		"endereco": "Quadra SHIS QI 19 Conjunto 3",
		"numero": 969,
		"bairro": "Setor de Habitações Individuais Sul",
		"cidade": "Brasília",
		"estado": "DF",
		"telefone_fixo": "(61) 3826-3325",
		"celular": "(61) 98392-7886",
		"altura": "1,57",
		"peso": 67,
		"tipo_sanguineo": "B+",
		"cor": "vermelho"
	}
]