[
	{
		"nome": "Raimunda Emily Bernardes",
		"idade": 49,
		"cpf": "249.548.311-99",
		"rg": "23.471.484-0",
		"data_nasc": "01/02/1974",
		"sexo": "Feminino",
		"signo": "Aquário",
		"mae": "Benedita Jennifer Stella",
		"pai": "Kauê Antonio Joaquim Bernardes",
		"email": "raimunda-bernardes82@directnet.com",
		"senha": "gtgRsobJmR",
		"cep": "72669-069",
		"endereco": "Condomínio Residencial Dom Francisco Quadra 7",
		"numero": 135,
		"bairro": "Recanto das Emas",
		"cidade": "Brasília",
		"estado": "DF",
		"telefone_fixo": "(61) 2822-7224",
		"celular": "(61) 98369-4613",
		"altura": "1,69",
		"peso": 75,
		"tipo_sanguineo": "A-",
		"cor": "laranja"
	},
	{
		"nome": "Marcos Thomas Barros",
		"idade": 34,
		"cpf": "764.576.401-50",
		"rg": "10.655.859-6",
		"data_nasc": "11/02/1989",
		"sexo": "Masculino",
		"signo": "Aquário",
		"mae": "Yasmin Milena Bianca",
		"pai": "Gustavo Francisco Barros",
		"email": "marcos.thomas.barros@cuppari.com.br",
		"senha": "bxdMJipIEt",
		"cep": "72152-101",
		"endereco": "Quadra QNL 21 Conjunto A",
		"numero": 993,
		"bairro": "Taguatinga Norte (Taguatinga)",
		"cidade": "Brasília",
		"estado": "DF",
		"telefone_fixo": "(61) 3500-9981",
		"celular": "(61) 98369-5882",
		"altura": "1,68",
		"peso": 82,
		"tipo_sanguineo": "B-",
		"cor": "vermelho"
	},
	{
		"nome": "Emanuelly Nair Rayssa Lima",
		"idade": 19,
		"cpf": "409.543.321-30",
		"rg": "16.537.385-4",
		"data_nasc": "26/01/2004",
		"sexo": "Feminino",
		"signo": "Aquário",
		"mae": "Emilly Josefa Gabriela",
		"pai": "Lucas Miguel Lima",
		"email": "emanuelly-lima83@pib.com.br",
		"senha": "fhadfatiYr",
		"cep": "70765-500",
		"endereco": "Quadra CLN 312",
		"numero": 829,
		"bairro": "Asa Norte",
		"cidade": "Brasília",
		"estado": "DF",
		"telefone_fixo": "(61) 3966-6101",
		"celular": "(61) 99241-4643",
		"altura": "1,77",
		"peso": 69,
		"tipo_sanguineo": "AB+",
		"cor": "azul"
	},
	{
		"nome": "Elias Antonio Leandro da Silva",
		"idade": 61,
		"cpf": "135.486.751-31",
		"rg": "47.190.625-6",
		"data_nasc": "04/02/1962",
		"sexo": "Masculino",
		"signo": "Aquário",
		"mae": "Mirella Isabel",
		"pai": "Gael Joaquim da Silva",
		"email": "elias_antonio_dasilva@poligerma.com.br",
		"senha": "NCQ5Z1Z6M8",
		"cep": "71525-215",
		"endereco": "Quadra SHIN QL 12 Conjunto 1",
		"numero": 883,
		"bairro": "Setor de Habitações Individuais Norte",
		"cidade": "Brasília",
		"estado": "DF",
		"telefone_fixo": "(61) 3619-4581",
		"celular": "(61) 99483-6823",
		"altura": "1,91",
		"peso": 102,
		"tipo_sanguineo": "O-",
		"cor": "verde"
	},
	{
		"nome": "Natália Malu Bianca Cavalcanti",
		"idade": 69,
		"cpf": "700.292.101-00",
		"rg": "10.004.476-1",
		"data_nasc": "24/01/1954",
		"sexo": "Feminino",
		"signo": "Aquário",
		"mae": "Luna Elisa Raimunda",
		"pai": "Cauã Daniel Gabriel Cavalcanti",
		"email": "natalia-cavalcanti80@plaman.com.br",
		"senha": "6kOq0Kuk0Y",
		"cep": "73046-045",
		"endereco": "Quadra Quadra 15 Comércio Local 17",
		"numero": 981,
		"bairro": "Sobradinho",
		"cidade": "Brasília",
		"estado": "DF",
		"telefone_fixo": "(61) 2819-6490",
		"celular": "(61) 98266-1445",
		"altura": "1,80",
		"peso": 57,
		"tipo_sanguineo": "AB-",
		"cor": "preto"
	},
	{
		"nome": "Luan Murilo das Neves",
		"idade": 19,
		"cpf": "995.214.071-15",
		"rg": "16.257.073-9",
		"data_nasc": "03/02/2004",
		"sexo": "Masculino",
		"signo": "Aquário",
		"mae": "Isabel Nina",
		"pai": "Diogo Nicolas Mário das Neves",
		"email": "luan_murilo_dasneves@editorazap.com.br",
		"senha": "jun0jjixYE",
		"cep": "72445-045",
		"endereco": "Área Especial Mercado 2",
		"numero": 757,
		"bairro": "Setor Industrial (Gama)",
		"cidade": "Brasília",
		"estado": "DF",
		"telefone_fixo": "(61) 2720-6411",
		"celular": "(61) 99123-8955",
		"altura": "1,69",
		"peso": 109,
		"tipo_sanguineo": "O+",
		"cor": "vermelho"
	},
	{
		"nome": "Heloise Mariane Isadora Porto",
		"idade": 45,
		"cpf": "186.682.201-28",
		"rg": "23.392.799-2",
		"data_nasc": "16/02/1978",
		"sexo": "Feminino",
		"signo": "Aquário",
		"mae": "Cláudia Sophia",
		"pai": "Marcos Vinicius Yago Carlos Porto",
		"email": "heloisemarianeporto@destaco.com",
		"senha": "LIajCIpGiI",
		"cep": "71615-130",
		"endereco": "Quadra SHIS QI 5 Conjunto 13",
		"numero": 501,
		"bairro": "Setor de Habitações Individuais Sul",
		"cidade": "Brasília",
		"estado": "DF",
		"telefone_fixo": "(61) 3627-6402",
		"celular": "(61) 98361-0667",
		"altura": "1,64",
		"peso": 64,
		"tipo_sanguineo": "B+",
		"cor": "vermelho"
	},
	{
		"nome": "Evelyn Pietra Maitê Gonçalves",
		"idade": 74,
		"cpf": "465.871.621-69",
		"rg": "12.168.463-5",
		"data_nasc": "22/02/1949",
		"sexo": "Feminino",
		"signo": "Peixes",
		"mae": "Luzia Laura Beatriz",
		"pai": "Jorge Ricardo Gonçalves",
		"email": "evelyn_goncalves@baptistas.com.br",
		"senha": "fhZMKuIS09",
		"cep": "70854-080",
		"endereco": "Quadra SQN 209 Bloco H",
		"numero": 784,
		"bairro": "Asa Norte",
		"cidade": "Brasília",
		"estado": "DF",
		"telefone_fixo": "(61) 2565-9825",
		"celular": "(61) 98978-4085",
		"altura": "1,85",
		"peso": 53,
		"tipo_sanguineo": "O+",
		"cor": "preto"
	},
	{
		"nome": "Thiago Paulo Almada",
		"idade": 23,
		"cpf": "481.387.791-52",
		"rg": "31.140.978-7",
		"data_nasc": "20/02/2000",
		"sexo": "Masculino",
		"signo": "Peixes",
		"mae": "Mariane Emilly",
		"pai": "Giovanni Danilo Almada",
		"email": "thiago-almada91@fabianocosta.com.br",
		"senha": "JGOTS8ZOMx",
		"cep": "72331-012",
		"endereco": "Quadra QR 601 Conjunto 12",
		"numero": 838,
		"bairro": "Samambaia Norte (Samambaia)",
		"cidade": "Brasília",
		"estado": "DF",
		"telefone_fixo": "(61) 3719-9764",
		"celular": "(61) 98694-8185",
		"altura": "1,90",
		"peso": 51,
		"tipo_sanguineo": "B+",
		"cor": "laranja"
	},
	{
		"nome": "Teresinha Carolina Amanda Pereira",
		"idade": 80,
		"cpf": "696.119.701-96",
		"rg": "44.525.309-5",
		"data_nasc": "23/02/1943",
		"sexo": "Feminino",
		"signo": "Peixes",
		"mae": "Catarina Jéssica",
		"pai": "Luís Noah Felipe Pereira",
		"email": "teresinha_pereira@bidoul.eng.br",
		"senha": "mbY2q2Ubkm",
		"cep": "72321-318",
		"endereco": "Quadra QR 413 Conjunto 5A",
		"numero": 551,
		"bairro": "Samambaia Norte (Samambaia)",
		"cidade": "Brasília",
		"estado": "DF",
		"telefone_fixo": "(61) 2530-0277",
		"celular": "(61) 99544-3105",
		"altura": "1,82",
		"peso": 61,
		"tipo_sanguineo": "A-",
		"cor": "laranja"
	},
	{
		"nome": "Giovana Agatha Luana Pinto",
		"idade": 44,
		"cpf": "249.969.101-86",
		"rg": "36.049.570-9",
		"data_nasc": "21/01/1979",
		"sexo": "Feminino",
		"signo": "Aquário",
		"mae": "Clara Sandra",
		"pai": "Juan Jorge Pinto",
		"email": "giovana.agatha.pinto@saboia.me",
		"senha": "6WigMdkNzK",
		"cep": "72250-506",
		"endereco": "Quadra EQNO 1/3 Bloco F",
		"numero": 879,
		"bairro": "Ceilândia Norte (Ceilândia)",
		"cidade": "Brasília",
		"estado": "DF",
		"telefone_fixo": "(61) 2883-5724",
		"celular": "(61) 99501-4854",
		"altura": "1,82",
		"peso": 66,
		"tipo_sanguineo": "O+",
		"cor": "laranja"
	},
	{
		"nome": "Lucca Carlos Eduardo Aparício",
		"idade": 54,
		"cpf": "257.566.851-46",
		"rg": "26.404.553-1",
		"data_nasc": "10/02/1969",
		"sexo": "Masculino",
		"signo": "Aquário",
		"mae": "Agatha Silvana Bruna",
		"pai": "Diogo Nicolas Aparício",
		"email": "lucca_carlos_aparicio@engemanltda.com.br",
		"senha": "azcowl7ayB",
		"cep": "72305-700",
		"endereco": "Quadra QN 309",
		"numero": 841,
		"bairro": "Samambaia Sul (Samambaia)",
		"cidade": "Brasília",
		"estado": "DF",
		"telefone_fixo": "(61) 2505-7369",
		"celular": "(61) 98971-2736",
		"altura": "1,76",
		"peso": 99,
		"tipo_sanguineo": "A+",
		"cor": "vermelho"
	},
	{
		"nome": "Vera Larissa Viana",
		"idade": 67,
		"cpf": "678.611.361-32",
		"rg": "27.743.997-8",
		"data_nasc": "11/02/1956",
		"sexo": "Feminino",
		"signo": "Aquário",
		"mae": "Andrea Andrea Louise",
		"pai": "Pedro Kaique Viana",
		"email": "veralarissaviana@orthoi.com.br",
		"senha": "7GQKMR5BsS",
		"cep": "72737-003",
		"endereco": "Quadra Quadra 37 Conjunto C",
		"numero": 811,
		"bairro": "Vila São José (Brazlândia)",
		"cidade": "Brasília",
		"estado": "DF",
		"telefone_fixo": "(61) 3569-1044",
		"celular": "(61) 98691-3122",
		"altura": "1,81",
		"peso": 64,
		"tipo_sanguineo": "A+",
		"cor": "preto"
	},
	{
		"nome": "Lorenzo Marcos da Rocha",
		"idade": 50,
		"cpf": "387.434.811-32",
		"rg": "49.602.098-5",
		"data_nasc": "16/01/1973",
		"sexo": "Masculino",
		"signo": "Capricórnio",
		"mae": "Mirella Priscila",
		"pai": "Márcio Vinicius Otávio da Rocha",
		"email": "lorenzo-darocha73@comercialrizzo.com",
		"senha": "gW0Dd18MHg",
		"cep": "71881-330",
		"endereco": "Quadra QN 15C",
		"numero": 792,
		"bairro": "Riacho Fundo II",
		"cidade": "Brasília",
		"estado": "DF",
		"telefone_fixo": "(61) 3795-9342",
		"celular": "(61) 99879-4711",
		"altura": "1,68",
		"peso": 69,
		"tipo_sanguineo": "B+",
		"cor": "azul"
	},
	{
		"nome": "Luís Lucca Lopes",
		"idade": 46,
		"cpf": "567.563.981-05",
		"rg": "16.743.689-2",
		"data_nasc": "16/01/1977",
		"sexo": "Masculino",
		"signo": "Capricórnio",
		"mae": "Isabel Flávia",
		"pai": "Diogo Sérgio Nelson Lopes",
		"email": "luis.lucca.lopes@estruturalbr.com.br",
		"senha": "lsWWN5uO23",
		"cep": "72405-912",
		"endereco": "Quadra 55 Bloco 1 Lote 03 a 06",
		"numero": 966,
		"bairro": "Setor Central (Gama)",
		"cidade": "Brasília",
		"estado": "DF",
		"telefone_fixo": "(61) 2944-3477",
		"celular": "(61) 99360-3325",
		"altura": "1,74",
		"peso": 81,
		"tipo_sanguineo": "A-",
		"cor": "laranja"
	},
	{
		"nome": "Allana Andrea Esther Caldeira",
		"idade": 68,
		"cpf": "444.515.261-75",
		"rg": "46.451.831-3",
		"data_nasc": "03/01/1955",
		"sexo": "Feminino",
		"signo": "Capricórnio",
		"mae": "Bianca Antonella",
		"pai": "Tomás Ricardo Caldeira",
		"email": "allana-caldeira80@vitalliimoveis.com",
		"senha": "h3GzEjyjP0",
		"cep": "72327-508",
		"endereco": "Quadra QN 425 Conjunto H",
		"numero": 429,
		"bairro": "Samambaia Norte (Samambaia)",
		"cidade": "Brasília",
		"estado": "DF",
		"telefone_fixo": "(61) 2706-1554",
		"celular": "(61) 99417-1773",
		"altura": "1,58",
		"peso": 45,
		"tipo_sanguineo": "AB-",
		"cor": "amarelo"
	},
	{
		"nome": "Cláudia Aline Aurora Teixeira",
		"idade": 37,
		"cpf": "203.479.931-33",
		"rg": "32.636.302-6",
		"data_nasc": "07/02/1986",
		"sexo": "Feminino",
		"signo": "Aquário",
		"mae": "Bianca Andreia",
		"pai": "André Vicente Francisco Teixeira",
		"email": "claudia.aline.teixeira@ladder.com.br",
		"senha": "pd437r0D2k",
		"cep": "71715-034",
		"endereco": "Avenida Segunda Avenida Bloco 1180",
		"numero": 115,
		"bairro": "Núcleo Bandeirante",
		"cidade": "Brasília",
		"estado": "DF",
		"telefone_fixo": "(61) 2578-1965",
		"celular": "(61) 98788-3030",
		"altura": "1,78",
		"peso": 64,
		"tipo_sanguineo": "B+",
		"cor": "roxo"
	},
	{
		"nome": "Iago Iago Barbosa",
		"idade": 34,
		"cpf": "088.829.201-51",
		"rg": "37.015.724-2",
		"data_nasc": "24/02/1989",
		"sexo": "Masculino",
		"signo": "Peixes",
		"mae": "Vera Melissa Stella",
		"pai": "Antonio Vinicius Nelson Barbosa",
		"email": "iago.iago.barbosa@ig.com.br",
		"senha": "phJDFzocH8",
		"cep": "71680-387",
		"endereco": "Condomínio Carlos Theóphilo",
		"numero": 715,
		"bairro": "Setor Habitacional Jardim Botânico (Lago Sul)",
		"cidade": "Brasília",
		"estado": "DF",
		"telefone_fixo": "(61) 3731-9780",
		"celular": "(61) 99263-9038",
		"altura": "1,62",
		"peso": 99,
		"tipo_sanguineo": "B-",
		"cor": "azul"
	},
	{
		"nome": "Sophia Cecília Peixoto",
		"idade": 28,
		"cpf": "433.929.301-64",
		"rg": "28.908.888-4",
		"data_nasc": "03/01/1995",
		"sexo": "Feminino",
		"signo": "Capricórnio",
		"mae": "Nicole Giovana Isis",
		"pai": "César Caleb Peixoto",
		"email": "sophiaceciliapeixoto@conexao.com",
		"senha": "XN0eIJUZWW",
		"cep": "72120-540",
		"endereco": "Quadra QND 54",
		"numero": 160,
		"bairro": "Taguatinga Norte (Taguatinga)",
		"cidade": "Brasília",
		"estado": "DF",
		"telefone_fixo": "(61) 3646-5446",
		"celular": "(61) 99886-1538",
		"altura": "1,66",
		"peso": 52,
		"tipo_sanguineo": "A-",
		"cor": "roxo"
	},
	{
		"nome": "Yasmin Elza Isadora da Luz",
		"idade": 48,
		"cpf": "729.359.021-06",
		"rg": "22.909.138-6",
		"data_nasc": "21/02/1975",
		"sexo": "Feminino",
		"signo": "Peixes",
		"mae": "Carla Milena Natália",
		"pai": "Luís Vinicius da Luz",
		"email": "yasmin_elza_daluz@gmnail.com",
		"senha": "BR9H7WkNt1",
		"cep": "72331-565",
		"endereco": "Quadra QS 611 Área Especial 2",
		"numero": 204,
		"bairro": "Samambaia Norte (Samambaia)",
		"cidade": "Brasília",
		"estado": "DF",
		"telefone_fixo": "(61) 3703-0126",
		"celular": "(61) 99568-0489",
		"altura": "1,64",
		"peso": 60,
		"tipo_sanguineo": "AB-",
		"cor": "vermelho"
	},
	{
		"nome": "Alessandra Julia Analu Rodrigues",
		"idade": 74,
		"cpf": "810.206.431-53",
		"rg": "33.928.073-6",
		"data_nasc": "01/01/1949",
		"sexo": "Feminino",
		"signo": "Capricórnio",
		"mae": "Rosa Cristiane",
		"pai": "Kevin Marcos Vinicius Arthur Rodrigues",
		"email": "alessandra-rodrigues79@tpltransportes.com.br",
		"senha": "zdTBe31G4X",
		"cep": "71699-334",
		"endereco": "Quadra QC 7 Rua L",
		"numero": 892,
		"bairro": "Jardins Mangueiral (São Sebastião)",
		"cidade": "Brasília",
		"estado": "DF",
		"telefone_fixo": "(61) 2535-0429",
		"celular": "(61) 99455-2005",
		"altura": "1,59",
		"peso": 68,
		"tipo_sanguineo": "AB-",
		"cor": "vermelho"
	},
	{
		"nome": "Paulo Arthur Galvão",
		"idade": 65,
		"cpf": "292.812.101-34",
		"rg": "24.582.401-7",
		"data_nasc": "02/01/1958",
		"sexo": "Masculino",
		"signo": "Capricórnio",
		"mae": "Sophia Benedita",
		"pai": "Thiago Augusto Thomas Galvão",
		"email": "paulo.arthur.galvao@cernizza.com.br",
		"senha": "Buu8Ppase9",
		"cep": "72130-527",
		"endereco": "Setor QNH Área Especial (Escola)",
		"numero": 393,
		"bairro": "Taguatinga Norte (Taguatinga)",
		"cidade": "Brasília",
		"estado": "DF",
		"telefone_fixo": "(61) 2966-1668",
		"celular": "(61) 98806-4925",
		"altura": "1,93",
		"peso": 83,
		"tipo_sanguineo": "AB+",
		"cor": "vermelho"
	},
	{
		"nome": "Caleb Bento Noah Almeida",
		"idade": 39,
		"cpf": "746.637.801-30",
		"rg": "25.687.607-1",
		"data_nasc": "12/02/1984",
		"sexo": "Masculino",
		"signo": "Aquário",
		"mae": "Rosa Nair Ayla",
		"pai": "Nicolas Iago Isaac Almeida",
		"email": "caleb-almeida92@prodam.am.gov.br",
		"senha": "U9OeECbYah",
		"cep": "72339-125",
		"endereco": "Quadra QR 827 Conjunto 10",
		"numero": 217,
		"bairro": "Samambaia Norte (Samambaia)",
		"cidade": "Brasília",
		"estado": "DF",
		"telefone_fixo": "(61) 3713-8898",
		"celular": "(61) 98321-0888",
		"altura": "1,97",
		"peso": 105,
		"tipo_sanguineo": "AB+",
		"cor": "vermelho"
	},
	{
		"nome": "Giovanni Augusto Rocha",
		"idade": 47,
		"cpf": "961.370.051-00",
		"rg": "19.166.980-5",
		"data_nasc": "16/01/1976",
		"sexo": "Masculino",
		"signo": "Capricórnio",
		"mae": "Giovana Vera",
		"pai": "Anthony Noah Martin Rocha",
		"email": "giovanniaugustorocha@lidertel.com.br",
		"senha": "IZb9ZSpM1F",
		"cep": "70353-110",
		"endereco": "Quadra SQS 306 Bloco K",
		"numero": 668,
		"bairro": "Asa Sul",
		"cidade": "Brasília",
		"estado": "DF",
		"telefone_fixo": "(61) 3752-3786",
		"celular": "(61) 98465-2246",
		"altura": "1,97",
		"peso": 95,
		"tipo_sanguineo": "O-",
		"cor": "laranja"
	},
	{
		"nome": "Felipe Jorge Yuri Assis",
		"idade": 30,
		"cpf": "282.783.541-03",
		"rg": "35.273.455-3",
		"data_nasc": "15/01/1993",
		"sexo": "Masculino",
		"signo": "Capricórnio",
		"mae": "Sabrina Carolina",
		"pai": "Iago Juan André Assis",
		"email": "felipe.jorge.assis@mfb.com.br",
		"senha": "xyzF9FGfSy",
		"cep": "71020-009",
		"endereco": "Quadra QI 9",
		"numero": 165,
		"bairro": "Guará I",
		"cidade": "Brasília",
		"estado": "DF",
		"telefone_fixo": "(61) 2533-8630",
		"celular": "(61) 99864-0938",
		"altura": "1,75",
		"peso": 110,
		"tipo_sanguineo": "O-",
		"cor": "laranja"
	},
	{
		"nome": "Rosângela Andrea Moreira",
		"idade": 20,
		"cpf": "082.599.681-34",
		"rg": "28.459.954-2",
		"data_nasc": "17/01/2003",
		"sexo": "Feminino",
		"signo": "Capricórnio",
		"mae": "Heloise Daniela",
		"pai": "Márcio Ricardo Gustavo Moreira",
		"email": "rosangela.andrea.moreira@unitau.com.br",
		"senha": "gAi4qkA5Zb",
		"cep": "73036-725",
		"endereco": "Quadra 9 AR 11",
		"numero": 352,
		"bairro": "Sobradinho",
		"cidade": "Brasília",
		"estado": "DF",
		"telefone_fixo": "(61) 2620-3457",
		"celular": "(61) 99695-0082",
		"altura": "1,74",
		"peso": 84,
		"tipo_sanguineo": "A+",
		"cor": "vermelho"
	},
	{
		"nome": "Guilherme Raul da Conceição",
		"idade": 52,
		"cpf": "234.358.831-70",
		"rg": "43.866.593-4",
		"data_nasc": "27/01/1971",
		"sexo": "Masculino",
		"signo": "Aquário",
		"mae": "Francisca Antonella Helena",
		"pai": "Fábio Erick da Conceição",
		"email": "guilherme.raul.daconceicao@gap.com.br",
		"senha": "wR72MLuJWb",
		"cep": "72669-075",
		"endereco": "Condomínio Residencial Dom Francisco Quadra 9",
		"numero": 227,
		"bairro": "Recanto das Emas",
		"cidade": "Brasília",
		"estado": "DF",
		"telefone_fixo": "(61) 2589-3135",
		"celular": "(61) 98909-2952",
		"altura": "1,84",
		"peso": 70,
		"tipo_sanguineo": "B+",
		"cor": "roxo"
	},
	{
		"nome": "Luiza Lívia Sônia Pires",
		"idade": 55,
		"cpf": "328.416.701-39",
		"rg": "11.669.123-2",
		"data_nasc": "25/02/1968",
		"sexo": "Feminino",
		"signo": "Peixes",
		"mae": "Mariah Eloá",
		"pai": "Enzo Tiago Filipe Pires",
		"email": "luizaliviapires@siexpress.com.br",
		"senha": "kxlA198DGp",
		"cep": "72543-235",
		"endereco": "Quadra CL 313 Bloco E",
		"numero": 243,
		"bairro": "Santa Maria",
		"cidade": "Brasília",
		"estado": "DF",
		"telefone_fixo": "(61) 2955-0731",
		"celular": "(61) 99624-6180",
		"altura": "1,57",
		"peso": 57,
		"tipo_sanguineo": "O-",
		"cor": "amarelo"
	},
	{
		"nome": "Elisa Allana Alessandra Corte Real",
		"idade": 58,
		"cpf": "482.209.981-48",
		"rg": "24.502.764-6",
		"data_nasc": "14/01/1965",
		"sexo": "Feminino",
		"signo": "Capricórnio",
		"mae": "Rayssa Daiane Fabiana",
		"pai": "Benedito Jorge Corte Real",
		"email": "elisa_allana_cortereal@terra.com",
		"senha": "E5g4R7TDOf",
		"cep": "72621-321",
		"endereco": "Avenida Recanto Quadra 306",
		"numero": 628,
		"bairro": "Recanto das Emas",
		"cidade": "Brasília",
		"estado": "DF",
		"telefone_fixo": "(61) 3592-6553",
		"celular": "(61) 99725-2635",
		"altura": "1,58",
		"peso": 88,
		"tipo_sanguineo": "A+",
		"cor": "preto"
	},
	{
		"nome": "Cristiane Mirella da Paz",
		"idade": 48,
		"cpf": "895.996.461-18",
		"rg": "25.214.317-6",
		"data_nasc": "21/01/1975",
		"sexo": "Feminino",
		"signo": "Aquário",
		"mae": "Emanuelly Isadora",
		"pai": "Severino Renan da Paz",
		"email": "cristianemirelladapaz@mpeventos.com.br",
		"senha": "arofoPKCCt",
		"cep": "72610-512",
		"endereco": "Quadra Quadra 205 Conjunto 12",
		"numero": 167,
		"bairro": "Recanto das Emas",
		"cidade": "Brasília",
		"estado": "DF",
		"telefone_fixo": "(61) 2807-8311",
		"celular": "(61) 99125-9985",
		"altura": "1,66",
		"peso": 59,
		"tipo_sanguineo": "B+",
		"cor": "azul"
	}
]