[
	{
		"nome": "Ruan Breno Duarte",
		"idade": 61,
		"cpf": "587.741.001-65",
		"rg": "37.704.212-2",
		"data_nasc": "05/01/1962",
		"sexo": "Masculino",
		"signo": "Capricórnio",
		"mae": "Hadassa Ester",
		"pai": "Thomas Luiz Duarte",
		"email": "ruan-duarte85@alwan.com.br",
		"senha": "ixeqYFIZPu",
		"cep": "72316-223",
		"endereco": "Quadra QR 210 Conjunto 22",
		"numero": 969,
		"bairro": "Samambaia Norte (Samambaia)",
		"cidade": "Brasília",
		"estado": "DF",
		"telefone_fixo": "(61) 2600-0416",
		"celular": "(61) 98719-9571",
		"altura": "1,70",
		"peso": 53,
		"tipo_sanguineo": "AB-",
		"cor": "azul"
	},
	{
		"nome": "Sophia Eloá Porto",
		"idade": 22,
		"cpf": "555.699.001-87",
		"rg": "35.188.257-1",
		"data_nasc": "09/01/2001",
		"sexo": "Feminino",
		"signo": "Capricórnio",
		"mae": "Josefa Márcia Joana",
		"pai": "Carlos Eduardo Joaquim Porto",
		"email": "sophia-porto85@grupoprovac.com.br",
		"senha": "PhMWwQJdR9",
		"cep": "73025-068",
		"endereco": "Quadra Quadra 6 Conjunto H",
		"numero": 198,
		"bairro": "Sobradinho",
		"cidade": "Brasília",
		"estado": "DF",
		"telefone_fixo": "(61) 2840-0425",
		"celular": "(61) 99138-8588",
		"altura": "1,83",
		"peso": 90,
		"tipo_sanguineo": "A+",
		"cor": "azul"
	},
	{
		"nome": "Vitor Davi Caldeira",
		"idade": 23,
		"cpf": "977.228.591-60",
		"rg": "17.754.016-3",
		"data_nasc": "19/01/2000",
		"sexo": "Masculino",
		"signo": "Capricórnio",
		"mae": "Silvana Juliana Melissa",
		"pai": "Marcelo Pedro Emanuel Caldeira",
		"email": "vitor_caldeira@sociedadeweb.com.br",
		"senha": "ShZBEzfnXy",
		"cep": "73010-534",
		"endereco": "Quadra Central Setor Hoteleiro Bloco 4",
		"numero": 989,
		"bairro": "Sobradinho",
		"cidade": "Brasília",
		"estado": "DF",
		"telefone_fixo": "(61) 3506-6089",
		"celular": "(61) 99856-6300",
		"altura": "1,90",
		"peso": 100,
		"tipo_sanguineo": "AB-",
		"cor": "laranja"
	},
	{
		"nome": "Tereza Stella Analu Silva",
		"idade": 34,
		"cpf": "590.517.431-81",
		"rg": "29.830.094-1",
		"data_nasc": "21/01/1989",
		"sexo": "Feminino",
		"signo": "Aquário",
		"mae": "Caroline Lúcia Renata",
		"pai": "Ryan Gabriel Caio Silva",
		"email": "tereza_silva@terapeutaholistica.com.br",
		"senha": "cDZM0j9sDW",
		"cep": "70252-020",
		"endereco": "Quadra SQS 206 Bloco B",
		"numero": 607,
		"bairro": "Asa Sul",
		"cidade": "Brasília",
		"estado": "DF",
		"telefone_fixo": "(61) 2523-6927",
		"celular": "(61) 98747-6495",
		"altura": "1,65",
		"peso": 82,
		"tipo_sanguineo": "B-",
		"cor": "laranja"
	},
	{
		"nome": "Fernando Martin Rezende",
		"idade": 70,
		"cpf": "269.652.331-25",
		"rg": "44.697.811-5",
		"data_nasc": "06/02/1953",
		"sexo": "Masculino",
		"signo": "Aquário",
		"mae": "Helena Stella Renata",
		"pai": "Osvaldo Theo André Rezende",
		"email": "fernando-rezende97@hotmai.com",
		"senha": "RqccYatzg9",
		"cep": "72428-014",
		"endereco": "Núcleo Rural Casa Grande Módulo 1 MA - 6",
		"numero": 498,
		"bairro": "Ponte Alta (Gama)",
		"cidade": "Brasília",
		"estado": "DF",
		"telefone_fixo": "(61) 2668-1080",
		"celular": "(61) 98534-1119",
		"altura": "1,60",
		"peso": 77,
		"tipo_sanguineo": "B-",
		"cor": "vermelho"
	},
	{
		"nome": "Breno Igor Joaquim Assis",
		"idade": 30,
		"cpf": "667.654.631-00",
		"rg": "12.104.300-9",
		"data_nasc": "25/01/1993",
		"sexo": "Masculino",
		"signo": "Aquário",
		"mae": "Isabelly Isabel Analu",
		"pai": "Nicolas Lorenzo Assis",
		"email": "brenoigorassis@br.ibn.com",
		"senha": "McGQCTtbXf",
		"cep": "71882-055",
		"endereco": "Quadra QC 2 Conjunto 5",
		"numero": 139,
		"bairro": "Riacho Fundo II",
		"cidade": "Brasília",
		"estado": "DF",
		"telefone_fixo": "(61) 2973-0153",
		"celular": "(61) 98396-0793",
		"altura": "1,85",
		"peso": 96,
		"tipo_sanguineo": "B-",
		"cor": "amarelo"
	},
	{
		"nome": "Vitor Enzo Thales da Cruz",
		"idade": 39,
		"cpf": "548.377.091-92",
		"rg": "18.999.560-9",
		"data_nasc": "07/02/1984",
		"sexo": "Masculino",
		"signo": "Aquário",
		"mae": "Malu Vera",
		"pai": "César Nicolas da Cruz",
		"email": "vitor_dacruz@rcstechnology.com.br",
		"senha": "yNs3HckeoE",
		"cep": "72323-512",
		"endereco": "Quadra QN 415 Conjunto L",
		"numero": 798,
		"bairro": "Samambaia Norte (Samambaia)",
		"cidade": "Brasília",
		"estado": "DF",
		"telefone_fixo": "(61) 3833-1760",
		"celular": "(61) 99205-6047",
		"altura": "1,66",
		"peso": 93,
		"tipo_sanguineo": "A-",
		"cor": "laranja"
	},
	{
		"nome": "Daniel Benício da Cunha",
		"idade": 34,
		"cpf": "275.157.111-59",
		"rg": "46.624.586-5",
		"data_nasc": "21/01/1989",
		"sexo": "Masculino",
		"signo": "Aquário",
		"mae": "Pietra Benedita Luciana",
		"pai": "Marcos Davi da Cunha",
		"email": "daniel_benicio_dacunha@patrilarm.com.br",
		"senha": "kdRXZ305RT",
		"cep": "70364-540",
		"endereco": "Quadra CLS 311 Bloco D",
		"numero": 182,
		"bairro": "Asa Sul",
		"cidade": "Brasília",
		"estado": "DF",
		"telefone_fixo": "(61) 3933-9975",
		"celular": "(61) 98328-7773",
		"altura": "1,98",
		"peso": 52,
		"tipo_sanguineo": "O-",
		"cor": "vermelho"
	},
	{
		"nome": "Isaac Anderson das Neves",
		"idade": 30,
		"cpf": "576.270.861-67",
		"rg": "29.298.245-8",
		"data_nasc": "10/01/1993",
		"sexo": "Masculino",
		"signo": "Capricórnio",
		"mae": "Teresinha Daniela",
		"pai": "Matheus Caio das Neves",
		"email": "isaac_anderson_dasneves@lordello.com.br",
		"senha": "LW7LG7lssa",
		"cep": "71761-295",
		"endereco": "Setor de Chácaras Córrego da Onça Rua B Chácara 5",
		"numero": 948,
		"bairro": "Setor de Chácaras Córrego da Onça (Núcleo Bandeirante)",
		"cidade": "Brasília",
		"estado": "DF",
		"telefone_fixo": "(61) 2843-3390",
		"celular": "(61) 98899-8966",
		"altura": "1,92",
		"peso": 81,
		"tipo_sanguineo": "A+",
		"cor": "azul"
	},
	{
		"nome": "Tatiane Marlene Jesus",
		"idade": 34,
		"cpf": "164.264.911-28",
		"rg": "15.688.338-7",
		"data_nasc": "13/01/1989",
		"sexo": "Feminino",
		"signo": "Capricórnio",
		"mae": "Isabelly Evelyn Lívia",
		"pai": "Tiago José Jesus",
		"email": "tatianemarlenejesus@mirafactoring.com.br",
		"senha": "Iuf4MolhpF",
		"cep": "71070-069",
		"endereco": "Quadra QE 44 Conjunto F 1",
		"numero": 565,
		"bairro": "Guará II",
		"cidade": "Brasília",
		"estado": "DF",
		"telefone_fixo": "(61) 2847-8726",
		"celular": "(61) 98626-4553",
		"altura": "1,52",
		"peso": 72,
		"tipo_sanguineo": "A+",
		"cor": "vermelho"
	},
	{
		"nome": "Luan Leonardo Henrique Mendes",
		"idade": 68,
		"cpf": "441.688.341-23",
		"rg": "41.734.874-5",
		"data_nasc": "13/02/1955",
		"sexo": "Masculino",
		"signo": "Aquário",
		"mae": "Sônia Nair Rafaela",
		"pai": "Kevin Calebe Mendes",
		"email": "luanleonardomendes@indaseg.com.br",
		"senha": "RwG1DlKaKG",
		"cep": "72311-005",
		"endereco": "Quadra QN 327 Conjunto D",
		"numero": 228,
		"bairro": "Samambaia Sul (Samambaia)",
		"cidade": "Brasília",
		"estado": "DF",
		"telefone_fixo": "(61) 3842-3696",
		"celular": "(61) 99668-8696",
		"altura": "1,88",
		"peso": 80,
		"tipo_sanguineo": "B-",
		"cor": "vermelho"
	},
	{
		"nome": "Enzo Pedro Kaique dos Santos",
		"idade": 61,
		"cpf": "517.513.621-67",
		"rg": "18.087.217-5",
		"data_nasc": "19/01/1962",
		"sexo": "Masculino",
		"signo": "Capricórnio",
		"mae": "Rosa Josefa",
		"pai": "Ruan Márcio Tiago dos Santos",
		"email": "enzo_dossantos@randstad.com.br",
		"senha": "EALsePAjuc",
		"cep": "70790-096",
		"endereco": "Quadra SGAN 909 Módulo F",
		"numero": 181,
		"bairro": "Asa Norte",
		"cidade": "Brasília",
		"estado": "DF",
		"telefone_fixo": "(61) 2598-2579",
		"celular": "(61) 98515-1699",
		"altura": "1,99",
		"peso": 88,
		"tipo_sanguineo": "B-",
		"cor": "amarelo"
	},
	{
		"nome": "Miguel Thiago Elias Araújo",
		"idade": 28,
		"cpf": "133.633.891-16",
		"rg": "40.609.700-8",
		"data_nasc": "11/02/1995",
		"sexo": "Masculino",
		"signo": "Aquário",
		"mae": "Bruna Mariane",
		"pai": "Pietro Renato Vitor Araújo",
		"email": "miguelthiagoaraujo@stembalagens.com.br",
		"senha": "RHEd3oT9uK",
		"cep": "72325-542",
		"endereco": "Quadra QN 421 Conjunto B",
		"numero": 589,
		"bairro": "Samambaia Norte (Samambaia)",
		"cidade": "Brasília",
		"estado": "DF",
		"telefone_fixo": "(61) 2986-4262",
		"celular": "(61) 99972-7302",
		"altura": "1,74",
		"peso": 84,
		"tipo_sanguineo": "B+",
		"cor": "verde"
	},
	{
		"nome": "Gabrielly Aparecida Bárbara da Silva",
		"idade": 46,
		"cpf": "877.021.071-38",
		"rg": "28.075.996-4",
		"data_nasc": "18/01/1977",
		"sexo": "Feminino",
		"signo": "Capricórnio",
		"mae": "Rita Valentina",
		"pai": "Cauê Rafael Francisco da Silva",
		"email": "gabrielly_dasilva@prositeweb.com.br",
		"senha": "FEn0yeZDf7",
		"cep": "71931-360",
		"endereco": "Rua Rua 36",
		"numero": 128,
		"bairro": "Sul (Águas Claras)",
		"cidade": "Brasília",
		"estado": "DF",
		"telefone_fixo": "(61) 3723-4155",
		"celular": "(61) 99857-0934",
		"altura": "1,52",
		"peso": 81,
		"tipo_sanguineo": "O-",
		"cor": "vermelho"
	},
	{
		"nome": "Milena Hadassa Emilly Almeida",
		"idade": 51,
		"cpf": "365.717.011-11",
		"rg": "33.582.132-7",
		"data_nasc": "09/02/1972",
		"sexo": "Feminino",
		"signo": "Aquário",
		"mae": "Emily Flávia",
		"pai": "Otávio Benjamin Almeida",
		"email": "milena_almeida@mail.com",
		"senha": "9ZJa3D5bm9",
		"cep": "72315-117",
		"endereco": "Quadra QR 515 Conjunto 17",
		"numero": 687,
		"bairro": "Samambaia Sul (Samambaia)",
		"cidade": "Brasília",
		"estado": "DF",
		"telefone_fixo": "(61) 3708-8877",
		"celular": "(61) 99417-3205",
		"altura": "1,83",
		"peso": 90,
		"tipo_sanguineo": "B+",
		"cor": "vermelho"
	},
	{
		"nome": "Marcos Vinicius Marcelo Lucca Viana",
		"idade": 58,
		"cpf": "219.920.741-27",
		"rg": "15.188.099-2",
		"data_nasc": "27/01/1965",
		"sexo": "Masculino",
		"signo": "Aquário",
		"mae": "Clarice Daiane",
		"pai": "Hugo Carlos Viana",
		"email": "marcos-viana89@salvadorlogistica.com.br",
		"senha": "Zixy4moxsi",
		"cep": "71681-350",
		"endereco": "Quadra 7 Lote D",
		"numero": 900,
		"bairro": "Setor Habitacional Jardim Botânico (Lago Sul)",
		"cidade": "Brasília",
		"estado": "DF",
		"telefone_fixo": "(61) 2893-6861",
		"celular": "(61) 98448-2005",
		"altura": "1,83",
		"peso": 58,
		"tipo_sanguineo": "O+",
		"cor": "azul"
	},
	{
		"nome": "Renan Enzo da Mata",
		"idade": 28,
		"cpf": "278.132.241-59",
		"rg": "40.703.646-5",
		"data_nasc": "14/01/1995",
		"sexo": "Masculino",
		"signo": "Capricórnio",
		"mae": "Helena Emanuelly",
		"pai": "Hugo Gustavo da Mata",
		"email": "renan_damata@megapremiumvip.com",
		"senha": "ElgaOKfI5i",
		"cep": "72601-208",
		"endereco": "Quadra Quadra 106 Conjunto 4-B",
		"numero": 883,
		"bairro": "Recanto das Emas",
		"cidade": "Brasília",
		"estado": "DF",
		"telefone_fixo": "(61) 3607-9500",
		"celular": "(61) 98774-9929",
		"altura": "1,65",
		"peso": 93,
		"tipo_sanguineo": "B+",
		"cor": "amarelo"
	},
	{
		"nome": "Alessandra Luana Louise da Costa",
		"idade": 29,
		"cpf": "056.564.881-01",
		"rg": "46.054.841-4",
		"data_nasc": "10/01/1994",
		"sexo": "Feminino",
		"signo": "Capricórnio",
		"mae": "Gabriela Mariane",
		"pai": "Yuri Raimundo Yago da Costa",
		"email": "alessandra_dacosta@citi.com",
		"senha": "FlUhJCm43m",
		"cep": "73015-301",
		"endereco": "Quadra Quadra 2 Conjunto C-1",
		"numero": 994,
		"bairro": "Sobradinho",
		"cidade": "Brasília",
		"estado": "DF",
		"telefone_fixo": "(61) 2576-0089",
		"celular": "(61) 99393-9982",
		"altura": "1,70",
		"peso": 49,
		"tipo_sanguineo": "O+",
		"cor": "azul"
	},
	{
		"nome": "Nelson Cláudio Kaique Souza",
		"idade": 42,
		"cpf": "616.968.441-00",
		"rg": "34.218.004-6",
		"data_nasc": "13/01/1981",
		"sexo": "Masculino",
		"signo": "Capricórnio",
		"mae": "Esther Sabrina",
		"pai": "César Ruan Souza",
		"email": "nelson-souza86@tuds.com.br",
		"senha": "8TeMwzMKsj",
		"cep": "72006-635",
		"endereco": "Rua Rua 7 Chácara 333",
		"numero": 596,
		"bairro": "Setor Habitacional Vicente Pires",
		"cidade": "Brasília",
		"estado": "DF",
		"telefone_fixo": "(61) 2740-9895",
		"celular": "(61) 99151-8602",
		"altura": "1,99",
		"peso": 52,
		"tipo_sanguineo": "O+",
		"cor": "vermelho"
	},
	{
		"nome": "Aurora Louise Luiza Moreira",
		"idade": 73,
		"cpf": "216.261.221-64",
		"rg": "17.031.767-5",
		"data_nasc": "24/01/1950",
		"sexo": "Feminino",
		"signo": "Aquário",
		"mae": "Aurora Rafaela Emily",
		"pai": "Ruan Matheus Benício Moreira",
		"email": "aurora.louise.moreira@alliancarh.com.br",
		"senha": "pM0sz5uu7K",
		"cep": "70302-918",
		"endereco": "SCS Quadra 2 Bloco C Lote 256/278",
		"numero": 551,
		"bairro": "Asa Sul",
		"cidade": "Brasília",
		"estado": "DF",
		"telefone_fixo": "(61) 2632-5012",
		"celular": "(61) 99996-1664",
		"altura": "1,68",
		"peso": 89,
		"tipo_sanguineo": "AB-",
		"cor": "preto"
	},
	{
		"nome": "Sebastiana Stefany Betina Assunção",
		"idade": 20,
		"cpf": "471.787.571-08",
		"rg": "26.705.829-9",
		"data_nasc": "21/01/2003",
		"sexo": "Feminino",
		"signo": "Aquário",
		"mae": "Rebeca Rebeca Esther",
		"pai": "Igor Fábio Cláudio Assunção",
		"email": "sebastianastefanyassuncao@netsinf.com.br",
		"senha": "QK4BUlYada",
		"cep": "72331-503",
		"endereco": "Quadra QS 601 Conjunto C",
		"numero": 454,
		"bairro": "Samambaia Norte (Samambaia)",
		"cidade": "Brasília",
		"estado": "DF",
		"telefone_fixo": "(61) 3995-0331",
		"celular": "(61) 99292-6807",
		"altura": "1,64",
		"peso": 73,
		"tipo_sanguineo": "B+",
		"cor": "verde"
	},
	{
		"nome": "Bianca Rafaela Baptista",
		"idade": 74,
		"cpf": "775.525.301-54",
		"rg": "27.520.834-5",
		"data_nasc": "16/02/1949",
		"sexo": "Feminino",
		"signo": "Aquário",
		"mae": "Renata Bruna Isadora",
		"pai": "Manoel Mateus Caleb Baptista",
		"email": "bianca.rafaela.baptista@umbernardo.com.br",
		"senha": "QXCdTRuR9y",
		"cep": "72755-343",
		"endereco": "Quadra Quadra 58 Conjunto M",
		"numero": 237,
		"bairro": "Vila São José (Brazlândia)",
		"cidade": "Brasília",
		"estado": "DF",
		"telefone_fixo": "(61) 2599-6256",
		"celular": "(61) 98220-0169",
		"altura": "1,64",
		"peso": 57,
		"tipo_sanguineo": "O-",
		"cor": "vermelho"
	},
	{
		"nome": "Yasmin Maya da Luz",
		"idade": 23,
		"cpf": "018.641.281-94",
		"rg": "31.079.057-8",
		"data_nasc": "16/02/2000",
		"sexo": "Feminino",
		"signo": "Aquário",
		"mae": "Antônia Carla Débora",
		"pai": "Breno Carlos Eduardo da Luz",
		"email": "yasmin.maya.daluz@band.com",
		"senha": "A4krkA9PQb",
		"cep": "72509-403",
		"endereco": "Quadra QR 209 Conjunto C",
		"numero": 738,
		"bairro": "Santa Maria",
		"cidade": "Brasília",
		"estado": "DF",
		"telefone_fixo": "(61) 2865-4253",
		"celular": "(61) 99726-1480",
		"altura": "1,57",
		"peso": 76,
		"tipo_sanguineo": "B-",
		"cor": "laranja"
	},
	{
		"nome": "Eliane Isabella Fernanda Lima",
		"idade": 29,
		"cpf": "390.837.701-33",
		"rg": "19.100.141-7",
		"data_nasc": "14/02/1994",
		"sexo": "Feminino",
		"signo": "Aquário",
		"mae": "Gabriela Luana Laís",
		"pai": "Iago Murilo Eduardo Lima",
		"email": "eliane_isabella_lima@zipmail.com",
		"senha": "DqhNKjm8go",
		"cep": "71625-580",
		"endereco": "Quadra SHIS QI 11 Bloco I",
		"numero": 910,
		"bairro": "Setor de Habitações Individuais Sul",
		"cidade": "Brasília",
		"estado": "DF",
		"telefone_fixo": "(61) 2522-6603",
		"celular": "(61) 98814-7998",
		"altura": "1,70",
		"peso": 66,
		"tipo_sanguineo": "AB-",
		"cor": "vermelho"
	},
	{
		"nome": "Pedro Henrique Anthony Barbosa",
		"idade": 28,
		"cpf": "067.475.731-96",
		"rg": "23.283.427-1",
		"data_nasc": "24/01/1995",
		"sexo": "Masculino",
		"signo": "Aquário",
		"mae": "Laura Gabriela Ayla",
		"pai": "Isaac Pedro Barbosa",
		"email": "pedro.henrique.barbosa@pop.com.br",
		"senha": "KeuJXmHIh1",
		"cep": "70360-755",
		"endereco": "Quadra SHIGS 710 Bloco E",
		"numero": 351,
		"bairro": "Asa Sul",
		"cidade": "Brasília",
		"estado": "DF",
		"telefone_fixo": "(61) 3746-7628",
		"celular": "(61) 98619-7329",
		"altura": "1,79",
		"peso": 97,
		"tipo_sanguineo": "A+",
		"cor": "amarelo"
	},
	{
		"nome": "Sophia Vanessa Marina Lopes",
		"idade": 20,
		"cpf": "833.892.631-01",
		"rg": "25.172.837-7",
		"data_nasc": "13/01/2003",
		"sexo": "Feminino",
		"signo": "Capricórnio",
		"mae": "Maya Esther Stella",
		"pai": "Mateus Enzo Lopes",
		"email": "sophiavanessalopes@isometro.com.br",
		"senha": "gXamatoS9Q",
		"cep": "72314-206",
		"endereco": "Quadra QN 516 Conjunto 6",
		"numero": 310,
		"bairro": "Samambaia Sul (Samambaia)",
		"cidade": "Brasília",
		"estado": "DF",
		"telefone_fixo": "(61) 3877-2780",
		"celular": "(61) 98744-6462",
		"altura": "1,84",
		"peso": 80,
		"tipo_sanguineo": "A+",
		"cor": "amarelo"
	},
	{
		"nome": "Evelyn Luana Milena Nunes",
		"idade": 34,
		"cpf": "988.594.321-89",
		"rg": "40.049.753-0",
		"data_nasc": "09/02/1989",
		"sexo": "Feminino",
		"signo": "Aquário",
		"mae": "Tânia Caroline",
		"pai": "Francisco Nelson Nunes",
		"email": "evelyn.luana.nunes@vcp.com.br",
		"senha": "ZWzdBJNG7u",
		"cep": "70399-900",
		"endereco": "SCS Quadra 1 Bloco H Lote 30",
		"numero": 805,
		"bairro": "Asa Sul",
		"cidade": "Brasília",
		"estado": "DF",
		"telefone_fixo": "(61) 2517-2815",
		"celular": "(61) 98606-7458",
		"altura": "1,84",
		"peso": 55,
		"tipo_sanguineo": "O+",
		"cor": "azul"
	},
	{
		"nome": "Alice Ester Regina Corte Real",
		"idade": 65,
		"cpf": "584.358.561-19",
		"rg": "11.840.876-8",
		"data_nasc": "18/02/1958",
		"sexo": "Feminino",
		"signo": "Aquário",
		"mae": "Patrícia Cristiane",
		"pai": "Guilherme Raul Corte Real",
		"email": "aliceestercortereal@graficajardim.com.br",
		"senha": "x0GjpPi4FA",
		"cep": "72329-009",
		"endereco": "Quadra QR 429 Conjunto 9",
		"numero": 293,
		"bairro": "Samambaia Norte (Samambaia)",
		"cidade": "Brasília",
		"estado": "DF",
		"telefone_fixo": "(61) 3981-6008",
		"celular": "(61) 98305-5953",
		"altura": "1,61",
		"peso": 65,
		"tipo_sanguineo": "O-",
		"cor": "azul"
	},
	{
		"nome": "Raimundo Luís Oliveira",
		"idade": 36,
		"cpf": "740.803.261-49",
		"rg": "47.782.345-2",
		"data_nasc": "24/02/1987",
		"sexo": "Masculino",
		"signo": "Peixes",
		"mae": "Tereza Laís Luiza",
		"pai": "Cauã Ruan Sebastião Oliveira",
		"email": "raimundo_oliveira@yahoo.se",
		"senha": "NI0WhwMnPH",
		"cep": "71720-008",
		"endereco": "Avenida Terceira Avenida Bloco 1240",
		"numero": 808,
		"bairro": "Núcleo Bandeirante",
		"cidade": "Brasília",
		"estado": "DF",
		"telefone_fixo": "(61) 2678-8109",
		"celular": "(61) 98784-7724",
		"altura": "1,99",
		"peso": 64,
		"tipo_sanguineo": "O+",
		"cor": "azul"
	},
	{
		"nome": "Mariane Heloisa Rocha",
		"idade": 66,
		"cpf": "743.183.821-25",
		"rg": "11.554.354-5",
		"data_nasc": "15/01/1957",
		"sexo": "Feminino",
		"signo": "Capricórnio",
		"mae": "Esther Aurora Sophia",
		"pai": "Victor Giovanni Rocha",
		"email": "mariane-rocha77@engemanltda.com.br",
		"senha": "R5GyfjKQ4K",
		"cep": "72610-517",
		"endereco": "Quadra Quadra 205 Conjunto 17",
		"numero": 975,
		"bairro": "Recanto das Emas",
		"cidade": "Brasília",
		"estado": "DF",
		"telefone_fixo": "(61) 2549-8454",
		"celular": "(61) 99801-4484",
		"altura": "1,58",
		"peso": 81,
		"tipo_sanguineo": "O-",
		"cor": "roxo"
	}
]