[
	{
		"nome": "Eduardo Caio Geraldo Dias",
		"idade": 56,
		"cpf": "608.242.271-66",
		"rg": "26.978.759-8",
		"data_nasc": "09/01/1967",
		"sexo": "Masculino",
		"signo": "Capricórnio",
		"mae": "Aparecida Rosângela",
		"pai": "Luís Thiago Dias",
		"email": "eduardocaiodias@antunez.com.br",
		"senha": "OWRcq4z94J",
		"cep": "71691-028",
		"endereco": "Rua 62",
		"numero": 785,
		"bairro": "Centro (São Sebastião)",
		"cidade": "Brasília",
		"estado": "DF",
		"telefone_fixo": "(61) 3865-1736",
		"celular": "(61) 99501-2310",
		"altura": "1,67",
		"peso": 53,
		"tipo_sanguineo": "AB+",
		"cor": "vermelho"
	},
	{
		"nome": "Márcia Marlene Caldeira",
		"idade": 46,
		"cpf": "289.502.081-72",
		"rg": "20.629.990-4",
		"data_nasc": "04/02/1977",
		"sexo": "Feminino",
		"signo": "Aquário",
		"mae": "Mariana Vera Alícia",
		"pai": "Raimundo Felipe Caldeira",
		"email": "marcia_caldeira@gabrielresende.com",
		"senha": "rplIAnCuh0",
		"cep": "72420-178",
		"endereco": "Quadra EQ 17/21 Bloco A",
		"numero": 580,
		"bairro": "Setor Oeste (Gama)",
		"cidade": "Brasília",
		"estado": "DF",
		"telefone_fixo": "(61) 2825-8636",
		"celular": "(61) 98895-6043",
		"altura": "1,82",
		"peso": 76,
		"tipo_sanguineo": "A+",
		"cor": "roxo"
	},
	{
		"nome": "Rayssa Clarice Isis Lopes",
		"idade": 22,
		"cpf": "055.477.951-00",
		"rg": "49.271.174-4",
		"data_nasc": "05/01/2001",
		"sexo": "Feminino",
		"signo": "Capricórnio",
		"mae": "Sophia Lúcia Laura",
		"pai": "Thomas Isaac Cauã Lopes",
		"email": "rayssa_clarice_lopes@siexpress.com.br",
		"senha": "EmAekbUry1",
		"cep": "73330-039",
		"endereco": "Rua Rio Grande do Sul",
		"numero": 969,
		"bairro": "Setor Tradicional (Planaltina)",
		"cidade": "Brasília",
		"estado": "DF",
		"telefone_fixo": "(61) 2601-6127",
		"celular": "(61) 99257-4802",
		"altura": "1,53",
		"peso": 69,
		"tipo_sanguineo": "B-",
		"cor": "laranja"
	},
	{
		"nome": "Manuela Mariana Farias",
		"idade": 78,
		"cpf": "046.253.431-60",
		"rg": "21.645.845-6",
		"data_nasc": "07/01/1945",
		"sexo": "Feminino",
		"signo": "Capricórnio",
		"mae": "Vera Francisca Eduarda",
		"pai": "Alexandre Nicolas Cauã Farias",
		"email": "manuela_mariana_farias@formulaweb.com.br",
		"senha": "fqjuFy0kBH",
		"cep": "72602-412",
		"endereco": "Quadra Quadra 112 Comércio Local s/n",
		"numero": 887,
		"bairro": "Recanto das Emas",
		"cidade": "Brasília",
		"estado": "DF",
		"telefone_fixo": "(61) 2560-5467",
		"celular": "(61) 98796-8908",
		"altura": "1,61",
		"peso": 67,
		"tipo_sanguineo": "O-",
		"cor": "vermelho"
	},
	{
		"nome": "Gael Marcos Marcelo Brito",
		"idade": 69,
		"cpf": "553.004.321-64",
		"rg": "21.846.274-8",
		"data_nasc": "19/01/1954",
		"sexo": "Masculino",
		"signo": "Capricórnio",
		"mae": "Laís Daiane",
		"pai": "Marcelo Enrico Brito",
		"email": "gael.marcos.brito@hotmail.fr",
		"senha": "z27x8M737D",
		"cep": "72631-100",
		"endereco": "Quadra Quadra 405",
		"numero": 619,
		"bairro": "Recanto das Emas",
		"cidade": "Brasília",
		"estado": "DF",
		"telefone_fixo": "(61) 2868-5376",
		"celular": "(61) 99676-0143",
		"altura": "1,90",
		"peso": 92,
		"tipo_sanguineo": "AB-",
		"cor": "azul"
	},
	{
		"nome": "Leonardo Luan José Drumond",
		"idade": 59,
		"cpf": "055.964.431-07",
		"rg": "17.637.350-0",
		"data_nasc": "17/01/1964",
		"sexo": "Masculino",
		"signo": "Capricórnio",
		"mae": "Vanessa Nicole",
		"pai": "Luís Gabriel Drumond",
		"email": "leonardoluandrumond@ramiresmotors.com.br",
		"senha": "rO0YReTFyT",
		"cep": "71995-156",
		"endereco": "Conjunto SHA Conjunto 5 Chácara 19A",
		"numero": 515,
		"bairro": "Setor Habitacional Arniqueira (Águas Claras)",
		"cidade": "Brasília",
		"estado": "DF",
		"telefone_fixo": "(61) 2879-1478",
		"celular": "(61) 98371-3352",
		"altura": "1,94",
		"peso": 61,
		"tipo_sanguineo": "O-",
		"cor": "verde"
	},
	{
		"nome": "Daiane Rita Rodrigues",
		"idade": 61,
		"cpf": "138.762.761-95",
		"rg": "37.915.631-3",
		"data_nasc": "05/01/1962",
		"sexo": "Feminino",
		"signo": "Capricórnio",
		"mae": "Sueli Josefa Lúcia",
		"pai": "Victor Osvaldo Rodrigues",
		"email": "daianeritarodrigues@oerlikon.com",
		"senha": "xUmuRhtepE",
		"cep": "72240-413",
		"endereco": "Quadra QNP 5 Conjunto M",
		"numero": 862,
		"bairro": "Ceilândia Norte (Ceilândia)",
		"cidade": "Brasília",
		"estado": "DF",
		"telefone_fixo": "(61) 2857-8106",
		"celular": "(61) 98915-7634",
		"altura": "1,51",
		"peso": 55,
		"tipo_sanguineo": "O+",
		"cor": "vermelho"
	},
	{
		"nome": "Nathan Yago Porto",
		"idade": 26,
		"cpf": "558.443.671-20",
		"rg": "26.915.151-5",
		"data_nasc": "05/01/1997",
		"sexo": "Masculino",
		"signo": "Capricórnio",
		"mae": "Louise Helena",
		"pai": "Bernardo Jorge Luís Porto",
		"email": "nathan-porto99@amure.com.br",
		"senha": "GBZS0xD8Ja",
		"cep": "70232-010",
		"endereco": "Quadra SQS 202 Bloco A",
		"numero": 974,
		"bairro": "Asa Sul",
		"cidade": "Brasília",
		"estado": "DF",
		"telefone_fixo": "(61) 2884-6418",
		"celular": "(61) 98365-0590",
		"altura": "1,70",
		"peso": 71,
		"tipo_sanguineo": "AB+",
		"cor": "roxo"
	},
	{
		"nome": "Lúcia Emilly Campos",
		"idade": 79,
		"cpf": "597.333.601-80",
		"rg": "45.976.627-2",
		"data_nasc": "07/02/1944",
		"sexo": "Feminino",
		"signo": "Aquário",
		"mae": "Fabiana Malu",
		"pai": "Rafael Benjamin Geraldo Campos",
		"email": "lucia-campos87@michaelpage.com.br",
		"senha": "g1CIoeYq61",
		"cep": "70857-500",
		"endereco": "Quadra CLN 409",
		"numero": 696,
		"bairro": "Asa Norte",
		"cidade": "Brasília",
		"estado": "DF",
		"telefone_fixo": "(61) 2881-2245",
		"celular": "(61) 98306-8538",
		"altura": "1,70",
		"peso": 87,
		"tipo_sanguineo": "A+",
		"cor": "vermelho"
	},
	{
		"nome": "Antonio Nicolas Roberto Lima",
		"idade": 33,
		"cpf": "256.901.771-05",
		"rg": "19.330.297-4",
		"data_nasc": "14/02/1990",
		"sexo": "Masculino",
		"signo": "Aquário",
		"mae": "Heloise Caroline Emily",
		"pai": "Francisco Leonardo Mateus Lima",
		"email": "antonionicolaslima@bakerhughes.com",
		"senha": "c95UUZccKC",
		"cep": "71593-540",
		"endereco": "Quadra 363",
		"numero": 953,
		"bairro": "Del Lago II (Itapoã)",
		"cidade": "Brasília",
		"estado": "DF",
		"telefone_fixo": "(61) 2511-8932",
		"celular": "(61) 98833-5993",
		"altura": "1,88",
		"peso": 61,
		"tipo_sanguineo": "B-",
		"cor": "vermelho"
	},
	{
		"nome": "Carla Rosa Luna Costa",
		"idade": 72,
		"cpf": "857.359.921-98",
		"rg": "12.333.723-9",
		"data_nasc": "10/01/1951",
		"sexo": "Feminino",
		"signo": "Capricórnio",
		"mae": "Sophia Eliane Manuela",
		"pai": "Vitor César Danilo Costa",
		"email": "carlarosacosta@ruilacos.com.br",
		"senha": "SIh4eGJQDM",
		"cep": "72210-311",
		"endereco": "Quadra QNM 30 Módulo K",
		"numero": 103,
		"bairro": "Ceilândia Norte (Ceilândia)",
		"cidade": "Brasília",
		"estado": "DF",
		"telefone_fixo": "(61) 2930-9333",
		"celular": "(61) 99627-5260",
		"altura": "1,61",
		"peso": 86,
		"tipo_sanguineo": "O-",
		"cor": "verde"
	},
	{
		"nome": "Eduarda Raquel da Luz",
		"idade": 51,
		"cpf": "316.010.701-95",
		"rg": "37.867.839-5",
		"data_nasc": "05/01/1972",
		"sexo": "Feminino",
		"signo": "Capricórnio",
		"mae": "Jennifer Cláudia Nair",
		"pai": "Carlos Antonio da Luz",
		"email": "eduarda_daluz@fundasa.com.br",
		"senha": "jQqQ0F5IYg",
		"cep": "70364-510",
		"endereco": "Quadra CLS 311 Bloco A",
		"numero": 439,
		"bairro": "Asa Sul",
		"cidade": "Brasília",
		"estado": "DF",
		"telefone_fixo": "(61) 2637-3375",
		"celular": "(61) 98183-2984",
		"altura": "1,64",
		"peso": 56,
		"tipo_sanguineo": "B+",
		"cor": "amarelo"
	},
	{
		"nome": "Emanuelly Sandra Valentina da Mata",
		"idade": 69,
		"cpf": "246.033.981-07",
		"rg": "27.098.272-3",
		"data_nasc": "01/02/1954",
		"sexo": "Feminino",
		"signo": "Aquário",
		"mae": "Cláudia Raimunda Isadora",
		"pai": "Ricardo Ryan da Mata",
		"email": "emanuellysandradamata@microdoc.com.br",
		"senha": "oegkMZlYWM",
		"cep": "70764-110",
		"endereco": "Quadra SQN 114 Bloco K",
		"numero": 223,
		"bairro": "Asa Norte",
		"cidade": "Brasília",
		"estado": "DF",
		"telefone_fixo": "(61) 2742-7545",
		"celular": "(61) 98740-3967",
		"altura": "1,79",
		"peso": 80,
		"tipo_sanguineo": "O+",
		"cor": "roxo"
	},
	{
		"nome": "Paulo Gustavo Carlos Eduardo da Cunha",
		"idade": 36,
		"cpf": "352.306.791-07",
		"rg": "32.954.372-6",
		"data_nasc": "05/02/1987",
		"sexo": "Masculino",
		"signo": "Aquário",
		"mae": "Emilly Mirella Andreia",
		"pai": "Bernardo Thiago da Cunha",
		"email": "paulo_gustavo_dacunha@greenschool.com.br",
		"senha": "tcc9Mh8UsW",
		"cep": "70070-710",
		"endereco": "Setor SRPN - Autódromo Internacional Nelson Piquet",
		"numero": 871,
		"bairro": "Asa Norte",
		"cidade": "Brasília",
		"estado": "DF",
		"telefone_fixo": "(61) 2676-3900",
		"celular": "(61) 99992-5905",
		"altura": "1,86",
		"peso": 95,
		"tipo_sanguineo": "O-",
		"cor": "preto"
	},
	{
		"nome": "Luzia Camila Flávia Mendes",
		"idade": 72,
		"cpf": "247.823.951-59",
		"rg": "40.599.833-8",
		"data_nasc": "11/01/1951",
		"sexo": "Feminino",
		"signo": "Capricórnio",
		"mae": "Isabelly Stella",
		"pai": "Pedro Henrique Gustavo Mendes",
		"email": "luziacamilamendes@knowconsulting.com.br",
		"senha": "43AmxffkzQ",
		"cep": "70670-523",
		"endereco": "Quadra CLSW 103 Bloco C",
		"numero": 370,
		"bairro": "Setor Sudoeste",
		"cidade": "Brasília",
		"estado": "DF",
		"telefone_fixo": "(61) 2645-4943",
		"celular": "(61) 99737-1048",
		"altura": "1,69",
		"peso": 72,
		"tipo_sanguineo": "B+",
		"cor": "vermelho"
	},
	{
		"nome": "Sara Melissa Betina da Rocha",
		"idade": 77,
		"cpf": "651.617.371-07",
		"rg": "27.280.629-8",
		"data_nasc": "16/02/1946",
		"sexo": "Feminino",
		"signo": "Aquário",
		"mae": "Mariah Nina Ayla",
		"pai": "Carlos Calebe da Rocha",
		"email": "sara_melissa_darocha@yahoo.co.uk",
		"senha": "JkZU1AJI3E",
		"cep": "72735-013",
		"endereco": "Quadra Quadra 35 Conjunto M",
		"numero": 396,
		"bairro": "Vila São José (Brazlândia)",
		"cidade": "Brasília",
		"estado": "DF",
		"telefone_fixo": "(61) 2658-7375",
		"celular": "(61) 98128-5166",
		"altura": "1,65",
		"peso": 88,
		"tipo_sanguineo": "O-",
		"cor": "verde"
	},
	{
		"nome": "Simone Marina Emily Aparício",
		"idade": 51,
		"cpf": "774.812.091-97",
		"rg": "39.972.354-7",
		"data_nasc": "05/02/1972",
		"sexo": "Feminino",
		"signo": "Aquário",
		"mae": "Vera Adriana Benedita",
		"pai": "Sérgio Bento Aparício",
		"email": "simone_marina_aparicio@agen-pegeuot.com.br",
		"senha": "AoETKbazhZ",
		"cep": "73369-114",
		"endereco": "Quadra 11 Conjunto M",
		"numero": 154,
		"bairro": "Arapoanga (Planaltina)",
		"cidade": "Brasília",
		"estado": "DF",
		"telefone_fixo": "(61) 3908-2796",
		"celular": "(61) 99525-8960",
		"altura": "1,69",
		"peso": 49,
		"tipo_sanguineo": "O-",
		"cor": "vermelho"
	},
	{
		"nome": "Giovana Emilly Teixeira",
		"idade": 71,
		"cpf": "063.094.611-68",
		"rg": "12.396.564-0",
		"data_nasc": "16/01/1952",
		"sexo": "Feminino",
		"signo": "Capricórnio",
		"mae": "Sarah Beatriz Carolina",
		"pai": "Carlos Eduardo André Mário Teixeira",
		"email": "giovanaemillyteixeira@gmailo.com",
		"senha": "GrWRREekRJ",
		"cep": "72231-604",
		"endereco": "Quadra QNP 16 Conjunto D",
		"numero": 973,
		"bairro": "Ceilândia Sul (Ceilândia)",
		"cidade": "Brasília",
		"estado": "DF",
		"telefone_fixo": "(61) 2976-1437",
		"celular": "(61) 98276-9227",
		"altura": "1,76",
		"peso": 55,
		"tipo_sanguineo": "O-",
		"cor": "roxo"
	},
	{
		"nome": "Sônia Bruna Tânia Araújo",
		"idade": 69,
		"cpf": "769.976.971-60",
		"rg": "18.123.916-4",
		"data_nasc": "07/02/1954",
		"sexo": "Feminino",
		"signo": "Aquário",
		"mae": "Teresinha Maitê Marcela",
		"pai": "Alexandre Anthony Manoel Araújo",
		"email": "sonia_bruna_araujo@prodam.am.gov.br",
		"senha": "pISeCtT8Yz",
		"cep": "71884-760",
		"endereco": "Quadra QS 23 Conjunto 3",
		"numero": 897,
		"bairro": "Riacho Fundo II",
		"cidade": "Brasília",
		"estado": "DF",
		"telefone_fixo": "(61) 3966-1299",
		"celular": "(61) 99318-4461",
		"altura": "1,56",
		"peso": 50,
		"tipo_sanguineo": "A-",
		"cor": "verde"
	},
	{
		"nome": "Mirella Pietra Cavalcanti",
		"idade": 20,
		"cpf": "584.705.381-95",
		"rg": "43.951.309-1",
		"data_nasc": "24/02/2003",
		"sexo": "Feminino",
		"signo": "Peixes",
		"mae": "Isabel Luana Amanda",
		"pai": "Fábio Leandro Nathan Cavalcanti",
		"email": "mirella.pietra.cavalcanti@argosmineracao.com.br",
		"senha": "It7trEGHa3",
		"cep": "73015-112",
		"endereco": "Quadra Quadra 2 Conjunto A-12",
		"numero": 591,
		"bairro": "Sobradinho",
		"cidade": "Brasília",
		"estado": "DF",
		"telefone_fixo": "(61) 3812-5773",
		"celular": "(61) 99694-0223",
		"altura": "1,82",
		"peso": 66,
		"tipo_sanguineo": "B+",
		"cor": "preto"
	},
	{
		"nome": "Marcos Vinicius Pedro Henrique de Paula",
		"idade": 73,
		"cpf": "263.710.791-07",
		"rg": "30.079.083-1",
		"data_nasc": "20/02/1950",
		"sexo": "Masculino",
		"signo": "Peixes",
		"mae": "Nair Olivia",
		"pai": "Kevin Francisco Nicolas de Paula",
		"email": "marcos_depaula@marcati.com",
		"senha": "cMQc7SWEH9",
		"cep": "71692-116",
		"endereco": "Quadra Quadra 102 Conjunto 6",
		"numero": 170,
		"bairro": "Setor Residencial Oeste (São Sebastião)",
		"cidade": "Brasília",
		"estado": "DF",
		"telefone_fixo": "(61) 3697-9157",
		"celular": "(61) 99310-4552",
		"altura": "1,63",
		"peso": 88,
		"tipo_sanguineo": "AB-",
		"cor": "preto"
	},
	{
		"nome": "Nicolas Arthur Ian da Rosa",
		"idade": 64,
		"cpf": "891.015.131-50",
		"rg": "27.989.858-7",
		"data_nasc": "23/01/1959",
		"sexo": "Masculino",
		"signo": "Aquário",
		"mae": "Marcela Marina",
		"pai": "Pedro Miguel Caio da Rosa",
		"email": "nicolas_darosa@cafefrossard.com",
		"senha": "lYHPYBQckE",
		"cep": "70385-520",
		"endereco": "Quadra CLS 115 Bloco B",
		"numero": 212,
		"bairro": "Asa Sul",
		"cidade": "Brasília",
		"estado": "DF",
		"telefone_fixo": "(61) 2745-4879",
		"celular": "(61) 99490-2546",
		"altura": "2,00",
		"peso": 106,
		"tipo_sanguineo": "B+",
		"cor": "azul"
	},
	{
		"nome": "Agatha Julia Patrícia Martins",
		"idade": 57,
		"cpf": "255.872.681-10",
		"rg": "35.336.343-1",
		"data_nasc": "06/01/1966",
		"sexo": "Feminino",
		"signo": "Capricórnio",
		"mae": "Elisa Fátima",
		"pai": "Eduardo César Martins",
		"email": "agatha_martins@yazigi.com",
		"senha": "12txO2kPts",
		"cep": "71697-307",
		"endereco": "Vila do Boa Rua 1C",
		"numero": 746,
		"bairro": "Vila do Boa (São Sebastião)",
		"cidade": "Brasília",
		"estado": "DF",
		"telefone_fixo": "(61) 3802-9351",
		"celular": "(61) 99868-5192",
		"altura": "1,73",
		"peso": 58,
		"tipo_sanguineo": "B-",
		"cor": "laranja"
	},
	{
		"nome": "Rayssa Andrea Ester Moreira",
		"idade": 61,
		"cpf": "641.692.161-80",
		"rg": "44.477.626-6",
		"data_nasc": "17/01/1962",
		"sexo": "Feminino",
		"signo": "Capricórnio",
		"mae": "Fátima Sebastiana Isabel",
		"pai": "Benedito Jorge Bruno Moreira",
		"email": "rayssa_moreira@kmspublicidade.com.br",
		"senha": "lsqtD3YHsc",
		"cep": "70673-073",
		"endereco": "Quadra CLSW 300B Bloco 1",
		"numero": 743,
		"bairro": "Setor Sudoeste",
		"cidade": "Brasília",
		"estado": "DF",
		"telefone_fixo": "(61) 3861-2492",
		"celular": "(61) 99171-1369",
		"altura": "1,58",
		"peso": 59,
		"tipo_sanguineo": "AB-",
		"cor": "verde"
	},
	{
		"nome": "Helena Brenda Eliane Moura",
		"idade": 57,
		"cpf": "522.723.851-09",
		"rg": "10.312.558-9",
		"data_nasc": "19/02/1966",
		"sexo": "Feminino",
		"signo": "Aquário",
		"mae": "Patrícia Elaine Ester",
		"pai": "Cauê Enzo Moura",
		"email": "helena.brenda.moura@lvnonline.com.be",
		"senha": "UljGkWoX27",
		"cep": "72220-043",
		"endereco": "Quadra QNN 4 Conjunto C",
		"numero": 525,
		"bairro": "Ceilândia Sul (Ceilândia)",
		"cidade": "Brasília",
		"estado": "DF",
		"telefone_fixo": "(61) 2671-5444",
		"celular": "(61) 98903-3774",
		"altura": "1,76",
		"peso": 58,
		"tipo_sanguineo": "A-",
		"cor": "verde"
	},
	{
		"nome": "Henrique Gustavo Nogueira",
		"idade": 63,
		"cpf": "018.516.041-70",
		"rg": "17.785.690-7",
		"data_nasc": "15/01/1960",
		"sexo": "Masculino",
		"signo": "Capricórnio",
		"mae": "Heloise Antonella Tatiane",
		"pai": "Nathan Rodrigo Nogueira",
		"email": "henrique-nogueira70@decorsul.com",
		"senha": "FIWxzhnh91",
		"cep": "72001-445",
		"endereco": "Chácara Chácara 42D",
		"numero": 122,
		"bairro": "Setor Habitacional Samambaia (Vicente Pires)",
		"cidade": "Brasília",
		"estado": "DF",
		"telefone_fixo": "(61) 2677-9174",
		"celular": "(61) 98834-1646",
		"altura": "1,93",
		"peso": 67,
		"tipo_sanguineo": "O+",
		"cor": "azul"
	},
	{
		"nome": "Hugo Caleb Sales",
		"idade": 61,
		"cpf": "171.654.781-40",
		"rg": "46.280.341-7",
		"data_nasc": "20/01/1962",
		"sexo": "Masculino",
		"signo": "Capricórnio",
		"mae": "Rebeca Rosa",
		"pai": "Bruno Roberto Vinicius Sales",
		"email": "hugo_sales@expressoforte.com.br",
		"senha": "kdPZ9OIxby",
		"cep": "72238-384",
		"endereco": "Quadra SHPS Quadra 603 Conjunto 96B",
		"numero": 447,
		"bairro": "Setor Habitacional Pôr do Sol (Ceilândia)",
		"cidade": "Brasília",
		"estado": "DF",
		"telefone_fixo": "(61) 2693-8687",
		"celular": "(61) 99265-6832",
		"altura": "1,83",
		"peso": 95,
		"tipo_sanguineo": "O-",
		"cor": "vermelho"
	},
	{
		"nome": "Bruno Marcelo Bryan da Paz",
		"idade": 31,
		"cpf": "772.768.971-84",
		"rg": "42.498.951-7",
		"data_nasc": "05/01/1992",
		"sexo": "Masculino",
		"signo": "Capricórnio",
		"mae": "Fernanda Sônia Vitória",
		"pai": "Breno Manuel Matheus da Paz",
		"email": "bruno_dapaz@recnev.com.br",
		"senha": "J5he45FAe6",
		"cep": "72002-185",
		"endereco": "Rua Rua 3 Chácara 69",
		"numero": 616,
		"bairro": "Setor Habitacional Samambaia (Vicente Pires)",
		"cidade": "Brasília",
		"estado": "DF",
		"telefone_fixo": "(61) 3841-8356",
		"celular": "(61) 98175-8413",
		"altura": "1,66",
		"peso": 110,
		"tipo_sanguineo": "A+",
		"cor": "laranja"
	},
	{
		"nome": "Enrico Yago Oliveira",
		"idade": 28,
		"cpf": "792.679.831-21",
		"rg": "34.405.236-9",
		"data_nasc": "13/01/1995",
		"sexo": "Masculino",
		"signo": "Capricórnio",
		"mae": "Gabrielly Emanuelly Jéssica",
		"pai": "Carlos Eduardo Fábio Oliveira",
		"email": "enrico-oliveira83@hoatmail.com",
		"senha": "ZDwE8Xgioe",
		"cep": "72621-426",
		"endereco": "Quadra Quadra 307 Área Especial 1",
		"numero": 560,
		"bairro": "Recanto das Emas",
		"cidade": "Brasília",
		"estado": "DF",
		"telefone_fixo": "(61) 3699-6109",
		"celular": "(61) 98978-3458",
		"altura": "1,69",
		"peso": 58,
		"tipo_sanguineo": "O-",
		"cor": "laranja"
	},
	{
		"nome": "Tomás Carlos Oliver Souza",
		"idade": 43,
		"cpf": "921.281.701-76",
		"rg": "21.993.864-7",
		"data_nasc": "25/01/1980",
		"sexo": "Masculino",
		"signo": "Aquário",
		"mae": "Lavínia Carolina Catarina",
		"pai": "Carlos Eduardo Gustavo Bruno Souza",
		"email": "tomas-souza71@redhouse.com.br",
		"senha": "g2yW8gLbIM",
		"cep": "72220-222",
		"endereco": "Quadra QNN 22 Conjunto B",
		"numero": 781,
		"bairro": "Ceilândia Sul (Ceilândia)",
		"cidade": "Brasília",
		"estado": "DF",
		"telefone_fixo": "(61) 3752-3699",
		"celular": "(61) 99327-0612",
		"altura": "1,73",
		"peso": 58,
		"tipo_sanguineo": "AB-",
		"cor": "roxo"
	}
]