[
	{
		"nome": "Lucca Leandro Matheus Rezende",
		"idade": 55,
		"cpf": "917.672.951-62",
		"rg": "45.349.023-2",
		"data_nasc": "02/02/1968",
		"sexo": "Masculino",
		"signo": "Aquário",
		"mae": "Sebastiana Isabella Priscila",
		"pai": "Pietro Tiago Cauã Rezende",
		"email": "lucca_rezende@solviagens.com",
		"senha": "gBtDa4bJRN",
		"cep": "72760-136",
		"endereco": "Quadra Quadra 13C",
		"numero": 999,
		"bairro": "Incra 8 (Brazlândia)",
		"cidade": "Brasília",
		"estado": "DF",
		"telefone_fixo": "(61) 2768-0082",
		"celular": "(61) 98812-1340",
		"altura": "1,98",
		"peso": 104,
		"tipo_sanguineo": "O-",
		"cor": "verde"
	},
	{
		"nome": "Francisco Emanuel Souza",
		"idade": 20,
		"cpf": "146.462.801-75",
		"rg": "31.217.895-5",
		"data_nasc": "05/01/2003",
		"sexo": "Masculino",
		"signo": "Capricórnio",
		"mae": "Silvana Antônia Carla",
		"pai": "Mário Fábio Souza",
		"email": "francisco-souza70@fibria.com.br",
		"senha": "fiWf7eG5ho",
		"cep": "72005-335",
		"endereco": "Chácara EPTG Chácara 65",
		"numero": 422,
		"bairro": "Setor Habitacional Vicente Pires",
		"cidade": "Brasília",
		"estado": "DF",
		"telefone_fixo": "(61) 3981-4006",
		"celular": "(61) 98922-7693",
		"altura": "1,99",
		"peso": 80,
		"tipo_sanguineo": "O+",
		"cor": "verde"
	},
	{
		"nome": "Francisca Marlene Kamilly Teixeira",
		"idade": 22,
		"cpf": "133.070.891-10",
		"rg": "14.776.623-0",
		"data_nasc": "07/01/2001",
		"sexo": "Feminino",
		"signo": "Capricórnio",
		"mae": "Agatha Lívia Sebastiana",
		"pai": "Nathan Murilo Teixeira",
		"email": "franciscamarleneteixeira@kaynak.com.br",
		"senha": "93eoa6h5BO",
		"cep": "70688-420",
		"endereco": "Quadra CRNW 707 Lote G",
		"numero": 608,
		"bairro": "Setor Noroeste",
		"cidade": "Brasília",
		"estado": "DF",
		"telefone_fixo": "(61) 2902-7737",
		"celular": "(61) 99173-7688",
		"altura": "1,76",
		"peso": 78,
		"tipo_sanguineo": "B-",
		"cor": "amarelo"
	},
	{
		"nome": "Marli Tatiane da Mata",
		"idade": 53,
		"cpf": "773.213.871-60",
		"rg": "45.698.319-3",
		"data_nasc": "20/02/1970",
		"sexo": "Feminino",
		"signo": "Peixes",
		"mae": "Gabriela Luana",
		"pai": "Antonio Igor da Mata",
		"email": "marli_tatiane_damata@sygma.com.br",
		"senha": "r4dpItS27Z",
		"cep": "72007-235",
		"endereco": "Rua Rua 10B Chácara 135/2",
		"numero": 723,
		"bairro": "Setor Habitacional Vicente Pires",
		"cidade": "Brasília",
		"estado": "DF",
		"telefone_fixo": "(61) 2503-9009",
		"celular": "(61) 98900-2757",
		"altura": "1,52",
		"peso": 82,
		"tipo_sanguineo": "AB-",
		"cor": "vermelho"
	},
	{
		"nome": "André Ryan Moura",
		"idade": 35,
		"cpf": "809.909.091-82",
		"rg": "50.245.385-0",
		"data_nasc": "03/01/1988",
		"sexo": "Masculino",
		"signo": "Capricórnio",
		"mae": "Beatriz Isabel",
		"pai": "Osvaldo Tiago Moura",
		"email": "andreryanmoura@redealumni.com",
		"senha": "KHq97dbHge",
		"cep": "71065-091",
		"endereco": "Quadra QE 32 Conjunto I",
		"numero": 468,
		"bairro": "Guará II",
		"cidade": "Brasília",
		"estado": "DF",
		"telefone_fixo": "(61) 3601-1360",
		"celular": "(61) 99329-5712",
		"altura": "1,65",
		"peso": 69,
		"tipo_sanguineo": "AB+",
		"cor": "vermelho"
	},
	{
		"nome": "Danilo Breno Duarte",
		"idade": 35,
		"cpf": "599.047.321-40",
		"rg": "41.372.152-8",
		"data_nasc": "06/01/1988",
		"sexo": "Masculino",
		"signo": "Capricórnio",
		"mae": "Alessandra Luzia",
		"pai": "Sebastião Otávio Duarte",
		"email": "danilo-duarte94@agaxtur.com.br",
		"senha": "q3TZmlalDU",
		"cep": "72410-403",
		"endereco": "Quadra Quadra 7 Conjunto C",
		"numero": 344,
		"bairro": "Setor Sul (Gama)",
		"cidade": "Brasília",
		"estado": "DF",
		"telefone_fixo": "(61) 2517-0078",
		"celular": "(61) 99764-6089",
		"altura": "1,66",
		"peso": 65,
		"tipo_sanguineo": "O-",
		"cor": "azul"
	},
	{
		"nome": "Pietro Miguel Nathan Martins",
		"idade": 44,
		"cpf": "871.760.131-28",
		"rg": "23.481.009-9",
		"data_nasc": "25/02/1979",
		"sexo": "Masculino",
		"signo": "Peixes",
		"mae": "Marli Caroline Catarina",
		"pai": "Lorenzo Thomas Martins",
		"email": "pietro.miguel.martins@integrasjc.com.br",
		"senha": "aHppzC2pK0",
		"cep": "71070-502",
		"endereco": "Rua 2",
		"numero": 376,
		"bairro": "Guará II",
		"cidade": "Brasília",
		"estado": "DF",
		"telefone_fixo": "(61) 3657-4927",
		"celular": "(61) 99179-5091",
		"altura": "1,69",
		"peso": 95,
		"tipo_sanguineo": "B-",
		"cor": "amarelo"
	},
	{
		"nome": "Benjamin Paulo Costa",
		"idade": 36,
		"cpf": "121.511.431-12",
		"rg": "36.678.015-3",
		"data_nasc": "24/01/1987",
		"sexo": "Masculino",
		"signo": "Aquário",
		"mae": "Adriana Silvana",
		"pai": "Ruan Caio Costa",
		"email": "benjamin_paulo_costa@nonesiglio.com.br",
		"senha": "ZrkUNzypD0",
		"cep": "72304-107",
		"endereco": "Quadra QN 122 Conjunto 7",
		"numero": 529,
		"bairro": "Samambaia Sul (Samambaia)",
		"cidade": "Brasília",
		"estado": "DF",
		"telefone_fixo": "(61) 3625-4777",
		"celular": "(61) 99594-6820",
		"altura": "1,72",
		"peso": 89,
		"tipo_sanguineo": "O+",
		"cor": "roxo"
	},
	{
		"nome": "Luiz Osvaldo Rodrigues",
		"idade": 26,
		"cpf": "508.741.301-31",
		"rg": "23.007.761-4",
		"data_nasc": "15/01/1997",
		"sexo": "Masculino",
		"signo": "Capricórnio",
		"mae": "Flávia Luiza",
		"pai": "Thales Marcos Thales Rodrigues",
		"email": "luiz-rodrigues77@signainfo.com.br",
		"senha": "RC1F6Sdsmk",
		"cep": "70830-351",
		"endereco": "Quadra SGAN 608 Módulo A",
		"numero": 882,
		"bairro": "Asa Norte",
		"cidade": "Brasília",
		"estado": "DF",
		"telefone_fixo": "(61) 3814-3135",
		"celular": "(61) 99964-8813",
		"altura": "1,76",
		"peso": 99,
		"tipo_sanguineo": "A-",
		"cor": "vermelho"
	},
	{
		"nome": "Ruan Oliver Fernandes",
		"idade": 34,
		"cpf": "144.890.021-22",
		"rg": "45.131.392-6",
		"data_nasc": "16/02/1989",
		"sexo": "Masculino",
		"signo": "Aquário",
		"mae": "Mariane Gabriela Simone",
		"pai": "Ricardo Ricardo Fernandes",
		"email": "ruan_oliver_fernandes@ticem.com.br",
		"senha": "nP3Ru69zl8",
		"cep": "72003-135",
		"endereco": "Rua Rua 10 Chácara 86",
		"numero": 109,
		"bairro": "Vila São José (Vicente Pires)",
		"cidade": "Brasília",
		"estado": "DF",
		"telefone_fixo": "(61) 3856-7405",
		"celular": "(61) 98557-4530",
		"altura": "1,60",
		"peso": 50,
		"tipo_sanguineo": "O-",
		"cor": "amarelo"
	},
	{
		"nome": "Bruna Marcela Galvão",
		"idade": 69,
		"cpf": "962.880.281-00",
		"rg": "10.117.072-5",
		"data_nasc": "02/02/1954",
		"sexo": "Feminino",
		"signo": "Aquário",
		"mae": "Simone Bianca",
		"pai": "Henrique Severino Galvão",
		"email": "brunamarcelagalvao@atiara.com.br",
		"senha": "7tqY8FxQWh",
		"cep": "73065-246",
		"endereco": "Quadra AR 24 Conjunto 3",
		"numero": 858,
		"bairro": "Setor Oeste (Sobradinho II)",
		"cidade": "Brasília",
		"estado": "DF",
		"telefone_fixo": "(61) 3738-8735",
		"celular": "(61) 98245-2397",
		"altura": "1,76",
		"peso": 70,
		"tipo_sanguineo": "AB-",
		"cor": "amarelo"
	},
	{
		"nome": "Heitor Edson Melo",
		"idade": 32,
		"cpf": "483.521.551-64",
		"rg": "38.746.846-8",
		"data_nasc": "04/02/1991",
		"sexo": "Masculino",
		"signo": "Aquário",
		"mae": "Lúcia Larissa Liz",
		"pai": "Luiz Geraldo Leandro Melo",
		"email": "heitor.edson.melo@clinicamedicofacil.com.br",
		"senha": "o9GFjc9FwX",
		"cep": "72250-512",
		"endereco": "Quadra EQNO 3/5 Bloco B",
		"numero": 476,
		"bairro": "Ceilândia Norte (Ceilândia)",
		"cidade": "Brasília",
		"estado": "DF",
		"telefone_fixo": "(61) 2827-7997",
		"celular": "(61) 98677-1883",
		"altura": "1,97",
		"peso": 86,
		"tipo_sanguineo": "AB+",
		"cor": "roxo"
	},
	{
		"nome": "Esther Marlene Renata Santos",
		"idade": 77,
		"cpf": "726.093.431-08",
		"rg": "27.095.733-9",
		"data_nasc": "16/02/1946",
		"sexo": "Feminino",
		"signo": "Aquário",
		"mae": "Alana Rosa Márcia",
		"pai": "Eduardo Nathan Mário Santos",
		"email": "esther_santos@sociedadeweb.com.br",
		"senha": "1Gj7sdxL4G",
		"cep": "72610-112",
		"endereco": "Quadra Quadra 201 Conjunto 12",
		"numero": 199,
		"bairro": "Recanto das Emas",
		"cidade": "Brasília",
		"estado": "DF",
		"telefone_fixo": "(61) 3920-0828",
		"celular": "(61) 98250-9504",
		"altura": "1,65",
		"peso": 65,
		"tipo_sanguineo": "O-",
		"cor": "roxo"
	},
	{
		"nome": "Roberto Nathan Tomás Mendes",
		"idade": 79,
		"cpf": "640.302.851-04",
		"rg": "35.162.924-5",
		"data_nasc": "04/02/1944",
		"sexo": "Masculino",
		"signo": "Aquário",
		"mae": "Carla Juliana Beatriz",
		"pai": "Thales Igor Iago Mendes",
		"email": "roberto_nathan_mendes@land.com.br",
		"senha": "hzaJBPcunZ",
		"cep": "73376-200",
		"endereco": "Condomínio Morada Nobre",
		"numero": 617,
		"bairro": "Portal do Amanhecer (Planaltina)",
		"cidade": "Brasília",
		"estado": "DF",
		"telefone_fixo": "(61) 3503-2722",
		"celular": "(61) 99745-9576",
		"altura": "1,68",
		"peso": 71,
		"tipo_sanguineo": "AB-",
		"cor": "verde"
	},
	{
		"nome": "Joana Liz Elza da Rosa",
		"idade": 36,
		"cpf": "502.704.761-48",
		"rg": "49.661.794-1",
		"data_nasc": "13/02/1987",
		"sexo": "Feminino",
		"signo": "Aquário",
		"mae": "Isabella Antônia Isabelly",
		"pai": "Alexandre Felipe da Rosa",
		"email": "joana.liz.darosa@compuativa.com.br",
		"senha": "U6z6DnxZ5E",
		"cep": "70750-543",
		"endereco": "Quadra SEPN 511 Bloco C",
		"numero": 604,
		"bairro": "Asa Norte",
		"cidade": "Brasília",
		"estado": "DF",
		"telefone_fixo": "(61) 2900-2914",
		"celular": "(61) 99239-8494",
		"altura": "1,84",
		"peso": 76,
		"tipo_sanguineo": "AB+",
		"cor": "laranja"
	},
	{
		"nome": "Luna Daiane Andreia Assunção",
		"idade": 45,
		"cpf": "954.411.581-15",
		"rg": "45.888.318-9",
		"data_nasc": "07/01/1978",
		"sexo": "Feminino",
		"signo": "Capricórnio",
		"mae": "Aline Rafaela",
		"pai": "Daniel Diogo Assunção",
		"email": "luna_assuncao@softcia.com.br",
		"senha": "YaTmg8QohO",
		"cep": "71694-031",
		"endereco": "Rua 21 Conjunto A",
		"numero": 625,
		"bairro": "Residencial do Bosque (São Sebastião)",
		"cidade": "Brasília",
		"estado": "DF",
		"telefone_fixo": "(61) 3865-6561",
		"celular": "(61) 99578-8759",
		"altura": "1,72",
		"peso": 85,
		"tipo_sanguineo": "AB+",
		"cor": "roxo"
	},
	{
		"nome": "Amanda Simone Freitas",
		"idade": 53,
		"cpf": "176.239.871-00",
		"rg": "36.182.034-3",
		"data_nasc": "08/01/1970",
		"sexo": "Feminino",
		"signo": "Capricórnio",
		"mae": "Fátima Aline",
		"pai": "Francisco Henrique Freitas",
		"email": "amandasimonefreitas@eclatt.com.br",
		"senha": "2yKXgzo21g",
		"cep": "72600-306",
		"endereco": "Quadra Quadra 103 Conjunto 5-A",
		"numero": 417,
		"bairro": "Recanto das Emas",
		"cidade": "Brasília",
		"estado": "DF",
		"telefone_fixo": "(61) 2959-3956",
		"celular": "(61) 98452-5647",
		"altura": "1,59",
		"peso": 50,
		"tipo_sanguineo": "AB-",
		"cor": "azul"
	},
	{
		"nome": "Otávio Bryan Vieira",
		"idade": 74,
		"cpf": "307.514.511-42",
		"rg": "35.296.514-9",
		"data_nasc": "01/01/1949",
		"sexo": "Masculino",
		"signo": "Capricórnio",
		"mae": "Mariah Rafaela Cecília",
		"pai": "César Nathan Vieira",
		"email": "otavio_vieira@iedi.com.br",
		"senha": "xPAbnzoS1A",
		"cep": "72415-136",
		"endereco": "Praça 2 Bloco C",
		"numero": 532,
		"bairro": "Setor Sul (Gama)",
		"cidade": "Brasília",
		"estado": "DF",
		"telefone_fixo": "(61) 3721-8505",
		"celular": "(61) 99532-7732",
		"altura": "1,96",
		"peso": 92,
		"tipo_sanguineo": "O+",
		"cor": "preto"
	},
	{
		"nome": "Pedro Henrique Gabriel Luiz Moreira",
		"idade": 31,
		"cpf": "653.956.111-34",
		"rg": "48.327.867-1",
		"data_nasc": "05/02/1992",
		"sexo": "Masculino",
		"signo": "Aquário",
		"mae": "Vanessa Julia",
		"pai": "Roberto Cláudio Moreira",
		"email": "pedro_moreira@polifiltro.com.br",
		"senha": "XWNm0m4PDs",
		"cep": "71551-408",
		"endereco": "Quadra Quadra 4 Conjunto 2",
		"numero": 255,
		"bairro": "Setor Habitacional Taquari (Lago Norte)",
		"cidade": "Brasília",
		"estado": "DF",
		"telefone_fixo": "(61) 2901-5030",
		"celular": "(61) 98782-9773",
		"altura": "1,82",
		"peso": 101,
		"tipo_sanguineo": "AB-",
		"cor": "vermelho"
	},
	{
		"nome": "Sophia Rita Sophia Almeida",
		"idade": 57,
		"cpf": "446.292.841-50",
		"rg": "30.860.256-0",
		"data_nasc": "13/02/1966",
		"sexo": "Feminino",
		"signo": "Aquário",
		"mae": "Jaqueline Louise Sophie",
		"pai": "Luan Luís Almeida",
		"email": "sophia_rita_almeida@tglaw.com.br",
		"senha": "ddjINEytd1",
		"cep": "72318-503",
		"endereco": "Quadra QN 402 Conjunto C",
		"numero": 534,
		"bairro": "Samambaia Norte (Samambaia)",
		"cidade": "Brasília",
		"estado": "DF",
		"telefone_fixo": "(61) 3733-2213",
		"celular": "(61) 98507-7250",
		"altura": "1,59",
		"peso": 70,
		"tipo_sanguineo": "A+",
		"cor": "laranja"
	},
	{
		"nome": "Nair Isabela Almada",
		"idade": 22,
		"cpf": "314.018.391-77",
		"rg": "17.369.396-9",
		"data_nasc": "17/01/2001",
		"sexo": "Feminino",
		"signo": "Capricórnio",
		"mae": "Marina Luana",
		"pai": "Carlos Matheus Carlos Eduardo Almada",
		"email": "nairisabelaalmada@roche.com",
		"senha": "IqSpajt0PQ",
		"cep": "73093-010",
		"endereco": "Rodovia DF-420",
		"numero": 285,
		"bairro": "Setor Habitacional Contagem (Sobradinho)",
		"cidade": "Brasília",
		"estado": "DF",
		"telefone_fixo": "(61) 2864-8441",
		"celular": "(61) 98650-6263",
		"altura": "1,62",
		"peso": 71,
		"tipo_sanguineo": "B-",
		"cor": "vermelho"
	},
	{
		"nome": "Sueli Patrícia da Silva",
		"idade": 75,
		"cpf": "175.821.111-33",
		"rg": "11.781.425-8",
		"data_nasc": "19/01/1948",
		"sexo": "Feminino",
		"signo": "Capricórnio",
		"mae": "Nicole Patrícia",
		"pai": "Ian Gustavo da Silva",
		"email": "sueli_patricia_dasilva@artelazer.com",
		"senha": "aGK78jmhyP",
		"cep": "72610-451",
		"endereco": "Avenida Eucalipto Quadra 204 Conjunto 1",
		"numero": 409,
		"bairro": "Recanto das Emas",
		"cidade": "Brasília",
		"estado": "DF",
		"telefone_fixo": "(61) 2807-3591",
		"celular": "(61) 99527-5047",
		"altura": "1,59",
		"peso": 46,
		"tipo_sanguineo": "B-",
		"cor": "laranja"
	},
	{
		"nome": "Silvana Fernanda Castro",
		"idade": 49,
		"cpf": "862.074.861-02",
		"rg": "13.229.498-9",
		"data_nasc": "16/02/1974",
		"sexo": "Feminino",
		"signo": "Aquário",
		"mae": "Bruna Maitê",
		"pai": "Theo Mário Castro",
		"email": "silvana.fernanda.castro@damataemporionatural.com.br",
		"senha": "EjCeJPff41",
		"cep": "73026-560",
		"endereco": "Quadra Quadra 6 Comércio Local 23",
		"numero": 763,
		"bairro": "Sobradinho",
		"cidade": "Brasília",
		"estado": "DF",
		"telefone_fixo": "(61) 2592-9473",
		"celular": "(61) 98228-5184",
		"altura": "1,79",
		"peso": 66,
		"tipo_sanguineo": "O-",
		"cor": "vermelho"
	},
	{
		"nome": "Danilo Tomás Kauê da Cunha",
		"idade": 22,
		"cpf": "914.259.671-83",
		"rg": "14.535.568-8",
		"data_nasc": "02/01/2001",
		"sexo": "Masculino",
		"signo": "Capricórnio",
		"mae": "Simone Elza",
		"pai": "Nicolas Vitor da Cunha",
		"email": "danilo-dacunha96@eberlin.agr.br",
		"senha": "tUxXbhpLzB",
		"cep": "70680-521",
		"endereco": "Quadra QMSW 5 Lote 4 Bloco D",
		"numero": 651,
		"bairro": "Setor Sudoeste",
		"cidade": "Brasília",
		"estado": "DF",
		"telefone_fixo": "(61) 3809-3400",
		"celular": "(61) 99775-1405",
		"altura": "1,72",
		"peso": 98,
		"tipo_sanguineo": "B+",
		"cor": "vermelho"
	},
	{
		"nome": "Heitor Márcio Kauê Dias",
		"idade": 78,
		"cpf": "245.963.571-02",
		"rg": "45.561.526-3",
		"data_nasc": "23/01/1945",
		"sexo": "Masculino",
		"signo": "Aquário",
		"mae": "Antônia Maya Lavínia",
		"pai": "Luís Geraldo Pedro Dias",
		"email": "heitor-dias99@alcoa.com.br",
		"senha": "KC4u4QhwcX",
		"cep": "71715-044",
		"endereco": "Avenida Segunda Avenida Bloco 1380",
		"numero": 651,
		"bairro": "Núcleo Bandeirante",
		"cidade": "Brasília",
		"estado": "DF",
		"telefone_fixo": "(61) 2700-2819",
		"celular": "(61) 98439-4654",
		"altura": "1,67",
		"peso": 50,
		"tipo_sanguineo": "B+",
		"cor": "vermelho"
	},
	{
		"nome": "Lavínia Nina Gonçalves",
		"idade": 57,
		"cpf": "873.132.271-91",
		"rg": "18.801.540-1",
		"data_nasc": "06/02/1966",
		"sexo": "Feminino",
		"signo": "Aquário",
		"mae": "Ester Olivia",
		"pai": "Murilo Fábio Lucas Gonçalves",
		"email": "lavinianinagoncalves@milimoveis.com.br",
		"senha": "49WraMaRdB",
		"cep": "72130-525",
		"endereco": "Quadra CNH 2",
		"numero": 585,
		"bairro": "Taguatinga Norte (Taguatinga)",
		"cidade": "Brasília",
		"estado": "DF",
		"telefone_fixo": "(61) 3749-8505",
		"celular": "(61) 99164-4607",
		"altura": "1,85",
		"peso": 72,
		"tipo_sanguineo": "O-",
		"cor": "verde"
	},
	{
		"nome": "Francisca Sabrina Alana da Costa",
		"idade": 57,
		"cpf": "870.761.941-39",
		"rg": "30.101.099-7",
		"data_nasc": "08/02/1966",
		"sexo": "Feminino",
		"signo": "Aquário",
		"mae": "Sandra Ana Ester",
		"pai": "Leandro Henry da Costa",
		"email": "franciscasabrinadacosta@dr.com",
		"senha": "5EocazitcI",
		"cep": "72405-310",
		"endereco": "Quadra Quadra 31",
		"numero": 994,
		"bairro": "Setor Central (Gama)",
		"cidade": "Brasília",
		"estado": "DF",
		"telefone_fixo": "(61) 2656-9222",
		"celular": "(61) 99506-0017",
		"altura": "1,85",
		"peso": 69,
		"tipo_sanguineo": "AB-",
		"cor": "vermelho"
	},
	{
		"nome": "Kauê Rafael Carvalho",
		"idade": 38,
		"cpf": "304.960.381-09",
		"rg": "43.246.487-6",
		"data_nasc": "21/01/1985",
		"sexo": "Masculino",
		"signo": "Aquário",
		"mae": "Stefany Stella",
		"pai": "Jorge Anthony Carvalho",
		"email": "kaue_rafael_carvalho@iacit.com.br",
		"senha": "YC9PEAfPXF",
		"cep": "73358-480",
		"endereco": "Quadra Quadra 23 Área Especial 2",
		"numero": 334,
		"bairro": "Setor Residencial Leste (Planaltina)",
		"cidade": "Brasília",
		"estado": "DF",
		"telefone_fixo": "(61) 3831-7243",
		"celular": "(61) 99904-1693",
		"altura": "1,91",
		"peso": 77,
		"tipo_sanguineo": "A-",
		"cor": "roxo"
	},
	{
		"nome": "Ricardo Elias Kaique Moraes",
		"idade": 55,
		"cpf": "267.788.841-69",
		"rg": "40.583.661-2",
		"data_nasc": "23/02/1968",
		"sexo": "Masculino",
		"signo": "Peixes",
		"mae": "Carolina Débora",
		"pai": "Cauê Luís Anderson Moraes",
		"email": "ricardo_moraes@gmapst.com",
		"senha": "g4H6tbwgwg",
		"cep": "72601-407",
		"endereco": "Quadra Quadra 108 Conjunto 5-A",
		"numero": 676,
		"bairro": "Recanto das Emas",
		"cidade": "Brasília",
		"estado": "DF",
		"telefone_fixo": "(61) 3843-4284",
		"celular": "(61) 98759-1021",
		"altura": "1,86",
		"peso": 62,
		"tipo_sanguineo": "B-",
		"cor": "vermelho"
	},
	{
		"nome": "Calebe Gustavo Oliveira",
		"idade": 78,
		"cpf": "959.173.961-32",
		"rg": "27.113.731-9",
		"data_nasc": "24/02/1945",
		"sexo": "Masculino",
		"signo": "Peixes",
		"mae": "Cláudia Yasmin",
		"pai": "Rafael Yuri Oliver Oliveira",
		"email": "calebe_gustavo_oliveira@ciroconsultoria.com.br",
		"senha": "qYFwp6fOJW",
		"cep": "71010-618",
		"endereco": "Quadra QI 6 Bloco A",
		"numero": 671,
		"bairro": "Guará I",
		"cidade": "Brasília",
		"estado": "DF",
		"telefone_fixo": "(61) 2724-8099",
		"celular": "(61) 99982-1947",
		"altura": "1,92",
		"peso": 71,
		"tipo_sanguineo": "O+",
		"cor": "roxo"
	}
]