[
	{
		"nome": "Geraldo Lucas da Conceição",
		"idade": 59,
		"cpf": "566.587.031-59",
		"rg": "43.952.464-7",
		"data_nasc": "23/01/1964",
		"sexo": "Masculino",
		"signo": "Aquário",
		"mae": "Isabelly Betina Antonella",
		"pai": "Breno Calebe da Conceição",
		"email": "geraldo.lucas.daconceicao@hubersuhner.com",
		"senha": "4ALAP1iwU5",
		"cep": "72145-406",
		"endereco": "Quadra QNM 34 Conjunto F",
		"numero": 300,
		"bairro": "Taguatinga Norte (Taguatinga)",
		"cidade": "Brasília",
		"estado": "DF",
		"telefone_fixo": "(61) 2823-2130",
		"celular": "(61) 98830-8010",
		"altura": "1,60",
		"peso": 99,
		"tipo_sanguineo": "AB-",
		"cor": "verde"
	},
	{
		"nome": "André Diego Hugo Jesus",
		"idade": 65,
		"cpf": "614.002.921-07",
		"rg": "40.896.803-5",
		"data_nasc": "09/02/1958",
		"sexo": "Masculino",
		"signo": "Aquário",
		"mae": "Helena Cristiane",
		"pai": "Calebe Filipe Ricardo Jesus",
		"email": "andre_diego_jesus@grupoaguaviva.com.br",
		"senha": "KRFgg7AKdW",
		"cep": "70070-600",
		"endereco": "Setor SAFS Quadra",
		"numero": 236,
		"bairro": "Zona Cívico-Administrativa",
		"cidade": "Brasília",
		"estado": "DF",
		"telefone_fixo": "(61) 2941-7112",
		"celular": "(61) 98858-3543",
		"altura": "1,75",
		"peso": 54,
		"tipo_sanguineo": "AB+",
		"cor": "preto"
	},
	{
		"nome": "Tomás Marcos Vinicius Isaac Cardoso",
		"idade": 64,
		"cpf": "813.958.741-90",
		"rg": "32.555.615-5",
		"data_nasc": "01/01/1959",
		"sexo": "Masculino",
		"signo": "Capricórnio",
		"mae": "Beatriz Joana",
		"pai": "Heitor Bruno Cardoso",
		"email": "tomas_marcos_cardoso@reginfo.com.br",
		"senha": "fZiEDpiGOG",
		"cep": "72444-145",
		"endereco": "Colônia Agrícola Córrego do Crispim Chácara 43",
		"numero": 379,
		"bairro": "Setor Leste (Gama)",
		"cidade": "Brasília",
		"estado": "DF",
		"telefone_fixo": "(61) 2661-4178",
		"celular": "(61) 99235-7602",
		"altura": "1,85",
		"peso": 76,
		"tipo_sanguineo": "B+",
		"cor": "vermelho"
	},
	{
		"nome": "Mário Matheus Gonçalves",
		"idade": 73,
		"cpf": "111.925.161-33",
		"rg": "11.898.557-7",
		"data_nasc": "17/01/1950",
		"sexo": "Masculino",
		"signo": "Capricórnio",
		"mae": "Mirella Fernanda Aurora",
		"pai": "Juan Marcelo Iago Gonçalves",
		"email": "mario_goncalves@casabellavidros.com.br",
		"senha": "yOfdXXFQxm",
		"cep": "72508-208",
		"endereco": "Quadra CL 108 Bloco H",
		"numero": 802,
		"bairro": "Santa Maria",
		"cidade": "Brasília",
		"estado": "DF",
		"telefone_fixo": "(61) 2687-2575",
		"celular": "(61) 98329-3664",
		"altura": "1,61",
		"peso": 86,
		"tipo_sanguineo": "O-",
		"cor": "laranja"
	},
	{
		"nome": "Marli Luiza Figueiredo",
		"idade": 22,
		"cpf": "508.826.081-42",
		"rg": "36.379.204-1",
		"data_nasc": "10/01/2001",
		"sexo": "Feminino",
		"signo": "Capricórnio",
		"mae": "Mariah Carolina",
		"pai": "Cauã Antonio Francisco Figueiredo",
		"email": "marli_figueiredo@novaequipem.com.br",
		"senha": "FMI5D7Xell",
		"cep": "72426-070",
		"endereco": "Avenida São Francisco",
		"numero": 922,
		"bairro": "Ponte Alta (Gama)",
		"cidade": "Brasília",
		"estado": "DF",
		"telefone_fixo": "(61) 2983-5255",
		"celular": "(61) 98607-6021",
		"altura": "1,70",
		"peso": 88,
		"tipo_sanguineo": "B+",
		"cor": "laranja"
	},
	{
		"nome": "Lorenzo Rodrigo Barros",
		"idade": 24,
		"cpf": "894.884.821-68",
		"rg": "42.950.254-0",
		"data_nasc": "01/02/1999",
		"sexo": "Masculino",
		"signo": "Aquário",
		"mae": "Clara Melissa Elisa",
		"pai": "Igor Renan Roberto Barros",
		"email": "lorenzo_rodrigo_barros@pisbrasil.com.br",
		"senha": "KLYdosGouy",
		"cep": "73015-602",
		"endereco": "Quadra Quadra 2 Conjunto E-2",
		"numero": 655,
		"bairro": "Sobradinho",
		"cidade": "Brasília",
		"estado": "DF",
		"telefone_fixo": "(61) 3538-9407",
		"celular": "(61) 98857-0931",
		"altura": "2,00",
		"peso": 95,
		"tipo_sanguineo": "A-",
		"cor": "verde"
	},
	{
		"nome": "Caio Theo da Paz",
		"idade": 72,
		"cpf": "266.764.701-79",
		"rg": "37.935.578-4",
		"data_nasc": "04/01/1951",
		"sexo": "Masculino",
		"signo": "Capricórnio",
		"mae": "Fernanda Lara Sebastiana",
		"pai": "Miguel Iago da Paz",
		"email": "caio.theo.dapaz@marcofaria.com",
		"senha": "d93kDCIhR3",
		"cep": "71715-011",
		"endereco": "Avenida Segunda Avenida Bloco 600",
		"numero": 587,
		"bairro": "Núcleo Bandeirante",
		"cidade": "Brasília",
		"estado": "DF",
		"telefone_fixo": "(61) 2942-4578",
		"celular": "(61) 99548-0903",
		"altura": "1,61",
		"peso": 93,
		"tipo_sanguineo": "A+",
		"cor": "roxo"
	},
	{
		"nome": "Rayssa Tatiane Peixoto",
		"idade": 31,
		"cpf": "765.911.141-81",
		"rg": "42.345.041-4",
		"data_nasc": "18/02/1992",
		"sexo": "Feminino",
		"signo": "Aquário",
		"mae": "Rebeca Silvana Allana",
		"pai": "Vinicius Yuri Pietro Peixoto",
		"email": "rayssa_peixoto@orteca.com.br",
		"senha": "cGHCH71nEX",
		"cep": "71994-185",
		"endereco": "Conjunto SHA Conjunto 4 Chácara 50",
		"numero": 992,
		"bairro": "Setor Habitacional Arniqueira (Águas Claras)",
		"cidade": "Brasília",
		"estado": "DF",
		"telefone_fixo": "(61) 3739-1011",
		"celular": "(61) 98278-7627",
		"altura": "1,58",
		"peso": 67,
		"tipo_sanguineo": "O+",
		"cor": "roxo"
	},
	{
		"nome": "Eduarda Pietra Renata Melo",
		"idade": 29,
		"cpf": "123.290.541-06",
		"rg": "26.372.343-4",
		"data_nasc": "08/01/1994",
		"sexo": "Feminino",
		"signo": "Capricórnio",
		"mae": "Emily Natália Camila",
		"pai": "Nicolas Caleb Melo",
		"email": "eduarda_pietra_melo@dpi.ig.br",
		"senha": "SSnx6yOLkL",
		"cep": "72320-400",
		"endereco": "Quadra QR 420",
		"numero": 729,
		"bairro": "Samambaia Norte (Samambaia)",
		"cidade": "Brasília",
		"estado": "DF",
		"telefone_fixo": "(61) 3975-3874",
		"celular": "(61) 98947-6667",
		"altura": "1,59",
		"peso": 86,
		"tipo_sanguineo": "A+",
		"cor": "vermelho"
	},
	{
		"nome": "Letícia Maitê Renata Almada",
		"idade": 36,
		"cpf": "170.740.621-97",
		"rg": "11.321.300-1",
		"data_nasc": "10/02/1987",
		"sexo": "Feminino",
		"signo": "Aquário",
		"mae": "Fátima Cecília",
		"pai": "Cauã Lorenzo Almada",
		"email": "leticia.maite.almada@desari.com.br",
		"senha": "umRcjcCSn4",
		"cep": "70710-149",
		"endereco": "Quadra SMHN Quadra 2 Bloco C",
		"numero": 369,
		"bairro": "Asa Norte",
		"cidade": "Brasília",
		"estado": "DF",
		"telefone_fixo": "(61) 2737-2294",
		"celular": "(61) 98441-9877",
		"altura": "1,51",
		"peso": 48,
		"tipo_sanguineo": "O-",
		"cor": "amarelo"
	},
	{
		"nome": "Natália Fabiana Isabel Lopes",
		"idade": 75,
		"cpf": "087.958.661-32",
		"rg": "29.502.288-7",
		"data_nasc": "14/02/1948",
		"sexo": "Feminino",
		"signo": "Aquário",
		"mae": "Allana Elisa",
		"pai": "César Pietro Lopes",
		"email": "natalia-lopes86@megamega.com.br",
		"senha": "ctd3j1mTKc",
		"cep": "72001-889",
		"endereco": "Chácara Chácara 146",
		"numero": 653,
		"bairro": "Setor Habitacional Samambaia (Vicente Pires)",
		"cidade": "Brasília",
		"estado": "DF",
		"telefone_fixo": "(61) 2766-4752",
		"celular": "(61) 99497-3329",
		"altura": "1,64",
		"peso": 82,
		"tipo_sanguineo": "B-",
		"cor": "verde"
	},
	{
		"nome": "Anthony Geraldo Teixeira",
		"idade": 25,
		"cpf": "809.067.731-21",
		"rg": "39.928.270-1",
		"data_nasc": "09/01/1998",
		"sexo": "Masculino",
		"signo": "Capricórnio",
		"mae": "Cristiane Silvana",
		"pai": "Theo Fábio Teixeira",
		"email": "anthonygeraldoteixeira@icloud.com",
		"senha": "PFEaCD2xSR",
		"cep": "72220-551",
		"endereco": "Quadra EQNN 18/20 Bloco A",
		"numero": 502,
		"bairro": "Ceilândia Sul (Ceilândia)",
		"cidade": "Brasília",
		"estado": "DF",
		"telefone_fixo": "(61) 2823-3353",
		"celular": "(61) 98677-6844",
		"altura": "1,92",
		"peso": 82,
		"tipo_sanguineo": "A+",
		"cor": "amarelo"
	},
	{
		"nome": "Rayssa Nair Galvão",
		"idade": 69,
		"cpf": "756.714.731-95",
		"rg": "33.196.984-1",
		"data_nasc": "21/02/1954",
		"sexo": "Feminino",
		"signo": "Peixes",
		"mae": "Ana Benedita",
		"pai": "Rafael Luan Leonardo Galvão",
		"email": "rayssa_galvao@kframe.com.br",
		"senha": "zoZM8CSHE7",
		"cep": "72010-000",
		"endereco": "Praça do Relógio",
		"numero": 831,
		"bairro": "Taguatinga Centro (Taguatinga)",
		"cidade": "Brasília",
		"estado": "DF",
		"telefone_fixo": "(61) 3908-4763",
		"celular": "(61) 99912-2315",
		"altura": "1,73",
		"peso": 78,
		"tipo_sanguineo": "AB-",
		"cor": "roxo"
	},
	{
		"nome": "Heloisa Clarice Sebastiana Brito",
		"idade": 80,
		"cpf": "171.680.241-59",
		"rg": "37.293.476-6",
		"data_nasc": "08/01/1943",
		"sexo": "Feminino",
		"signo": "Capricórnio",
		"mae": "Emanuelly Yasmin Daniela",
		"pai": "Osvaldo Gustavo Henrique Brito",
		"email": "heloisa_brito@procivil.com.br",
		"senha": "nl2iEkXini",
		"cep": "72215-332",
		"endereco": "Quadra QNM 33 Área Especial B",
		"numero": 341,
		"bairro": "Ceilândia Sul (Ceilândia)",
		"cidade": "Brasília",
		"estado": "DF",
		"telefone_fixo": "(61) 3611-4307",
		"celular": "(61) 99701-5517",
		"altura": "1,73",
		"peso": 66,
		"tipo_sanguineo": "O-",
		"cor": "vermelho"
	},
	{
		"nome": "Olivia Clara Monteiro",
		"idade": 79,
		"cpf": "299.380.651-39",
		"rg": "45.610.163-9",
		"data_nasc": "01/01/1944",
		"sexo": "Feminino",
		"signo": "Capricórnio",
		"mae": "Stefany Emily Joana",
		"pai": "Victor José Monteiro",
		"email": "olivia-monteiro98@yahoo.com .br",
		"senha": "OrnRwQkItb",
		"cep": "72240-405",
		"endereco": "Quadra QNP 5 Conjunto E",
		"numero": 933,
		"bairro": "Ceilândia Norte (Ceilândia)",
		"cidade": "Brasília",
		"estado": "DF",
		"telefone_fixo": "(61) 2715-9023",
		"celular": "(61) 99904-4702",
		"altura": "1,51",
		"peso": 61,
		"tipo_sanguineo": "O-",
		"cor": "vermelho"
	},
	{
		"nome": "Leonardo Pietro Geraldo Viana",
		"idade": 24,
		"cpf": "864.277.111-99",
		"rg": "25.131.095-4",
		"data_nasc": "13/02/1999",
		"sexo": "Masculino",
		"signo": "Aquário",
		"mae": "Antonella Liz Ayla",
		"pai": "Caleb Hugo Marcos Viana",
		"email": "leonardo_pietro_viana@evolink.com.br",
		"senha": "7Rk1i0QQrq",
		"cep": "71693-038",
		"endereco": "Quadra 37",
		"numero": 386,
		"bairro": "Vila São José (São Sebastião)",
		"cidade": "Brasília",
		"estado": "DF",
		"telefone_fixo": "(61) 3703-5002",
		"celular": "(61) 99106-2596",
		"altura": "1,60",
		"peso": 53,
		"tipo_sanguineo": "O-",
		"cor": "verde"
	},
	{
		"nome": "Henrique Vinicius Tiago da Mota",
		"idade": 66,
		"cpf": "997.815.191-50",
		"rg": "28.775.423-6",
		"data_nasc": "02/01/1957",
		"sexo": "Masculino",
		"signo": "Capricórnio",
		"mae": "Brenda Andreia",
		"pai": "Diego Gael Bernardo da Mota",
		"email": "henrique.vinicius.damota@edpbr.com.br",
		"senha": "9kdeoDi2Na",
		"cep": "72315-308",
		"endereco": "Quadra QR 519 Conjunto 8",
		"numero": 814,
		"bairro": "Samambaia Sul (Samambaia)",
		"cidade": "Brasília",
		"estado": "DF",
		"telefone_fixo": "(61) 3973-7740",
		"celular": "(61) 99347-3494",
		"altura": "1,91",
		"peso": 69,
		"tipo_sanguineo": "AB+",
		"cor": "vermelho"
	},
	{
		"nome": "Louise Letícia Cecília Fogaça",
		"idade": 32,
		"cpf": "605.335.001-09",
		"rg": "44.036.593-4",
		"data_nasc": "03/02/1991",
		"sexo": "Feminino",
		"signo": "Aquário",
		"mae": "Luana Fernanda",
		"pai": "Manuel Diego Henrique Fogaça",
		"email": "louise.leticia.fogaca@maissaude.adm.br",
		"senha": "kyRirIcWlN",
		"cep": "70790-110",
		"endereco": "Quadra SGAN 911",
		"numero": 289,
		"bairro": "Asa Norte",
		"cidade": "Brasília",
		"estado": "DF",
		"telefone_fixo": "(61) 2686-9151",
		"celular": "(61) 99601-7050",
		"altura": "1,74",
		"peso": 49,
		"tipo_sanguineo": "B-",
		"cor": "laranja"
	},
	{
		"nome": "Guilherme Anthony Aragão",
		"idade": 37,
		"cpf": "216.651.371-93",
		"rg": "50.143.125-1",
		"data_nasc": "11/01/1986",
		"sexo": "Masculino",
		"signo": "Capricórnio",
		"mae": "Isabelle Isabella",
		"pai": "Enzo Daniel Aragão",
		"email": "guilherme-aragao86@globo.com",
		"senha": "iA05T77Ws1",
		"cep": "73330-021",
		"endereco": "Avenida Marechal Deodoro",
		"numero": 844,
		"bairro": "Setor Tradicional (Planaltina)",
		"cidade": "Brasília",
		"estado": "DF",
		"telefone_fixo": "(61) 3866-3473",
		"celular": "(61) 98575-9984",
		"altura": "1,77",
		"peso": 52,
		"tipo_sanguineo": "B+",
		"cor": "vermelho"
	},
	{
		"nome": "Guilherme Yago Anthony Farias",
		"idade": 36,
		"cpf": "987.258.411-73",
		"rg": "16.774.800-2",
		"data_nasc": "22/02/1987",
		"sexo": "Masculino",
		"signo": "Peixes",
		"mae": "Jéssica Patrícia",
		"pai": "Yago Enrico Oliver Farias",
		"email": "guilherme.yago.farias@atualecomex.com.br",
		"senha": "NtT3Oamy3s",
		"cep": "71020-162",
		"endereco": "Quadra QI 3 Bloco P",
		"numero": 433,
		"bairro": "Guará I",
		"cidade": "Brasília",
		"estado": "DF",
		"telefone_fixo": "(61) 2666-6889",
		"celular": "(61) 98415-0501",
		"altura": "1,96",
		"peso": 52,
		"tipo_sanguineo": "O-",
		"cor": "laranja"
	},
	{
		"nome": "Luan Otávio Tiago Assunção",
		"idade": 68,
		"cpf": "274.847.681-62",
		"rg": "22.463.586-4",
		"data_nasc": "19/02/1955",
		"sexo": "Masculino",
		"signo": "Aquário",
		"mae": "Jennifer Elaine Aline",
		"pai": "Nathan Miguel Elias Assunção",
		"email": "luan-assuncao88@hotmailo.com",
		"senha": "AQQIQXOOuT",
		"cep": "73358-810",
		"endereco": "Quadra Quadra 28 Conjunto B",
		"numero": 244,
		"bairro": "Setor Residencial Leste (Planaltina)",
		"cidade": "Brasília",
		"estado": "DF",
		"telefone_fixo": "(61) 3909-4569",
		"celular": "(61) 98494-8718",
		"altura": "1,62",
		"peso": 64,
		"tipo_sanguineo": "AB-",
		"cor": "azul"
	},
	{
		"nome": "Ian Guilherme Manoel Pires",
		"idade": 43,
		"cpf": "995.358.771-00",
		"rg": "17.556.692-6",
		"data_nasc": "06/01/1980",
		"sexo": "Masculino",
		"signo": "Capricórnio",
		"mae": "Nair Silvana",
		"pai": "Benjamin Edson Pires",
		"email": "ian_pires@tglaw.com.br",
		"senha": "nlSTRY4lWF",
		"cep": "70766-030",
		"endereco": "Quadra SQN 313 Bloco C",
		"numero": 453,
		"bairro": "Asa Norte",
		"cidade": "Brasília",
		"estado": "DF",
		"telefone_fixo": "(61) 3715-7022",
		"celular": "(61) 98736-1812",
		"altura": "1,64",
		"peso": 97,
		"tipo_sanguineo": "A-",
		"cor": "amarelo"
	},
	{
		"nome": "Lívia Marina Ferreira",
		"idade": 62,
		"cpf": "168.717.141-62",
		"rg": "31.071.263-4",
		"data_nasc": "19/01/1961",
		"sexo": "Feminino",
		"signo": "Capricórnio",
		"mae": "Agatha Eliane Lívia",
		"pai": "Bernardo Samuel Ferreira",
		"email": "livia_ferreira@portoweb.com.br",
		"senha": "3nMtLFgBqk",
		"cep": "72156-101",
		"endereco": "Quadra QNL 10 Conjunto A",
		"numero": 885,
		"bairro": "Taguatinga Norte (Taguatinga)",
		"cidade": "Brasília",
		"estado": "DF",
		"telefone_fixo": "(61) 3985-7319",
		"celular": "(61) 99797-2357",
		"altura": "1,64",
		"peso": 60,
		"tipo_sanguineo": "B+",
		"cor": "vermelho"
	},
	{
		"nome": "Noah Marcos Vinicius da Costa",
		"idade": 61,
		"cpf": "762.533.221-76",
		"rg": "31.542.682-2",
		"data_nasc": "25/01/1962",
		"sexo": "Masculino",
		"signo": "Aquário",
		"mae": "Alessandra Renata",
		"pai": "Levi Felipe da Costa",
		"email": "noah.marcos.dacosta@com.br",
		"senha": "JJW0z7f7sD",
		"cep": "71520-090",
		"endereco": "Quadra SHIN QI 6 Conjunto 9",
		"numero": 149,
		"bairro": "Setor de Habitações Individuais Norte",
		"cidade": "Brasília",
		"estado": "DF",
		"telefone_fixo": "(61) 2816-0313",
		"celular": "(61) 99802-8079",
		"altura": "1,82",
		"peso": 70,
		"tipo_sanguineo": "A+",
		"cor": "preto"
	},
	{
		"nome": "Fernanda Sueli Marlene Baptista",
		"idade": 43,
		"cpf": "250.255.531-05",
		"rg": "40.604.362-0",
		"data_nasc": "14/02/1980",
		"sexo": "Feminino",
		"signo": "Aquário",
		"mae": "Isabelly Isabelle",
		"pai": "Victor André Mário Baptista",
		"email": "fernandasuelibaptista@gmapst.com",
		"senha": "jA6wWO6TCq",
		"cep": "73366-372",
		"endereco": "Conjunto Conjunto D",
		"numero": 892,
		"bairro": "Portal do Amanhecer V (Planaltina)",
		"cidade": "Brasília",
		"estado": "DF",
		"telefone_fixo": "(61) 3827-1949",
		"celular": "(61) 98713-9204",
		"altura": "1,53",
		"peso": 53,
		"tipo_sanguineo": "AB-",
		"cor": "verde"
	},
	{
		"nome": "Luiz Benjamin da Cunha",
		"idade": 41,
		"cpf": "330.663.781-52",
		"rg": "16.252.051-7",
		"data_nasc": "22/02/1982",
		"sexo": "Masculino",
		"signo": "Peixes",
		"mae": "Alice Jéssica Vanessa",
		"pai": "Yago Cláudio da Cunha",
		"email": "luiz_benjamin_dacunha@caferibeiro.com.br",
		"senha": "wPu6kqI5C6",
		"cep": "70640-640",
		"endereco": "Área SRES Área Especial Bloco D",
		"numero": 328,
		"bairro": "Cruzeiro Velho",
		"cidade": "Brasília",
		"estado": "DF",
		"telefone_fixo": "(61) 3895-8838",
		"celular": "(61) 98395-4739",
		"altura": "1,76",
		"peso": 95,
		"tipo_sanguineo": "B+",
		"cor": "vermelho"
	},
	{
		"nome": "Samuel Pedro Roberto Moreira",
		"idade": 50,
		"cpf": "798.027.901-84",
		"rg": "28.524.053-5",
		"data_nasc": "20/01/1973",
		"sexo": "Masculino",
		"signo": "Capricórnio",
		"mae": "Caroline Evelyn Benedita",
		"pai": "Marcelo Roberto Paulo Moreira",
		"email": "samuel_pedro_moreira@uel.br",
		"senha": "qqZi4huggf",
		"cep": "71596-171",
		"endereco": "Quadra 1 Conjunto G",
		"numero": 915,
		"bairro": "Fazendinha (Itapoã)",
		"cidade": "Brasília",
		"estado": "DF",
		"telefone_fixo": "(61) 2952-3587",
		"celular": "(61) 98402-5483",
		"altura": "1,64",
		"peso": 101,
		"tipo_sanguineo": "A+",
		"cor": "verde"
	},
	{
		"nome": "Marcelo Gabriel Mendes",
		"idade": 75,
		"cpf": "273.845.441-06",
		"rg": "32.684.569-0",
		"data_nasc": "06/01/1948",
		"sexo": "Masculino",
		"signo": "Capricórnio",
		"mae": "Nina Nair Nina",
		"pai": "Marcos Nelson Mendes",
		"email": "marcelo-mendes78@caporal.biz",
		"senha": "Y9JJ6yNxJN",
		"cep": "72251-702",
		"endereco": "Quadra QNO 7 Conjunto B",
		"numero": 387,
		"bairro": "Ceilândia Norte (Ceilândia)",
		"cidade": "Brasília",
		"estado": "DF",
		"telefone_fixo": "(61) 3980-0840",
		"celular": "(61) 99180-7686",
		"altura": "1,90",
		"peso": 68,
		"tipo_sanguineo": "A+",
		"cor": "verde"
	},
	{
		"nome": "Calebe Pedro Henrique Araújo",
		"idade": 39,
		"cpf": "272.356.251-47",
		"rg": "21.932.065-2",
		"data_nasc": "18/01/1984",
		"sexo": "Masculino",
		"signo": "Capricórnio",
		"mae": "Brenda Isadora",
		"pai": "Marcos Anthony Araújo",
		"email": "calebe_araujo@terra.com.br",
		"senha": "ha76sr1iW9",
		"cep": "72755-206",
		"endereco": "Quadra Quadra 57 Conjunto B",
		"numero": 501,
		"bairro": "Vila São José (Brazlândia)",
		"cidade": "Brasília",
		"estado": "DF",
		"telefone_fixo": "(61) 3596-8196",
		"celular": "(61) 98817-1244",
		"altura": "1,71",
		"peso": 68,
		"tipo_sanguineo": "AB+",
		"cor": "verde"
	},
	{
		"nome": "João Ricardo Fernando da Rosa",
		"idade": 44,
		"cpf": "297.558.011-89",
		"rg": "11.373.421-9",
		"data_nasc": "06/01/1979",
		"sexo": "Masculino",
		"signo": "Capricórnio",
		"mae": "Analu Jennifer",
		"pai": "Lucas Vitor da Rosa",
		"email": "joaoricardodarosa@live.com.br",
		"senha": "ixhLZGYBi1",
		"cep": "71258-205",
		"endereco": "Quadra Quadra 3 Conjunto 1",
		"numero": 221,
		"bairro": "Setor Norte (Vila Estrutural - Guará)",
		"cidade": "Brasília",
		"estado": "DF",
		"telefone_fixo": "(61) 3873-0797",
		"celular": "(61) 99784-5644",
		"altura": "1,65",
		"peso": 60,
		"tipo_sanguineo": "A+",
		"cor": "laranja"
	}
]