[
	{
		"nome": "Manuela Alana Fátima Vieira",
		"idade": 35,
		"cpf": "785.702.811-88",
		"rg": "32.505.934-2",
		"data_nasc": "13/01/1988",
		"sexo": "Feminino",
		"signo": "Capricórnio",
		"mae": "Sophia Fernanda Regina",
		"pai": "Henry Thomas Vieira",
		"email": "manuela-vieira70@cancaonova.com",
		"senha": "UFztFO8skk",
		"cep": "70750-700",
		"endereco": "Quadra SHCGN 709",
		"numero": 202,
		"bairro": "Asa Norte",
		"cidade": "Brasília",
		"estado": "DF",
		"telefone_fixo": "(61) 3749-7793",
		"celular": "(61) 99275-0647",
		"altura": "1,51",
		"peso": 77,
		"tipo_sanguineo": "AB+",
		"cor": "amarelo"
	},
	{
		"nome": "Nair Jaqueline Corte Real",
		"idade": 57,
		"cpf": "101.490.571-05",
		"rg": "45.626.472-3",
		"data_nasc": "02/02/1966",
		"sexo": "Feminino",
		"signo": "Aquário",
		"mae": "Flávia Isabela",
		"pai": "Daniel Yuri Corte Real",
		"email": "nair_jaqueline_cortereal@vinax.com.br",
		"senha": "6o6BoTE2FL",
		"cep": "72115-610",
		"endereco": "Quadra QNC 11",
		"numero": 579,
		"bairro": "Taguatinga Norte (Taguatinga)",
		"cidade": "Brasília",
		"estado": "DF",
		"telefone_fixo": "(61) 2557-9410",
		"celular": "(61) 99256-0687",
		"altura": "1,81",
		"peso": 64,
		"tipo_sanguineo": "A-",
		"cor": "azul"
	},
	{
		"nome": "Giovanni Paulo da Rosa",
		"idade": 71,
		"cpf": "302.201.561-58",
		"rg": "14.552.649-5",
		"data_nasc": "16/01/1952",
		"sexo": "Masculino",
		"signo": "Capricórnio",
		"mae": "Alice Jéssica",
		"pai": "Luís Lucca Luís da Rosa",
		"email": "giovanni_darosa@rafaelsouza.com.br",
		"senha": "JYtcMAHLIj",
		"cep": "71994-245",
		"endereco": "Conjunto SHA Conjunto 4 Chácara 55B",
		"numero": 803,
		"bairro": "Setor Habitacional Arniqueira (Águas Claras)",
		"cidade": "Brasília",
		"estado": "DF",
		"telefone_fixo": "(61) 2562-6475",
		"celular": "(61) 99881-2336",
		"altura": "1,95",
		"peso": 107,
		"tipo_sanguineo": "O+",
		"cor": "azul"
	},
	{
		"nome": "Bianca Alana Novaes",
		"idade": 34,
		"cpf": "374.621.471-81",
		"rg": "13.718.443-8",
		"data_nasc": "27/01/1989",
		"sexo": "Feminino",
		"signo": "Aquário",
		"mae": "Adriana Alícia Evelyn",
		"pai": "Benício Geraldo Novaes",
		"email": "bianca.alana.novaes@huios.com.br",
		"senha": "bOWBkRRhar",
		"cep": "72020-375",
		"endereco": "Quadra EQSD 37/49",
		"numero": 941,
		"bairro": "Taguatinga Sul (Taguatinga)",
		"cidade": "Brasília",
		"estado": "DF",
		"telefone_fixo": "(61) 2981-4167",
		"celular": "(61) 98726-3069",
		"altura": "1,55",
		"peso": 83,
		"tipo_sanguineo": "A-",
		"cor": "amarelo"
	},
	{
		"nome": "Tatiane Maitê Souza",
		"idade": 38,
		"cpf": "487.114.751-70",
		"rg": "11.158.036-5",
		"data_nasc": "14/01/1985",
		"sexo": "Feminino",
		"signo": "Capricórnio",
		"mae": "Lavínia Bruna",
		"pai": "Sérgio Alexandre Souza",
		"email": "tatianemaitesouza@doublemoore.com",
		"senha": "pZzz1m9MnX",
		"cep": "72600-216",
		"endereco": "Quadra Quadra 102 Conjunto 14",
		"numero": 369,
		"bairro": "Recanto das Emas",
		"cidade": "Brasília",
		"estado": "DF",
		"telefone_fixo": "(61) 2897-3564",
		"celular": "(61) 98912-4646",
		"altura": "1,84",
		"peso": 47,
		"tipo_sanguineo": "A+",
		"cor": "verde"
	},
	{
		"nome": "Mário Leandro Carvalho",
		"idade": 42,
		"cpf": "821.966.921-74",
		"rg": "20.504.305-7",
		"data_nasc": "26/01/1981",
		"sexo": "Masculino",
		"signo": "Aquário",
		"mae": "Catarina Pietra Luna",
		"pai": "Theo Severino Renato Carvalho",
		"email": "marioleandrocarvalho@msaengenharia.com.br",
		"senha": "NeWxUi0MD0",
		"cep": "71964-180",
		"endereco": "Quadra QS 5 Rua 311",
		"numero": 249,
		"bairro": "Areal (Águas Claras)",
		"cidade": "Brasília",
		"estado": "DF",
		"telefone_fixo": "(61) 2864-1411",
		"celular": "(61) 98768-3285",
		"altura": "2,00",
		"peso": 97,
		"tipo_sanguineo": "B-",
		"cor": "vermelho"
	},
	{
		"nome": "Elias Leandro Osvaldo Santos",
		"idade": 44,
		"cpf": "915.711.311-40",
		"rg": "37.515.245-3",
		"data_nasc": "11/02/1979",
		"sexo": "Masculino",
		"signo": "Aquário",
		"mae": "Gabriela Letícia",
		"pai": "Elias Daniel Sérgio Santos",
		"email": "elias_leandro_santos@andradecamara.com.br",
		"senha": "ErLqMegONt",
		"cep": "71699-272",
		"endereco": "Quadra QC 6 Rua F",
		"numero": 789,
		"bairro": "Jardins Mangueiral (São Sebastião)",
		"cidade": "Brasília",
		"estado": "DF",
		"telefone_fixo": "(61) 3552-4028",
		"celular": "(61) 99706-5956",
		"altura": "1,77",
		"peso": 53,
		"tipo_sanguineo": "O-",
		"cor": "vermelho"
	},
	{
		"nome": "Calebe Marcos Fernandes",
		"idade": 29,
		"cpf": "793.262.981-08",
		"rg": "43.429.135-3",
		"data_nasc": "10/01/1994",
		"sexo": "Masculino",
		"signo": "Capricórnio",
		"mae": "Regina Sueli",
		"pai": "Igor Enzo Emanuel Fernandes",
		"email": "calebe.marcos.fernandes@ddfnet.com.br",
		"senha": "8pDm02u1u7",
		"cep": "70390-108",
		"endereco": "Quadra SEPS 710/910",
		"numero": 328,
		"bairro": "Asa Sul",
		"cidade": "Brasília",
		"estado": "DF",
		"telefone_fixo": "(61) 3715-9236",
		"celular": "(61) 99378-4740",
		"altura": "1,82",
		"peso": 62,
		"tipo_sanguineo": "O+",
		"cor": "vermelho"
	},
	{
		"nome": "Raimunda Julia Barbosa",
		"idade": 61,
		"cpf": "711.657.621-53",
		"rg": "38.620.427-5",
		"data_nasc": "05/02/1962",
		"sexo": "Feminino",
		"signo": "Aquário",
		"mae": "Joana Gabriela Mariane",
		"pai": "Anderson Davi Igor Barbosa",
		"email": "raimunda_barbosa@odebrecht.com",
		"senha": "qC9QJ63xIx",
		"cep": "71995-655",
		"endereco": "Conjunto SHA Conjunto 5 Chácara 136",
		"numero": 436,
		"bairro": "Setor Habitacional Arniqueira (Águas Claras)",
		"cidade": "Brasília",
		"estado": "DF",
		"telefone_fixo": "(61) 2690-0765",
		"celular": "(61) 98881-8406",
		"altura": "1,74",
		"peso": 65,
		"tipo_sanguineo": "A+",
		"cor": "preto"
	},
	{
		"nome": "Luís João da Mata",
		"idade": 59,
		"cpf": "058.749.671-17",
		"rg": "22.580.386-0",
		"data_nasc": "04/02/1964",
		"sexo": "Masculino",
		"signo": "Aquário",
		"mae": "Josefa Yasmin",
		"pai": "Thomas Bryan da Mata",
		"email": "luis_joao_damata@schon.com.br",
		"senha": "GsFffFWReg",
		"cep": "73062-819",
		"endereco": "Avenida Central Conjunto 19",
		"numero": 333,
		"bairro": "Setor Oeste (Sobradinho II)",
		"cidade": "Brasília",
		"estado": "DF",
		"telefone_fixo": "(61) 3752-9242",
		"celular": "(61) 98925-2463",
		"altura": "1,74",
		"peso": 100,
		"tipo_sanguineo": "B-",
		"cor": "verde"
	},
	{
		"nome": "Vitória Emily Maria Figueiredo",
		"idade": 46,
		"cpf": "979.796.211-31",
		"rg": "39.473.929-2",
		"data_nasc": "17/01/1977",
		"sexo": "Feminino",
		"signo": "Capricórnio",
		"mae": "Clara Sebastiana Sara",
		"pai": "Mário Marcelo Sebastião Figueiredo",
		"email": "vitoria_emily_figueiredo@oliveiracontabil.com.br",
		"senha": "Wcyc0f3sn5",
		"cep": "72161-425",
		"endereco": "Quadra QNL 24 Via 5",
		"numero": 528,
		"bairro": "Taguatinga Norte (Taguatinga)",
		"cidade": "Brasília",
		"estado": "DF",
		"telefone_fixo": "(61) 3577-3255",
		"celular": "(61) 98534-3446",
		"altura": "1,78",
		"peso": 66,
		"tipo_sanguineo": "O-",
		"cor": "verde"
	},
	{
		"nome": "Carlos Eduardo Cauã Fogaça",
		"idade": 36,
		"cpf": "599.936.371-30",
		"rg": "27.935.143-4",
		"data_nasc": "10/01/1987",
		"sexo": "Masculino",
		"signo": "Capricórnio",
		"mae": "Fabiana Julia",
		"pai": "Ian Fábio Fogaça",
		"email": "carloseduardofogaca@arablock.com.br",
		"senha": "hQzdcj3omq",
		"cep": "71590-209",
		"endereco": "Quadra Quadra 1 Conjunto C",
		"numero": 739,
		"bairro": "Itapoã I",
		"cidade": "Brasília",
		"estado": "DF",
		"telefone_fixo": "(61) 2646-9668",
		"celular": "(61) 98616-6341",
		"altura": "1,76",
		"peso": 82,
		"tipo_sanguineo": "O-",
		"cor": "roxo"
	},
	{
		"nome": "Kaique Thiago Tomás Melo",
		"idade": 49,
		"cpf": "862.932.061-34",
		"rg": "35.414.331-1",
		"data_nasc": "06/01/1974",
		"sexo": "Masculino",
		"signo": "Capricórnio",
		"mae": "Gabrielly Lavínia",
		"pai": "Heitor Tomás Melo",
		"email": "kaique_melo@roche.com",
		"senha": "MbkTRJd0oe",
		"cep": "72015-025",
		"endereco": "Quadra CSA 2",
		"numero": 421,
		"bairro": "Taguatinga Sul (Taguatinga)",
		"cidade": "Brasília",
		"estado": "DF",
		"telefone_fixo": "(61) 3647-1271",
		"celular": "(61) 98708-4636",
		"altura": "1,75",
		"peso": 110,
		"tipo_sanguineo": "O+",
		"cor": "preto"
	},
	{
		"nome": "Ricardo Severino Cláudio Araújo",
		"idade": 58,
		"cpf": "249.869.051-47",
		"rg": "48.643.031-5",
		"data_nasc": "22/02/1965",
		"sexo": "Masculino",
		"signo": "Peixes",
		"mae": "Eduarda Allana",
		"pai": "Victor Mário Juan Araújo",
		"email": "ricardoseverinoaraujo@gruporeis.net",
		"senha": "p645iGNBoJ",
		"cep": "71200-040",
		"endereco": "Trecho SIA Trecho 4",
		"numero": 720,
		"bairro": "Zona Industrial (Guará)",
		"cidade": "Brasília",
		"estado": "DF",
		"telefone_fixo": "(61) 2544-6827",
		"celular": "(61) 98630-9591",
		"altura": "1,86",
		"peso": 102,
		"tipo_sanguineo": "O+",
		"cor": "laranja"
	},
	{
		"nome": "Sônia Heloise Manuela Moura",
		"idade": 70,
		"cpf": "290.612.921-66",
		"rg": "26.899.961-2",
		"data_nasc": "15/01/1953",
		"sexo": "Feminino",
		"signo": "Capricórnio",
		"mae": "Sara Yasmin",
		"pai": "Erick Gabriel Moura",
		"email": "sonia_moura@lexos.com.br",
		"senha": "PdR33pOteC",
		"cep": "72260-711",
		"endereco": "Quadra QNO 17 Conjunto 11",
		"numero": 599,
		"bairro": "Ceilândia Norte (Ceilândia)",
		"cidade": "Brasília",
		"estado": "DF",
		"telefone_fixo": "(61) 3931-1777",
		"celular": "(61) 99550-1942",
		"altura": "1,50",
		"peso": 49,
		"tipo_sanguineo": "AB-",
		"cor": "preto"
	},
	{
		"nome": "Isabelly Sabrina Olivia da Costa",
		"idade": 22,
		"cpf": "490.642.801-00",
		"rg": "26.213.971-6",
		"data_nasc": "23/01/2001",
		"sexo": "Feminino",
		"signo": "Aquário",
		"mae": "Benedita Marli Bruna",
		"pai": "Mateus Bernardo Thales da Costa",
		"email": "isabelly.sabrina.dacosta@petrobras.com.br",
		"senha": "cPqKeCbgO4",
		"cep": "70238-520",
		"endereco": "Quadra CLS 404 Bloco B",
		"numero": 792,
		"bairro": "Asa Sul",
		"cidade": "Brasília",
		"estado": "DF",
		"telefone_fixo": "(61) 2960-0378",
		"celular": "(61) 99928-0641",
		"altura": "1,59",
		"peso": 86,
		"tipo_sanguineo": "A-",
		"cor": "preto"
	},
	{
		"nome": "Miguel Breno Gomes",
		"idade": 63,
		"cpf": "671.990.401-99",
		"rg": "40.742.427-1",
		"data_nasc": "06/01/1960",
		"sexo": "Masculino",
		"signo": "Capricórnio",
		"mae": "Carolina Daniela Daiane",
		"pai": "Francisco Felipe Gomes",
		"email": "miguel.breno.gomes@vilasites.com.br",
		"senha": "tgjzRbqS6k",
		"cep": "72771-025",
		"endereco": "Setor Habitacional Cascalheira Chácara 03",
		"numero": 874,
		"bairro": "Brazlândia",
		"cidade": "Brasília",
		"estado": "DF",
		"telefone_fixo": "(61) 2613-6364",
		"celular": "(61) 98806-2286",
		"altura": "1,98",
		"peso": 80,
		"tipo_sanguineo": "A-",
		"cor": "amarelo"
	},
	{
		"nome": "Raimundo João Benjamin Assunção",
		"idade": 63,
		"cpf": "657.352.611-26",
		"rg": "16.950.979-5",
		"data_nasc": "16/02/1960",
		"sexo": "Masculino",
		"signo": "Aquário",
		"mae": "Bárbara Isabel",
		"pai": "Henrique Fernando Assunção",
		"email": "raimundo_assuncao@demetriushairstudio.com.br",
		"senha": "YhDRxm1uTi",
		"cep": "73015-133",
		"endereco": "Quadra Quadra 2 Conjunto A-6 Bloco 2",
		"numero": 211,
		"bairro": "Sobradinho",
		"cidade": "Brasília",
		"estado": "DF",
		"telefone_fixo": "(61) 3594-2689",
		"celular": "(61) 98137-1441",
		"altura": "1,72",
		"peso": 50,
		"tipo_sanguineo": "O-",
		"cor": "preto"
	},
	{
		"nome": "Regina Juliana Alícia Lima",
		"idade": 69,
		"cpf": "008.009.231-46",
		"rg": "44.726.367-5",
		"data_nasc": "14/02/1954",
		"sexo": "Feminino",
		"signo": "Aquário",
		"mae": "Malu Eliane",
		"pai": "Augusto Ryan Carlos Eduardo Lima",
		"email": "regina_juliana_lima@bfgadvogados.com",
		"senha": "iBwcQJgDc4",
		"cep": "72225-597",
		"endereco": "Quadra QNN 39 Bloco 1",
		"numero": 821,
		"bairro": "Ceilândia Norte (Ceilândia)",
		"cidade": "Brasília",
		"estado": "DF",
		"telefone_fixo": "(61) 3867-7300",
		"celular": "(61) 98945-0280",
		"altura": "1,53",
		"peso": 54,
		"tipo_sanguineo": "A-",
		"cor": "vermelho"
	},
	{
		"nome": "Benício Breno Ruan Bernardes",
		"idade": 54,
		"cpf": "581.410.671-92",
		"rg": "14.978.688-8",
		"data_nasc": "15/01/1969",
		"sexo": "Masculino",
		"signo": "Capricórnio",
		"mae": "Carolina Camila Lívia",
		"pai": "Iago Daniel Bernardes",
		"email": "benicio_bernardes@vemarbrasil.com.br",
		"senha": "BuOpWfCObd",
		"cep": "72610-312",
		"endereco": "Quadra Quadra 203 Conjunto 12",
		"numero": 462,
		"bairro": "Recanto das Emas",
		"cidade": "Brasília",
		"estado": "DF",
		"telefone_fixo": "(61) 2631-1708",
		"celular": "(61) 98879-9086",
		"altura": "1,78",
		"peso": 97,
		"tipo_sanguineo": "B-",
		"cor": "vermelho"
	},
	{
		"nome": "Manoel Benedito dos Santos",
		"idade": 39,
		"cpf": "899.873.291-28",
		"rg": "48.118.065-5",
		"data_nasc": "16/02/1984",
		"sexo": "Masculino",
		"signo": "Aquário",
		"mae": "Milena Tânia",
		"pai": "Yuri Osvaldo dos Santos",
		"email": "manoel-dossantos81@tia.mat.br",
		"senha": "MNZ9XwKxrK",
		"cep": "73368-430",
		"endereco": "Quadra 1 Conjunto E",
		"numero": 634,
		"bairro": "Arapoanga (Planaltina)",
		"cidade": "Brasília",
		"estado": "DF",
		"telefone_fixo": "(61) 2822-8681",
		"celular": "(61) 98713-6143",
		"altura": "1,76",
		"peso": 92,
		"tipo_sanguineo": "A-",
		"cor": "roxo"
	},
	{
		"nome": "Heitor Thales Lucas Pereira",
		"idade": 42,
		"cpf": "691.418.171-33",
		"rg": "46.924.407-0",
		"data_nasc": "02/01/1981",
		"sexo": "Masculino",
		"signo": "Capricórnio",
		"mae": "Cláudia Benedita",
		"pai": "Renato Kauê Pereira",
		"email": "heitor.thales.pereira@quintadoslagos.com.br",
		"senha": "YDgrjjdQuZ",
		"cep": "70740-774",
		"endereco": "Quadra SHCGN 708 Bloco N",
		"numero": 684,
		"bairro": "Asa Norte",
		"cidade": "Brasília",
		"estado": "DF",
		"telefone_fixo": "(61) 2602-9117",
		"celular": "(61) 98888-6901",
		"altura": "1,84",
		"peso": 59,
		"tipo_sanguineo": "O+",
		"cor": "laranja"
	},
	{
		"nome": "Isabelle Catarina Eduarda Nunes",
		"idade": 65,
		"cpf": "779.258.711-80",
		"rg": "12.198.232-4",
		"data_nasc": "03/02/1958",
		"sexo": "Feminino",
		"signo": "Aquário",
		"mae": "Esther Rosângela Tereza",
		"pai": "Marcos Vinicius Jorge Iago Nunes",
		"email": "isabelle_catarina_nunes@engenharia.ufjf.br",
		"senha": "NfOSISQgJ1",
		"cep": "71805-810",
		"endereco": "Quadra QN 9 Conjunto 10",
		"numero": 786,
		"bairro": "Riacho Fundo I",
		"cidade": "Brasília",
		"estado": "DF",
		"telefone_fixo": "(61) 3605-6481",
		"celular": "(61) 98444-9480",
		"altura": "1,57",
		"peso": 81,
		"tipo_sanguineo": "A-",
		"cor": "vermelho"
	},
	{
		"nome": "André Edson Marcos Vinicius Moreira",
		"idade": 54,
		"cpf": "761.715.431-36",
		"rg": "20.128.001-2",
		"data_nasc": "17/01/1969",
		"sexo": "Masculino",
		"signo": "Capricórnio",
		"mae": "Bruna Bruna",
		"pai": "Thiago Noah Lucas Moreira",
		"email": "andreedsonmoreira@rodrigofranco.com",
		"senha": "8f8UP0q3SG",
		"cep": "72309-008",
		"endereco": "Quadra QN 319 Conjunto H",
		"numero": 148,
		"bairro": "Samambaia Sul (Samambaia)",
		"cidade": "Brasília",
		"estado": "DF",
		"telefone_fixo": "(61) 3652-3788",
		"celular": "(61) 99801-9272",
		"altura": "1,84",
		"peso": 93,
		"tipo_sanguineo": "AB-",
		"cor": "laranja"
	},
	{
		"nome": "Theo Diego Pedro Henrique Pinto",
		"idade": 21,
		"cpf": "910.029.731-39",
		"rg": "44.991.128-7",
		"data_nasc": "24/02/2002",
		"sexo": "Masculino",
		"signo": "Peixes",
		"mae": "Raimunda Marlene",
		"pai": "Severino Geraldo Pinto",
		"email": "theo-pinto80@nine9.com.br",
		"senha": "Xr9G1Ey5X6",
		"cep": "72125-260",
		"endereco": "Quadra QNE 26",
		"numero": 647,
		"bairro": "Taguatinga Norte (Taguatinga)",
		"cidade": "Brasília",
		"estado": "DF",
		"telefone_fixo": "(61) 2771-9982",
		"celular": "(61) 98171-1480",
		"altura": "1,89",
		"peso": 69,
		"tipo_sanguineo": "A+",
		"cor": "vermelho"
	},
	{
		"nome": "Joana Sophia Galvão",
		"idade": 26,
		"cpf": "648.862.471-72",
		"rg": "19.659.655-5",
		"data_nasc": "26/01/1997",
		"sexo": "Feminino",
		"signo": "Aquário",
		"mae": "Joana Simone Rita",
		"pai": "Enrico Davi Vinicius Galvão",
		"email": "joana_galvao@ozzape.com",
		"senha": "hXtu7y7t00",
		"cep": "72017-284",
		"endereco": "Quadra QSC 19 Chácara 26 Conjunto F",
		"numero": 511,
		"bairro": "Taguatinga Sul (Taguatinga)",
		"cidade": "Brasília",
		"estado": "DF",
		"telefone_fixo": "(61) 3910-4992",
		"celular": "(61) 99939-3117",
		"altura": "1,68",
		"peso": 90,
		"tipo_sanguineo": "O-",
		"cor": "preto"
	},
	{
		"nome": "Cláudia Luana Esther Duarte",
		"idade": 42,
		"cpf": "952.514.571-97",
		"rg": "10.156.170-2",
		"data_nasc": "21/02/1981",
		"sexo": "Feminino",
		"signo": "Peixes",
		"mae": "Josefa Betina",
		"pai": "Osvaldo Igor Duarte",
		"email": "claudia_duarte@dizain.com.br",
		"senha": "hPaT2jRmQE",
		"cep": "72140-608",
		"endereco": "Quadra QNJ Área Especial 8",
		"numero": 488,
		"bairro": "Taguatinga Norte (Taguatinga)",
		"cidade": "Brasília",
		"estado": "DF",
		"telefone_fixo": "(61) 2663-1444",
		"celular": "(61) 99547-5478",
		"altura": "1,61",
		"peso": 69,
		"tipo_sanguineo": "B+",
		"cor": "amarelo"
	},
	{
		"nome": "Camila Emanuelly Sônia da Rocha",
		"idade": 76,
		"cpf": "698.454.491-23",
		"rg": "44.728.620-1",
		"data_nasc": "03/02/1947",
		"sexo": "Feminino",
		"signo": "Aquário",
		"mae": "Sabrina Simone Sebastiana",
		"pai": "Raul Calebe Leonardo da Rocha",
		"email": "camila.emanuelly.darocha@comercialrizzo.com",
		"senha": "e4LX938Y5D",
		"cep": "70380-768",
		"endereco": "Quadra SHIGS 714 Bloco R",
		"numero": 840,
		"bairro": "Asa Sul",
		"cidade": "Brasília",
		"estado": "DF",
		"telefone_fixo": "(61) 2708-8614",
		"celular": "(61) 98825-8465",
		"altura": "1,83",
		"peso": 50,
		"tipo_sanguineo": "AB+",
		"cor": "preto"
	},
	{
		"nome": "Ayla Sabrina Tatiane Caldeira",
		"idade": 52,
		"cpf": "307.904.631-56",
		"rg": "48.612.667-5",
		"data_nasc": "04/01/1971",
		"sexo": "Feminino",
		"signo": "Capricórnio",
		"mae": "Carolina Pietra Carla",
		"pai": "Rafael Sérgio Caldeira",
		"email": "ayla.sabrina.caldeira@dominatto.ind.br",
		"senha": "IIk18QPPC7",
		"cep": "71884-460",
		"endereco": "Quadra QS 12 Conjunto 5",
		"numero": 752,
		"bairro": "Riacho Fundo II",
		"cidade": "Brasília",
		"estado": "DF",
		"telefone_fixo": "(61) 3888-7069",
		"celular": "(61) 98872-3185",
		"altura": "1,80",
		"peso": 80,
		"tipo_sanguineo": "AB+",
		"cor": "verde"
	},
	{
		"nome": "Mirella Beatriz Larissa da Conceição",
		"idade": 37,
		"cpf": "538.105.271-57",
		"rg": "31.286.585-5",
		"data_nasc": "24/01/1986",
		"sexo": "Feminino",
		"signo": "Aquário",
		"mae": "Maya Joana",
		"pai": "Renan Lucca Yuri da Conceição",
		"email": "mirella_beatriz_daconceicao@crbrandao.com.br",
		"senha": "9pl39mBUqo",
		"cep": "71571-702",
		"endereco": "Quadra Quadra 17 Conjunto B",
		"numero": 487,
		"bairro": "Paranoá",
		"cidade": "Brasília",
		"estado": "DF",
		"telefone_fixo": "(61) 2911-9397",
		"celular": "(61) 98634-8157",
		"altura": "1,51",
		"peso": 57,
		"tipo_sanguineo": "AB-",
		"cor": "roxo"
	}
]