[
	{
		"nome": "Gabrielly Isabella Vieira",
		"idade": 30,
		"cpf": "092.410.631-06",
		"rg": "41.976.465-3",
		"data_nasc": "17/02/1993",
		"sexo": "Feminino",
		"signo": "Aquário",
		"mae": "Regina Beatriz",
		"pai": "Igor Thiago Ryan Vieira",
		"email": "gabrielly.isabella.vieira@prestec.com.br",
		"senha": "ZsxPYJDM1I",
		"cep": "72265-501",
		"endereco": "Bloco QCS Bloco A",
		"numero": 522,
		"bairro": "Setor Industrial (Ceilândia)",
		"cidade": "Brasília",
		"estado": "DF",
		"telefone_fixo": "(61) 2525-8262",
		"celular": "(61) 99450-0207",
		"altura": "1,50",
		"peso": 79,
		"tipo_sanguineo": "O-",
		"cor": "azul"
	},
	{
		"nome": "Pedro Henrique Emanuel Nunes",
		"idade": 63,
		"cpf": "095.033.241-06",
		"rg": "45.140.680-1",
		"data_nasc": "04/02/1960",
		"sexo": "Masculino",
		"signo": "Aquário",
		"mae": "Stefany Débora",
		"pai": "Hugo Renato Nunes",
		"email": "pedro_henrique_nunes@associate.com.br",
		"senha": "7O8qzwBG3T",
		"cep": "71200-228",
		"endereco": "Trecho SIA Trecho 17 Rua 10",
		"numero": 506,
		"bairro": "Zona Industrial (Guará)",
		"cidade": "Brasília",
		"estado": "DF",
		"telefone_fixo": "(61) 2629-7470",
		"celular": "(61) 98585-4460",
		"altura": "1,76",
		"peso": 63,
		"tipo_sanguineo": "A-",
		"cor": "roxo"
	},
	{
		"nome": "Nelson Iago Fernandes",
		"idade": 68,
		"cpf": "596.411.781-30",
		"rg": "50.064.517-6",
		"data_nasc": "04/02/1955",
		"sexo": "Masculino",
		"signo": "Aquário",
		"mae": "Joana Carolina Laís",
		"pai": "Miguel Anthony Anderson Fernandes",
		"email": "nelson_fernandes@damha.com.br",
		"senha": "E2ChFpObSi",
		"cep": "72754-012",
		"endereco": "Quadra Quadra 54 Conjunto L",
		"numero": 407,
		"bairro": "Vila São José (Brazlândia)",
		"cidade": "Brasília",
		"estado": "DF",
		"telefone_fixo": "(61) 2761-9887",
		"celular": "(61) 98970-9092",
		"altura": "1,69",
		"peso": 105,
		"tipo_sanguineo": "B+",
		"cor": "preto"
	},
	{
		"nome": "Emanuel Henry Benício Aragão",
		"idade": 34,
		"cpf": "900.005.351-09",
		"rg": "43.475.669-6",
		"data_nasc": "19/01/1989",
		"sexo": "Masculino",
		"signo": "Capricórnio",
		"mae": "Fabiana Raimunda",
		"pai": "Osvaldo Tiago Aragão",
		"email": "emanuelhenryaragao@ig.com.br",
		"senha": "WgiGbaQMjo",
		"cep": "70730-535",
		"endereco": "Quadra SCLRN 704 Bloco E",
		"numero": 880,
		"bairro": "Asa Norte",
		"cidade": "Brasília",
		"estado": "DF",
		"telefone_fixo": "(61) 2861-4980",
		"celular": "(61) 98555-2665",
		"altura": "1,61",
		"peso": 94,
		"tipo_sanguineo": "O-",
		"cor": "roxo"
	},
	{
		"nome": "Augusto João Pereira",
		"idade": 66,
		"cpf": "380.004.501-00",
		"rg": "17.830.929-1",
		"data_nasc": "06/02/1957",
		"sexo": "Masculino",
		"signo": "Aquário",
		"mae": "Isabelle Tânia Jennifer",
		"pai": "Benjamin Heitor Benjamin Pereira",
		"email": "augustojoaopereira@midiasim.com.br",
		"senha": "MjoFh85Ztn",
		"cep": "70844-100",
		"endereco": "Quadra SQN 206 Bloco J",
		"numero": 953,
		"bairro": "Asa Norte",
		"cidade": "Brasília",
		"estado": "DF",
		"telefone_fixo": "(61) 2576-8837",
		"celular": "(61) 99285-1161",
		"altura": "1,99",
		"peso": 88,
		"tipo_sanguineo": "A-",
		"cor": "amarelo"
	},
	{
		"nome": "Tereza Luana Ferreira",
		"idade": 75,
		"cpf": "418.028.661-08",
		"rg": "10.993.899-9",
		"data_nasc": "02/02/1948",
		"sexo": "Feminino",
		"signo": "Aquário",
		"mae": "Brenda Simone",
		"pai": "Filipe Francisco Ferreira",
		"email": "terezaluanaferreira@yahoo.se",
		"senha": "x3snfdgWYb",
		"cep": "71699-018",
		"endereco": "Quadra QC 1 Rua D",
		"numero": 290,
		"bairro": "Jardins Mangueiral (São Sebastião)",
		"cidade": "Brasília",
		"estado": "DF",
		"telefone_fixo": "(61) 3519-0483",
		"celular": "(61) 98766-8247",
		"altura": "1,63",
		"peso": 72,
		"tipo_sanguineo": "O-",
		"cor": "vermelho"
	},
	{
		"nome": "Nina Mariah Emanuelly da Rosa",
		"idade": 39,
		"cpf": "737.754.131-89",
		"rg": "50.938.647-7",
		"data_nasc": "24/02/1984",
		"sexo": "Feminino",
		"signo": "Peixes",
		"mae": "Larissa Emily",
		"pai": "Fábio Igor da Rosa",
		"email": "nina_mariah_darosa@accent.com.br",
		"senha": "NcZ94h5abz",
		"cep": "73020-403",
		"endereco": "Quadra SES Quadra 3",
		"numero": 929,
		"bairro": "Setor Econômico de Sobradinho (Sobradinho)",
		"cidade": "Brasília",
		"estado": "DF",
		"telefone_fixo": "(61) 2774-0510",
		"celular": "(61) 98883-8364",
		"altura": "1,82",
		"peso": 72,
		"tipo_sanguineo": "O+",
		"cor": "vermelho"
	},
	{
		"nome": "Enzo Luís Porto",
		"idade": 19,
		"cpf": "272.254.811-93",
		"rg": "36.067.135-4",
		"data_nasc": "21/02/2004",
		"sexo": "Masculino",
		"signo": "Peixes",
		"mae": "Benedita Caroline Beatriz",
		"pai": "André Matheus Rodrigo Porto",
		"email": "enzo-porto94@graffiti.net",
		"senha": "6O7zoEmRdy",
		"cep": "70648-100",
		"endereco": "Quadra SRES Quadra 2 Bloco J",
		"numero": 277,
		"bairro": "Cruzeiro Velho",
		"cidade": "Brasília",
		"estado": "DF",
		"telefone_fixo": "(61) 2894-8573",
		"celular": "(61) 98713-0938",
		"altura": "1,69",
		"peso": 96,
		"tipo_sanguineo": "A-",
		"cor": "vermelho"
	},
	{
		"nome": "Isis Daiane Elisa Campos",
		"idade": 42,
		"cpf": "086.792.951-08",
		"rg": "33.535.510-9",
		"data_nasc": "05/02/1981",
		"sexo": "Feminino",
		"signo": "Aquário",
		"mae": "Isabelle Olivia Eliane",
		"pai": "Elias Caio Manuel Campos",
		"email": "isis_campos@geopx.com.br",
		"senha": "5UsQG5U1cx",
		"cep": "71995-450",
		"endereco": "Conjunto SHA Conjunto 5 Chácara 109",
		"numero": 325,
		"bairro": "Setor Habitacional Arniqueira (Águas Claras)",
		"cidade": "Brasília",
		"estado": "DF",
		"telefone_fixo": "(61) 3982-1077",
		"celular": "(61) 99647-8675",
		"altura": "1,76",
		"peso": 56,
		"tipo_sanguineo": "A+",
		"cor": "laranja"
	},
	{
		"nome": "Priscila Fátima Oliveira",
		"idade": 51,
		"cpf": "980.576.231-95",
		"rg": "35.750.845-2",
		"data_nasc": "20/02/1972",
		"sexo": "Feminino",
		"signo": "Peixes",
		"mae": "Priscila Antonella Laura",
		"pai": "Sebastião Vicente Oliveira",
		"email": "priscila.fatima.oliveira@kimmay.com.br",
		"senha": "c4wuT3HeW8",
		"cep": "72225-236",
		"endereco": "Quadra QNN 23 Conjunto F",
		"numero": 437,
		"bairro": "Ceilândia Norte (Ceilândia)",
		"cidade": "Brasília",
		"estado": "DF",
		"telefone_fixo": "(61) 3854-6287",
		"celular": "(61) 98146-8464",
		"altura": "1,51",
		"peso": 73,
		"tipo_sanguineo": "O+",
		"cor": "roxo"
	},
	{
		"nome": "Yago Mateus Castro",
		"idade": 22,
		"cpf": "085.939.671-16",
		"rg": "19.711.415-5",
		"data_nasc": "18/02/2001",
		"sexo": "Masculino",
		"signo": "Aquário",
		"mae": "Jaqueline Jéssica",
		"pai": "Murilo Noah Castro",
		"email": "yagomateuscastro@tokiomarine.com.br",
		"senha": "myYE6ahEUw",
		"cep": "73358-725",
		"endereco": "Quadra Quadra 27 Conjunto E",
		"numero": 230,
		"bairro": "Setor Residencial Leste (Planaltina)",
		"cidade": "Brasília",
		"estado": "DF",
		"telefone_fixo": "(61) 3627-8410",
		"celular": "(61) 99300-5041",
		"altura": "1,74",
		"peso": 89,
		"tipo_sanguineo": "O+",
		"cor": "verde"
	},
	{
		"nome": "Valentina Isabelle Cecília Caldeira",
		"idade": 67,
		"cpf": "694.397.171-90",
		"rg": "38.002.774-4",
		"data_nasc": "08/01/1956",
		"sexo": "Feminino",
		"signo": "Capricórnio",
		"mae": "Antônia Alana",
		"pai": "Gustavo Juan Oliver Caldeira",
		"email": "valentina_isabelle_caldeira@infouai.com",
		"senha": "8D3ZuiCH9A",
		"cep": "72583-060",
		"endereco": "Rua Rua 400 Lote 401",
		"numero": 279,
		"bairro": "Setor Meireles (Santa Maria)",
		"cidade": "Brasília",
		"estado": "DF",
		"telefone_fixo": "(61) 3512-9762",
		"celular": "(61) 98504-2783",
		"altura": "1,81",
		"peso": 54,
		"tipo_sanguineo": "A-",
		"cor": "laranja"
	},
	{
		"nome": "Geraldo Levi Cardoso",
		"idade": 28,
		"cpf": "884.547.201-97",
		"rg": "38.237.784-9",
		"data_nasc": "23/02/1995",
		"sexo": "Masculino",
		"signo": "Peixes",
		"mae": "Aurora Márcia Emanuelly",
		"pai": "João Augusto Cardoso",
		"email": "geraldolevicardoso@br.nestle.com",
		"senha": "MWD3OwSZyB",
		"cep": "71615-360",
		"endereco": "Quadra SHIS QI 7 Conjunto 16",
		"numero": 657,
		"bairro": "Setor de Habitações Individuais Sul",
		"cidade": "Brasília",
		"estado": "DF",
		"telefone_fixo": "(61) 2511-1158",
		"celular": "(61) 98826-4385",
		"altura": "1,80",
		"peso": 78,
		"tipo_sanguineo": "A+",
		"cor": "verde"
	},
	{
		"nome": "Valentina Stella Luiza Figueiredo",
		"idade": 65,
		"cpf": "656.319.811-22",
		"rg": "15.418.222-9",
		"data_nasc": "08/02/1958",
		"sexo": "Feminino",
		"signo": "Aquário",
		"mae": "Elaine Analu Sabrina",
		"pai": "Isaac Guilherme Figueiredo",
		"email": "valentina-figueiredo94@valltech.com.br",
		"senha": "58RbLHRUuk",
		"cep": "71576-210",
		"endereco": "Quadra Quadra 44 Conjunto B",
		"numero": 136,
		"bairro": "Paranoá",
		"cidade": "Brasília",
		"estado": "DF",
		"telefone_fixo": "(61) 2672-4515",
		"celular": "(61) 99839-5035",
		"altura": "1,57",
		"peso": 61,
		"tipo_sanguineo": "A-",
		"cor": "vermelho"
	},
	{
		"nome": "Lúcia Lívia dos Santos",
		"idade": 20,
		"cpf": "544.722.101-34",
		"rg": "34.177.393-1",
		"data_nasc": "21/02/2003",
		"sexo": "Feminino",
		"signo": "Peixes",
		"mae": "Maria Antônia Heloisa",
		"pai": "Diego Yuri Bernardo dos Santos",
		"email": "lucialiviadossantos@a-qualitybrasil.com.br",
		"senha": "3J0A8yU8Yr",
		"cep": "72015-245",
		"endereco": "Quadra EQSA 24/25",
		"numero": 228,
		"bairro": "Taguatinga Sul (Taguatinga)",
		"cidade": "Brasília",
		"estado": "DF",
		"telefone_fixo": "(61) 2685-2622",
		"celular": "(61) 99593-7459",
		"altura": "1,80",
		"peso": 45,
		"tipo_sanguineo": "O-",
		"cor": "verde"
	},
	{
		"nome": "Cecília Sandra Ribeiro",
		"idade": 79,
		"cpf": "945.379.291-89",
		"rg": "49.887.926-4",
		"data_nasc": "11/01/1944",
		"sexo": "Feminino",
		"signo": "Capricórnio",
		"mae": "Vera Louise Rita",
		"pai": "Julio Heitor Mário Ribeiro",
		"email": "cecilia_ribeiro@supergasbras.com.br",
		"senha": "R33ZG19DPD",
		"cep": "72339-135",
		"endereco": "Quadra QN 827",
		"numero": 418,
		"bairro": "Samambaia Norte (Samambaia)",
		"cidade": "Brasília",
		"estado": "DF",
		"telefone_fixo": "(61) 2994-9559",
		"celular": "(61) 99195-2681",
		"altura": "1,58",
		"peso": 75,
		"tipo_sanguineo": "O+",
		"cor": "amarelo"
	},
	{
		"nome": "Ester Sônia Tânia da Rocha",
		"idade": 79,
		"cpf": "109.343.361-21",
		"rg": "14.117.858-9",
		"data_nasc": "01/02/1944",
		"sexo": "Feminino",
		"signo": "Aquário",
		"mae": "Jéssica Camila",
		"pai": "Fábio Victor Thiago da Rocha",
		"email": "ester_darocha@gdsambiental.com.br",
		"senha": "luUDKkLlZJ",
		"cep": "72231-203",
		"endereco": "Quadra QNP 12 Conjunto C",
		"numero": 268,
		"bairro": "Ceilândia Sul (Ceilândia)",
		"cidade": "Brasília",
		"estado": "DF",
		"telefone_fixo": "(61) 2585-4330",
		"celular": "(61) 98797-2620",
		"altura": "1,69",
		"peso": 65,
		"tipo_sanguineo": "AB+",
		"cor": "verde"
	},
	{
		"nome": "Nathan Iago Yuri Fogaça",
		"idade": 55,
		"cpf": "562.524.811-73",
		"rg": "18.759.642-6",
		"data_nasc": "03/02/1968",
		"sexo": "Masculino",
		"signo": "Aquário",
		"mae": "Fernanda Antonella Clarice",
		"pai": "Pietro Kaique Fogaça",
		"email": "nathan-fogaca92@pgpci.com.br",
		"senha": "dn1lIEI33R",
		"cep": "70767-000",
		"endereco": "Quadra SQN 314",
		"numero": 856,
		"bairro": "Asa Norte",
		"cidade": "Brasília",
		"estado": "DF",
		"telefone_fixo": "(61) 2755-0358",
		"celular": "(61) 99928-4099",
		"altura": "1,83",
		"peso": 86,
		"tipo_sanguineo": "AB-",
		"cor": "laranja"
	},
	{
		"nome": "Heloisa Aline Clarice Novaes",
		"idade": 52,
		"cpf": "851.248.091-24",
		"rg": "25.599.320-1",
		"data_nasc": "18/02/1971",
		"sexo": "Feminino",
		"signo": "Aquário",
		"mae": "Márcia Isis Aline",
		"pai": "Sebastião Osvaldo Novaes",
		"email": "heloisa_aline_novaes@oliveiracontabil.com.br",
		"senha": "D17Lk2ylnu",
		"cep": "72329-016",
		"endereco": "Quadra QR 429 Conjunto 16",
		"numero": 968,
		"bairro": "Samambaia Norte (Samambaia)",
		"cidade": "Brasília",
		"estado": "DF",
		"telefone_fixo": "(61) 3747-3657",
		"celular": "(61) 98121-3936",
		"altura": "1,78",
		"peso": 55,
		"tipo_sanguineo": "O+",
		"cor": "amarelo"
	},
	{
		"nome": "Kauê Lorenzo da Mata",
		"idade": 46,
		"cpf": "677.858.151-43",
		"rg": "41.699.402-7",
		"data_nasc": "12/01/1977",
		"sexo": "Masculino",
		"signo": "Capricórnio",
		"mae": "Elza Alícia Lívia",
		"pai": "Felipe Manoel Benedito da Mata",
		"email": "kauelorenzodamata@ramiresmotors.com.br",
		"senha": "emjCXE9mI7",
		"cep": "72231-216",
		"endereco": "Quadra QNP 12 Conjunto P",
		"numero": 750,
		"bairro": "Ceilândia Sul (Ceilândia)",
		"cidade": "Brasília",
		"estado": "DF",
		"telefone_fixo": "(61) 3853-3473",
		"celular": "(61) 99798-5787",
		"altura": "1,92",
		"peso": 57,
		"tipo_sanguineo": "A-",
		"cor": "roxo"
	},
	{
		"nome": "Tomás Vicente Moraes",
		"idade": 67,
		"cpf": "387.711.431-81",
		"rg": "29.552.627-0",
		"data_nasc": "13/01/1956",
		"sexo": "Masculino",
		"signo": "Capricórnio",
		"mae": "Sarah Flávia Maya",
		"pai": "Igor Paulo Moraes",
		"email": "tomas_moraes@athos.srv.br",
		"senha": "t1wdswRrS9",
		"cep": "73062-405",
		"endereco": "Conjunto AR 14 Conjunto 5",
		"numero": 195,
		"bairro": "Setor Oeste (Sobradinho II)",
		"cidade": "Brasília",
		"estado": "DF",
		"telefone_fixo": "(61) 3765-5930",
		"celular": "(61) 98677-7059",
		"altura": "1,84",
		"peso": 94,
		"tipo_sanguineo": "AB+",
		"cor": "vermelho"
	},
	{
		"nome": "Mário Heitor Teixeira",
		"idade": 49,
		"cpf": "204.306.721-44",
		"rg": "44.049.911-2",
		"data_nasc": "22/02/1974",
		"sexo": "Masculino",
		"signo": "Peixes",
		"mae": "Marli Ayla Sandra",
		"pai": "Noah Enrico Cauã Teixeira",
		"email": "mario_teixeira@dyna.com.br",
		"senha": "6rDxnfOL5Q",
		"cep": "73350-102",
		"endereco": "Quadra Quadra 1 Conjunto B",
		"numero": 387,
		"bairro": "Setor Residencial Leste (Planaltina)",
		"cidade": "Brasília",
		"estado": "DF",
		"telefone_fixo": "(61) 3639-6795",
		"celular": "(61) 98571-9316",
		"altura": "1,85",
		"peso": 92,
		"tipo_sanguineo": "B+",
		"cor": "verde"
	},
	{
		"nome": "Maria Carla Almada",
		"idade": 66,
		"cpf": "534.900.971-06",
		"rg": "33.637.877-4",
		"data_nasc": "05/02/1957",
		"sexo": "Feminino",
		"signo": "Aquário",
		"mae": "Lorena Nicole",
		"pai": "Giovanni Luís Levi Almada",
		"email": "maria_carla_almada@live.dk",
		"senha": "5xhul7Q8Tg",
		"cep": "70658-153",
		"endereco": "Quadra SHCES Quadra 1105 Bloco C",
		"numero": 801,
		"bairro": "Cruzeiro Novo",
		"cidade": "Brasília",
		"estado": "DF",
		"telefone_fixo": "(61) 3844-8658",
		"celular": "(61) 98565-3730",
		"altura": "1,85",
		"peso": 81,
		"tipo_sanguineo": "O-",
		"cor": "laranja"
	},
	{
		"nome": "Pietro Márcio Lima",
		"idade": 45,
		"cpf": "084.816.251-08",
		"rg": "19.962.499-9",
		"data_nasc": "11/02/1978",
		"sexo": "Masculino",
		"signo": "Aquário",
		"mae": "Débora Andreia Sara",
		"pai": "Raul Daniel Lima",
		"email": "pietro-lima88@yaooh.com",
		"senha": "TADw0GbhmW",
		"cep": "72547-806",
		"endereco": "Quadra QR 517 Conjunto F",
		"numero": 169,
		"bairro": "Santa Maria",
		"cidade": "Brasília",
		"estado": "DF",
		"telefone_fixo": "(61) 3860-0485",
		"celular": "(61) 99426-8825",
		"altura": "1,60",
		"peso": 53,
		"tipo_sanguineo": "O-",
		"cor": "laranja"
	},
	{
		"nome": "Alexandre Tiago Nascimento",
		"idade": 76,
		"cpf": "847.588.781-37",
		"rg": "35.106.281-6",
		"data_nasc": "16/02/1947",
		"sexo": "Masculino",
		"signo": "Aquário",
		"mae": "Natália Sophie",
		"pai": "Ian Rodrigo Murilo Nascimento",
		"email": "alexandretiagonascimento@buzatto.pro",
		"senha": "9pg8nIT2ec",
		"cep": "70235-080",
		"endereco": "Quadra SQS 205 Bloco H",
		"numero": 166,
		"bairro": "Asa Sul",
		"cidade": "Brasília",
		"estado": "DF",
		"telefone_fixo": "(61) 3723-7506",
		"celular": "(61) 99694-4787",
		"altura": "1,83",
		"peso": 71,
		"tipo_sanguineo": "A-",
		"cor": "verde"
	},
	{
		"nome": "Daiane Beatriz Jesus",
		"idade": 62,
		"cpf": "630.440.241-45",
		"rg": "44.104.135-8",
		"data_nasc": "13/01/1961",
		"sexo": "Feminino",
		"signo": "Capricórnio",
		"mae": "Laís Rita Antonella",
		"pai": "Breno Benjamin Heitor Jesus",
		"email": "daiane.beatriz.jesus@charquesorocaba.com.br",
		"senha": "XGFKSHn49E",
		"cep": "72235-523",
		"endereco": "Quadra EQNP 24/28 Bloco C",
		"numero": 869,
		"bairro": "Ceilândia Sul (Ceilândia)",
		"cidade": "Brasília",
		"estado": "DF",
		"telefone_fixo": "(61) 3676-8419",
		"celular": "(61) 99892-1075",
		"altura": "1,69",
		"peso": 87,
		"tipo_sanguineo": "O+",
		"cor": "preto"
	},
	{
		"nome": "Isaac Danilo Raimundo Barbosa",
		"idade": 31,
		"cpf": "033.335.611-07",
		"rg": "10.599.298-7",
		"data_nasc": "14/01/1992",
		"sexo": "Masculino",
		"signo": "Capricórnio",
		"mae": "Tereza Emily Betina",
		"pai": "Daniel Cauê Barbosa",
		"email": "isaac_barbosa@demetriushairstudio.com.br",
		"senha": "aonEWyAOft",
		"cep": "71020-450",
		"endereco": "Quadra QI 11 Bloco O",
		"numero": 320,
		"bairro": "Guará I",
		"cidade": "Brasília",
		"estado": "DF",
		"telefone_fixo": "(61) 3701-6584",
		"celular": "(61) 99375-4059",
		"altura": "1,81",
		"peso": 87,
		"tipo_sanguineo": "B+",
		"cor": "preto"
	},
	{
		"nome": "Julio Gustavo Gonçalves",
		"idade": 25,
		"cpf": "763.136.061-83",
		"rg": "49.704.818-8",
		"data_nasc": "05/01/1998",
		"sexo": "Masculino",
		"signo": "Capricórnio",
		"mae": "Clara Stefany Lorena",
		"pai": "Pietro Osvaldo Joaquim Gonçalves",
		"email": "juliogustavogoncalves@ceviu.com.br",
		"senha": "ceLDRxonGK",
		"cep": "70713-000",
		"endereco": "Quadra SCN Quadra 3",
		"numero": 193,
		"bairro": "Asa Norte",
		"cidade": "Brasília",
		"estado": "DF",
		"telefone_fixo": "(61) 3611-2084",
		"celular": "(61) 99930-5051",
		"altura": "1,72",
		"peso": 79,
		"tipo_sanguineo": "A+",
		"cor": "preto"
	},
	{
		"nome": "Otávio Gael Cláudio Aparício",
		"idade": 78,
		"cpf": "850.022.581-58",
		"rg": "18.130.608-6",
		"data_nasc": "25/02/1945",
		"sexo": "Masculino",
		"signo": "Peixes",
		"mae": "Fernanda Ester Mariana",
		"pai": "Caleb Juan Aparício",
		"email": "otavio_gael_aparicio@ime.unicamp.br",
		"senha": "poOs3RBGPN",
		"cep": "70645-012",
		"endereco": "Quadra SRES Quadra 12",
		"numero": 728,
		"bairro": "Cruzeiro Velho",
		"cidade": "Brasília",
		"estado": "DF",
		"telefone_fixo": "(61) 2723-1385",
		"celular": "(61) 98401-0739",
		"altura": "1,87",
		"peso": 107,
		"tipo_sanguineo": "O-",
		"cor": "vermelho"
	},
	{
		"nome": "Lara Tânia Luiza Carvalho",
		"idade": 76,
		"cpf": "685.166.701-04",
		"rg": "11.267.007-6",
		"data_nasc": "19/02/1947",
		"sexo": "Feminino",
		"signo": "Aquário",
		"mae": "Renata Sabrina",
		"pai": "Sebastião Diego Carvalho",
		"email": "lara.tania.carvalho@molsanto.com",
		"senha": "s92aYK9bJt",
		"cep": "72650-852",
		"endereco": "Avenida Buritís Quadra 805 Comércio Local s/n",
		"numero": 144,
		"bairro": "Recanto das Emas",
		"cidade": "Brasília",
		"estado": "DF",
		"telefone_fixo": "(61) 2904-3523",
		"celular": "(61) 99908-6714",
		"altura": "1,76",
		"peso": 52,
		"tipo_sanguineo": "O+",
		"cor": "roxo"
	}
]