[
	{
		"nome": "Francisca Luiza Cecília Lima",
		"idade": 53,
		"cpf": "329.251.249-25",
		"rg": "40.995.466-4",
		"data_nasc": "18/02/1970",
		"sexo": "Feminino",
		"signo": "Aquário",
		"mae": "Tatiane Mariane",
		"pai": "Bruno Nathan Lima",
		"email": "francisca-lima82@mfb.com.br",
		"senha": "s39SalrmdN",
		"cep": "79045-302",
		"endereco": "Rua Senador Vergueiro",
		"numero": 792,
		"bairro": "Jardim Noroeste",
		"cidade": "Campo Grande",
		"estado": "MS",
		"telefone_fixo": "(67) 2525-7727",
		"celular": "(67) 99455-1911",
		"altura": "1,75",
		"peso": 46,
		"tipo_sanguineo": "A+",
		"cor": "preto"
	},
	{
		"nome": "Clarice Aurora Fátima Gomes",
		"idade": 53,
		"cpf": "406.819.255-31",
		"rg": "22.101.575-9",
		"data_nasc": "27/01/1970",
		"sexo": "Feminino",
		"signo": "Aquário",
		"mae": "Catarina Clara",
		"pai": "Nelson Nicolas Gomes",
		"email": "clarice_aurora_gomes@vcp.com.br",
		"senha": "aqD4Tq0J1i",
		"cep": "74413-377",
		"endereco": "Avenida Sonnemberg",
		"numero": 951,
		"bairro": "Setor Castelo Branco",
		"cidade": "Goiânia",
		"estado": "GO",
		"telefone_fixo": "(62) 3624-4893",
		"celular": "(62) 98239-1968",
		"altura": "1,68",
		"peso": 50,
		"tipo_sanguineo": "B+",
		"cor": "vermelho"
	},
	{
		"nome": "Eliane Lorena Sabrina da Cruz",
		"idade": 45,
		"cpf": "193.451.766-67",
		"rg": "44.629.101-8",
		"data_nasc": "14/02/1978",
		"sexo": "Feminino",
		"signo": "Aquário",
		"mae": "Laís Lorena Marina",
		"pai": "Noah Tomás Kauê da Cruz",
		"email": "eliane_dacruz@marquesalcantra.comabdv.com.br",
		"senha": "UO2PKyoTuZ",
		"cep": "75063-050",
		"endereco": "Avenida B",
		"numero": 986,
		"bairro": "Parque Iracema",
		"cidade": "Anápolis",
		"estado": "GO",
		"telefone_fixo": "(62) 3775-7980",
		"celular": "(62) 99102-9539",
		"altura": "1,63",
		"peso": 46,
		"tipo_sanguineo": "A+",
		"cor": "vermelho"
	},
	{
		"nome": "Sandra Analu Fátima Rezende",
		"idade": 70,
		"cpf": "291.049.513-28",
		"rg": "12.901.674-3",
		"data_nasc": "15/02/1953",
		"sexo": "Feminino",
		"signo": "Aquário",
		"mae": "Sueli Yasmin",
		"pai": "Sérgio Pedro Henrique Rezende",
		"email": "sandra_analu_rezende@dicid.com.br",
		"senha": "ebhRhzqJRM",
		"cep": "72871-687",
		"endereco": "Quadra Quadra 25 Módulo C",
		"numero": 209,
		"bairro": "Setor de Chácaras Anhangüera C",
		"cidade": "Valparaíso de Goiás",
		"estado": "GO",
		"telefone_fixo": "(61) 2756-9942",
		"celular": "(61) 98132-2635",
		"altura": "1,71",
		"peso": 47,
		"tipo_sanguineo": "A-",
		"cor": "verde"
	},
	{
		"nome": "Isabelle Alana Moura",
		"idade": 50,
		"cpf": "017.329.081-76",
		"rg": "19.609.757-5",
		"data_nasc": "01/02/1973",
		"sexo": "Feminino",
		"signo": "Aquário",
		"mae": "Isadora Renata",
		"pai": "Otávio Vicente Moura",
		"email": "isabelle_alana_moura@sfreitasadvogados.com.br",
		"senha": "G7ed4lp0uF",
		"cep": "58015-690",
		"endereco": "Rua Professora Ana Borges",
		"numero": 218,
		"bairro": "Jaguaribe",
		"cidade": "João Pessoa",
		"estado": "PB",
		"telefone_fixo": "(83) 3708-5965",
		"celular": "(83) 98421-9918",
		"altura": "1,60",
		"peso": 64,
		"tipo_sanguineo": "A-",
		"cor": "vermelho"
	},
	{
		"nome": "Catarina Rebeca Almada",
		"idade": 52,
		"cpf": "912.349.891-90",
		"rg": "25.727.069-3",
		"data_nasc": "24/02/1971",
		"sexo": "Feminino",
		"signo": "Peixes",
		"mae": "Lavínia Andrea Fernanda",
		"pai": "Lucas Pedro Cauê Almada",
		"email": "catarina_almada@resource.com.br",
		"senha": "7LGHJ83DET",
		"cep": "65031-032",
		"endereco": "3ª Travessa da Liberdade",
		"numero": 233,
		"bairro": "Fátima",
		"cidade": "São Luís",
		"estado": "MA",
		"telefone_fixo": "(98) 2756-4952",
		"celular": "(98) 99628-8180",
		"altura": "1,50",
		"peso": 66,
		"tipo_sanguineo": "AB+",
		"cor": "vermelho"
	},
	{
		"nome": "Beatriz Rita Melo",
		"idade": 66,
		"cpf": "161.728.621-46",
		"rg": "50.406.323-6",
		"data_nasc": "13/01/1957",
		"sexo": "Feminino",
		"signo": "Capricórnio",
		"mae": "Tatiane Mariane Heloisa",
		"pai": "Nelson Davi Tomás Melo",
		"email": "beatriz.rita.melo@nipbr.com.br",
		"senha": "RZumtrZBB3",
		"cep": "57304-482",
		"endereco": "Rua Sargento Benevides Montes",
		"numero": 858,
		"bairro": "Cacimbas",
		"cidade": "Arapiraca",
		"estado": "AL",
		"telefone_fixo": "(82) 3836-3654",
		"celular": "(82) 99153-8040",
		"altura": "1,52",
		"peso": 67,
		"tipo_sanguineo": "B-",
		"cor": "preto"
	},
	{
		"nome": "Diogo Gustavo Nunes",
		"idade": 29,
		"cpf": "879.028.795-92",
		"rg": "15.679.721-5",
		"data_nasc": "18/02/1994",
		"sexo": "Masculino",
		"signo": "Aquário",
		"mae": "Adriana Adriana",
		"pai": "Roberto Renan Nunes",
		"email": "diogo.gustavo.nunes@trimempresas.com.br",
		"senha": "o3CtzhdQJa",
		"cep": "64001-495",
		"endereco": "Avenida Miguel Rosa",
		"numero": 951,
		"bairro": "Centro",
		"cidade": "Teresina",
		"estado": "PI",
		"telefone_fixo": "(86) 2718-7166",
		"celular": "(86) 99385-0678",
		"altura": "1,84",
		"peso": 73,
		"tipo_sanguineo": "O+",
		"cor": "vermelho"
	},
	{
		"nome": "Kauê Leandro Thiago Mendes",
		"idade": 46,
		"cpf": "163.922.428-99",
		"rg": "34.934.563-6",
		"data_nasc": "05/01/1977",
		"sexo": "Masculino",
		"signo": "Capricórnio",
		"mae": "Isis Aline Nair",
		"pai": "Antonio Sérgio Vicente Mendes",
		"email": "kaueleandromendes@valeparaibano.com.br",
		"senha": "QSUJdwTgkx",
		"cep": "65600-403",
		"endereco": "Rua Nove",
		"numero": 462,
		"bairro": "Refinaria",
		"cidade": "Caxias",
		"estado": "MA",
		"telefone_fixo": "(99) 3518-6016",
		"celular": "(99) 99611-6746",
		"altura": "1,91",
		"peso": 109,
		"tipo_sanguineo": "B-",
		"cor": "verde"
	},
	{
		"nome": "Isabela Esther Silveira",
		"idade": 40,
		"cpf": "496.557.022-78",
		"rg": "17.588.598-9",
		"data_nasc": "21/01/1983",
		"sexo": "Feminino",
		"signo": "Aquário",
		"mae": "Sônia Isabel Rafaela",
		"pai": "Jorge Tiago Silveira",
		"email": "isabela_esther_silveira@enox.com.br",
		"senha": "51RbILt8G5",
		"cep": "24457-200",
		"endereco": "Rua Três Rios",
		"numero": 117,
		"bairro": "Trindade",
		"cidade": "São Gonçalo",
		"estado": "RJ",
		"telefone_fixo": "(21) 2944-9614",
		"celular": "(21) 99161-2838",
		"altura": "1,81",
		"peso": 71,
		"tipo_sanguineo": "A-",
		"cor": "amarelo"
	},
	{
		"nome": "Luzia Ester Rosângela Pires",
		"idade": 21,
		"cpf": "599.786.885-01",
		"rg": "13.469.450-8",
		"data_nasc": "17/01/2002",
		"sexo": "Feminino",
		"signo": "Capricórnio",
		"mae": "Antônia Sara",
		"pai": "Ian Noah Pires",
		"email": "luzia_pires@ramiresmotors.com.br",
		"senha": "of0PCkkaQn",
		"cep": "69070-610",
		"endereco": "Beco Isaías",
		"numero": 969,
		"bairro": "Colônia Oliveira Machado",
		"cidade": "Manaus",
		"estado": "AM",
		"telefone_fixo": "(92) 2596-0302",
		"celular": "(92) 99402-7024",
		"altura": "1,64",
		"peso": 51,
		"tipo_sanguineo": "O+",
		"cor": "preto"
	},
	{
		"nome": "Antonella Esther Débora de Paula",
		"idade": 28,
		"cpf": "766.630.138-31",
		"rg": "28.215.381-0",
		"data_nasc": "23/01/1995",
		"sexo": "Feminino",
		"signo": "Aquário",
		"mae": "Fernanda Isadora",
		"pai": "Danilo Vicente de Paula",
		"email": "antonella-depaula98@alphagraphics.com.br",
		"senha": "gZf3kqbRji",
		"cep": "94155-150",
		"endereco": "Rua Carlos Gardel",
		"numero": 795,
		"bairro": "São Vicente",
		"cidade": "Gravataí",
		"estado": "RS",
		"telefone_fixo": "(51) 2947-3352",
		"celular": "(51) 98481-5074",
		"altura": "1,52",
		"peso": 49,
		"tipo_sanguineo": "O-",
		"cor": "laranja"
	},
	{
		"nome": "Amanda Cristiane Freitas",
		"idade": 58,
		"cpf": "140.766.618-50",
		"rg": "48.504.881-4",
		"data_nasc": "05/02/1965",
		"sexo": "Feminino",
		"signo": "Aquário",
		"mae": "Rayssa Nina Aline",
		"pai": "Gustavo Osvaldo Freitas",
		"email": "amanda_cristiane_freitas@outershoes.com.br",
		"senha": "QJL5LJaHni",
		"cep": "68909-322",
		"endereco": "Avenida Jambeiro",
		"numero": 471,
		"bairro": "Brasil Novo",
		"cidade": "Macapá",
		"estado": "AP",
		"telefone_fixo": "(96) 2833-4899",
		"celular": "(96) 99135-0048",
		"altura": "1,70",
		"peso": 79,
		"tipo_sanguineo": "AB+",
		"cor": "azul"
	},
	{
		"nome": "Edson Matheus Diogo Moreira",
		"idade": 46,
		"cpf": "727.953.865-77",
		"rg": "27.639.593-1",
		"data_nasc": "13/02/1977",
		"sexo": "Masculino",
		"signo": "Aquário",
		"mae": "Alícia Camila Raquel",
		"pai": "Vinicius Lucas Moreira",
		"email": "edson.matheus.moreira@futureteeth.com.br",
		"senha": "YRIskzesL2",
		"cep": "57313-240",
		"endereco": "Rua Antônio Torres",
		"numero": 178,
		"bairro": "Brasília",
		"cidade": "Arapiraca",
		"estado": "AL",
		"telefone_fixo": "(82) 2753-8602",
		"celular": "(82) 99175-7873",
		"altura": "1,61",
		"peso": 104,
		"tipo_sanguineo": "B-",
		"cor": "vermelho"
	},
	{
		"nome": "Benedito Arthur Novaes",
		"idade": 44,
		"cpf": "627.465.474-73",
		"rg": "38.907.767-7",
		"data_nasc": "19/02/1979",
		"sexo": "Masculino",
		"signo": "Aquário",
		"mae": "Clarice Gabriela",
		"pai": "Otávio Henrique Emanuel Novaes",
		"email": "benedito_novaes@kinouchi.com.br",
		"senha": "NLuR7N1u2p",
		"cep": "59611-095",
		"endereco": "Rua José Otávio",
		"numero": 822,
		"bairro": "Santo Antônio",
		"cidade": "Mossoró",
		"estado": "RN",
		"telefone_fixo": "(84) 2889-0285",
		"celular": "(84) 99805-2940",
		"altura": "1,71",
		"peso": 78,
		"tipo_sanguineo": "AB-",
		"cor": "preto"
	},
	{
		"nome": "Otávio Iago Baptista",
		"idade": 44,
		"cpf": "117.983.723-12",
		"rg": "26.499.771-2",
		"data_nasc": "21/02/1979",
		"sexo": "Masculino",
		"signo": "Peixes",
		"mae": "Jennifer Rosa",
		"pai": "Gabriel Vinicius Lucca Baptista",
		"email": "otavioiagobaptista@ne.com",
		"senha": "W1MeaFxny6",
		"cep": "60510-425",
		"endereco": "Rua Silva Baíma",
		"numero": 106,
		"bairro": "Henrique Jorge",
		"cidade": "Fortaleza",
		"estado": "CE",
		"telefone_fixo": "(85) 3998-8108",
		"celular": "(85) 98788-0980",
		"altura": "1,73",
		"peso": 91,
		"tipo_sanguineo": "O+",
		"cor": "roxo"
	},
	{
		"nome": "Thales Kevin Pereira",
		"idade": 18,
		"cpf": "493.401.103-07",
		"rg": "18.564.964-6",
		"data_nasc": "07/01/2005",
		"sexo": "Masculino",
		"signo": "Capricórnio",
		"mae": "Amanda Bruna",
		"pai": "Thales Cláudio Ricardo Pereira",
		"email": "thales_kevin_pereira@caferibeiro.com.br",
		"senha": "B2XC1U88FN",
		"cep": "88359-220",
		"endereco": "Rua Santo Comandolli",
		"numero": 368,
		"bairro": "Dom Joaquim",
		"cidade": "Brusque",
		"estado": "SC",
		"telefone_fixo": "(47) 2506-7896",
		"celular": "(47) 99668-5785",
		"altura": "1,97",
		"peso": 78,
		"tipo_sanguineo": "B+",
		"cor": "vermelho"
	},
	{
		"nome": "Matheus Pedro Theo Corte Real",
		"idade": 23,
		"cpf": "361.882.187-56",
		"rg": "19.456.257-8",
		"data_nasc": "26/01/2000",
		"sexo": "Masculino",
		"signo": "Aquário",
		"mae": "Laís Maitê Isis",
		"pai": "José Miguel Corte Real",
		"email": "matheus-cortereal76@naressi.com.br",
		"senha": "GZdrdAclQi",
		"cep": "69317-568",
		"endereco": "Rua Unicórnio",
		"numero": 156,
		"bairro": "Cidade Satélite",
		"cidade": "Boa Vista",
		"estado": "RR",
		"telefone_fixo": "(95) 3574-0535",
		"celular": "(95) 99114-4154",
		"altura": "1,93",
		"peso": 106,
		"tipo_sanguineo": "A+",
		"cor": "amarelo"
	},
	{
		"nome": "Samuel Nathan Caleb Nogueira",
		"idade": 71,
		"cpf": "978.365.453-50",
		"rg": "20.838.100-4",
		"data_nasc": "08/02/1952",
		"sexo": "Masculino",
		"signo": "Aquário",
		"mae": "Jaqueline Nair Lara",
		"pai": "Felipe Leandro Nogueira",
		"email": "samuel_nogueira@torah.com.br",
		"senha": "daOHJOPcci",
		"cep": "61944-245",
		"endereco": "Rua Nonato Tibúrcio",
		"numero": 502,
		"bairro": "Novo Maranguape II",
		"cidade": "Maranguape",
		"estado": "CE",
		"telefone_fixo": "(85) 3661-6697",
		"celular": "(85) 99855-1170",
		"altura": "1,97",
		"peso": 90,
		"tipo_sanguineo": "AB-",
		"cor": "roxo"
	},
	{
		"nome": "Brenda Josefa da Paz",
		"idade": 45,
		"cpf": "252.905.551-37",
		"rg": "14.839.296-9",
		"data_nasc": "04/01/1978",
		"sexo": "Feminino",
		"signo": "Capricórnio",
		"mae": "Mariane Juliana",
		"pai": "Levi Marcos Luís da Paz",
		"email": "brenda-dapaz87@pisbrasil.com.br",
		"senha": "il2ghKi5Rp",
		"cep": "66918-140",
		"endereco": "Travessa F",
		"numero": 757,
		"bairro": "Murubira (Mosqueiro)",
		"cidade": "Belém",
		"estado": "PA",
		"telefone_fixo": "(91) 3875-1990",
		"celular": "(91) 99496-6596",
		"altura": "1,70",
		"peso": 81,
		"tipo_sanguineo": "B-",
		"cor": "vermelho"
	},
	{
		"nome": "Lorena Catarina Brito",
		"idade": 36,
		"cpf": "303.295.047-38",
		"rg": "32.998.022-1",
		"data_nasc": "02/01/1987",
		"sexo": "Feminino",
		"signo": "Capricórnio",
		"mae": "Sebastiana Isabelly Gabrielly",
		"pai": "Marcos Vinicius Henrique Calebe Brito",
		"email": "lorena-brito81@eccofibra.com.br",
		"senha": "PY40DkMWnt",
		"cep": "88113-315",
		"endereco": "Rua Leopoldo Francisco Kretzer",
		"numero": 115,
		"bairro": "Real Parque",
		"cidade": "São José",
		"estado": "SC",
		"telefone_fixo": "(48) 3675-2111",
		"celular": "(48) 99646-9953",
		"altura": "1,51",
		"peso": 77,
		"tipo_sanguineo": "A+",
		"cor": "roxo"
	},
	{
		"nome": "Nina Tereza Drumond",
		"idade": 47,
		"cpf": "186.039.268-75",
		"rg": "38.324.519-9",
		"data_nasc": "07/02/1976",
		"sexo": "Feminino",
		"signo": "Aquário",
		"mae": "Laís Eduarda Lorena",
		"pai": "Marcos Vinicius Cláudio Yuri Drumond",
		"email": "ninaterezadrumond@mosman.com.br",
		"senha": "akYs7x4DiT",
		"cep": "58804-100",
		"endereco": "Rua Antônio Assis Costa",
		"numero": 809,
		"bairro": "José Lins do Rego",
		"cidade": "Sousa",
		"estado": "PB",
		"telefone_fixo": "(83) 3671-4346",
		"celular": "(83) 98802-5434",
		"altura": "1,72",
		"peso": 60,
		"tipo_sanguineo": "A+",
		"cor": "amarelo"
	},
	{
		"nome": "Eliane Cecília Almeida",
		"idade": 39,
		"cpf": "261.284.158-06",
		"rg": "32.639.257-9",
		"data_nasc": "13/01/1984",
		"sexo": "Feminino",
		"signo": "Capricórnio",
		"mae": "Ayla Lívia",
		"pai": "Cláudio Gustavo Kevin Almeida",
		"email": "eliane_cecilia_almeida@hotmail.com",
		"senha": "6uDHEYcGbE",
		"cep": "90245-260",
		"endereco": "Rua H",
		"numero": 498,
		"bairro": "Farrapos",
		"cidade": "Porto Alegre",
		"estado": "RS",
		"telefone_fixo": "(51) 2895-7025",
		"celular": "(51) 99794-7369",
		"altura": "1,70",
		"peso": 53,
		"tipo_sanguineo": "A+",
		"cor": "azul"
	},
	{
		"nome": "Manuela Vera Eliane Peixoto",
		"idade": 74,
		"cpf": "570.342.844-07",
		"rg": "30.266.328-9",
		"data_nasc": "24/01/1949",
		"sexo": "Feminino",
		"signo": "Aquário",
		"mae": "Fátima Priscila Giovana",
		"pai": "Anthony Vicente Nelson Peixoto",
		"email": "manuelaverapeixoto@uou.com.br",
		"senha": "PH7YfYZJug",
		"cep": "33900-667",
		"endereco": "Avenida Denise Cristina Rocha",
		"numero": 729,
		"bairro": "Papine (Justinópolis)",
		"cidade": "Ribeirão das Neves",
		"estado": "MG",
		"telefone_fixo": "(31) 2628-3386",
		"celular": "(31) 99673-5703",
		"altura": "1,82",
		"peso": 51,
		"tipo_sanguineo": "AB+",
		"cor": "amarelo"
	},
	{
		"nome": "Andreia Betina Fogaça",
		"idade": 31,
		"cpf": "286.041.005-80",
		"rg": "22.795.285-6",
		"data_nasc": "21/02/1992",
		"sexo": "Feminino",
		"signo": "Peixes",
		"mae": "Vanessa Raquel",
		"pai": "Matheus Nelson Fogaça",
		"email": "andreia_betina_fogaca@prositeweb.com.br",
		"senha": "kiq8IGfzL1",
		"cep": "79333-087",
		"endereco": "Alameda Boliviana",
		"numero": 238,
		"bairro": "Dom Bosco",
		"cidade": "Corumbá",
		"estado": "MS",
		"telefone_fixo": "(67) 3725-4524",
		"celular": "(67) 99783-0188",
		"altura": "1,75",
		"peso": 62,
		"tipo_sanguineo": "O+",
		"cor": "azul"
	},
	{
		"nome": "Sônia Rebeca da Rocha",
		"idade": 79,
		"cpf": "568.193.615-56",
		"rg": "25.773.354-1",
		"data_nasc": "22/02/1944",
		"sexo": "Feminino",
		"signo": "Peixes",
		"mae": "Daniela Priscila Sandra",
		"pai": "Pedro Henrique Raimundo da Rocha",
		"email": "sonia-darocha84@ctfmgacc.org.br",
		"senha": "KsH9DXEOFM",
		"cep": "93320-050",
		"endereco": "Rua Tupi",
		"numero": 307,
		"bairro": "Centro",
		"cidade": "Novo Hamburgo",
		"estado": "RS",
		"telefone_fixo": "(51) 2571-1541",
		"celular": "(51) 99352-0525",
		"altura": "1,70",
		"peso": 79,
		"tipo_sanguineo": "AB-",
		"cor": "vermelho"
	},
	{
		"nome": "Diogo Mário da Mata",
		"idade": 24,
		"cpf": "665.692.972-95",
		"rg": "50.291.479-8",
		"data_nasc": "22/01/1999",
		"sexo": "Masculino",
		"signo": "Aquário",
		"mae": "Mariah Antônia Eloá",
		"pai": "Nathan Lorenzo da Mata",
		"email": "diogo_mario_damata@hotamail.com",
		"senha": "tp9ufKbm2Q",
		"cep": "58038-100",
		"endereco": "Avenida General Edson Ramalho",
		"numero": 320,
		"bairro": "Manaíra",
		"cidade": "João Pessoa",
		"estado": "PB",
		"telefone_fixo": "(83) 3507-1440",
		"celular": "(83) 99236-0658",
		"altura": "1,80",
		"peso": 90,
		"tipo_sanguineo": "A+",
		"cor": "vermelho"
	},
	{
		"nome": "Cecília Elaine Luiza Nascimento",
		"idade": 31,
		"cpf": "790.182.949-42",
		"rg": "37.891.584-8",
		"data_nasc": "16/02/1992",
		"sexo": "Feminino",
		"signo": "Aquário",
		"mae": "Vitória Maya Nina",
		"pai": "Danilo Lucas Caio Nascimento",
		"email": "cecilia.elaine.nascimento@royalplas.com.br",
		"senha": "Woh0rKGy0k",
		"cep": "73051-640",
		"endereco": "Quadra Quadra 16 Comércio Local 16",
		"numero": 444,
		"bairro": "Sobradinho",
		"cidade": "Brasília",
		"estado": "DF",
		"telefone_fixo": "(61) 3568-5179",
		"celular": "(61) 99436-3329",
		"altura": "1,66",
		"peso": 78,
		"tipo_sanguineo": "O-",
		"cor": "azul"
	},
	{
		"nome": "Lúcia Ana Rafaela da Rosa",
		"idade": 78,
		"cpf": "076.969.444-60",
		"rg": "34.426.685-0",
		"data_nasc": "27/01/1945",
		"sexo": "Feminino",
		"signo": "Aquário",
		"mae": "Letícia Ana Eliane",
		"pai": "Sérgio Murilo da Rosa",
		"email": "lucia-darosa87@pubdesign.com.br",
		"senha": "GfDIq6WPb2",
		"cep": "29056-908",
		"endereco": "Avenida Cezar Hilal 1111",
		"numero": 251,
		"bairro": "Santa Lúcia",
		"cidade": "Vitória",
		"estado": "ES",
		"telefone_fixo": "(27) 2702-9143",
		"celular": "(27) 99466-3425",
		"altura": "1,68",
		"peso": 85,
		"tipo_sanguineo": "AB-",
		"cor": "azul"
	},
	{
		"nome": "Lívia Tânia Carvalho",
		"idade": 70,
		"cpf": "008.543.859-67",
		"rg": "38.350.128-3",
		"data_nasc": "17/02/1953",
		"sexo": "Feminino",
		"signo": "Aquário",
		"mae": "Carla Lara Raimunda",
		"pai": "Alexandre Luan Carvalho",
		"email": "livia_carvalho@veloxmail.com.br",
		"senha": "qkB9ChezJk",
		"cep": "89812-567",
		"endereco": "Rua Nossa Senhora do Desterro",
		"numero": 114,
		"bairro": "Esplanada",
		"cidade": "Chapecó",
		"estado": "SC",
		"telefone_fixo": "(49) 3814-5218",
		"celular": "(49) 98219-3135",
		"altura": "1,66",
		"peso": 63,
		"tipo_sanguineo": "AB+",
		"cor": "amarelo"
	}
]