[
	{
		"nome": "Bárbara Sabrina Drumond",
		"idade": 69,
		"cpf": "755.516.801-42",
		"rg": "16.734.110-8",
		"data_nasc": "20/02/1954",
		"sexo": "Feminino",
		"signo": "Peixes",
		"mae": "Benedita Andrea",
		"pai": "Felipe João Drumond",
		"email": "barbara_drumond@mosman.com.br",
		"senha": "5t5ro3R3C1",
		"cep": "73340-413",
		"endereco": "Quadra Quadra 4 Conjunto 4M",
		"numero": 280,
		"bairro": "Jardim Roriz (Planaltina)",
		"cidade": "Brasília",
		"estado": "DF",
		"telefone_fixo": "(61) 2851-3067",
		"celular": "(61) 99293-7108",
		"altura": "1,81",
		"peso": 77,
		"tipo_sanguineo": "O-",
		"cor": "roxo"
	},
	{
		"nome": "Rodrigo Cauã Dias",
		"idade": 78,
		"cpf": "081.293.911-55",
		"rg": "10.699.902-3",
		"data_nasc": "24/01/1945",
		"sexo": "Masculino",
		"signo": "Aquário",
		"mae": "Tânia Lívia Liz",
		"pai": "Lorenzo Juan Dias",
		"email": "rodrigo_caua_dias@etirama.com.br",
		"senha": "Ux8tFNoAzr",
		"cep": "71699-819",
		"endereco": "Quadra QC 15 Rua C",
		"numero": 769,
		"bairro": "Jardins Mangueiral (São Sebastião)",
		"cidade": "Brasília",
		"estado": "DF",
		"telefone_fixo": "(61) 3981-6205",
		"celular": "(61) 99973-4125",
		"altura": "1,70",
		"peso": 88,
		"tipo_sanguineo": "B-",
		"cor": "preto"
	},
	{
		"nome": "Antonio Geraldo Pereira",
		"idade": 39,
		"cpf": "515.679.711-30",
		"rg": "17.441.364-6",
		"data_nasc": "21/02/1984",
		"sexo": "Masculino",
		"signo": "Peixes",
		"mae": "Beatriz Natália",
		"pai": "Daniel Levi Pereira",
		"email": "antonio.geraldo.pereira@delfrateinfo.com.br",
		"senha": "5blBPxPX4s",
		"cep": "70293-530",
		"endereco": "Quadra CLS 214 Bloco C",
		"numero": 646,
		"bairro": "Asa Sul",
		"cidade": "Brasília",
		"estado": "DF",
		"telefone_fixo": "(61) 2786-0237",
		"celular": "(61) 99917-0957",
		"altura": "1,71",
		"peso": 68,
		"tipo_sanguineo": "O-",
		"cor": "roxo"
	},
	{
		"nome": "Marlene Simone Aragão",
		"idade": 79,
		"cpf": "141.062.181-27",
		"rg": "45.516.294-3",
		"data_nasc": "02/02/1944",
		"sexo": "Feminino",
		"signo": "Aquário",
		"mae": "Renata Alícia Mariane",
		"pai": "Enrico Márcio Aragão",
		"email": "marlene_aragao@dpi.indl.com.br",
		"senha": "gcjfBHRp3i",
		"cep": "72640-425",
		"endereco": "Quadra Quadra 604 Conjunto 25",
		"numero": 245,
		"bairro": "Recanto das Emas",
		"cidade": "Brasília",
		"estado": "DF",
		"telefone_fixo": "(61) 3830-0976",
		"celular": "(61) 99642-6765",
		"altura": "1,69",
		"peso": 81,
		"tipo_sanguineo": "A-",
		"cor": "verde"
	},
	{
		"nome": "Gabrielly Marli Carolina Melo",
		"idade": 57,
		"cpf": "210.450.541-00",
		"rg": "11.100.041-5",
		"data_nasc": "23/02/1966",
		"sexo": "Feminino",
		"signo": "Peixes",
		"mae": "Isadora Aline Fernanda",
		"pai": "Severino Calebe Melo",
		"email": "gabrielly-melo85@munhozengenharia.com.br",
		"senha": "metyK3AZDJ",
		"cep": "72252-090",
		"endereco": "Quadra QNO 9",
		"numero": 795,
		"bairro": "Ceilândia Norte (Ceilândia)",
		"cidade": "Brasília",
		"estado": "DF",
		"telefone_fixo": "(61) 2665-4741",
		"celular": "(61) 98815-7224",
		"altura": "1,84",
		"peso": 81,
		"tipo_sanguineo": "B+",
		"cor": "azul"
	},
	{
		"nome": "Fábio Rafael Rodrigues",
		"idade": 79,
		"cpf": "530.658.751-87",
		"rg": "20.913.372-7",
		"data_nasc": "07/02/1944",
		"sexo": "Masculino",
		"signo": "Aquário",
		"mae": "Alice Flávia",
		"pai": "Benício Sérgio Rodrigues",
		"email": "fabio-rodrigues93@tigra.com.br",
		"senha": "RAZCyFhbHO",
		"cep": "71596-318",
		"endereco": "Quadra 3 Conjunto F",
		"numero": 590,
		"bairro": "Fazendinha (Itapoã)",
		"cidade": "Brasília",
		"estado": "DF",
		"telefone_fixo": "(61) 3726-6348",
		"celular": "(61) 98375-2134",
		"altura": "1,73",
		"peso": 76,
		"tipo_sanguineo": "A+",
		"cor": "preto"
	},
	{
		"nome": "Carla Luzia Helena da Silva",
		"idade": 68,
		"cpf": "800.602.651-32",
		"rg": "10.858.246-2",
		"data_nasc": "21/02/1955",
		"sexo": "Feminino",
		"signo": "Peixes",
		"mae": "Sandra Beatriz",
		"pai": "Samuel Marcos Vinicius da Silva",
		"email": "carla_luzia_dasilva@right.com.br",
		"senha": "XfTZw8ppDk",
		"cep": "71691-010",
		"endereco": "Rua 48",
		"numero": 380,
		"bairro": "Centro (São Sebastião)",
		"cidade": "Brasília",
		"estado": "DF",
		"telefone_fixo": "(61) 2993-6519",
		"celular": "(61) 98948-9844",
		"altura": "1,55",
		"peso": 63,
		"tipo_sanguineo": "A-",
		"cor": "roxo"
	},
	{
		"nome": "Rafaela Elisa Duarte",
		"idade": 44,
		"cpf": "041.359.511-04",
		"rg": "41.327.869-4",
		"data_nasc": "20/01/1979",
		"sexo": "Feminino",
		"signo": "Capricórnio",
		"mae": "Francisca Beatriz Luna",
		"pai": "Kaique Cauê Duarte",
		"email": "rafaela.elisa.duarte@tradevalle.com.br",
		"senha": "k6fjMk4AMF",
		"cep": "70040-999",
		"endereco": "SBN Quadra 1 Bloco A Térreo",
		"numero": 736,
		"bairro": "Asa Norte",
		"cidade": "Brasília",
		"estado": "DF",
		"telefone_fixo": "(61) 3977-4689",
		"celular": "(61) 99932-2905",
		"altura": "1,63",
		"peso": 63,
		"tipo_sanguineo": "A+",
		"cor": "vermelho"
	},
	{
		"nome": "Marcos Vinicius Gael Benedito Moura",
		"idade": 54,
		"cpf": "556.088.231-33",
		"rg": "33.196.910-5",
		"data_nasc": "20/01/1969",
		"sexo": "Masculino",
		"signo": "Capricórnio",
		"mae": "Márcia Malu",
		"pai": "Diogo Giovanni Moura",
		"email": "marcosviniciusmoura@grupointegraambiental.com.br",
		"senha": "50LluQrFWr",
		"cep": "73061-225",
		"endereco": "Quadra Quadra 3 Conjunto K",
		"numero": 677,
		"bairro": "Setor Oeste (Sobradinho II)",
		"cidade": "Brasília",
		"estado": "DF",
		"telefone_fixo": "(61) 3916-1368",
		"celular": "(61) 99941-6651",
		"altura": "1,90",
		"peso": 54,
		"tipo_sanguineo": "AB-",
		"cor": "azul"
	},
	{
		"nome": "Luiz Pietro Thomas Almeida",
		"idade": 35,
		"cpf": "134.367.541-37",
		"rg": "31.729.982-7",
		"data_nasc": "19/02/1988",
		"sexo": "Masculino",
		"signo": "Aquário",
		"mae": "Nair Maria",
		"pai": "Marcos Vinicius Sebastião Victor Almeida",
		"email": "luizpietroalmeida@numero.com.br",
		"senha": "lamJwRRhlc",
		"cep": "71741-302",
		"endereco": "Quadra SMPW Quadra 13 Conjunto 2",
		"numero": 848,
		"bairro": "Setor de Mansões Park Way",
		"cidade": "Brasília",
		"estado": "DF",
		"telefone_fixo": "(61) 3640-4126",
		"celular": "(61) 99453-0248",
		"altura": "1,83",
		"peso": 57,
		"tipo_sanguineo": "A+",
		"cor": "vermelho"
	},
	{
		"nome": "Allana Elaine Malu Assis",
		"idade": 29,
		"cpf": "606.689.811-64",
		"rg": "41.846.759-6",
		"data_nasc": "23/02/1994",
		"sexo": "Feminino",
		"signo": "Peixes",
		"mae": "Pietra Aurora Sophia",
		"pai": "Vicente Manuel Assis",
		"email": "allanaelaineassis@power.alstom.com",
		"senha": "3ByfyxRo7E",
		"cep": "72622-123",
		"endereco": "Avenida D'Monjolo Quadra 308 Comércio Local s/n",
		"numero": 545,
		"bairro": "Recanto das Emas",
		"cidade": "Brasília",
		"estado": "DF",
		"telefone_fixo": "(61) 3518-2261",
		"celular": "(61) 98730-3806",
		"altura": "1,82",
		"peso": 83,
		"tipo_sanguineo": "B-",
		"cor": "laranja"
	},
	{
		"nome": "Paulo Renato Manuel Bernardes",
		"idade": 69,
		"cpf": "240.103.771-35",
		"rg": "33.752.946-2",
		"data_nasc": "13/02/1954",
		"sexo": "Masculino",
		"signo": "Aquário",
		"mae": "Kamilly Letícia Andreia",
		"pai": "Igor Victor Bernardes",
		"email": "paulo_renato_bernardes@policiamilitar.sp.gov.br",
		"senha": "t7pz5eOkgd",
		"cep": "70762-520",
		"endereco": "Quadra CLN 112 Bloco B",
		"numero": 801,
		"bairro": "Asa Norte",
		"cidade": "Brasília",
		"estado": "DF",
		"telefone_fixo": "(61) 3612-9682",
		"celular": "(61) 99923-5078",
		"altura": "1,94",
		"peso": 87,
		"tipo_sanguineo": "A-",
		"cor": "verde"
	},
	{
		"nome": "Antonio Sebastião Silva",
		"idade": 38,
		"cpf": "491.166.821-06",
		"rg": "10.048.374-4",
		"data_nasc": "16/01/1985",
		"sexo": "Masculino",
		"signo": "Capricórnio",
		"mae": "Luna Josefa Nina",
		"pai": "Renan Alexandre Filipe Silva",
		"email": "antonio.sebastiao.silva@gasparalmeida.com",
		"senha": "gwwEUBRpmJ",
		"cep": "72428-224",
		"endereco": "Núcleo Rural Casa Grande Módulo 8 MA - 13",
		"numero": 463,
		"bairro": "Ponte Alta (Gama)",
		"cidade": "Brasília",
		"estado": "DF",
		"telefone_fixo": "(61) 3794-8046",
		"celular": "(61) 98450-2889",
		"altura": "1,82",
		"peso": 64,
		"tipo_sanguineo": "AB-",
		"cor": "vermelho"
	},
	{
		"nome": "Sônia Lorena Freitas",
		"idade": 60,
		"cpf": "640.560.491-81",
		"rg": "47.472.605-8",
		"data_nasc": "06/02/1963",
		"sexo": "Feminino",
		"signo": "Aquário",
		"mae": "Fabiana Eduarda Ayla",
		"pai": "Julio Sebastião Ian Freitas",
		"email": "sonia-freitas83@biconsult.com.br",
		"senha": "JyXESjcC5o",
		"cep": "70683-095",
		"endereco": "Quadra SQNW 102 Bloco I",
		"numero": 633,
		"bairro": "Setor Noroeste",
		"cidade": "Brasília",
		"estado": "DF",
		"telefone_fixo": "(61) 2793-6998",
		"celular": "(61) 98506-3593",
		"altura": "1,59",
		"peso": 89,
		"tipo_sanguineo": "B-",
		"cor": "preto"
	},
	{
		"nome": "Jorge Isaac Martins",
		"idade": 76,
		"cpf": "498.313.691-65",
		"rg": "43.420.579-5",
		"data_nasc": "20/01/1947",
		"sexo": "Masculino",
		"signo": "Capricórnio",
		"mae": "Rita Eduarda Hadassa",
		"pai": "José Renan Martins",
		"email": "jorge.isaac.martins@consultoriosjc.com.br",
		"senha": "Hx4ZxLClAM",
		"cep": "72151-500",
		"endereco": "Quadra EQNL 9/11",
		"numero": 458,
		"bairro": "Taguatinga Norte (Taguatinga)",
		"cidade": "Brasília",
		"estado": "DF",
		"telefone_fixo": "(61) 2531-7181",
		"celular": "(61) 99412-9024",
		"altura": "1,75",
		"peso": 83,
		"tipo_sanguineo": "B+",
		"cor": "amarelo"
	},
	{
		"nome": "Daiane Benedita Letícia Aparício",
		"idade": 57,
		"cpf": "437.367.641-03",
		"rg": "32.455.920-3",
		"data_nasc": "23/02/1966",
		"sexo": "Feminino",
		"signo": "Peixes",
		"mae": "Márcia Daiane",
		"pai": "Juan José Aparício",
		"email": "daiane.benedita.aparicio@br.festo.com",
		"senha": "yJP28sL092",
		"cep": "70256-170",
		"endereco": "Quadra SQS 407 Bloco Q",
		"numero": 815,
		"bairro": "Asa Sul",
		"cidade": "Brasília",
		"estado": "DF",
		"telefone_fixo": "(61) 2673-2625",
		"celular": "(61) 98519-9157",
		"altura": "1,58",
		"peso": 52,
		"tipo_sanguineo": "AB+",
		"cor": "amarelo"
	},
	{
		"nome": "Rebeca Alessandra Barbosa",
		"idade": 20,
		"cpf": "720.759.381-30",
		"rg": "26.637.104-8",
		"data_nasc": "03/02/2003",
		"sexo": "Feminino",
		"signo": "Aquário",
		"mae": "Stefany Melissa",
		"pai": "Paulo Daniel Yago Barbosa",
		"email": "rebeca.alessandra.barbosa@trietto.com.br",
		"senha": "4cZKUPUdzA",
		"cep": "71010-167",
		"endereco": "Quadra QI 10 Bloco P",
		"numero": 512,
		"bairro": "Guará I",
		"cidade": "Brasília",
		"estado": "DF",
		"telefone_fixo": "(61) 2947-0687",
		"celular": "(61) 98216-6019",
		"altura": "1,73",
		"peso": 47,
		"tipo_sanguineo": "B+",
		"cor": "vermelho"
	},
	{
		"nome": "Raul Pedro Castro",
		"idade": 64,
		"cpf": "964.823.901-02",
		"rg": "40.174.546-6",
		"data_nasc": "05/01/1959",
		"sexo": "Masculino",
		"signo": "Capricórnio",
		"mae": "Fernanda Larissa Luiza",
		"pai": "Arthur Alexandre Castro",
		"email": "raulpedrocastro@fortlar.com.br",
		"senha": "85JywFcN3S",
		"cep": "72343-300",
		"endereco": "Quadra QR 217",
		"numero": 117,
		"bairro": "Samambaia Norte (Samambaia)",
		"cidade": "Brasília",
		"estado": "DF",
		"telefone_fixo": "(61) 3685-1538",
		"celular": "(61) 98355-5538",
		"altura": "1,99",
		"peso": 102,
		"tipo_sanguineo": "O+",
		"cor": "amarelo"
	},
	{
		"nome": "Augusto Rafael Nascimento",
		"idade": 38,
		"cpf": "054.063.441-70",
		"rg": "30.183.245-6",
		"data_nasc": "18/02/1985",
		"sexo": "Masculino",
		"signo": "Aquário",
		"mae": "Sophie Ester Alessandra",
		"pai": "Fernando Marcos Vinicius Cauã Nascimento",
		"email": "augusto.rafael.nascimento@oliveiracontabil.com.br",
		"senha": "HoFhaCzbCe",
		"cep": "71025-010",
		"endereco": "Quadra QE 25",
		"numero": 904,
		"bairro": "Guará II",
		"cidade": "Brasília",
		"estado": "DF",
		"telefone_fixo": "(61) 2686-7150",
		"celular": "(61) 99994-5844",
		"altura": "1,91",
		"peso": 78,
		"tipo_sanguineo": "B+",
		"cor": "vermelho"
	},
	{
		"nome": "Aline Mariana Eloá Vieira",
		"idade": 35,
		"cpf": "424.990.891-72",
		"rg": "20.893.609-9",
		"data_nasc": "22/01/1988",
		"sexo": "Feminino",
		"signo": "Aquário",
		"mae": "Cristiane Mirella Isabelle",
		"pai": "Gabriel Raimundo Vieira",
		"email": "alinemarianavieira@qualita.srv.br",
		"senha": "NO5iN0y2GW",
		"cep": "73310-229",
		"endereco": "Área SHD Bloco I",
		"numero": 457,
		"bairro": "Setor de Hotéis e Diversões (Planaltina)",
		"cidade": "Brasília",
		"estado": "DF",
		"telefone_fixo": "(61) 3773-0964",
		"celular": "(61) 98974-0207",
		"altura": "1,70",
		"peso": 64,
		"tipo_sanguineo": "A-",
		"cor": "laranja"
	},
	{
		"nome": "Eloá Bianca Corte Real",
		"idade": 19,
		"cpf": "426.803.211-89",
		"rg": "26.246.475-5",
		"data_nasc": "08/02/2004",
		"sexo": "Feminino",
		"signo": "Aquário",
		"mae": "Josefa Raimunda Eloá",
		"pai": "Hugo Emanuel Giovanni Corte Real",
		"email": "eloa_bianca_cortereal@vnews.com.br",
		"senha": "7spYDPbq4q",
		"cep": "71593-370",
		"endereco": "Quadra 330",
		"numero": 464,
		"bairro": "Del Lago II (Itapoã)",
		"cidade": "Brasília",
		"estado": "DF",
		"telefone_fixo": "(61) 2639-0062",
		"celular": "(61) 99645-4108",
		"altura": "1,67",
		"peso": 71,
		"tipo_sanguineo": "AB-",
		"cor": "vermelho"
	},
	{
		"nome": "Hugo Leonardo Jorge Gomes",
		"idade": 59,
		"cpf": "381.833.961-94",
		"rg": "19.813.936-6",
		"data_nasc": "05/01/1964",
		"sexo": "Masculino",
		"signo": "Capricórnio",
		"mae": "Jéssica Tânia Clarice",
		"pai": "Fábio Cláudio Edson Gomes",
		"email": "hugoleonardogomes@3coreonline.com.br",
		"senha": "reLHAB1Zcg",
		"cep": "71880-140",
		"endereco": "Quadra QN 8D",
		"numero": 973,
		"bairro": "Riacho Fundo II",
		"cidade": "Brasília",
		"estado": "DF",
		"telefone_fixo": "(61) 3614-7842",
		"celular": "(61) 99735-5713",
		"altura": "1,71",
		"peso": 82,
		"tipo_sanguineo": "AB-",
		"cor": "laranja"
	},
	{
		"nome": "Anderson Tiago Mário Jesus",
		"idade": 53,
		"cpf": "286.032.681-26",
		"rg": "49.136.148-8",
		"data_nasc": "06/02/1970",
		"sexo": "Masculino",
		"signo": "Aquário",
		"mae": "Nina Elisa Isabelle",
		"pai": "Gael Iago Emanuel Jesus",
		"email": "andersontiagojesus@cntbrasil.com.br",
		"senha": "HebZj16eWl",
		"cep": "70306-999",
		"endereco": "SCS Quadra 6 Bloco A Loja 246",
		"numero": 477,
		"bairro": "Asa Sul",
		"cidade": "Brasília",
		"estado": "DF",
		"telefone_fixo": "(61) 2763-8275",
		"celular": "(61) 98683-8083",
		"altura": "1,83",
		"peso": 88,
		"tipo_sanguineo": "B-",
		"cor": "preto"
	},
	{
		"nome": "Nina Andrea Nogueira",
		"idade": 36,
		"cpf": "310.095.001-12",
		"rg": "16.666.491-1",
		"data_nasc": "24/02/1987",
		"sexo": "Feminino",
		"signo": "Peixes",
		"mae": "Rosa Sueli",
		"pai": "Benedito Gustavo Isaac Nogueira",
		"email": "nina.andrea.nogueira@live.com.br",
		"senha": "J27f52wfWi",
		"cep": "71751-030",
		"endereco": "Núcleo Rural Vargem Bonita Rua 1 Chácara 6",
		"numero": 486,
		"bairro": "Núcleo Rural Vargem Bonita (Núcleo Bandeirante)",
		"cidade": "Brasília",
		"estado": "DF",
		"telefone_fixo": "(61) 3794-6800",
		"celular": "(61) 98468-9884",
		"altura": "1,78",
		"peso": 67,
		"tipo_sanguineo": "B-",
		"cor": "preto"
	},
	{
		"nome": "Kamilly Allana Viana",
		"idade": 24,
		"cpf": "287.373.721-22",
		"rg": "41.449.146-4",
		"data_nasc": "24/01/1999",
		"sexo": "Feminino",
		"signo": "Aquário",
		"mae": "Isabella Fabiana Camila",
		"pai": "Kauê Thomas Viana",
		"email": "kamilly.allana.viana@gringa360.com.br",
		"senha": "nGI11BQ0Js",
		"cep": "70296-530",
		"endereco": "Quadra CLS 413 Bloco C",
		"numero": 599,
		"bairro": "Asa Sul",
		"cidade": "Brasília",
		"estado": "DF",
		"telefone_fixo": "(61) 2895-9388",
		"celular": "(61) 99200-1884",
		"altura": "1,68",
		"peso": 73,
		"tipo_sanguineo": "A-",
		"cor": "vermelho"
	},
	{
		"nome": "Elaine Carla Almada",
		"idade": 57,
		"cpf": "415.005.431-28",
		"rg": "23.957.841-7",
		"data_nasc": "17/02/1966",
		"sexo": "Feminino",
		"signo": "Aquário",
		"mae": "Simone Larissa",
		"pai": "Lucas Ryan Almada",
		"email": "elaine_almada@said.adv.br",
		"senha": "4m0NyXSSaW",
		"cep": "72301-301",
		"endereco": "Quadra QR 109 Conjunto 1",
		"numero": 591,
		"bairro": "Samambaia Sul (Samambaia)",
		"cidade": "Brasília",
		"estado": "DF",
		"telefone_fixo": "(61) 2858-0567",
		"celular": "(61) 98776-0670",
		"altura": "1,52",
		"peso": 48,
		"tipo_sanguineo": "B+",
		"cor": "verde"
	},
	{
		"nome": "Hadassa Agatha Novaes",
		"idade": 32,
		"cpf": "286.636.881-99",
		"rg": "11.736.198-7",
		"data_nasc": "15/01/1991",
		"sexo": "Feminino",
		"signo": "Capricórnio",
		"mae": "Nair Rosa Raimunda",
		"pai": "Kaique Nelson Novaes",
		"email": "hadassa_novaes@bemdito.com.br",
		"senha": "FEr24BDoHc",
		"cep": "70255-400",
		"endereco": "Quadra EQS 406/407",
		"numero": 292,
		"bairro": "Asa Sul",
		"cidade": "Brasília",
		"estado": "DF",
		"telefone_fixo": "(61) 2568-6484",
		"celular": "(61) 99549-0589",
		"altura": "1,54",
		"peso": 66,
		"tipo_sanguineo": "B-",
		"cor": "vermelho"
	},
	{
		"nome": "Caio Bento Yago Souza",
		"idade": 38,
		"cpf": "870.851.231-09",
		"rg": "27.043.331-4",
		"data_nasc": "13/02/1985",
		"sexo": "Masculino",
		"signo": "Aquário",
		"mae": "Evelyn Milena",
		"pai": "Edson Leonardo Levi Souza",
		"email": "caio-souza73@grupompe.com.br",
		"senha": "4JL5mFgHqm",
		"cep": "72600-228",
		"endereco": "Quadra Quadra 102 Área Especial 1",
		"numero": 577,
		"bairro": "Recanto das Emas",
		"cidade": "Brasília",
		"estado": "DF",
		"telefone_fixo": "(61) 2892-4545",
		"celular": "(61) 99670-6158",
		"altura": "1,96",
		"peso": 88,
		"tipo_sanguineo": "A-",
		"cor": "vermelho"
	},
	{
		"nome": "Lorena Patrícia Monteiro",
		"idade": 42,
		"cpf": "547.373.431-61",
		"rg": "32.773.781-5",
		"data_nasc": "08/01/1981",
		"sexo": "Feminino",
		"signo": "Capricórnio",
		"mae": "Heloisa Sueli",
		"pai": "Iago Thales Monteiro",
		"email": "lorena-monteiro71@akto.com.br",
		"senha": "Ai7gC4NEkd",
		"cep": "72343-362",
		"endereco": "Quadra Quadra 217 Conjunto 2",
		"numero": 265,
		"bairro": "Samambaia Norte (Samambaia)",
		"cidade": "Brasília",
		"estado": "DF",
		"telefone_fixo": "(61) 2979-6777",
		"celular": "(61) 99460-4489",
		"altura": "1,80",
		"peso": 49,
		"tipo_sanguineo": "A-",
		"cor": "laranja"
	},
	{
		"nome": "Sônia Manuela Ana Fogaça",
		"idade": 43,
		"cpf": "394.373.141-36",
		"rg": "10.291.914-8",
		"data_nasc": "15/02/1980",
		"sexo": "Feminino",
		"signo": "Aquário",
		"mae": "Sara Lavínia",
		"pai": "Pedro Pietro Osvaldo Fogaça",
		"email": "sonia.manuela.fogaca@citadini.imb.br",
		"senha": "idLKQcNEbO",
		"cep": "71805-520",
		"endereco": "Quadra CLN 5",
		"numero": 825,
		"bairro": "Riacho Fundo I",
		"cidade": "Brasília",
		"estado": "DF",
		"telefone_fixo": "(61) 2804-5955",
		"celular": "(61) 98975-4354",
		"altura": "1,74",
		"peso": 69,
		"tipo_sanguineo": "AB+",
		"cor": "preto"
	}
]