[
	{
		"nome": "Murilo Daniel Fernandes",
		"idade": 30,
		"cpf": "044.807.531-84",
		"rg": "29.631.153-4",
		"data_nasc": "23/02/1993",
		"sexo": "Masculino",
		"signo": "Peixes",
		"mae": "Milena Amanda Natália",
		"pai": "Gabriel Davi Fernandes",
		"email": "murilo_fernandes@corpoclinica.com.br",
		"senha": "kplUNF4M9p",
		"cep": "70863-520",
		"endereco": "Quadra CLN 211 Bloco B",
		"numero": 869,
		"bairro": "Asa Norte",
		"cidade": "Brasília",
		"estado": "DF",
		"telefone_fixo": "(61) 3937-3717",
		"celular": "(61) 98421-6344",
		"altura": "1,99",
		"peso": 77,
		"tipo_sanguineo": "A+",
		"cor": "verde"
	},
	{
		"nome": "Caleb Matheus Danilo Baptista",
		"idade": 71,
		"cpf": "419.663.501-63",
		"rg": "27.044.750-7",
		"data_nasc": "04/02/1952",
		"sexo": "Masculino",
		"signo": "Aquário",
		"mae": "Emily Aurora Francisca",
		"pai": "Cauê Samuel Baptista",
		"email": "calebmatheusbaptista@bodyfast.com.br",
		"senha": "85FByOdHcH",
		"cep": "72316-023",
		"endereco": "Quadra QR 206 Conjunto 23",
		"numero": 263,
		"bairro": "Samambaia Norte (Samambaia)",
		"cidade": "Brasília",
		"estado": "DF",
		"telefone_fixo": "(61) 2997-3411",
		"celular": "(61) 99214-1371",
		"altura": "1,98",
		"peso": 71,
		"tipo_sanguineo": "O+",
		"cor": "laranja"
	},
	{
		"nome": "Benjamin Severino Pinto",
		"idade": 42,
		"cpf": "732.924.851-77",
		"rg": "10.673.857-4",
		"data_nasc": "02/02/1981",
		"sexo": "Masculino",
		"signo": "Aquário",
		"mae": "Carolina Antonella",
		"pai": "Ruan Luan Pinto",
		"email": "benjaminseverinopinto@pop.com.br",
		"senha": "96S6JYItUO",
		"cep": "70734-070",
		"endereco": "Quadra SQN 105 Bloco G",
		"numero": 456,
		"bairro": "Asa Norte",
		"cidade": "Brasília",
		"estado": "DF",
		"telefone_fixo": "(61) 3947-2793",
		"celular": "(61) 98416-5166",
		"altura": "1,70",
		"peso": 61,
		"tipo_sanguineo": "AB+",
		"cor": "azul"
	},
	{
		"nome": "Pietro Rafael Erick Pereira",
		"idade": 50,
		"cpf": "088.189.921-63",
		"rg": "38.214.498-3",
		"data_nasc": "10/02/1973",
		"sexo": "Masculino",
		"signo": "Aquário",
		"mae": "Fátima Alana Nina",
		"pai": "Bruno Caio Pereira",
		"email": "pietro_pereira@danzarin.com.br",
		"senha": "YJCiYxrTc1",
		"cep": "71262-120",
		"endereco": "Quadra SCSV Quadra 1 Conjunto 4",
		"numero": 454,
		"bairro": "Setor Leste (Vila Estrutural - Guará)",
		"cidade": "Brasília",
		"estado": "DF",
		"telefone_fixo": "(61) 3724-2713",
		"celular": "(61) 98965-0294",
		"altura": "1,64",
		"peso": 109,
		"tipo_sanguineo": "O-",
		"cor": "verde"
	},
	{
		"nome": "Gael Renato Aragão",
		"idade": 35,
		"cpf": "561.863.171-70",
		"rg": "30.319.713-4",
		"data_nasc": "23/02/1988",
		"sexo": "Masculino",
		"signo": "Peixes",
		"mae": "Tereza Analu",
		"pai": "Antonio Levi Thiago Aragão",
		"email": "gael-aragao85@formigueiromaquinas.com.br",
		"senha": "baw7MoQdGX",
		"cep": "70255-000",
		"endereco": "Quadra SQS 406",
		"numero": 787,
		"bairro": "Asa Sul",
		"cidade": "Brasília",
		"estado": "DF",
		"telefone_fixo": "(61) 2619-9595",
		"celular": "(61) 99442-7747",
		"altura": "1,88",
		"peso": 77,
		"tipo_sanguineo": "A-",
		"cor": "roxo"
	},
	{
		"nome": "Larissa Kamilly Moraes",
		"idade": 59,
		"cpf": "921.447.941-03",
		"rg": "16.583.663-5",
		"data_nasc": "19/02/1964",
		"sexo": "Feminino",
		"signo": "Aquário",
		"mae": "Sueli Olivia Cecília",
		"pai": "Martin Raul Moraes",
		"email": "larissakamillymoraes@bzness.com.br",
		"senha": "Xheqh4cQMI",
		"cep": "72305-506",
		"endereco": "Quadra QS 303 Conjunto 6",
		"numero": 617,
		"bairro": "Samambaia Sul (Samambaia)",
		"cidade": "Brasília",
		"estado": "DF",
		"telefone_fixo": "(61) 2954-4303",
		"celular": "(61) 99551-6894",
		"altura": "1,54",
		"peso": 83,
		"tipo_sanguineo": "O-",
		"cor": "preto"
	},
	{
		"nome": "Bruno Danilo Teixeira",
		"idade": 20,
		"cpf": "607.870.301-39",
		"rg": "38.238.151-8",
		"data_nasc": "17/02/2003",
		"sexo": "Masculino",
		"signo": "Aquário",
		"mae": "Isabelly Lavínia",
		"pai": "Thomas Victor Teixeira",
		"email": "brunodaniloteixeira@onvale.com",
		"senha": "EPYA7PYQ9E",
		"cep": "72231-221",
		"endereco": "Quadra QNP 12 Conjunto U",
		"numero": 246,
		"bairro": "Ceilândia Sul (Ceilândia)",
		"cidade": "Brasília",
		"estado": "DF",
		"telefone_fixo": "(61) 2914-4523",
		"celular": "(61) 99820-1933",
		"altura": "1,70",
		"peso": 91,
		"tipo_sanguineo": "B+",
		"cor": "amarelo"
	},
	{
		"nome": "Agatha Luiza Ramos",
		"idade": 50,
		"cpf": "354.352.621-94",
		"rg": "38.249.719-3",
		"data_nasc": "23/02/1973",
		"sexo": "Feminino",
		"signo": "Peixes",
		"mae": "Caroline Isis Stella",
		"pai": "Noah Geraldo Ramos",
		"email": "agatha_luiza_ramos@prositeweb.com.br",
		"senha": "hetTZMNc4u",
		"cep": "71827-620",
		"endereco": "Chácara Chácara 07",
		"numero": 581,
		"bairro": "Riacho Fundo I",
		"cidade": "Brasília",
		"estado": "DF",
		"telefone_fixo": "(61) 2882-7019",
		"celular": "(61) 99220-8312",
		"altura": "1,64",
		"peso": 58,
		"tipo_sanguineo": "O-",
		"cor": "vermelho"
	},
	{
		"nome": "Márcio Anthony Cavalcanti",
		"idade": 41,
		"cpf": "377.570.651-86",
		"rg": "36.624.807-8",
		"data_nasc": "22/01/1982",
		"sexo": "Masculino",
		"signo": "Aquário",
		"mae": "Sarah Sebastiana Mariane",
		"pai": "Lucca Renan Paulo Cavalcanti",
		"email": "marcio-cavalcanti95@oxiteno.com",
		"senha": "kHezcmH9PB",
		"cep": "73090-923",
		"endereco": "Rodovia DF-150 Km 5",
		"numero": 364,
		"bairro": "Setor Habitacional Contagem (Sobradinho)",
		"cidade": "Brasília",
		"estado": "DF",
		"telefone_fixo": "(61) 3502-1272",
		"celular": "(61) 98957-6122",
		"altura": "1,73",
		"peso": 51,
		"tipo_sanguineo": "A-",
		"cor": "vermelho"
	},
	{
		"nome": "Emanuelly Tatiane Jesus",
		"idade": 55,
		"cpf": "690.902.661-60",
		"rg": "32.799.035-1",
		"data_nasc": "15/01/1968",
		"sexo": "Feminino",
		"signo": "Capricórnio",
		"mae": "Olivia Lara",
		"pai": "Yago Martin Jesus",
		"email": "emanuelly.tatiane.jesus@dpi.indl.com.br",
		"senha": "MdZwh7ohFR",
		"cep": "73310-302",
		"endereco": "Quadra Quadra 1 Bloco B",
		"numero": 842,
		"bairro": "Setor Comercial Central (Planaltina)",
		"cidade": "Brasília",
		"estado": "DF",
		"telefone_fixo": "(61) 2534-4705",
		"celular": "(61) 99105-7202",
		"altura": "1,55",
		"peso": 49,
		"tipo_sanguineo": "B+",
		"cor": "azul"
	},
	{
		"nome": "Anderson Murilo Thomas Carvalho",
		"idade": 72,
		"cpf": "798.568.491-36",
		"rg": "15.134.183-7",
		"data_nasc": "04/02/1951",
		"sexo": "Masculino",
		"signo": "Aquário",
		"mae": "Marcela Rosa",
		"pai": "Enzo André Carvalho",
		"email": "anderson_murilo_carvalho@wnetrj.com.br",
		"senha": "eoasyQCKJz",
		"cep": "73401-433",
		"endereco": "Módulo Módulo 12",
		"numero": 292,
		"bairro": "Estância Mestre D'Armas IV (Planaltina)",
		"cidade": "Brasília",
		"estado": "DF",
		"telefone_fixo": "(61) 3749-4758",
		"celular": "(61) 98225-0555",
		"altura": "1,98",
		"peso": 90,
		"tipo_sanguineo": "A+",
		"cor": "vermelho"
	},
	{
		"nome": "Marlene Carla Ferreira",
		"idade": 55,
		"cpf": "570.886.991-76",
		"rg": "18.924.857-9",
		"data_nasc": "27/01/1968",
		"sexo": "Feminino",
		"signo": "Aquário",
		"mae": "Milena Sebastiana Catarina",
		"pai": "Renato Martin Ferreira",
		"email": "marlene-ferreira77@mpv.org.br",
		"senha": "QCsbscDUcL",
		"cep": "70381-535",
		"endereco": "Quadra CRS 516 Bloco C",
		"numero": 604,
		"bairro": "Asa Sul",
		"cidade": "Brasília",
		"estado": "DF",
		"telefone_fixo": "(61) 2832-3797",
		"celular": "(61) 99887-7265",
		"altura": "1,58",
		"peso": 78,
		"tipo_sanguineo": "A-",
		"cor": "laranja"
	},
	{
		"nome": "Marina Isabelle Simone Rezende",
		"idade": 32,
		"cpf": "721.989.751-06",
		"rg": "34.325.530-3",
		"data_nasc": "24/02/1991",
		"sexo": "Feminino",
		"signo": "Peixes",
		"mae": "Esther Jéssica Isabelly",
		"pai": "Yuri Breno Otávio Rezende",
		"email": "marina_rezende@grupoaguaviva.com.br",
		"senha": "quxcCCyrSz",
		"cep": "72220-514",
		"endereco": "Quadra EQNN 2/4 Bloco D",
		"numero": 705,
		"bairro": "Ceilândia Sul (Ceilândia)",
		"cidade": "Brasília",
		"estado": "DF",
		"telefone_fixo": "(61) 2663-1443",
		"celular": "(61) 98492-8663",
		"altura": "1,68",
		"peso": 84,
		"tipo_sanguineo": "B+",
		"cor": "azul"
	},
	{
		"nome": "Sandra Joana Maya Mendes",
		"idade": 75,
		"cpf": "228.904.961-12",
		"rg": "16.269.298-5",
		"data_nasc": "06/01/1948",
		"sexo": "Feminino",
		"signo": "Capricórnio",
		"mae": "Raquel Laís",
		"pai": "Tomás Martin Thiago Mendes",
		"email": "sandra_joana_mendes@golinelli.eti.br",
		"senha": "FgtyurkJP9",
		"cep": "71880-014",
		"endereco": "Quadra QN 7A Conjunto 4",
		"numero": 216,
		"bairro": "Riacho Fundo II",
		"cidade": "Brasília",
		"estado": "DF",
		"telefone_fixo": "(61) 3927-7813",
		"celular": "(61) 98889-3714",
		"altura": "1,83",
		"peso": 63,
		"tipo_sanguineo": "B+",
		"cor": "amarelo"
	},
	{
		"nome": "Márcia Carolina Ayla Gonçalves",
		"idade": 27,
		"cpf": "439.658.131-96",
		"rg": "37.801.548-5",
		"data_nasc": "07/01/1996",
		"sexo": "Feminino",
		"signo": "Capricórnio",
		"mae": "Priscila Sandra",
		"pai": "Francisco Felipe Gonçalves",
		"email": "marciacarolinagoncalves@tortasecreta.com",
		"senha": "UPAumstsge",
		"cep": "73061-110",
		"endereco": "Quadra Quadra 2 Conjunto B",
		"numero": 519,
		"bairro": "Setor Oeste (Sobradinho II)",
		"cidade": "Brasília",
		"estado": "DF",
		"telefone_fixo": "(61) 3869-2633",
		"celular": "(61) 98919-4249",
		"altura": "1,84",
		"peso": 67,
		"tipo_sanguineo": "AB-",
		"cor": "amarelo"
	},
	{
		"nome": "Rafaela Silvana da Costa",
		"idade": 39,
		"cpf": "479.219.461-00",
		"rg": "31.535.140-8",
		"data_nasc": "08/01/1984",
		"sexo": "Feminino",
		"signo": "Capricórnio",
		"mae": "Alessandra Alana Giovana",
		"pai": "Henrique Martin Benício da Costa",
		"email": "rafaelasilvanadacosta@bemdito.com.br",
		"senha": "lXFdPi3Zn5",
		"cep": "70351-999",
		"endereco": "CRS 508 Bloco C Lojas 1/7",
		"numero": 221,
		"bairro": "Asa Sul",
		"cidade": "Brasília",
		"estado": "DF",
		"telefone_fixo": "(61) 3559-0912",
		"celular": "(61) 98742-0915",
		"altura": "1,84",
		"peso": 59,
		"tipo_sanguineo": "B+",
		"cor": "vermelho"
	},
	{
		"nome": "Martin Murilo Oliver Figueiredo",
		"idade": 24,
		"cpf": "691.284.971-71",
		"rg": "33.146.104-3",
		"data_nasc": "05/02/1999",
		"sexo": "Masculino",
		"signo": "Aquário",
		"mae": "Alessandra Giovana",
		"pai": "Igor Gael José Figueiredo",
		"email": "martin_murilo_figueiredo@w3ag.com",
		"senha": "DuE41rlGid",
		"cep": "72270-219",
		"endereco": "Quadra QNQ 2 Conjunto 19",
		"numero": 949,
		"bairro": "Ceilândia Norte (Ceilândia)",
		"cidade": "Brasília",
		"estado": "DF",
		"telefone_fixo": "(61) 2801-7800",
		"celular": "(61) 99222-8523",
		"altura": "1,86",
		"peso": 70,
		"tipo_sanguineo": "A-",
		"cor": "azul"
	},
	{
		"nome": "Evelyn Sueli Luiza Melo",
		"idade": 52,
		"cpf": "283.124.641-58",
		"rg": "49.096.391-2",
		"data_nasc": "03/01/1971",
		"sexo": "Feminino",
		"signo": "Capricórnio",
		"mae": "Raimunda Joana Laura",
		"pai": "Marcos Vinicius Márcio Severino Melo",
		"email": "evelyn_sueli_melo@attglobal.net",
		"senha": "uwyxdnbwJW",
		"cep": "72015-220",
		"endereco": "Quadra QSA 22",
		"numero": 720,
		"bairro": "Taguatinga Sul (Taguatinga)",
		"cidade": "Brasília",
		"estado": "DF",
		"telefone_fixo": "(61) 3714-3490",
		"celular": "(61) 99577-6542",
		"altura": "1,60",
		"peso": 81,
		"tipo_sanguineo": "B-",
		"cor": "roxo"
	},
	{
		"nome": "Raquel Vanessa Natália da Rocha",
		"idade": 68,
		"cpf": "401.934.091-94",
		"rg": "24.392.634-0",
		"data_nasc": "09/01/1955",
		"sexo": "Feminino",
		"signo": "Capricórnio",
		"mae": "Eliane Joana Sueli",
		"pai": "Eduardo Diogo Enrico da Rocha",
		"email": "raquel.vanessa.darocha@vbrasildigital.net",
		"senha": "1PWBhtJ8OR",
		"cep": "72341-407",
		"endereco": "Quadra QR 209 Conjunto 7",
		"numero": 846,
		"bairro": "Samambaia Norte (Samambaia)",
		"cidade": "Brasília",
		"estado": "DF",
		"telefone_fixo": "(61) 2505-2033",
		"celular": "(61) 99113-2081",
		"altura": "1,84",
		"peso": 77,
		"tipo_sanguineo": "B-",
		"cor": "azul"
	},
	{
		"nome": "Jorge Luiz Nogueira",
		"idade": 24,
		"cpf": "946.433.101-11",
		"rg": "39.164.944-9",
		"data_nasc": "22/01/1999",
		"sexo": "Masculino",
		"signo": "Aquário",
		"mae": "Rafaela Allana Tânia",
		"pai": "Anthony Luiz Renato Nogueira",
		"email": "jorge-nogueira85@agenciadbd.com",
		"senha": "tInT3Ul4WI",
		"cep": "72425-143",
		"endereco": "Praça 1 Lote 01",
		"numero": 595,
		"bairro": "Setor Oeste (Gama)",
		"cidade": "Brasília",
		"estado": "DF",
		"telefone_fixo": "(61) 3948-6134",
		"celular": "(61) 98399-3420",
		"altura": "1,81",
		"peso": 54,
		"tipo_sanguineo": "A+",
		"cor": "roxo"
	},
	{
		"nome": "Fábio Danilo Alexandre Caldeira",
		"idade": 57,
		"cpf": "210.795.531-00",
		"rg": "44.645.936-7",
		"data_nasc": "26/01/1966",
		"sexo": "Masculino",
		"signo": "Aquário",
		"mae": "Kamilly Elaine",
		"pai": "Alexandre Pietro Caldeira",
		"email": "fabio_danilo_caldeira@digitalsj.com.br",
		"senha": "gyJAaDbeTD",
		"cep": "71536-304",
		"endereco": "Trecho Trecho 05 Chácara 180",
		"numero": 370,
		"bairro": "Setor de Habitações Individuais Norte",
		"cidade": "Brasília",
		"estado": "DF",
		"telefone_fixo": "(61) 3911-6803",
		"celular": "(61) 99704-4316",
		"altura": "1,77",
		"peso": 108,
		"tipo_sanguineo": "AB+",
		"cor": "laranja"
	},
	{
		"nome": "Leonardo Miguel Joaquim Moura",
		"idade": 33,
		"cpf": "020.059.561-04",
		"rg": "48.597.047-8",
		"data_nasc": "16/02/1990",
		"sexo": "Masculino",
		"signo": "Aquário",
		"mae": "Emily Louise Kamilly",
		"pai": "Breno Kevin Moura",
		"email": "leonardo_moura@associate.com.br",
		"senha": "npKpxdnu1e",
		"cep": "70790-116",
		"endereco": "Quadra SEPN 711/911 Módulo A",
		"numero": 373,
		"bairro": "Asa Norte",
		"cidade": "Brasília",
		"estado": "DF",
		"telefone_fixo": "(61) 3654-0515",
		"celular": "(61) 98679-2887",
		"altura": "1,91",
		"peso": 80,
		"tipo_sanguineo": "A+",
		"cor": "verde"
	},
	{
		"nome": "Benedita Elza Alves",
		"idade": 74,
		"cpf": "286.423.651-61",
		"rg": "18.308.380-5",
		"data_nasc": "02/02/1949",
		"sexo": "Feminino",
		"signo": "Aquário",
		"mae": "Lorena Carolina Maya",
		"pai": "Bernardo Otávio Fábio Alves",
		"email": "beneditaelzaalves@gerdal.com.br",
		"senha": "od9j2RNU2U",
		"cep": "72341-103",
		"endereco": "Quadra QR 203 Conjunto 3",
		"numero": 155,
		"bairro": "Samambaia Norte (Samambaia)",
		"cidade": "Brasília",
		"estado": "DF",
		"telefone_fixo": "(61) 2560-5822",
		"celular": "(61) 99563-4182",
		"altura": "1,83",
		"peso": 53,
		"tipo_sanguineo": "O-",
		"cor": "vermelho"
	},
	{
		"nome": "Joana Manuela Silva",
		"idade": 57,
		"cpf": "677.590.291-36",
		"rg": "14.365.943-1",
		"data_nasc": "14/01/1966",
		"sexo": "Feminino",
		"signo": "Capricórnio",
		"mae": "Marli Carla",
		"pai": "Jorge Kauê Silva",
		"email": "joana.manuela.silva@julianacaran.com.br",
		"senha": "l43FzULBH5",
		"cep": "70680-571",
		"endereco": "Quadra CCSW 5 Lote 3 Bloco 3C",
		"numero": 256,
		"bairro": "Setor Sudoeste",
		"cidade": "Brasília",
		"estado": "DF",
		"telefone_fixo": "(61) 2676-8040",
		"celular": "(61) 98402-8008",
		"altura": "1,67",
		"peso": 73,
		"tipo_sanguineo": "AB+",
		"cor": "preto"
	},
	{
		"nome": "Juliana Pietra Kamilly Novaes",
		"idade": 18,
		"cpf": "136.564.661-06",
		"rg": "39.991.787-1",
		"data_nasc": "10/01/2005",
		"sexo": "Feminino",
		"signo": "Capricórnio",
		"mae": "Sônia Evelyn",
		"pai": "Bryan Antonio Novaes",
		"email": "juliana-novaes83@gringa360.com.br",
		"senha": "oEiAJMmwIk",
		"cep": "72543-227",
		"endereco": "Quadra CL 213 Bloco G",
		"numero": 860,
		"bairro": "Santa Maria",
		"cidade": "Brasília",
		"estado": "DF",
		"telefone_fixo": "(61) 3689-8104",
		"celular": "(61) 99691-0598",
		"altura": "1,74",
		"peso": 80,
		"tipo_sanguineo": "B-",
		"cor": "preto"
	},
	{
		"nome": "Eduarda Lúcia Araújo",
		"idade": 73,
		"cpf": "818.297.561-17",
		"rg": "15.048.831-2",
		"data_nasc": "10/01/1950",
		"sexo": "Feminino",
		"signo": "Capricórnio",
		"mae": "Heloise Maya",
		"pai": "Davi Miguel Henrique Araújo",
		"email": "eduarda_araujo@ulbra.edu.br",
		"senha": "bqxXwyFntq",
		"cep": "73015-125",
		"endereco": "Quadra Quadra 2 Conjunto A-2 Bloco 2",
		"numero": 143,
		"bairro": "Sobradinho",
		"cidade": "Brasília",
		"estado": "DF",
		"telefone_fixo": "(61) 3753-6398",
		"celular": "(61) 99492-1245",
		"altura": "1,76",
		"peso": 76,
		"tipo_sanguineo": "A-",
		"cor": "verde"
	},
	{
		"nome": "Rosângela Jennifer Aparecida Porto",
		"idade": 36,
		"cpf": "612.690.541-55",
		"rg": "29.569.433-6",
		"data_nasc": "27/01/1987",
		"sexo": "Feminino",
		"signo": "Aquário",
		"mae": "Sônia Sophia Brenda",
		"pai": "Victor Otávio Porto",
		"email": "rosangela.jennifer.porto@cmfcequipamentos.com.br",
		"senha": "UloCIDChnu",
		"cep": "72715-020",
		"endereco": "Quadra Quadra 2",
		"numero": 115,
		"bairro": "Setor Sul (Brazlândia)",
		"cidade": "Brasília",
		"estado": "DF",
		"telefone_fixo": "(61) 3948-0544",
		"celular": "(61) 98661-6798",
		"altura": "1,57",
		"peso": 63,
		"tipo_sanguineo": "A+",
		"cor": "azul"
	},
	{
		"nome": "Fernando Kevin Elias da Mota",
		"idade": 39,
		"cpf": "636.488.221-87",
		"rg": "19.180.131-8",
		"data_nasc": "10/01/1984",
		"sexo": "Masculino",
		"signo": "Capricórnio",
		"mae": "Sabrina Gabrielly",
		"pai": "Augusto Felipe da Mota",
		"email": "fernando_kevin_damota@midiasim.com.br",
		"senha": "ok15850eeF",
		"cep": "71590-488",
		"endereco": "Quadra QL 1 Conjunto F",
		"numero": 765,
		"bairro": "Itapoã II",
		"cidade": "Brasília",
		"estado": "DF",
		"telefone_fixo": "(61) 2658-7333",
		"celular": "(61) 99780-5365",
		"altura": "1,62",
		"peso": 54,
		"tipo_sanguineo": "O+",
		"cor": "roxo"
	},
	{
		"nome": "Davi Noah Moreira",
		"idade": 68,
		"cpf": "931.012.901-80",
		"rg": "44.019.583-4",
		"data_nasc": "19/02/1955",
		"sexo": "Masculino",
		"signo": "Aquário",
		"mae": "Rebeca Mariah",
		"pai": "Filipe Mateus Paulo Moreira",
		"email": "davinoahmoreira@hotmai.com",
		"senha": "FYXh3Hl73F",
		"cep": "72650-805",
		"endereco": "Quadra Quadra 805 Conjunto 1",
		"numero": 673,
		"bairro": "Recanto das Emas",
		"cidade": "Brasília",
		"estado": "DF",
		"telefone_fixo": "(61) 3652-7840",
		"celular": "(61) 98751-8207",
		"altura": "1,88",
		"peso": 56,
		"tipo_sanguineo": "O-",
		"cor": "vermelho"
	},
	{
		"nome": "Bárbara Isis Daiane Santos",
		"idade": 23,
		"cpf": "127.692.331-73",
		"rg": "24.233.854-9",
		"data_nasc": "26/01/2000",
		"sexo": "Feminino",
		"signo": "Aquário",
		"mae": "Larissa Rayssa",
		"pai": "Victor Erick Diogo Santos",
		"email": "barbara_isis_santos@comercialrizzo.com",
		"senha": "FqMciTZmdg",
		"cep": "71751-240",
		"endereco": "Núcleo Rural Vargem Bonita Rua 2 Chácara 31",
		"numero": 902,
		"bairro": "Núcleo Rural Vargem Bonita (Núcleo Bandeirante)",
		"cidade": "Brasília",
		"estado": "DF",
		"telefone_fixo": "(61) 2984-0598",
		"celular": "(61) 98624-7908",
		"altura": "1,57",
		"peso": 58,
		"tipo_sanguineo": "AB-",
		"cor": "azul"
	}
]