[
	{
		"nome": "Calebe Enrico Cardoso",
		"idade": 54,
		"cpf": "768.662.111-15",
		"rg": "42.506.259-4",
		"data_nasc": "06/02/1969",
		"sexo": "Masculino",
		"signo": "Aquário",
		"mae": "Yasmin Bruna Kamilly",
		"pai": "Mário Francisco Cardoso",
		"email": "calebe_enrico_cardoso@2emesconstrutora.com.br",
		"senha": "HXoyplYdfp",
		"cep": "73310-308",
		"endereco": "Quadra Quadra 1 Bloco H",
		"numero": 802,
		"bairro": "Setor Comercial Central (Planaltina)",
		"cidade": "Brasília",
		"estado": "DF",
		"telefone_fixo": "(61) 2747-2160",
		"celular": "(61) 98583-3687",
		"altura": "1,76",
		"peso": 65,
		"tipo_sanguineo": "A-",
		"cor": "vermelho"
	},
	{
		"nome": "Levi Eduardo Farias",
		"idade": 50,
		"cpf": "239.833.881-91",
		"rg": "19.534.056-5",
		"data_nasc": "20/01/1973",
		"sexo": "Masculino",
		"signo": "Capricórnio",
		"mae": "Analu Elza Isis",
		"pai": "César Marcelo Eduardo Farias",
		"email": "levi-farias87@mosman.com.br",
		"senha": "kGjxfIe6IL",
		"cep": "72502-103",
		"endereco": "Quadra AC 102 Bloco C",
		"numero": 825,
		"bairro": "Santa Maria",
		"cidade": "Brasília",
		"estado": "DF",
		"telefone_fixo": "(61) 2757-9295",
		"celular": "(61) 99962-6972",
		"altura": "1,96",
		"peso": 90,
		"tipo_sanguineo": "AB-",
		"cor": "azul"
	},
	{
		"nome": "Lavínia Isadora Isabelle Galvão",
		"idade": 34,
		"cpf": "368.061.011-43",
		"rg": "46.652.605-2",
		"data_nasc": "02/02/1989",
		"sexo": "Feminino",
		"signo": "Aquário",
		"mae": "Amanda Ester",
		"pai": "Tiago Cauê Galvão",
		"email": "lavinia_isadora_galvao@poligerma.com.br",
		"senha": "wgKujTRtD3",
		"cep": "70658-196",
		"endereco": "Quadra SHCES Quadra 1109 Bloco F",
		"numero": 711,
		"bairro": "Cruzeiro Novo",
		"cidade": "Brasília",
		"estado": "DF",
		"telefone_fixo": "(61) 3511-7779",
		"celular": "(61) 98461-4325",
		"altura": "1,51",
		"peso": 60,
		"tipo_sanguineo": "AB-",
		"cor": "laranja"
	},
	{
		"nome": "Vitor Yago Ruan da Cruz",
		"idade": 73,
		"cpf": "261.825.471-62",
		"rg": "16.768.227-1",
		"data_nasc": "26/01/1950",
		"sexo": "Masculino",
		"signo": "Aquário",
		"mae": "Sebastiana Isabella",
		"pai": "Davi Igor da Cruz",
		"email": "vitor.yago.dacruz@redex.com.br",
		"senha": "wKqf5KzjXn",
		"cep": "71200-041",
		"endereco": "Trecho SIA Trecho 4",
		"numero": 698,
		"bairro": "Zona Industrial (Guará)",
		"cidade": "Brasília",
		"estado": "DF",
		"telefone_fixo": "(61) 2654-7012",
		"celular": "(61) 99932-5007",
		"altura": "1,80",
		"peso": 103,
		"tipo_sanguineo": "O+",
		"cor": "roxo"
	},
	{
		"nome": "Filipe Theo da Costa",
		"idade": 52,
		"cpf": "197.236.811-70",
		"rg": "42.852.460-6",
		"data_nasc": "21/01/1971",
		"sexo": "Masculino",
		"signo": "Aquário",
		"mae": "Vera Aparecida",
		"pai": "Márcio Manoel da Costa",
		"email": "filipetheodacosta@sinelcom.com.br",
		"senha": "MM7CedsqPg",
		"cep": "70712-904",
		"endereco": "SCN Quadra 2 Bloco D",
		"numero": 888,
		"bairro": "Asa Norte",
		"cidade": "Brasília",
		"estado": "DF",
		"telefone_fixo": "(61) 3697-5853",
		"celular": "(61) 99946-5189",
		"altura": "1,83",
		"peso": 97,
		"tipo_sanguineo": "AB+",
		"cor": "vermelho"
	},
	{
		"nome": "Fernanda Gabriela Rita Viana",
		"idade": 72,
		"cpf": "787.946.361-50",
		"rg": "26.008.581-9",
		"data_nasc": "06/01/1951",
		"sexo": "Feminino",
		"signo": "Capricórnio",
		"mae": "Sophia Analu Tânia",
		"pai": "Hugo Rodrigo Viana",
		"email": "fernanda_gabriela_viana@iega.com.br",
		"senha": "NoypAEgjBG",
		"cep": "71880-749",
		"endereco": "Quadra QN 33 Conjunto 3",
		"numero": 113,
		"bairro": "Riacho Fundo II",
		"cidade": "Brasília",
		"estado": "DF",
		"telefone_fixo": "(61) 2828-8466",
		"celular": "(61) 99748-1225",
		"altura": "1,57",
		"peso": 82,
		"tipo_sanguineo": "A+",
		"cor": "vermelho"
	},
	{
		"nome": "Alícia Heloise Gabrielly Castro",
		"idade": 44,
		"cpf": "994.444.391-35",
		"rg": "18.980.311-3",
		"data_nasc": "19/01/1979",
		"sexo": "Feminino",
		"signo": "Capricórnio",
		"mae": "Olivia Eliane Sarah",
		"pai": "Diogo Ricardo Castro",
		"email": "alicia_castro@csjsistemas.com.br",
		"senha": "APN90yGBBx",
		"cep": "72001-120",
		"endereco": "Chácara Gemétris Chácara 5",
		"numero": 150,
		"bairro": "Setor Habitacional Samambaia (Vicente Pires)",
		"cidade": "Brasília",
		"estado": "DF",
		"telefone_fixo": "(61) 3557-4753",
		"celular": "(61) 99242-2670",
		"altura": "1,67",
		"peso": 77,
		"tipo_sanguineo": "O-",
		"cor": "vermelho"
	},
	{
		"nome": "Cláudio Alexandre Novaes",
		"idade": 18,
		"cpf": "098.813.181-14",
		"rg": "47.071.157-7",
		"data_nasc": "27/01/2005",
		"sexo": "Masculino",
		"signo": "Aquário",
		"mae": "Marli Luzia",
		"pai": "Gabriel Felipe Fábio Novaes",
		"email": "claudio_alexandre_novaes@policiamilitar.sp.gov.br",
		"senha": "TJ01ECWrb3",
		"cep": "72115-555",
		"endereco": "Quadra CNC 5",
		"numero": 336,
		"bairro": "Taguatinga Norte (Taguatinga)",
		"cidade": "Brasília",
		"estado": "DF",
		"telefone_fixo": "(61) 3998-5839",
		"celular": "(61) 98315-5523",
		"altura": "1,98",
		"peso": 89,
		"tipo_sanguineo": "B+",
		"cor": "vermelho"
	},
	{
		"nome": "Yago Otávio Jesus",
		"idade": 55,
		"cpf": "628.369.311-32",
		"rg": "37.345.916-6",
		"data_nasc": "06/02/1968",
		"sexo": "Masculino",
		"signo": "Aquário",
		"mae": "Alícia Juliana Francisca",
		"pai": "Carlos Eduardo Vinicius Jesus",
		"email": "yago.otavio.jesus@aclnet.com.br",
		"senha": "SzhkXYxE4c",
		"cep": "72006-190",
		"endereco": "Rua Rua 5 Chácara 290",
		"numero": 426,
		"bairro": "Setor Habitacional Vicente Pires",
		"cidade": "Brasília",
		"estado": "DF",
		"telefone_fixo": "(61) 2577-7262",
		"celular": "(61) 99628-6100",
		"altura": "1,63",
		"peso": 51,
		"tipo_sanguineo": "O+",
		"cor": "verde"
	},
	{
		"nome": "Sônia Lúcia Freitas",
		"idade": 55,
		"cpf": "364.488.891-40",
		"rg": "17.410.464-9",
		"data_nasc": "27/01/1968",
		"sexo": "Feminino",
		"signo": "Aquário",
		"mae": "Nicole Mirella",
		"pai": "Thomas Lucas Kauê Freitas",
		"email": "sonia-freitas75@temavonfeccaosjc.com.br",
		"senha": "KBAZXd6CYw",
		"cep": "71261-530",
		"endereco": "Quadra Quadra 4 Conjunto 15",
		"numero": 895,
		"bairro": "Setor Leste (Vila Estrutural - Guará)",
		"cidade": "Brasília",
		"estado": "DF",
		"telefone_fixo": "(61) 2570-6140",
		"celular": "(61) 99216-6980",
		"altura": "1,69",
		"peso": 63,
		"tipo_sanguineo": "A+",
		"cor": "azul"
	},
	{
		"nome": "Carlos Pedro Henrique Gustavo Barros",
		"idade": 50,
		"cpf": "187.689.951-48",
		"rg": "14.407.432-1",
		"data_nasc": "02/02/1973",
		"sexo": "Masculino",
		"signo": "Aquário",
		"mae": "Raquel Carolina Sueli",
		"pai": "Murilo Thales Raul Barros",
		"email": "carlos_barros@telecall.com",
		"senha": "c8Ko6u3yJK",
		"cep": "72333-200",
		"endereco": "Quadra QR 621",
		"numero": 381,
		"bairro": "Samambaia Norte (Samambaia)",
		"cidade": "Brasília",
		"estado": "DF",
		"telefone_fixo": "(61) 2757-0090",
		"celular": "(61) 98908-1214",
		"altura": "1,74",
		"peso": 81,
		"tipo_sanguineo": "B+",
		"cor": "preto"
	},
	{
		"nome": "Thiago Pedro Henrique Almada",
		"idade": 68,
		"cpf": "282.418.921-52",
		"rg": "39.367.855-6",
		"data_nasc": "04/01/1955",
		"sexo": "Masculino",
		"signo": "Capricórnio",
		"mae": "Heloisa Allana Renata",
		"pai": "Elias Daniel Murilo Almada",
		"email": "thiagopedroalmada@lvnonline.com.be",
		"senha": "EmyEUoIbl0",
		"cep": "73050-063",
		"endereco": "Quadra Quadra 14 Área Especial 22",
		"numero": 409,
		"bairro": "Sobradinho",
		"cidade": "Brasília",
		"estado": "DF",
		"telefone_fixo": "(61) 2768-8982",
		"celular": "(61) 99778-9947",
		"altura": "1,78",
		"peso": 74,
		"tipo_sanguineo": "O-",
		"cor": "amarelo"
	},
	{
		"nome": "Gustavo Levi Ferreira",
		"idade": 26,
		"cpf": "011.731.741-17",
		"rg": "43.267.544-9",
		"data_nasc": "06/02/1997",
		"sexo": "Masculino",
		"signo": "Aquário",
		"mae": "Aurora Luzia",
		"pai": "Antonio Kaique Antonio Ferreira",
		"email": "gustavo.levi.ferreira@silnave.com.br",
		"senha": "OD3U9ndNCM",
		"cep": "72130-060",
		"endereco": "Quadra QNG 6",
		"numero": 883,
		"bairro": "Taguatinga Norte (Taguatinga)",
		"cidade": "Brasília",
		"estado": "DF",
		"telefone_fixo": "(61) 2712-6702",
		"celular": "(61) 98278-6067",
		"altura": "1,95",
		"peso": 76,
		"tipo_sanguineo": "B-",
		"cor": "preto"
	},
	{
		"nome": "Adriana Luna Baptista",
		"idade": 70,
		"cpf": "315.747.081-71",
		"rg": "41.742.303-2",
		"data_nasc": "24/02/1953",
		"sexo": "Feminino",
		"signo": "Peixes",
		"mae": "Camila Maitê Marcela",
		"pai": "Caleb Luís Baptista",
		"email": "adriana_baptista@rodrigofranco.com",
		"senha": "6Ugo82tAIX",
		"cep": "72155-523",
		"endereco": "Quadra EQNL 10/12 Bloco C",
		"numero": 207,
		"bairro": "Taguatinga Norte (Taguatinga)",
		"cidade": "Brasília",
		"estado": "DF",
		"telefone_fixo": "(61) 3865-9142",
		"celular": "(61) 99538-6581",
		"altura": "1,53",
		"peso": 46,
		"tipo_sanguineo": "B-",
		"cor": "azul"
	},
	{
		"nome": "Débora Isadora Larissa Corte Real",
		"idade": 24,
		"cpf": "211.178.361-77",
		"rg": "42.838.762-7",
		"data_nasc": "14/01/1999",
		"sexo": "Feminino",
		"signo": "Capricórnio",
		"mae": "Benedita Sophia",
		"pai": "André Davi Nicolas Corte Real",
		"email": "deboraisadoracortereal@virtualcriativa.com.br",
		"senha": "EYwEZ8rxcd",
		"cep": "72329-572",
		"endereco": "Quadra QS 433 Conjunto B",
		"numero": 151,
		"bairro": "Samambaia Norte (Samambaia)",
		"cidade": "Brasília",
		"estado": "DF",
		"telefone_fixo": "(61) 3971-2013",
		"celular": "(61) 98570-1158",
		"altura": "1,52",
		"peso": 61,
		"tipo_sanguineo": "A+",
		"cor": "roxo"
	},
	{
		"nome": "Vitor Matheus Roberto da Conceição",
		"idade": 71,
		"cpf": "607.606.931-70",
		"rg": "30.490.635-9",
		"data_nasc": "15/01/1952",
		"sexo": "Masculino",
		"signo": "Capricórnio",
		"mae": "Benedita Simone Natália",
		"pai": "Kauê Benício da Conceição",
		"email": "vitor.matheus.daconceicao@viacabonet.com.br",
		"senha": "Qa8pnlAIp0",
		"cep": "72240-565",
		"endereco": "Quadra EQNP 9/13 Bloco E",
		"numero": 311,
		"bairro": "Ceilândia Norte (Ceilândia)",
		"cidade": "Brasília",
		"estado": "DF",
		"telefone_fixo": "(61) 2802-0502",
		"celular": "(61) 98879-5802",
		"altura": "1,68",
		"peso": 52,
		"tipo_sanguineo": "O-",
		"cor": "azul"
	},
	{
		"nome": "Filipe Arthur da Rocha",
		"idade": 40,
		"cpf": "392.967.091-72",
		"rg": "22.203.143-8",
		"data_nasc": "25/02/1983",
		"sexo": "Masculino",
		"signo": "Peixes",
		"mae": "Isabel Jennifer Evelyn",
		"pai": "Luís João Leonardo da Rocha",
		"email": "filipe_darocha@yahoo.com",
		"senha": "6yfQZK97SB",
		"cep": "72270-700",
		"endereco": "Quadra QNQ 7",
		"numero": 164,
		"bairro": "Ceilândia Norte (Ceilândia)",
		"cidade": "Brasília",
		"estado": "DF",
		"telefone_fixo": "(61) 2987-8819",
		"celular": "(61) 98450-3761",
		"altura": "1,76",
		"peso": 102,
		"tipo_sanguineo": "O-",
		"cor": "vermelho"
	},
	{
		"nome": "André Bruno Barbosa",
		"idade": 36,
		"cpf": "747.548.581-15",
		"rg": "44.788.472-4",
		"data_nasc": "04/01/1987",
		"sexo": "Masculino",
		"signo": "Capricórnio",
		"mae": "Helena Agatha Analu",
		"pai": "Rodrigo Edson Barbosa",
		"email": "andre-barbosa97@com.br",
		"senha": "1P2Xyq8GbQ",
		"cep": "71691-131",
		"endereco": "Rua 26",
		"numero": 275,
		"bairro": "Setor Tradicional (São Sebastião)",
		"cidade": "Brasília",
		"estado": "DF",
		"telefone_fixo": "(61) 2736-2441",
		"celular": "(61) 98904-3902",
		"altura": "1,81",
		"peso": 70,
		"tipo_sanguineo": "A+",
		"cor": "azul"
	},
	{
		"nome": "Benedita Louise Porto",
		"idade": 55,
		"cpf": "626.220.091-60",
		"rg": "21.530.317-9",
		"data_nasc": "06/01/1968",
		"sexo": "Feminino",
		"signo": "Capricórnio",
		"mae": "Sophie Nicole Vera",
		"pai": "Kaique Joaquim Breno Porto",
		"email": "benedita.louise.porto@recnev.com.br",
		"senha": "P1x1APSFRb",
		"cep": "72734-008",
		"endereco": "Quadra Quadra 34 Conjunto H",
		"numero": 712,
		"bairro": "Vila São José (Brazlândia)",
		"cidade": "Brasília",
		"estado": "DF",
		"telefone_fixo": "(61) 3688-8884",
		"celular": "(61) 99609-7268",
		"altura": "1,68",
		"peso": 64,
		"tipo_sanguineo": "B+",
		"cor": "verde"
	},
	{
		"nome": "Marina Helena Caldeira",
		"idade": 63,
		"cpf": "714.706.611-10",
		"rg": "14.543.017-0",
		"data_nasc": "16/02/1960",
		"sexo": "Feminino",
		"signo": "Aquário",
		"mae": "Josefa Elisa Isis",
		"pai": "Jorge Yago Caldeira",
		"email": "marina.helena.caldeira@bplan.com.br",
		"senha": "oLpU7uBL3U",
		"cep": "70258-050",
		"endereco": "Quadra SQS 409 Bloco E",
		"numero": 440,
		"bairro": "Asa Sul",
		"cidade": "Brasília",
		"estado": "DF",
		"telefone_fixo": "(61) 3629-7393",
		"celular": "(61) 99608-4737",
		"altura": "1,71",
		"peso": 67,
		"tipo_sanguineo": "A+",
		"cor": "azul"
	},
	{
		"nome": "Luís Francisco Benício Teixeira",
		"idade": 43,
		"cpf": "786.272.161-69",
		"rg": "46.441.275-4",
		"data_nasc": "05/02/1980",
		"sexo": "Masculino",
		"signo": "Aquário",
		"mae": "Nicole Jennifer Letícia",
		"pai": "Nelson Raul Augusto Teixeira",
		"email": "luis_francisco_teixeira@rcstechnology.com.br",
		"senha": "kLmoXa0Qlo",
		"cep": "72115-908",
		"endereco": "CNB 1 Lote 13",
		"numero": 920,
		"bairro": "Taguatinga Norte (Taguatinga)",
		"cidade": "Brasília",
		"estado": "DF",
		"telefone_fixo": "(61) 3881-4108",
		"celular": "(61) 98292-1526",
		"altura": "1,79",
		"peso": 55,
		"tipo_sanguineo": "A+",
		"cor": "laranja"
	},
	{
		"nome": "Caio Murilo Ramos",
		"idade": 66,
		"cpf": "668.566.041-49",
		"rg": "34.486.654-3",
		"data_nasc": "01/02/1957",
		"sexo": "Masculino",
		"signo": "Aquário",
		"mae": "Manuela Ayla Giovanna",
		"pai": "Benedito Joaquim André Ramos",
		"email": "caio-ramos74@fertility.com.br",
		"senha": "sRZZ5CWORR",
		"cep": "72020-164",
		"endereco": "Quadra QSD 16 Área Especial 16",
		"numero": 904,
		"bairro": "Taguatinga Sul (Taguatinga)",
		"cidade": "Brasília",
		"estado": "DF",
		"telefone_fixo": "(61) 2806-5376",
		"celular": "(61) 98254-9791",
		"altura": "1,86",
		"peso": 55,
		"tipo_sanguineo": "B-",
		"cor": "vermelho"
	},
	{
		"nome": "Betina Cecília Gabriela Gomes",
		"idade": 55,
		"cpf": "830.541.871-52",
		"rg": "20.118.594-5",
		"data_nasc": "11/02/1968",
		"sexo": "Feminino",
		"signo": "Aquário",
		"mae": "Rita Gabriela Beatriz",
		"pai": "Felipe Felipe Elias Gomes",
		"email": "betinaceciliagomes@simoesmendonca.adv.br",
		"senha": "tAIriRFQdN",
		"cep": "71699-176",
		"endereco": "Quadra QC 4 Rua H",
		"numero": 387,
		"bairro": "Jardins Mangueiral (São Sebastião)",
		"cidade": "Brasília",
		"estado": "DF",
		"telefone_fixo": "(61) 3597-5885",
		"celular": "(61) 98119-2389",
		"altura": "1,59",
		"peso": 51,
		"tipo_sanguineo": "AB+",
		"cor": "vermelho"
	},
	{
		"nome": "Anthony Roberto Augusto Silva",
		"idade": 79,
		"cpf": "734.073.831-26",
		"rg": "23.152.563-1",
		"data_nasc": "27/01/1944",
		"sexo": "Masculino",
		"signo": "Aquário",
		"mae": "Raimunda Luzia Andreia",
		"pai": "Fernando Diego Davi Silva",
		"email": "anthonyrobertosilva@agenciadbd.com",
		"senha": "wbZm25bj3q",
		"cep": "72235-572",
		"endereco": "Quadra EQNP 28/32 Módulo B",
		"numero": 474,
		"bairro": "Ceilândia Sul (Ceilândia)",
		"cidade": "Brasília",
		"estado": "DF",
		"telefone_fixo": "(61) 3644-2423",
		"celular": "(61) 99684-2296",
		"altura": "1,73",
		"peso": 83,
		"tipo_sanguineo": "AB+",
		"cor": "laranja"
	},
	{
		"nome": "André Pietro Rafael Brito",
		"idade": 38,
		"cpf": "007.558.121-31",
		"rg": "41.199.524-8",
		"data_nasc": "07/02/1985",
		"sexo": "Masculino",
		"signo": "Aquário",
		"mae": "Catarina Eloá Analu",
		"pai": "Ryan Diogo Brito",
		"email": "andre_pietro_brito@studiodeideias.com",
		"senha": "aCSRrgBuUK",
		"cep": "71100-123",
		"endereco": "Quadra EPTG QE 3 Bloco B-8",
		"numero": 704,
		"bairro": "Quadras Econômicas Lúcio Costa (Guará)",
		"cidade": "Brasília",
		"estado": "DF",
		"telefone_fixo": "(61) 2567-8553",
		"celular": "(61) 99460-7940",
		"altura": "1,85",
		"peso": 81,
		"tipo_sanguineo": "B+",
		"cor": "vermelho"
	},
	{
		"nome": "Pedro Caio Francisco Oliveira",
		"idade": 52,
		"cpf": "534.576.261-97",
		"rg": "36.897.908-8",
		"data_nasc": "11/02/1971",
		"sexo": "Masculino",
		"signo": "Aquário",
		"mae": "Marcela Sarah",
		"pai": "Erick Matheus Oliveira",
		"email": "pedro.caio.oliveira@fosjc.unesp.br",
		"senha": "kZ7Hclxkdm",
		"cep": "70673-206",
		"endereco": "Quadra SQSW 302 Bloco F",
		"numero": 806,
		"bairro": "Setor Sudoeste",
		"cidade": "Brasília",
		"estado": "DF",
		"telefone_fixo": "(61) 3902-7697",
		"celular": "(61) 99213-4217",
		"altura": "1,86",
		"peso": 90,
		"tipo_sanguineo": "A-",
		"cor": "vermelho"
	},
	{
		"nome": "Sandra Silvana Santos",
		"idade": 44,
		"cpf": "495.085.021-00",
		"rg": "50.595.080-7",
		"data_nasc": "05/02/1979",
		"sexo": "Feminino",
		"signo": "Aquário",
		"mae": "Mariah Louise",
		"pai": "Filipe Tomás Iago Santos",
		"email": "sandra.silvana.santos@tuenkers.com.br",
		"senha": "ckz93yh2zd",
		"cep": "71725-112",
		"endereco": "Quadra QR 1 Módulo 2",
		"numero": 481,
		"bairro": "Candangolândia",
		"cidade": "Brasília",
		"estado": "DF",
		"telefone_fixo": "(61) 3948-4118",
		"celular": "(61) 99989-7992",
		"altura": "1,76",
		"peso": 82,
		"tipo_sanguineo": "A+",
		"cor": "roxo"
	},
	{
		"nome": "Pedro Anderson Nunes",
		"idade": 24,
		"cpf": "704.393.911-99",
		"rg": "28.090.737-0",
		"data_nasc": "23/02/1999",
		"sexo": "Masculino",
		"signo": "Peixes",
		"mae": "Raquel Cláudia",
		"pai": "André Ryan Nunes",
		"email": "pedro_nunes@controtel.com.br",
		"senha": "a6p8MKrE95",
		"cep": "73086-030",
		"endereco": "Quadra Quadra 4",
		"numero": 313,
		"bairro": "Vale das Acácias (Sobradinho)",
		"cidade": "Brasília",
		"estado": "DF",
		"telefone_fixo": "(61) 2719-3711",
		"celular": "(61) 99869-3687",
		"altura": "1,69",
		"peso": 73,
		"tipo_sanguineo": "B+",
		"cor": "verde"
	},
	{
		"nome": "Alessandra Agatha Bárbara Costa",
		"idade": 40,
		"cpf": "246.523.321-14",
		"rg": "31.456.539-5",
		"data_nasc": "06/02/1983",
		"sexo": "Feminino",
		"signo": "Aquário",
		"mae": "Aparecida Nicole",
		"pai": "Marcos Noah Costa",
		"email": "alessandraagathacosta@ravi.com.br",
		"senha": "gauyDleYW1",
		"cep": "71050-020",
		"endereco": "Quadra QE 15 Conjunto B",
		"numero": 461,
		"bairro": "Guará II",
		"cidade": "Brasília",
		"estado": "DF",
		"telefone_fixo": "(61) 3666-1971",
		"celular": "(61) 99411-5379",
		"altura": "1,69",
		"peso": 74,
		"tipo_sanguineo": "B+",
		"cor": "laranja"
	},
	{
		"nome": "César Sérgio Kauê de Paula",
		"idade": 53,
		"cpf": "076.921.681-13",
		"rg": "10.982.596-2",
		"data_nasc": "17/02/1970",
		"sexo": "Masculino",
		"signo": "Aquário",
		"mae": "Sônia Vitória",
		"pai": "Marcos Oliver Bryan de Paula",
		"email": "cesar.sergio.depaula@iacit.com.br",
		"senha": "mOj7oTCdUU",
		"cep": "72444-167",
		"endereco": "Colônia Agrícola Córrego do Crispim Chácara 65",
		"numero": 710,
		"bairro": "Setor Leste (Gama)",
		"cidade": "Brasília",
		"estado": "DF",
		"telefone_fixo": "(61) 2824-0310",
		"celular": "(61) 98381-6678",
		"altura": "1,93",
		"peso": 89,
		"tipo_sanguineo": "O+",
		"cor": "vermelho"
	}
]