[
	{
		"nome": "Tereza Clara da Luz",
		"idade": 60,
		"cpf": "288.890.141-21",
		"rg": "19.798.334-0",
		"data_nasc": "25/01/1963",
		"sexo": "Feminino",
		"signo": "Aquário",
		"mae": "Bárbara Bárbara",
		"pai": "Julio Raimundo Heitor da Luz",
		"email": "tereza.clara.daluz@easytechconsultoria.com.br",
		"senha": "5fgzwsY5Ui",
		"cep": "72593-031",
		"endereco": "Quadra QBR 3 Bloco A",
		"numero": 782,
		"bairro": "Residencial Santos Dumont (Santa Maria)",
		"cidade": "Brasília",
		"estado": "DF",
		"telefone_fixo": "(61) 2747-8399",
		"celular": "(61) 99213-0784",
		"altura": "1,53",
		"peso": 73,
		"tipo_sanguineo": "B-",
		"cor": "laranja"
	},
	{
		"nome": "Edson Gael Nogueira",
		"idade": 47,
		"cpf": "518.996.051-00",
		"rg": "37.442.272-2",
		"data_nasc": "14/02/1976",
		"sexo": "Masculino",
		"signo": "Aquário",
		"mae": "Marcela Marlene Vanessa",
		"pai": "Thomas Carlos Nogueira",
		"email": "edson_nogueira@aprimor.com",
		"senha": "M65Q09Kpe2",
		"cep": "70740-778",
		"endereco": "Quadra SHCGN 708 Bloco R",
		"numero": 325,
		"bairro": "Asa Norte",
		"cidade": "Brasília",
		"estado": "DF",
		"telefone_fixo": "(61) 2672-1451",
		"celular": "(61) 99416-4106",
		"altura": "1,74",
		"peso": 52,
		"tipo_sanguineo": "O+",
		"cor": "laranja"
	},
	{
		"nome": "Thiago Pedro Samuel Almeida",
		"idade": 30,
		"cpf": "886.685.381-01",
		"rg": "29.078.367-7",
		"data_nasc": "09/02/1993",
		"sexo": "Masculino",
		"signo": "Aquário",
		"mae": "Marcela Mariah",
		"pai": "Nicolas Calebe Almeida",
		"email": "thiago_pedro_almeida@vpsa.com.br",
		"senha": "rAUjBm6eZb",
		"cep": "71215-206",
		"endereco": "Quadra SOF Sul Quadra 1 Conjunto A",
		"numero": 366,
		"bairro": "Zona Industrial (Guará)",
		"cidade": "Brasília",
		"estado": "DF",
		"telefone_fixo": "(61) 2623-7607",
		"celular": "(61) 98818-9118",
		"altura": "1,66",
		"peso": 96,
		"tipo_sanguineo": "O-",
		"cor": "laranja"
	},
	{
		"nome": "Cauê Thomas Matheus Araújo",
		"idade": 52,
		"cpf": "896.595.031-72",
		"rg": "38.234.825-4",
		"data_nasc": "03/01/1971",
		"sexo": "Masculino",
		"signo": "Capricórnio",
		"mae": "Luna Priscila",
		"pai": "Antonio Enrico Carlos Araújo",
		"email": "caue.thomas.araujo@isbt.com.br",
		"senha": "GjBJiDCQc2",
		"cep": "71590-743",
		"endereco": "Quadra QL 7 Conjunto A",
		"numero": 877,
		"bairro": "Itapoã II",
		"cidade": "Brasília",
		"estado": "DF",
		"telefone_fixo": "(61) 3580-6149",
		"celular": "(61) 99292-3117",
		"altura": "1,87",
		"peso": 64,
		"tipo_sanguineo": "O-",
		"cor": "laranja"
	},
	{
		"nome": "Francisco Henry Baptista",
		"idade": 20,
		"cpf": "327.784.871-07",
		"rg": "18.720.306-4",
		"data_nasc": "22/02/2003",
		"sexo": "Masculino",
		"signo": "Peixes",
		"mae": "Lúcia Rosângela Teresinha",
		"pai": "Kaique Edson Baptista",
		"email": "francisco_baptista@ciaimoveissjc.com",
		"senha": "7Cky9m8inm",
		"cep": "72343-000",
		"endereco": "Quadra QR 211",
		"numero": 557,
		"bairro": "Samambaia Norte (Samambaia)",
		"cidade": "Brasília",
		"estado": "DF",
		"telefone_fixo": "(61) 2891-7370",
		"celular": "(61) 98826-2537",
		"altura": "1,85",
		"peso": 66,
		"tipo_sanguineo": "AB-",
		"cor": "preto"
	},
	{
		"nome": "Priscila Giovanna Andreia Gonçalves",
		"idade": 19,
		"cpf": "446.425.231-11",
		"rg": "23.818.407-9",
		"data_nasc": "10/02/2004",
		"sexo": "Feminino",
		"signo": "Aquário",
		"mae": "Juliana Marlene Emanuelly",
		"pai": "Danilo Henrique Gonçalves",
		"email": "priscila.giovanna.goncalves@elevaconsultancy.com.br",
		"senha": "e2mnTyhxpm",
		"cep": "73036-700",
		"endereco": "Quadra 9 AR 21",
		"numero": 342,
		"bairro": "Sobradinho",
		"cidade": "Brasília",
		"estado": "DF",
		"telefone_fixo": "(61) 2995-9013",
		"celular": "(61) 99681-2504",
		"altura": "1,62",
		"peso": 66,
		"tipo_sanguineo": "O-",
		"cor": "azul"
	},
	{
		"nome": "Benjamin Vinicius Fogaça",
		"idade": 41,
		"cpf": "550.048.431-12",
		"rg": "50.862.359-5",
		"data_nasc": "25/02/1982",
		"sexo": "Masculino",
		"signo": "Peixes",
		"mae": "Jennifer Vanessa Emanuelly",
		"pai": "Filipe Raimundo Murilo Fogaça",
		"email": "benjamin-fogaca72@torrez.com.br",
		"senha": "9Y2eA7sHKm",
		"cep": "73366-203",
		"endereco": "Conjunto A",
		"numero": 150,
		"bairro": "Vila Feliz (Planaltina)",
		"cidade": "Brasília",
		"estado": "DF",
		"telefone_fixo": "(61) 3972-4065",
		"celular": "(61) 98844-6103",
		"altura": "1,90",
		"peso": 53,
		"tipo_sanguineo": "A-",
		"cor": "vermelho"
	},
	{
		"nome": "Juliana Mariah Francisca Corte Real",
		"idade": 23,
		"cpf": "860.672.981-71",
		"rg": "38.519.017-7",
		"data_nasc": "20/02/2000",
		"sexo": "Feminino",
		"signo": "Peixes",
		"mae": "Sebastiana Milena",
		"pai": "Ruan Renato Corte Real",
		"email": "juliana_mariah_cortereal@escritoriogold.com.br",
		"senha": "0w05FH1QP8",
		"cep": "71575-620",
		"endereco": "Quadra Quadra 41 Conjunto D",
		"numero": 605,
		"bairro": "Paranoá",
		"cidade": "Brasília",
		"estado": "DF",
		"telefone_fixo": "(61) 3746-2507",
		"celular": "(61) 98795-0951",
		"altura": "1,51",
		"peso": 68,
		"tipo_sanguineo": "AB-",
		"cor": "vermelho"
	},
	{
		"nome": "Larissa Carla Gabriela Monteiro",
		"idade": 25,
		"cpf": "759.469.191-13",
		"rg": "22.358.992-5",
		"data_nasc": "07/02/1998",
		"sexo": "Feminino",
		"signo": "Aquário",
		"mae": "Manuela Larissa",
		"pai": "Hugo Hugo Arthur Monteiro",
		"email": "larissacarlamonteiro@gruppoitalia.com.br",
		"senha": "ekZUfSbIeO",
		"cep": "71070-062",
		"endereco": "Quadra QE 40 Conjunto F",
		"numero": 725,
		"bairro": "Guará II",
		"cidade": "Brasília",
		"estado": "DF",
		"telefone_fixo": "(61) 3677-8830",
		"celular": "(61) 99762-1507",
		"altura": "1,76",
		"peso": 75,
		"tipo_sanguineo": "AB-",
		"cor": "vermelho"
	},
	{
		"nome": "Gabriela Aline Marcela Costa",
		"idade": 24,
		"cpf": "319.253.981-02",
		"rg": "16.226.910-9",
		"data_nasc": "15/02/1999",
		"sexo": "Feminino",
		"signo": "Aquário",
		"mae": "Luciana Ana Isis",
		"pai": "Marcos Benedito Costa",
		"email": "gabriela_costa@schaeffler.com",
		"senha": "gZhdcDhiz4",
		"cep": "72318-103",
		"endereco": "Quadra QR 404 Conjunto 3",
		"numero": 330,
		"bairro": "Samambaia Norte (Samambaia)",
		"cidade": "Brasília",
		"estado": "DF",
		"telefone_fixo": "(61) 2744-6156",
		"celular": "(61) 99277-4909",
		"altura": "1,67",
		"peso": 52,
		"tipo_sanguineo": "A-",
		"cor": "vermelho"
	},
	{
		"nome": "Isaac Levi Moreira",
		"idade": 50,
		"cpf": "314.240.691-30",
		"rg": "13.369.619-4",
		"data_nasc": "19/02/1973",
		"sexo": "Masculino",
		"signo": "Aquário",
		"mae": "Eduarda Jennifer",
		"pai": "Pedro Bernardo Moreira",
		"email": "isaac_levi_moreira@a.com",
		"senha": "y9iDu2dHa8",
		"cep": "72231-547",
		"endereco": "Quadra EQNP 14/18 Bloco G",
		"numero": 855,
		"bairro": "Ceilândia Sul (Ceilândia)",
		"cidade": "Brasília",
		"estado": "DF",
		"telefone_fixo": "(61) 3624-2799",
		"celular": "(61) 99301-8158",
		"altura": "1,77",
		"peso": 91,
		"tipo_sanguineo": "B+",
		"cor": "amarelo"
	},
	{
		"nome": "Miguel Luan Diogo Jesus",
		"idade": 60,
		"cpf": "034.853.261-00",
		"rg": "10.263.087-2",
		"data_nasc": "09/02/1963",
		"sexo": "Masculino",
		"signo": "Aquário",
		"mae": "Bárbara Lorena Benedita",
		"pai": "Nelson Hugo Jesus",
		"email": "miguel_luan_jesus@afsn.com.br",
		"senha": "WMuC1E4Dzf",
		"cep": "72242-007",
		"endereco": "Quadra QNP 21 Conjunto D",
		"numero": 140,
		"bairro": "Ceilândia Norte (Ceilândia)",
		"cidade": "Brasília",
		"estado": "DF",
		"telefone_fixo": "(61) 3917-7817",
		"celular": "(61) 99186-9801",
		"altura": "1,93",
		"peso": 101,
		"tipo_sanguineo": "O+",
		"cor": "laranja"
	},
	{
		"nome": "Pietro Julio Vitor Freitas",
		"idade": 39,
		"cpf": "012.701.191-92",
		"rg": "10.779.932-7",
		"data_nasc": "12/02/1984",
		"sexo": "Masculino",
		"signo": "Aquário",
		"mae": "Brenda Caroline",
		"pai": "Jorge Hugo Freitas",
		"email": "pietro-freitas91@devuono.com.br",
		"senha": "4pIc9kKcLh",
		"cep": "72322-520",
		"endereco": "Quadra QS 604",
		"numero": 926,
		"bairro": "Samambaia Norte (Samambaia)",
		"cidade": "Brasília",
		"estado": "DF",
		"telefone_fixo": "(61) 2941-3941",
		"celular": "(61) 99940-5483",
		"altura": "1,76",
		"peso": 84,
		"tipo_sanguineo": "A-",
		"cor": "roxo"
	},
	{
		"nome": "Hadassa Lorena Silva",
		"idade": 48,
		"cpf": "153.262.691-63",
		"rg": "17.466.080-7",
		"data_nasc": "04/01/1975",
		"sexo": "Feminino",
		"signo": "Capricórnio",
		"mae": "Sara Alana",
		"pai": "Fernando Isaac Luan Silva",
		"email": "hadassa.lorena.silva@pib.com.br",
		"senha": "XJttl3hlFm",
		"cep": "71590-312",
		"endereco": "Quadra 2 Conjunto D",
		"numero": 840,
		"bairro": "Itapoã I",
		"cidade": "Brasília",
		"estado": "DF",
		"telefone_fixo": "(61) 2570-6724",
		"celular": "(61) 99935-4344",
		"altura": "1,70",
		"peso": 82,
		"tipo_sanguineo": "AB-",
		"cor": "azul"
	},
	{
		"nome": "Mariana Nina Ribeiro",
		"idade": 37,
		"cpf": "465.277.291-20",
		"rg": "24.428.009-5",
		"data_nasc": "16/02/1986",
		"sexo": "Feminino",
		"signo": "Aquário",
		"mae": "Bruna Daiane",
		"pai": "Guilherme Fábio Ribeiro",
		"email": "mariananinaribeiro@eton.com.br",
		"senha": "c9ylfx9K2Y",
		"cep": "73005-083",
		"endereco": "Quadra Quadra 8 Conjunto C",
		"numero": 648,
		"bairro": "Sobradinho",
		"cidade": "Brasília",
		"estado": "DF",
		"telefone_fixo": "(61) 2818-7871",
		"celular": "(61) 98587-7985",
		"altura": "1,72",
		"peso": 47,
		"tipo_sanguineo": "AB+",
		"cor": "azul"
	},
	{
		"nome": "Manoel Carlos Eduardo Raul Viana",
		"idade": 42,
		"cpf": "102.656.501-43",
		"rg": "37.681.638-7",
		"data_nasc": "02/01/1981",
		"sexo": "Masculino",
		"signo": "Capricórnio",
		"mae": "Marcela Marcela",
		"pai": "Geraldo Diego Viana",
		"email": "manoel_carlos_viana@tribunadeindaia.com.br",
		"senha": "myxfF5hjPp",
		"cep": "70873-520",
		"endereco": "Quadra CLN 214 Bloco B",
		"numero": 376,
		"bairro": "Asa Norte",
		"cidade": "Brasília",
		"estado": "DF",
		"telefone_fixo": "(61) 2670-0869",
		"celular": "(61) 99950-6731",
		"altura": "2,00",
		"peso": 106,
		"tipo_sanguineo": "B-",
		"cor": "roxo"
	},
	{
		"nome": "Gabriel Thiago Bruno Moura",
		"idade": 56,
		"cpf": "145.979.821-08",
		"rg": "40.955.104-1",
		"data_nasc": "05/02/1967",
		"sexo": "Masculino",
		"signo": "Aquário",
		"mae": "Jaqueline Teresinha",
		"pai": "Ruan Juan Moura",
		"email": "gabriel_moura@hoatmail.com",
		"senha": "HAj9cgKiQY",
		"cep": "73046-735",
		"endereco": "Quadra 17 AR 8",
		"numero": 636,
		"bairro": "Sobradinho",
		"cidade": "Brasília",
		"estado": "DF",
		"telefone_fixo": "(61) 3990-5745",
		"celular": "(61) 98646-1046",
		"altura": "1,74",
		"peso": 96,
		"tipo_sanguineo": "B-",
		"cor": "roxo"
	},
	{
		"nome": "Renato Sérgio Sales",
		"idade": 43,
		"cpf": "371.222.371-41",
		"rg": "11.708.360-4",
		"data_nasc": "04/02/1980",
		"sexo": "Masculino",
		"signo": "Aquário",
		"mae": "Emily Marlene Marina",
		"pai": "Isaac Murilo Sales",
		"email": "renato.sergio.sales@marcenariamagno.com.br",
		"senha": "2JSGlSoJh9",
		"cep": "70773-080",
		"endereco": "Quadra SQN 116 Bloco H",
		"numero": 689,
		"bairro": "Asa Norte",
		"cidade": "Brasília",
		"estado": "DF",
		"telefone_fixo": "(61) 3772-9370",
		"celular": "(61) 99303-9523",
		"altura": "1,65",
		"peso": 100,
		"tipo_sanguineo": "O+",
		"cor": "amarelo"
	},
	{
		"nome": "João Vitor Osvaldo Rodrigues",
		"idade": 25,
		"cpf": "408.898.221-58",
		"rg": "32.138.613-9",
		"data_nasc": "25/02/1998",
		"sexo": "Masculino",
		"signo": "Peixes",
		"mae": "Carla Valentina",
		"pai": "Renan Lucca Arthur Rodrigues",
		"email": "joao_vitor_rodrigues@helpvale.com.br",
		"senha": "5C0tng9G1W",
		"cep": "71630-365",
		"endereco": "Quadra SHIS QL 12 Conjunto 16",
		"numero": 448,
		"bairro": "Setor de Habitações Individuais Sul",
		"cidade": "Brasília",
		"estado": "DF",
		"telefone_fixo": "(61) 2646-9301",
		"celular": "(61) 98500-8228",
		"altura": "1,94",
		"peso": 95,
		"tipo_sanguineo": "O-",
		"cor": "preto"
	},
	{
		"nome": "Victor Otávio das Neves",
		"idade": 58,
		"cpf": "491.830.891-01",
		"rg": "41.259.590-4",
		"data_nasc": "21/01/1965",
		"sexo": "Masculino",
		"signo": "Aquário",
		"mae": "Clara Antonella Raquel",
		"pai": "Henrique Calebe das Neves",
		"email": "victorotaviodasneves@suzano.com.br",
		"senha": "HSccwyw8NR",
		"cep": "70352-510",
		"endereco": "Quadra CLS 305 Bloco A",
		"numero": 335,
		"bairro": "Asa Sul",
		"cidade": "Brasília",
		"estado": "DF",
		"telefone_fixo": "(61) 3760-9913",
		"celular": "(61) 99524-5857",
		"altura": "1,60",
		"peso": 84,
		"tipo_sanguineo": "A-",
		"cor": "laranja"
	},
	{
		"nome": "Filipe Raimundo da Rocha",
		"idade": 72,
		"cpf": "848.539.591-30",
		"rg": "21.755.687-5",
		"data_nasc": "07/02/1951",
		"sexo": "Masculino",
		"signo": "Aquário",
		"mae": "Simone Isabelly",
		"pai": "Luan Oliver da Rocha",
		"email": "filiperaimundodarocha@sfranconsultoria.com.br",
		"senha": "UbaEAqarAy",
		"cep": "71261-515",
		"endereco": "Quadra Quadra 4 Conjunto 12",
		"numero": 761,
		"bairro": "Setor Leste (Vila Estrutural - Guará)",
		"cidade": "Brasília",
		"estado": "DF",
		"telefone_fixo": "(61) 2517-0219",
		"celular": "(61) 98364-9360",
		"altura": "1,66",
		"peso": 100,
		"tipo_sanguineo": "A-",
		"cor": "verde"
	},
	{
		"nome": "Vicente Carlos Eduardo Heitor Pinto",
		"idade": 27,
		"cpf": "251.038.021-47",
		"rg": "36.455.918-4",
		"data_nasc": "05/01/1996",
		"sexo": "Masculino",
		"signo": "Capricórnio",
		"mae": "Regina Brenda",
		"pai": "Lucas Lorenzo Erick Pinto",
		"email": "vicente_pinto@alkbrasil.com.br",
		"senha": "KIQ3JGfWsR",
		"cep": "73060-659",
		"endereco": "Rua 9",
		"numero": 804,
		"bairro": "Setor Oeste (Sobradinho II)",
		"cidade": "Brasília",
		"estado": "DF",
		"telefone_fixo": "(61) 2648-2864",
		"celular": "(61) 98219-3868",
		"altura": "1,69",
		"peso": 70,
		"tipo_sanguineo": "AB+",
		"cor": "amarelo"
	},
	{
		"nome": "Benício Manuel Caldeira",
		"idade": 53,
		"cpf": "090.096.741-26",
		"rg": "34.954.222-3",
		"data_nasc": "18/02/1970",
		"sexo": "Masculino",
		"signo": "Aquário",
		"mae": "Andreia Catarina",
		"pai": "André Lucca Caldeira",
		"email": "benicio_caldeira@acaocontabilsjc.com.br",
		"senha": "zsJQAF7SfT",
		"cep": "73026-505",
		"endereco": "Quadra Quadra 6 Comércio Local 1",
		"numero": 654,
		"bairro": "Sobradinho",
		"cidade": "Brasília",
		"estado": "DF",
		"telefone_fixo": "(61) 2576-1197",
		"celular": "(61) 98814-3972",
		"altura": "1,65",
		"peso": 108,
		"tipo_sanguineo": "B+",
		"cor": "laranja"
	},
	{
		"nome": "Mariana Alícia Cavalcanti",
		"idade": 32,
		"cpf": "587.367.201-60",
		"rg": "28.602.186-9",
		"data_nasc": "03/02/1991",
		"sexo": "Feminino",
		"signo": "Aquário",
		"mae": "Vanessa Jennifer",
		"pai": "Augusto Noah Daniel Cavalcanti",
		"email": "mariana_alicia_cavalcanti@outershoes.com.br",
		"senha": "u3QJhPeouF",
		"cep": "72303-110",
		"endereco": "Quadra QR 125 Conjunto 10",
		"numero": 955,
		"bairro": "Samambaia Sul (Samambaia)",
		"cidade": "Brasília",
		"estado": "DF",
		"telefone_fixo": "(61) 3825-8644",
		"celular": "(61) 98949-4198",
		"altura": "1,67",
		"peso": 73,
		"tipo_sanguineo": "O+",
		"cor": "roxo"
	},
	{
		"nome": "Sônia Daniela Nascimento",
		"idade": 66,
		"cpf": "623.820.911-93",
		"rg": "48.829.662-6",
		"data_nasc": "24/01/1957",
		"sexo": "Feminino",
		"signo": "Aquário",
		"mae": "Aurora Nicole Elisa",
		"pai": "André Daniel Nascimento",
		"email": "sonia.daniela.nascimento@its.jnj.com",
		"senha": "3TDWrG1pYQ",
		"cep": "71572-202",
		"endereco": "Quadra Quadra 22 Conjunto B",
		"numero": 370,
		"bairro": "Paranoá",
		"cidade": "Brasília",
		"estado": "DF",
		"telefone_fixo": "(61) 3818-6694",
		"celular": "(61) 99281-6418",
		"altura": "1,65",
		"peso": 82,
		"tipo_sanguineo": "B-",
		"cor": "amarelo"
	},
	{
		"nome": "César Augusto Ricardo Almada",
		"idade": 39,
		"cpf": "554.045.831-18",
		"rg": "38.672.447-7",
		"data_nasc": "16/01/1984",
		"sexo": "Masculino",
		"signo": "Capricórnio",
		"mae": "Isis Rayssa Louise",
		"pai": "Benjamin Caleb Almada",
		"email": "cesar-almada90@libero.it",
		"senha": "gPkbFMkRLY",
		"cep": "72155-207",
		"endereco": "Quadra QNL 2 Conjunto G",
		"numero": 453,
		"bairro": "Taguatinga Norte (Taguatinga)",
		"cidade": "Brasília",
		"estado": "DF",
		"telefone_fixo": "(61) 2882-4765",
		"celular": "(61) 99208-1278",
		"altura": "1,79",
		"peso": 76,
		"tipo_sanguineo": "B-",
		"cor": "amarelo"
	},
	{
		"nome": "Emanuel Cauã Pedro Assunção",
		"idade": 59,
		"cpf": "971.451.861-01",
		"rg": "43.791.052-0",
		"data_nasc": "09/02/1964",
		"sexo": "Masculino",
		"signo": "Aquário",
		"mae": "Elaine Sônia Alícia",
		"pai": "Márcio Vicente Assunção",
		"email": "emanuel-assuncao76@findout.com.br",
		"senha": "xaYlKXuBcX",
		"cep": "71727-118",
		"endereco": "Quadra QR 1-A Conjunto R",
		"numero": 343,
		"bairro": "Candangolândia",
		"cidade": "Brasília",
		"estado": "DF",
		"telefone_fixo": "(61) 2893-5562",
		"celular": "(61) 98559-5930",
		"altura": "1,91",
		"peso": 78,
		"tipo_sanguineo": "O-",
		"cor": "preto"
	},
	{
		"nome": "Betina Jennifer Lavínia Assis",
		"idade": 18,
		"cpf": "670.021.291-04",
		"rg": "23.291.175-7",
		"data_nasc": "17/02/2005",
		"sexo": "Feminino",
		"signo": "Aquário",
		"mae": "Carolina Heloise",
		"pai": "Raul Raul Assis",
		"email": "betina.jennifer.assis@abrangenciacorretora.com.br",
		"senha": "Ujaksi7s5K",
		"cep": "72550-055",
		"endereco": "Quadra 3ª Etapa Quadra 13",
		"numero": 736,
		"bairro": "Setor Habitacional Ribeirão (Santa Maria)",
		"cidade": "Brasília",
		"estado": "DF",
		"telefone_fixo": "(61) 2504-1027",
		"celular": "(61) 99331-5862",
		"altura": "1,62",
		"peso": 58,
		"tipo_sanguineo": "AB+",
		"cor": "vermelho"
	},
	{
		"nome": "Marcos Vinicius Benedito Martins",
		"idade": 32,
		"cpf": "935.145.471-14",
		"rg": "22.155.686-2",
		"data_nasc": "22/01/1991",
		"sexo": "Masculino",
		"signo": "Aquário",
		"mae": "Elza Stella",
		"pai": "José Renan Diogo Martins",
		"email": "marcos_vinicius_martins@yahoo.com .br",
		"senha": "PDNLI8wLpr",
		"cep": "71699-390",
		"endereco": "Área Praça de Atividades 3",
		"numero": 367,
		"bairro": "Jardins Mangueiral (São Sebastião)",
		"cidade": "Brasília",
		"estado": "DF",
		"telefone_fixo": "(61) 3988-9802",
		"celular": "(61) 98471-0910",
		"altura": "1,85",
		"peso": 78,
		"tipo_sanguineo": "O-",
		"cor": "roxo"
	},
	{
		"nome": "Cauê Tiago Bernardes",
		"idade": 74,
		"cpf": "891.892.521-28",
		"rg": "40.059.679-9",
		"data_nasc": "05/02/1949",
		"sexo": "Masculino",
		"signo": "Aquário",
		"mae": "Márcia Brenda",
		"pai": "Roberto Vinicius Bernardes",
		"email": "caue_bernardes@signa.net.br",
		"senha": "7FSusy4M0Z",
		"cep": "72320-000",
		"endereco": "Quadra QR 410",
		"numero": 164,
		"bairro": "Samambaia Norte (Samambaia)",
		"cidade": "Brasília",
		"estado": "DF",
		"telefone_fixo": "(61) 3706-7621",
		"celular": "(61) 99995-3719",
		"altura": "1,93",
		"peso": 60,
		"tipo_sanguineo": "B+",
		"cor": "verde"
	}
]