[
	{
		"nome": "Anderson Ruan César Pinto",
		"idade": 46,
		"cpf": "123.335.771-93",
		"rg": "46.602.568-3",
		"data_nasc": "26/01/1977",
		"sexo": "Masculino",
		"signo": "Aquário",
		"mae": "Caroline Clarice",
		"pai": "Breno Diego Pinto",
		"email": "anderson_ruan_pinto@pronursing.com.br",
		"senha": "QI50w7nT4n",
		"cep": "71590-588",
		"endereco": "Quadra QL 3 Conjunto H",
		"numero": 575,
		"bairro": "Itapoã II",
		"cidade": "Brasília",
		"estado": "DF",
		"telefone_fixo": "(61) 2922-9511",
		"celular": "(61) 98901-5326",
		"altura": "1,84",
		"peso": 107,
		"tipo_sanguineo": "AB-",
		"cor": "vermelho"
	},
	{
		"nome": "Samuel Raul Francisco da Cruz",
		"idade": 19,
		"cpf": "128.916.151-82",
		"rg": "41.060.955-9",
		"data_nasc": "13/02/2004",
		"sexo": "Masculino",
		"signo": "Aquário",
		"mae": "Gabriela Lorena Camila",
		"pai": "Renan Fábio Francisco da Cruz",
		"email": "samuel.raul.dacruz@arecocomercial.com.br",
		"senha": "UtCE8PnkSj",
		"cep": "70297-070",
		"endereco": "Quadra SQS 414 Bloco G",
		"numero": 470,
		"bairro": "Asa Sul",
		"cidade": "Brasília",
		"estado": "DF",
		"telefone_fixo": "(61) 3855-0552",
		"celular": "(61) 98742-5115",
		"altura": "1,98",
		"peso": 96,
		"tipo_sanguineo": "B+",
		"cor": "vermelho"
	},
	{
		"nome": "Jéssica Gabriela Regina Farias",
		"idade": 56,
		"cpf": "475.010.971-19",
		"rg": "37.497.420-2",
		"data_nasc": "18/02/1967",
		"sexo": "Feminino",
		"signo": "Aquário",
		"mae": "Alícia Betina Carolina",
		"pai": "Luiz Ryan Farias",
		"email": "jessica_farias@novadeliveri.com.br",
		"senha": "53lXrHAru5",
		"cep": "71261-275",
		"endereco": "Quadra Quadra 3 Conjunto 14",
		"numero": 687,
		"bairro": "Setor Leste (Vila Estrutural - Guará)",
		"cidade": "Brasília",
		"estado": "DF",
		"telefone_fixo": "(61) 2711-1621",
		"celular": "(61) 98110-7330",
		"altura": "1,85",
		"peso": 85,
		"tipo_sanguineo": "A+",
		"cor": "verde"
	},
	{
		"nome": "Ryan Yuri Nicolas Mendes",
		"idade": 39,
		"cpf": "925.499.181-34",
		"rg": "12.475.215-9",
		"data_nasc": "05/01/1984",
		"sexo": "Masculino",
		"signo": "Capricórnio",
		"mae": "Marli Eloá Carolina",
		"pai": "Gustavo Luís Geraldo Mendes",
		"email": "ryan-mendes73@camarasjc.sp.gov.br",
		"senha": "zXsft92Qsk",
		"cep": "72581-360",
		"endereco": "Chácara Chácara 02 A",
		"numero": 415,
		"bairro": "Núcleo Rural Santa Maria",
		"cidade": "Brasília",
		"estado": "DF",
		"telefone_fixo": "(61) 3767-6486",
		"celular": "(61) 98886-6856",
		"altura": "1,68",
		"peso": 80,
		"tipo_sanguineo": "AB+",
		"cor": "preto"
	},
	{
		"nome": "Cláudia Olivia Elisa Peixoto",
		"idade": 38,
		"cpf": "546.894.061-20",
		"rg": "12.921.939-3",
		"data_nasc": "03/01/1985",
		"sexo": "Feminino",
		"signo": "Capricórnio",
		"mae": "Isabelly Tatiane Bárbara",
		"pai": "Manoel Benjamin Peixoto",
		"email": "claudia_olivia_peixoto@piscinasegura.com.br",
		"senha": "2GQfiF0FXC",
		"cep": "72236-604",
		"endereco": "Quadra QNP 36 Conjunto D",
		"numero": 395,
		"bairro": "Ceilândia Sul (Ceilândia)",
		"cidade": "Brasília",
		"estado": "DF",
		"telefone_fixo": "(61) 2785-8999",
		"celular": "(61) 99635-9683",
		"altura": "1,66",
		"peso": 58,
		"tipo_sanguineo": "O+",
		"cor": "laranja"
	},
	{
		"nome": "Antonella Emilly Jennifer Gonçalves",
		"idade": 73,
		"cpf": "258.944.131-25",
		"rg": "19.070.961-3",
		"data_nasc": "06/01/1950",
		"sexo": "Feminino",
		"signo": "Capricórnio",
		"mae": "Tereza Larissa Aparecida",
		"pai": "Bento Thiago Gonçalves",
		"email": "antonella_emilly_goncalves@dominiozeladoria.com.br",
		"senha": "oKBC3XnYOa",
		"cep": "71510-170",
		"endereco": "Quadra SHIN EQL 2/4",
		"numero": 827,
		"bairro": "Setor de Habitações Individuais Norte",
		"cidade": "Brasília",
		"estado": "DF",
		"telefone_fixo": "(61) 3797-7429",
		"celular": "(61) 98393-2768",
		"altura": "1,84",
		"peso": 63,
		"tipo_sanguineo": "B+",
		"cor": "vermelho"
	},
	{
		"nome": "Alícia Emilly Brito",
		"idade": 61,
		"cpf": "303.709.101-09",
		"rg": "34.655.727-6",
		"data_nasc": "13/01/1962",
		"sexo": "Feminino",
		"signo": "Capricórnio",
		"mae": "Jéssica Alice",
		"pai": "Thales Thomas Brito",
		"email": "alicia_brito@virtualcriativa.com.br",
		"senha": "dcqxQsoYQB",
		"cep": "72715-500",
		"endereco": "Quadra Quadra 1",
		"numero": 377,
		"bairro": "Setor Sul (Brazlândia)",
		"cidade": "Brasília",
		"estado": "DF",
		"telefone_fixo": "(61) 3502-0812",
		"celular": "(61) 99340-1349",
		"altura": "1,79",
		"peso": 69,
		"tipo_sanguineo": "B-",
		"cor": "vermelho"
	},
	{
		"nome": "Isabela Francisca Silva",
		"idade": 18,
		"cpf": "474.168.271-40",
		"rg": "39.333.690-6",
		"data_nasc": "24/01/2005",
		"sexo": "Feminino",
		"signo": "Aquário",
		"mae": "Emilly Priscila",
		"pai": "Arthur Francisco Manuel Silva",
		"email": "isabela-silva91@gruposeteestrelas.com.br",
		"senha": "l5YUfaciNF",
		"cep": "71256-505",
		"endereco": "Quadra Quadra 7 Conjunto 10",
		"numero": 657,
		"bairro": "Setor Oeste (Vila Estrutural - Guará)",
		"cidade": "Brasília",
		"estado": "DF",
		"telefone_fixo": "(61) 3759-2150",
		"celular": "(61) 98617-7131",
		"altura": "1,57",
		"peso": 82,
		"tipo_sanguineo": "A-",
		"cor": "roxo"
	},
	{
		"nome": "Ayla Mariah Laís Monteiro",
		"idade": 38,
		"cpf": "338.347.131-47",
		"rg": "11.860.729-7",
		"data_nasc": "22/02/1985",
		"sexo": "Feminino",
		"signo": "Peixes",
		"mae": "Olivia Patrícia Mirella",
		"pai": "Carlos Rafael Bruno Monteiro",
		"email": "ayla_mariah_monteiro@techdomus.com.br",
		"senha": "XgbyR1cD3S",
		"cep": "70390-907",
		"endereco": "SHLS Bloco L",
		"numero": 434,
		"bairro": "Asa Sul",
		"cidade": "Brasília",
		"estado": "DF",
		"telefone_fixo": "(61) 2958-8889",
		"celular": "(61) 98213-9371",
		"altura": "1,80",
		"peso": 71,
		"tipo_sanguineo": "AB-",
		"cor": "verde"
	},
	{
		"nome": "Mateus Igor Melo",
		"idade": 22,
		"cpf": "377.856.711-09",
		"rg": "43.323.952-9",
		"data_nasc": "03/01/2001",
		"sexo": "Masculino",
		"signo": "Capricórnio",
		"mae": "Sophia Antônia",
		"pai": "Fábio Enzo Melo",
		"email": "mateus.igor.melo@escolajardim.com.br",
		"senha": "WreQbz3pfc",
		"cep": "72161-829",
		"endereco": "Quadra QNL 28 Via 29",
		"numero": 454,
		"bairro": "Taguatinga Norte (Taguatinga)",
		"cidade": "Brasília",
		"estado": "DF",
		"telefone_fixo": "(61) 3530-3544",
		"celular": "(61) 99208-7893",
		"altura": "1,69",
		"peso": 97,
		"tipo_sanguineo": "AB-",
		"cor": "roxo"
	},
	{
		"nome": "Fernanda Carolina Caldeira",
		"idade": 59,
		"cpf": "699.530.651-10",
		"rg": "30.164.692-2",
		"data_nasc": "22/01/1964",
		"sexo": "Feminino",
		"signo": "Aquário",
		"mae": "Gabrielly Stella Nair",
		"pai": "Cauã Caleb Caldeira",
		"email": "fernanda-caldeira92@agen-pegeuot.com.br",
		"senha": "TWy1yWDNz4",
		"cep": "73026-020",
		"endereco": "Quadra Quadra 4 Comércio Local 7",
		"numero": 222,
		"bairro": "Sobradinho",
		"cidade": "Brasília",
		"estado": "DF",
		"telefone_fixo": "(61) 2526-6983",
		"celular": "(61) 98631-7747",
		"altura": "1,57",
		"peso": 89,
		"tipo_sanguineo": "A-",
		"cor": "vermelho"
	},
	{
		"nome": "Enrico Márcio Rodrigo Aragão",
		"idade": 80,
		"cpf": "783.237.541-87",
		"rg": "41.837.803-4",
		"data_nasc": "01/01/1943",
		"sexo": "Masculino",
		"signo": "Capricórnio",
		"mae": "Luana Maitê Agatha",
		"pai": "Pedro Henrique Bento Enzo Aragão",
		"email": "enricomarcioaragao@psq.med.br",
		"senha": "W0IXFh2HDQ",
		"cep": "70670-521",
		"endereco": "Quadra CLSW 103 Bloco A",
		"numero": 347,
		"bairro": "Setor Sudoeste",
		"cidade": "Brasília",
		"estado": "DF",
		"telefone_fixo": "(61) 3974-7305",
		"celular": "(61) 99936-6776",
		"altura": "1,67",
		"peso": 102,
		"tipo_sanguineo": "A+",
		"cor": "verde"
	},
	{
		"nome": "Joaquim Julio da Costa",
		"idade": 20,
		"cpf": "805.663.681-10",
		"rg": "23.730.032-1",
		"data_nasc": "10/02/2003",
		"sexo": "Masculino",
		"signo": "Aquário",
		"mae": "Márcia Fátima",
		"pai": "Thomas Murilo da Costa",
		"email": "joaquim.julio.dacosta@eton.com.br",
		"senha": "N7qQ7p3ftc",
		"cep": "70688-200",
		"endereco": "Quadra CRNW 510 Bloco B Lote 5",
		"numero": 599,
		"bairro": "Setor Noroeste",
		"cidade": "Brasília",
		"estado": "DF",
		"telefone_fixo": "(61) 3595-2697",
		"celular": "(61) 99574-3581",
		"altura": "2,00",
		"peso": 110,
		"tipo_sanguineo": "AB+",
		"cor": "verde"
	},
	{
		"nome": "Martin Oliver Bernardo Jesus",
		"idade": 40,
		"cpf": "749.662.231-13",
		"rg": "37.959.064-5",
		"data_nasc": "19/02/1983",
		"sexo": "Masculino",
		"signo": "Aquário",
		"mae": "Alice Aurora Benedita",
		"pai": "Lucca Heitor Jesus",
		"email": "martin.oliver.jesus@ericsson.com",
		"senha": "qw9qej39qc",
		"cep": "70760-510",
		"endereco": "Quadra SCLRN 712",
		"numero": 418,
		"bairro": "Asa Norte",
		"cidade": "Brasília",
		"estado": "DF",
		"telefone_fixo": "(61) 2632-1830",
		"celular": "(61) 99724-1346",
		"altura": "1,83",
		"peso": 54,
		"tipo_sanguineo": "AB-",
		"cor": "vermelho"
	},
	{
		"nome": "Emanuelly Heloise Jéssica Aparício",
		"idade": 34,
		"cpf": "962.185.201-37",
		"rg": "28.988.347-7",
		"data_nasc": "17/01/1989",
		"sexo": "Feminino",
		"signo": "Capricórnio",
		"mae": "Lara Aline",
		"pai": "Ryan Martin Aparício",
		"email": "emanuelly_aparicio@hp.com",
		"senha": "r7GZz3CGby",
		"cep": "71715-052",
		"endereco": "Avenida Segunda Avenida Bloco 1620",
		"numero": 863,
		"bairro": "Núcleo Bandeirante",
		"cidade": "Brasília",
		"estado": "DF",
		"telefone_fixo": "(61) 2669-6667",
		"celular": "(61) 99678-5078",
		"altura": "1,53",
		"peso": 55,
		"tipo_sanguineo": "AB-",
		"cor": "amarelo"
	},
	{
		"nome": "Liz Maya Helena Assunção",
		"idade": 64,
		"cpf": "797.073.781-15",
		"rg": "26.506.422-3",
		"data_nasc": "16/01/1959",
		"sexo": "Feminino",
		"signo": "Capricórnio",
		"mae": "Isabelle Julia Gabrielly",
		"pai": "Julio Breno Assunção",
		"email": "liz_maya_assuncao@cordeiromaquinas.com.br",
		"senha": "2Ym7DsxlBw",
		"cep": "73031-535",
		"endereco": "Quadra Quadra 5 Comércio Local 13",
		"numero": 370,
		"bairro": "Sobradinho",
		"cidade": "Brasília",
		"estado": "DF",
		"telefone_fixo": "(61) 2606-6379",
		"celular": "(61) 98598-9890",
		"altura": "1,50",
		"peso": 53,
		"tipo_sanguineo": "B+",
		"cor": "roxo"
	},
	{
		"nome": "Victor Isaac Benício Nogueira",
		"idade": 42,
		"cpf": "071.014.041-03",
		"rg": "49.727.217-9",
		"data_nasc": "21/02/1981",
		"sexo": "Masculino",
		"signo": "Peixes",
		"mae": "Fátima Milena Ayla",
		"pai": "Yuri Julio Nogueira",
		"email": "victor_isaac_nogueira@michaelpage.com.br",
		"senha": "iYXz7ayyxh",
		"cep": "71681-490",
		"endereco": "Quadra 9 Conjunto D",
		"numero": 782,
		"bairro": "Setor Habitacional Jardim Botânico (Lago Sul)",
		"cidade": "Brasília",
		"estado": "DF",
		"telefone_fixo": "(61) 3954-1540",
		"celular": "(61) 98782-5895",
		"altura": "1,75",
		"peso": 90,
		"tipo_sanguineo": "A-",
		"cor": "roxo"
	},
	{
		"nome": "Cláudio Paulo Guilherme Galvão",
		"idade": 34,
		"cpf": "423.592.591-13",
		"rg": "42.933.563-5",
		"data_nasc": "17/02/1989",
		"sexo": "Masculino",
		"signo": "Aquário",
		"mae": "Heloise Cecília Milena",
		"pai": "Tiago Ruan Jorge Galvão",
		"email": "claudio_galvao@bmalaw.com.br",
		"senha": "1WKYPwCEKT",
		"cep": "72215-199",
		"endereco": "Quadra QNM 19 Conjunto I",
		"numero": 925,
		"bairro": "Ceilândia Sul (Ceilândia)",
		"cidade": "Brasília",
		"estado": "DF",
		"telefone_fixo": "(61) 3559-3400",
		"celular": "(61) 99484-2763",
		"altura": "1,63",
		"peso": 69,
		"tipo_sanguineo": "B-",
		"cor": "laranja"
	},
	{
		"nome": "Rosa Lorena Alves",
		"idade": 41,
		"cpf": "182.432.251-88",
		"rg": "18.320.757-9",
		"data_nasc": "14/02/1982",
		"sexo": "Feminino",
		"signo": "Aquário",
		"mae": "Isabelly Beatriz",
		"pai": "Ryan Murilo Henrique Alves",
		"email": "rosalorenaalves@ovi.com",
		"senha": "9Kj66c6qRG",
		"cep": "70660-054",
		"endereco": "Quadra AOS 5 Bloco D",
		"numero": 432,
		"bairro": "Área Octogonal",
		"cidade": "Brasília",
		"estado": "DF",
		"telefone_fixo": "(61) 2884-9033",
		"celular": "(61) 98495-1570",
		"altura": "1,54",
		"peso": 54,
		"tipo_sanguineo": "AB-",
		"cor": "laranja"
	},
	{
		"nome": "Bento Murilo Thiago Figueiredo",
		"idade": 25,
		"cpf": "832.595.021-81",
		"rg": "12.305.596-9",
		"data_nasc": "19/01/1998",
		"sexo": "Masculino",
		"signo": "Capricórnio",
		"mae": "Cláudia Nair",
		"pai": "Anderson Thales Figueiredo",
		"email": "bento.murilo.figueiredo@fransystems.com.br",
		"senha": "ax9CGLRp4M",
		"cep": "70200-710",
		"endereco": "Quadra SGAS 611",
		"numero": 442,
		"bairro": "Asa Sul",
		"cidade": "Brasília",
		"estado": "DF",
		"telefone_fixo": "(61) 3966-0877",
		"celular": "(61) 98550-1377",
		"altura": "1,65",
		"peso": 77,
		"tipo_sanguineo": "O+",
		"cor": "verde"
	},
	{
		"nome": "Analu Silvana Débora da Cunha",
		"idade": 23,
		"cpf": "310.792.861-52",
		"rg": "22.511.739-3",
		"data_nasc": "05/02/2000",
		"sexo": "Feminino",
		"signo": "Aquário",
		"mae": "Brenda Caroline Jéssica",
		"pai": "Emanuel Henry da Cunha",
		"email": "analu-dacunha92@diebold.com",
		"senha": "dMTUig493Q",
		"cep": "70620-060",
		"endereco": "Setor SAM Bloco F",
		"numero": 535,
		"bairro": "Setores Complementares",
		"cidade": "Brasília",
		"estado": "DF",
		"telefone_fixo": "(61) 3728-5361",
		"celular": "(61) 98404-8615",
		"altura": "1,63",
		"peso": 72,
		"tipo_sanguineo": "B-",
		"cor": "azul"
	},
	{
		"nome": "Thomas César Fábio da Rosa",
		"idade": 77,
		"cpf": "746.343.951-85",
		"rg": "29.128.535-1",
		"data_nasc": "17/02/1946",
		"sexo": "Masculino",
		"signo": "Aquário",
		"mae": "Antonella Evelyn",
		"pai": "Augusto Iago da Rosa",
		"email": "thomas_darosa@rogerstenis.com.br",
		"senha": "sqJt18pS1S",
		"cep": "70735-500",
		"endereco": "Quadra CLN 303",
		"numero": 745,
		"bairro": "Asa Norte",
		"cidade": "Brasília",
		"estado": "DF",
		"telefone_fixo": "(61) 2548-4182",
		"celular": "(61) 98331-0194",
		"altura": "1,88",
		"peso": 66,
		"tipo_sanguineo": "O-",
		"cor": "vermelho"
	},
	{
		"nome": "Mateus Benedito Arthur Santos",
		"idade": 73,
		"cpf": "508.541.551-55",
		"rg": "11.780.250-5",
		"data_nasc": "08/02/1950",
		"sexo": "Masculino",
		"signo": "Aquário",
		"mae": "Priscila Giovana",
		"pai": "Francisco Cauê Antonio Santos",
		"email": "mateus.benedito.santos@vpsa.com.br",
		"senha": "eHu5qSmKsp",
		"cep": "72325-104",
		"endereco": "Quadra QR 421 Conjunto 4",
		"numero": 287,
		"bairro": "Samambaia Norte (Samambaia)",
		"cidade": "Brasília",
		"estado": "DF",
		"telefone_fixo": "(61) 2869-4023",
		"celular": "(61) 99884-7688",
		"altura": "1,79",
		"peso": 58,
		"tipo_sanguineo": "A+",
		"cor": "laranja"
	},
	{
		"nome": "Emanuelly Marlene Assis",
		"idade": 40,
		"cpf": "111.379.531-01",
		"rg": "26.784.964-3",
		"data_nasc": "16/01/1983",
		"sexo": "Feminino",
		"signo": "Capricórnio",
		"mae": "Alessandra Rebeca",
		"pai": "Theo Murilo Assis",
		"email": "emanuelly.marlene.assis@geopx.com.br",
		"senha": "MBiU9zKBoz",
		"cep": "71593-385",
		"endereco": "Quadra 333",
		"numero": 263,
		"bairro": "Del Lago II (Itapoã)",
		"cidade": "Brasília",
		"estado": "DF",
		"telefone_fixo": "(61) 2725-0447",
		"celular": "(61) 99641-9493",
		"altura": "1,66",
		"peso": 59,
		"tipo_sanguineo": "A+",
		"cor": "laranja"
	},
	{
		"nome": "Thales Murilo da Mota",
		"idade": 32,
		"cpf": "087.052.801-76",
		"rg": "27.161.611-8",
		"data_nasc": "04/01/1991",
		"sexo": "Masculino",
		"signo": "Capricórnio",
		"mae": "Helena Renata",
		"pai": "Gael Theo da Mota",
		"email": "thales_murilo_damota@metroquali.com.br",
		"senha": "mfS2cgKNHG",
		"cep": "71100-030",
		"endereco": "Quadra EPTG QE 1 Bloco B-15",
		"numero": 221,
		"bairro": "Quadras Econômicas Lúcio Costa (Guará)",
		"cidade": "Brasília",
		"estado": "DF",
		"telefone_fixo": "(61) 2811-3153",
		"celular": "(61) 99965-9460",
		"altura": "1,96",
		"peso": 58,
		"tipo_sanguineo": "B+",
		"cor": "vermelho"
	},
	{
		"nome": "Aparecida Kamilly Costa",
		"idade": 39,
		"cpf": "902.823.041-69",
		"rg": "37.679.068-4",
		"data_nasc": "13/02/1984",
		"sexo": "Feminino",
		"signo": "Aquário",
		"mae": "Maya Jéssica Maitê",
		"pai": "Jorge Levi Benedito Costa",
		"email": "aparecidakamillycosta@costaporto.com.br",
		"senha": "UXWP5gSF2l",
		"cep": "70686-800",
		"endereco": "Quadra SQNW 307",
		"numero": 244,
		"bairro": "Setor Noroeste",
		"cidade": "Brasília",
		"estado": "DF",
		"telefone_fixo": "(61) 2944-2229",
		"celular": "(61) 98128-3331",
		"altura": "1,59",
		"peso": 61,
		"tipo_sanguineo": "AB-",
		"cor": "laranja"
	},
	{
		"nome": "Marina Eliane Brenda de Paula",
		"idade": 60,
		"cpf": "619.201.811-13",
		"rg": "12.129.064-5",
		"data_nasc": "22/01/1963",
		"sexo": "Feminino",
		"signo": "Aquário",
		"mae": "Sandra Josefa Manuela",
		"pai": "Augusto Vicente de Paula",
		"email": "marina_eliane_depaula@abcautoservice.net",
		"senha": "G05nKtDzPT",
		"cep": "71810-300",
		"endereco": "Quadra AC 3",
		"numero": 251,
		"bairro": "Riacho Fundo I",
		"cidade": "Brasília",
		"estado": "DF",
		"telefone_fixo": "(61) 2587-3473",
		"celular": "(61) 98953-9563",
		"altura": "1,84",
		"peso": 56,
		"tipo_sanguineo": "A+",
		"cor": "preto"
	},
	{
		"nome": "Kevin Thales Martins",
		"idade": 55,
		"cpf": "823.609.411-19",
		"rg": "16.005.594-5",
		"data_nasc": "25/01/1968",
		"sexo": "Masculino",
		"signo": "Aquário",
		"mae": "Carla Isabel",
		"pai": "Manoel Diogo Paulo Martins",
		"email": "kevin_thales_martins@ahlstrom.com",
		"senha": "GPHGRBbcbU",
		"cep": "70347-520",
		"endereco": "Quadra CLS 108 Bloco B",
		"numero": 838,
		"bairro": "Asa Sul",
		"cidade": "Brasília",
		"estado": "DF",
		"telefone_fixo": "(61) 2992-7747",
		"celular": "(61) 99344-4190",
		"altura": "1,69",
		"peso": 81,
		"tipo_sanguineo": "A+",
		"cor": "laranja"
	},
	{
		"nome": "Tiago Severino Erick Ribeiro",
		"idade": 37,
		"cpf": "001.260.081-40",
		"rg": "17.136.268-8",
		"data_nasc": "01/02/1986",
		"sexo": "Masculino",
		"signo": "Aquário",
		"mae": "Fátima Mirella",
		"pai": "Juan Sebastião Martin Ribeiro",
		"email": "tiago.severino.ribeiro@provale.com.br",
		"senha": "g5KsOMFxYG",
		"cep": "70040-905",
		"endereco": "SBN Quadra 2 Bloco J",
		"numero": 883,
		"bairro": "Asa Norte",
		"cidade": "Brasília",
		"estado": "DF",
		"telefone_fixo": "(61) 3832-5165",
		"celular": "(61) 98618-9815",
		"altura": "1,96",
		"peso": 66,
		"tipo_sanguineo": "O-",
		"cor": "amarelo"
	},
	{
		"nome": "Gabriel Bernardo Castro",
		"idade": 30,
		"cpf": "829.206.771-01",
		"rg": "38.809.829-6",
		"data_nasc": "01/02/1993",
		"sexo": "Masculino",
		"signo": "Aquário",
		"mae": "Fátima Beatriz Allana",
		"pai": "Nelson Felipe Castro",
		"email": "gabrielbernardocastro@profemme.com.br",
		"senha": "chGjAckCEi",
		"cep": "72015-951",
		"endereco": "CSB 6 Blocos A ao D Lotes 1/2",
		"numero": 651,
		"bairro": "Taguatinga Sul (Taguatinga)",
		"cidade": "Brasília",
		"estado": "DF",
		"telefone_fixo": "(61) 3518-4215",
		"celular": "(61) 99413-5242",
		"altura": "1,70",
		"peso": 86,
		"tipo_sanguineo": "AB+",
		"cor": "laranja"
	}
]