[
	{
		"nome": "Lorena Eduarda Moreira",
		"idade": 29,
		"cpf": "683.113.791-14",
		"rg": "29.527.932-1",
		"data_nasc": "06/02/1994",
		"sexo": "Feminino",
		"signo": "Aquário",
		"mae": "Raquel Clarice",
		"pai": "Thales Rodrigo Alexandre Moreira",
		"email": "lorena.eduarda.moreira@marketingvale.com.br",
		"senha": "cBZXxW9iQQ",
		"cep": "08060-260",
		"endereco": "Praça José de Barros Abreu",
		"numero": 411,
		"bairro": "Vila Jacuí",
		"cidade": "São Paulo",
		"estado": "SP",
		"telefone_fixo": "(11) 2804-4137",
		"celular": "(11) 99691-7964",
		"altura": "1,60",
		"peso": 62,
		"tipo_sanguineo": "O+",
		"cor": "azul"
	},
	{
		"nome": "Fernando Murilo Elias Corte Real",
		"idade": 29,
		"cpf": "766.417.536-46",
		"rg": "26.960.112-0",
		"data_nasc": "08/01/1994",
		"sexo": "Masculino",
		"signo": "Capricórnio",
		"mae": "Vera Camila Marcela",
		"pai": "Gabriel Sebastião Victor Corte Real",
		"email": "fernandomurilocortereal@band.com",
		"senha": "PmwPZenUBF",
		"cep": "64008-372",
		"endereco": "Rua Professor Adolfo Santana",
		"numero": 708,
		"bairro": "Bom Jesus",
		"cidade": "Teresina",
		"estado": "PI",
		"telefone_fixo": "(86) 2618-9398",
		"celular": "(86) 98915-5900",
		"altura": "1,91",
		"peso": 62,
		"tipo_sanguineo": "A-",
		"cor": "vermelho"
	},
	{
		"nome": "Eliane Marcela Alessandra Galvão",
		"idade": 38,
		"cpf": "242.133.552-33",
		"rg": "18.815.918-6",
		"data_nasc": "23/01/1985",
		"sexo": "Feminino",
		"signo": "Aquário",
		"mae": "Andreia Sophia Josefa",
		"pai": "Bruno Thiago Galvão",
		"email": "elianemarcelagalvao@live.co.uk",
		"senha": "EoMe8oENYF",
		"cep": "79904-499",
		"endereco": "Rua Manoel Dias de Pinho",
		"numero": 267,
		"bairro": "Centro",
		"cidade": "Ponta Porã",
		"estado": "MS",
		"telefone_fixo": "(67) 2939-7365",
		"celular": "(67) 98270-4662",
		"altura": "1,65",
		"peso": 62,
		"tipo_sanguineo": "B-",
		"cor": "vermelho"
	},
	{
		"nome": "Vera Jéssica Isabelly Gonçalves",
		"idade": 65,
		"cpf": "424.702.607-01",
		"rg": "24.326.342-9",
		"data_nasc": "19/01/1958",
		"sexo": "Feminino",
		"signo": "Capricórnio",
		"mae": "Priscila Luiza",
		"pai": "Murilo Ryan Gonçalves",
		"email": "verajessicagoncalves@uniara.com.br",
		"senha": "EFfxfBskyr",
		"cep": "69068-550",
		"endereco": "Rua João Dias",
		"numero": 950,
		"bairro": "Raiz",
		"cidade": "Manaus",
		"estado": "AM",
		"telefone_fixo": "(92) 3804-0519",
		"celular": "(92) 99604-7215",
		"altura": "1,68",
		"peso": 84,
		"tipo_sanguineo": "O-",
		"cor": "laranja"
	},
	{
		"nome": "Diogo Tiago Elias das Neves",
		"idade": 40,
		"cpf": "961.216.195-03",
		"rg": "24.739.148-7",
		"data_nasc": "20/02/1983",
		"sexo": "Masculino",
		"signo": "Peixes",
		"mae": "Elza Isis",
		"pai": "Tomás Cláudio das Neves",
		"email": "diogo-dasneves88@danielsalla.com.br",
		"senha": "OtjMZD7rGQ",
		"cep": "35164-468",
		"endereco": "Rua Vinte e Nove",
		"numero": 249,
		"bairro": "Planalto II",
		"cidade": "Ipatinga",
		"estado": "MG",
		"telefone_fixo": "(31) 2551-1647",
		"celular": "(31) 98301-5130",
		"altura": "1,65",
		"peso": 110,
		"tipo_sanguineo": "AB+",
		"cor": "vermelho"
	},
	{
		"nome": "Pedro Henrique Fábio Rafael Lopes",
		"idade": 67,
		"cpf": "953.292.061-70",
		"rg": "16.457.061-5",
		"data_nasc": "09/02/1956",
		"sexo": "Masculino",
		"signo": "Aquário",
		"mae": "Sandra Regina Melissa",
		"pai": "Manoel Hugo Lopes",
		"email": "pedrohenriquelopes@cbsaperfeicoamento.com.br",
		"senha": "Z6QQjtLfFe",
		"cep": "59020-400",
		"endereco": "Avenida Prudente de Morais",
		"numero": 850,
		"bairro": "Petrópolis",
		"cidade": "Natal",
		"estado": "RN",
		"telefone_fixo": "(84) 2708-9157",
		"celular": "(84) 99101-7409",
		"altura": "1,90",
		"peso": 106,
		"tipo_sanguineo": "B-",
		"cor": "azul"
	},
	{
		"nome": "Rita Isabelle Yasmin da Conceição",
		"idade": 79,
		"cpf": "120.233.344-38",
		"rg": "42.214.109-4",
		"data_nasc": "09/01/1944",
		"sexo": "Feminino",
		"signo": "Capricórnio",
		"mae": "Stella Caroline Eduarda",
		"pai": "Pietro Giovanni Elias da Conceição",
		"email": "ritaisabelledaconceicao@statusseguros.com.br",
		"senha": "JKB7DBYU7n",
		"cep": "57042-600",
		"endereco": "Rua Inspetor Rosalvo Martins de Carvalho",
		"numero": 965,
		"bairro": "Feitosa",
		"cidade": "Maceió",
		"estado": "AL",
		"telefone_fixo": "(82) 3850-6927",
		"celular": "(82) 98531-0347",
		"altura": "1,70",
		"peso": 75,
		"tipo_sanguineo": "AB+",
		"cor": "vermelho"
	},
	{
		"nome": "Carolina Fátima Lavínia Monteiro",
		"idade": 45,
		"cpf": "178.329.066-85",
		"rg": "31.653.146-7",
		"data_nasc": "07/01/1978",
		"sexo": "Feminino",
		"signo": "Capricórnio",
		"mae": "Ana Lúcia",
		"pai": "Benjamin Felipe Tomás Monteiro",
		"email": "carolina_fatima_monteiro@outershoes.com.br",
		"senha": "XPMoIELYZR",
		"cep": "53423-470",
		"endereco": "Rua Maravilhas",
		"numero": 255,
		"bairro": "Engenho Maranguape",
		"cidade": "Paulista",
		"estado": "PE",
		"telefone_fixo": "(81) 2775-6859",
		"celular": "(81) 99739-3524",
		"altura": "1,73",
		"peso": 50,
		"tipo_sanguineo": "A+",
		"cor": "azul"
	},
	{
		"nome": "Lucca Calebe Filipe Ramos",
		"idade": 78,
		"cpf": "284.381.913-04",
		"rg": "27.863.981-1",
		"data_nasc": "26/01/1945",
		"sexo": "Masculino",
		"signo": "Aquário",
		"mae": "Manuela Maitê",
		"pai": "Osvaldo Bernardo Ramos",
		"email": "lucca_calebe_ramos@directnet.com",
		"senha": "AwBn181q9E",
		"cep": "70373-010",
		"endereco": "Quadra SQS 110 Bloco A",
		"numero": 798,
		"bairro": "Asa Sul",
		"cidade": "Brasília",
		"estado": "DF",
		"telefone_fixo": "(61) 3628-9235",
		"celular": "(61) 99646-6518",
		"altura": "1,73",
		"peso": 104,
		"tipo_sanguineo": "AB+",
		"cor": "vermelho"
	},
	{
		"nome": "Roberto Erick Aparício",
		"idade": 47,
		"cpf": "675.900.791-38",
		"rg": "32.594.828-8",
		"data_nasc": "07/02/1976",
		"sexo": "Masculino",
		"signo": "Aquário",
		"mae": "Jéssica Evelyn",
		"pai": "João Juan Aparício",
		"email": "robertoerickaparicio@citi.com",
		"senha": "ZWgS3LgTEl",
		"cep": "69306-710",
		"endereco": "Rua Acácio do Vale",
		"numero": 984,
		"bairro": "São Pedro",
		"cidade": "Boa Vista",
		"estado": "RR",
		"telefone_fixo": "(95) 2511-5008",
		"celular": "(95) 98305-8430",
		"altura": "1,64",
		"peso": 82,
		"tipo_sanguineo": "A+",
		"cor": "vermelho"
	},
	{
		"nome": "Carlos Eduardo Pietro Yuri Fogaça",
		"idade": 38,
		"cpf": "283.964.679-00",
		"rg": "36.929.888-3",
		"data_nasc": "19/02/1985",
		"sexo": "Masculino",
		"signo": "Aquário",
		"mae": "Priscila Andrea Lorena",
		"pai": "Leandro Eduardo Ryan Fogaça",
		"email": "carlos-fogaca96@padrejuliano.com",
		"senha": "4E87LNmsab",
		"cep": "57081-780",
		"endereco": "Rua João Monteiro da Silva",
		"numero": 148,
		"bairro": "Tabuleiro do Martins",
		"cidade": "Maceió",
		"estado": "AL",
		"telefone_fixo": "(82) 3696-2234",
		"celular": "(82) 98231-1282",
		"altura": "1,83",
		"peso": 69,
		"tipo_sanguineo": "B-",
		"cor": "azul"
	},
	{
		"nome": "Arthur Antonio Enrico Almeida",
		"idade": 73,
		"cpf": "832.009.227-29",
		"rg": "13.795.260-0",
		"data_nasc": "05/02/1950",
		"sexo": "Masculino",
		"signo": "Aquário",
		"mae": "Sabrina Priscila Vitória",
		"pai": "Benício Marcos Breno Almeida",
		"email": "arthurantonioalmeida@caej.com.br",
		"senha": "UPhPBlG9cl",
		"cep": "72241-109",
		"endereco": "Quadra QNP 11 Conjunto I",
		"numero": 801,
		"bairro": "Ceilândia Norte (Ceilândia)",
		"cidade": "Brasília",
		"estado": "DF",
		"telefone_fixo": "(61) 3517-8858",
		"celular": "(61) 98684-0283",
		"altura": "1,76",
		"peso": 82,
		"tipo_sanguineo": "B+",
		"cor": "azul"
	},
	{
		"nome": "Laís Marcela Moraes",
		"idade": 30,
		"cpf": "706.871.813-21",
		"rg": "32.993.029-1",
		"data_nasc": "18/01/1993",
		"sexo": "Feminino",
		"signo": "Capricórnio",
		"mae": "Andreia Patrícia",
		"pai": "Fernando Tiago Ian Moraes",
		"email": "lais_moraes@petcamp.com.br",
		"senha": "BFEgrpbnKN",
		"cep": "61932-165",
		"endereco": "Rua São Joel",
		"numero": 966,
		"bairro": "Pajuçara",
		"cidade": "Maracanaú",
		"estado": "CE",
		"telefone_fixo": "(85) 2756-0754",
		"celular": "(85) 99247-4143",
		"altura": "1,59",
		"peso": 76,
		"tipo_sanguineo": "O+",
		"cor": "azul"
	},
	{
		"nome": "Breno Pietro Renan Drumond",
		"idade": 78,
		"cpf": "048.099.316-50",
		"rg": "28.639.855-2",
		"data_nasc": "23/02/1945",
		"sexo": "Masculino",
		"signo": "Peixes",
		"mae": "Clara Helena Maria",
		"pai": "Gabriel Pietro Daniel Drumond",
		"email": "breno-drumond78@gmx.com",
		"senha": "eyaFGK9x0O",
		"cep": "87702-080",
		"endereco": "Rua Santa Catarina",
		"numero": 683,
		"bairro": "Centro",
		"cidade": "Paranavaí",
		"estado": "PR",
		"telefone_fixo": "(44) 3597-1340",
		"celular": "(44) 98560-6696",
		"altura": "1,83",
		"peso": 105,
		"tipo_sanguineo": "O+",
		"cor": "amarelo"
	},
	{
		"nome": "Malu Yasmin Nunes",
		"idade": 32,
		"cpf": "691.576.492-51",
		"rg": "11.689.001-0",
		"data_nasc": "07/02/1991",
		"sexo": "Feminino",
		"signo": "Aquário",
		"mae": "Luana Aurora Antonella",
		"pai": "Gabriel Marcos César Nunes",
		"email": "malu_yasmin_nunes@granvale.com.br",
		"senha": "bbRN0n2oJw",
		"cep": "29177-607",
		"endereco": "Rua da Marita",
		"numero": 851,
		"bairro": "Jardim Primavera",
		"cidade": "Serra",
		"estado": "ES",
		"telefone_fixo": "(27) 2594-5681",
		"celular": "(27) 98658-6195",
		"altura": "1,53",
		"peso": 51,
		"tipo_sanguineo": "A-",
		"cor": "vermelho"
	},
	{
		"nome": "Geraldo Benedito Enzo Moura",
		"idade": 59,
		"cpf": "701.886.411-90",
		"rg": "44.980.903-1",
		"data_nasc": "25/01/1964",
		"sexo": "Masculino",
		"signo": "Aquário",
		"mae": "Marina Rebeca",
		"pai": "Manuel Manoel Moura",
		"email": "geraldo_benedito_moura@raffinimobiliario.com.br",
		"senha": "f7Q54XqJQJ",
		"cep": "29704-410",
		"endereco": "Rua Frederico Botan",
		"numero": 219,
		"bairro": "Honório Fraga",
		"cidade": "Colatina",
		"estado": "ES",
		"telefone_fixo": "(27) 2749-1188",
		"celular": "(27) 99629-1017",
		"altura": "1,83",
		"peso": 102,
		"tipo_sanguineo": "AB+",
		"cor": "azul"
	},
	{
		"nome": "Adriana Vanessa Costa",
		"idade": 77,
		"cpf": "414.618.285-97",
		"rg": "47.986.996-0",
		"data_nasc": "16/01/1946",
		"sexo": "Feminino",
		"signo": "Capricórnio",
		"mae": "Aline Fátima Laura",
		"pai": "Rafael André Samuel Costa",
		"email": "adrianavanessacosta@cielo.com.br",
		"senha": "WxeCDjkDyx",
		"cep": "31970-628",
		"endereco": "Rua Cabo Jorge Souza",
		"numero": 212,
		"bairro": "Jardim Vitória",
		"cidade": "Belo Horizonte",
		"estado": "MG",
		"telefone_fixo": "(31) 2889-2528",
		"celular": "(31) 99820-4657",
		"altura": "1,58",
		"peso": 73,
		"tipo_sanguineo": "A+",
		"cor": "verde"
	},
	{
		"nome": "Luciana Natália Rodrigues",
		"idade": 79,
		"cpf": "164.355.849-82",
		"rg": "46.750.858-6",
		"data_nasc": "22/02/1944",
		"sexo": "Feminino",
		"signo": "Peixes",
		"mae": "Clara Marina Analu",
		"pai": "Vicente Yuri Rodrigues",
		"email": "luciana.natalia.rodrigues@renatoseguros.com",
		"senha": "qJIMhxGL0W",
		"cep": "50870-115",
		"endereco": "Rua Professor Jorge Serafim dos Santos",
		"numero": 716,
		"bairro": "Areias",
		"cidade": "Recife",
		"estado": "PE",
		"telefone_fixo": "(81) 3513-7800",
		"celular": "(81) 99709-4516",
		"altura": "1,69",
		"peso": 78,
		"tipo_sanguineo": "B-",
		"cor": "azul"
	},
	{
		"nome": "Lúcia Camila Pinto",
		"idade": 79,
		"cpf": "402.132.767-39",
		"rg": "29.415.618-5",
		"data_nasc": "07/01/1944",
		"sexo": "Feminino",
		"signo": "Capricórnio",
		"mae": "Eliane Juliana Carolina",
		"pai": "Ricardo Isaac Osvaldo Pinto",
		"email": "lucia_pinto@prestec.com.br",
		"senha": "2Wj8UWjbm1",
		"cep": "59070-460",
		"endereco": "Rua Ibiara",
		"numero": 760,
		"bairro": "Cidade da Esperança",
		"cidade": "Natal",
		"estado": "RN",
		"telefone_fixo": "(84) 3661-4231",
		"celular": "(84) 98734-4169",
		"altura": "1,83",
		"peso": 49,
		"tipo_sanguineo": "AB-",
		"cor": "azul"
	},
	{
		"nome": "Adriana Jaqueline dos Santos",
		"idade": 55,
		"cpf": "407.868.251-03",
		"rg": "11.500.569-9",
		"data_nasc": "10/02/1968",
		"sexo": "Feminino",
		"signo": "Aquário",
		"mae": "Emilly Laura",
		"pai": "Matheus José dos Santos",
		"email": "adriana_dossantos@bcconsult.com.br",
		"senha": "lET40Xs3Gl",
		"cep": "68909-029",
		"endereco": "Travessa Equatorial",
		"numero": 326,
		"bairro": "Jardim Felicidade",
		"cidade": "Macapá",
		"estado": "AP",
		"telefone_fixo": "(96) 3916-9720",
		"celular": "(96) 98479-0186",
		"altura": "1,59",
		"peso": 63,
		"tipo_sanguineo": "O+",
		"cor": "roxo"
	},
	{
		"nome": "Emilly Tânia Heloisa da Mata",
		"idade": 58,
		"cpf": "409.677.257-71",
		"rg": "21.147.529-4",
		"data_nasc": "20/01/1965",
		"sexo": "Feminino",
		"signo": "Capricórnio",
		"mae": "Laura Nair",
		"pai": "Nicolas Cauê Anthony da Mata",
		"email": "emilly-damata89@edwardmaluf.com.br",
		"senha": "8sJUykTD0J",
		"cep": "69313-688",
		"endereco": "Avenida Rui Baraúna",
		"numero": 624,
		"bairro": "Jardim Caranã",
		"cidade": "Boa Vista",
		"estado": "RR",
		"telefone_fixo": "(95) 2501-8135",
		"celular": "(95) 98969-2760",
		"altura": "1,71",
		"peso": 48,
		"tipo_sanguineo": "A+",
		"cor": "amarelo"
	},
	{
		"nome": "Cristiane Clarice Isabella da Cunha",
		"idade": 41,
		"cpf": "150.118.103-30",
		"rg": "11.687.558-6",
		"data_nasc": "25/01/1982",
		"sexo": "Feminino",
		"signo": "Aquário",
		"mae": "Mariane Melissa Mariah",
		"pai": "Benício Roberto Manoel da Cunha",
		"email": "cristiane.clarice.dacunha@sp.senac.com.br",
		"senha": "pCmUY4FwqT",
		"cep": "21932-670",
		"endereco": "Rua Treze",
		"numero": 719,
		"bairro": "Portuguesa",
		"cidade": "Rio de Janeiro",
		"estado": "RJ",
		"telefone_fixo": "(21) 3874-5175",
		"celular": "(21) 99321-0803",
		"altura": "1,64",
		"peso": 52,
		"tipo_sanguineo": "B-",
		"cor": "roxo"
	},
	{
		"nome": "Juliana Alana Sophia Jesus",
		"idade": 29,
		"cpf": "682.400.474-08",
		"rg": "28.656.940-1",
		"data_nasc": "09/02/1994",
		"sexo": "Feminino",
		"signo": "Aquário",
		"mae": "Heloisa Fernanda",
		"pai": "Antonio Thiago Breno Jesus",
		"email": "juliana-jesus81@mpeventos.com.br",
		"senha": "F6WEG2aPsX",
		"cep": "41505-425",
		"endereco": "Rua Cesaréia",
		"numero": 218,
		"bairro": "Cassange",
		"cidade": "Salvador",
		"estado": "BA",
		"telefone_fixo": "(71) 2746-7932",
		"celular": "(71) 98741-8159",
		"altura": "1,69",
		"peso": 56,
		"tipo_sanguineo": "AB-",
		"cor": "verde"
	},
	{
		"nome": "Rafael Felipe da Paz",
		"idade": 22,
		"cpf": "952.316.424-44",
		"rg": "48.101.986-8",
		"data_nasc": "22/02/2001",
		"sexo": "Masculino",
		"signo": "Peixes",
		"mae": "Laura Mariana",
		"pai": "Heitor José da Paz",
		"email": "rafael-dapaz82@gutembier.com.br",
		"senha": "rXiXfqKScl",
		"cep": "78550-412",
		"endereco": "Rua das Primaveras",
		"numero": 519,
		"bairro": "Jardim Primavera",
		"cidade": "Sinop",
		"estado": "MT",
		"telefone_fixo": "(66) 2900-0330",
		"celular": "(66) 98771-8932",
		"altura": "1,60",
		"peso": 67,
		"tipo_sanguineo": "A-",
		"cor": "preto"
	},
	{
		"nome": "Natália Isabelly Fabiana Duarte",
		"idade": 73,
		"cpf": "735.364.479-61",
		"rg": "10.874.655-0",
		"data_nasc": "17/01/1950",
		"sexo": "Feminino",
		"signo": "Capricórnio",
		"mae": "Clara Tatiane",
		"pai": "Davi Lucca Levi Duarte",
		"email": "natalia.isabelly.duarte@igly.com.br",
		"senha": "wG8OW6swFa",
		"cep": "44031-430",
		"endereco": "Rua Varig",
		"numero": 273,
		"bairro": "Pampalona",
		"cidade": "Feira de Santana",
		"estado": "BA",
		"telefone_fixo": "(75) 3663-5563",
		"celular": "(75) 99521-0716",
		"altura": "1,63",
		"peso": 48,
		"tipo_sanguineo": "A+",
		"cor": "verde"
	},
	{
		"nome": "Marcela Beatriz Eloá Barbosa",
		"idade": 70,
		"cpf": "477.078.949-10",
		"rg": "33.996.341-4",
		"data_nasc": "15/02/1953",
		"sexo": "Feminino",
		"signo": "Aquário",
		"mae": "Emilly Mariana Amanda",
		"pai": "Renan Francisco Benício Barbosa",
		"email": "marcela-barbosa98@hpelzer.com.br",
		"senha": "LBmB7I1Pkf",
		"cep": "72737-004",
		"endereco": "Quadra Quadra 37 Conjunto D",
		"numero": 880,
		"bairro": "Vila São José (Brazlândia)",
		"cidade": "Brasília",
		"estado": "DF",
		"telefone_fixo": "(61) 2765-2452",
		"celular": "(61) 99634-5366",
		"altura": "1,59",
		"peso": 83,
		"tipo_sanguineo": "O-",
		"cor": "roxo"
	},
	{
		"nome": "Sophia Isadora Nascimento",
		"idade": 45,
		"cpf": "464.874.299-02",
		"rg": "47.825.929-3",
		"data_nasc": "19/01/1978",
		"sexo": "Feminino",
		"signo": "Capricórnio",
		"mae": "Regina Andrea",
		"pai": "Carlos Eduardo Carlos Eduardo Carlos Eduardo Nascimento",
		"email": "sophiaisadoranascimento@vmetaiscba.com.br",
		"senha": "mjol71RsqA",
		"cep": "68928-304",
		"endereco": "Alameda D",
		"numero": 430,
		"bairro": "Fonte Nova",
		"cidade": "Santana",
		"estado": "AP",
		"telefone_fixo": "(96) 2645-7414",
		"celular": "(96) 99705-8652",
		"altura": "1,51",
		"peso": 87,
		"tipo_sanguineo": "AB+",
		"cor": "vermelho"
	},
	{
		"nome": "Isabella Rita de Paula",
		"idade": 77,
		"cpf": "788.366.574-00",
		"rg": "29.429.133-7",
		"data_nasc": "05/01/1946",
		"sexo": "Feminino",
		"signo": "Capricórnio",
		"mae": "Luciana Mariana",
		"pai": "Gabriel Pedro de Paula",
		"email": "isabella.rita.depaula@tanby.com.br",
		"senha": "wKKUzLphfX",
		"cep": "25720-448",
		"endereco": "Rua José Geraldo de Souza",
		"numero": 906,
		"bairro": "Gloria",
		"cidade": "Petrópolis",
		"estado": "RJ",
		"telefone_fixo": "(24) 2689-6050",
		"celular": "(24) 98349-0331",
		"altura": "1,81",
		"peso": 84,
		"tipo_sanguineo": "AB+",
		"cor": "amarelo"
	},
	{
		"nome": "Gabriel André Rocha",
		"idade": 46,
		"cpf": "480.107.298-41",
		"rg": "29.535.691-1",
		"data_nasc": "15/01/1977",
		"sexo": "Masculino",
		"signo": "Capricórnio",
		"mae": "Regina Amanda",
		"pai": "Edson Iago Sebastião Rocha",
		"email": "gabriel_andre_rocha@antunez.com.br",
		"senha": "j3kYgFCs4H",
		"cep": "41195-715",
		"endereco": "Travessa Salomão Barros",
		"numero": 118,
		"bairro": "Barreiras",
		"cidade": "Salvador",
		"estado": "BA",
		"telefone_fixo": "(71) 2858-1531",
		"celular": "(71) 98237-9350",
		"altura": "1,90",
		"peso": 99,
		"tipo_sanguineo": "AB+",
		"cor": "laranja"
	},
	{
		"nome": "Márcia Letícia Brito",
		"idade": 38,
		"cpf": "620.996.881-33",
		"rg": "11.089.629-4",
		"data_nasc": "20/02/1985",
		"sexo": "Feminino",
		"signo": "Peixes",
		"mae": "Catarina Sophia Isadora",
		"pai": "André Eduardo Brito",
		"email": "marcialeticiabrito@maggitoyota.com.br",
		"senha": "EneeUhnxRp",
		"cep": "76965-500",
		"endereco": "Rua Eitor Ozias Schundt",
		"numero": 877,
		"bairro": "Teixeirão",
		"cidade": "Cacoal",
		"estado": "RO",
		"telefone_fixo": "(69) 3583-8310",
		"celular": "(69) 99630-5747",
		"altura": "1,78",
		"peso": 68,
		"tipo_sanguineo": "AB+",
		"cor": "roxo"
	}
]