[
	{
		"nome": "Esther Sophia Lúcia Santos",
		"idade": 43,
		"cpf": "144.353.998-81",
		"rg": "25.320.965-1",
		"data_nasc": "16/01/1980",
		"sexo": "Feminino",
		"signo": "Capricórnio",
		"mae": "Clara Jaqueline",
		"pai": "Paulo Ryan Thales Santos",
		"email": "esther_santos@silnave.com.br",
		"senha": "j7iOjolMMW",
		"cep": "69015-113",
		"endereco": "Rua Carauari",
		"numero": 434,
		"bairro": "Colônia Terra Nova",
		"cidade": "Manaus",
		"estado": "AM",
		"telefone_fixo": "(92) 2545-8356",
		"celular": "(92) 98207-7372",
		"altura": "1,80",
		"peso": 58,
		"tipo_sanguineo": "B+",
		"cor": "vermelho"
	},
	{
		"nome": "Clarice Sarah Valentina Caldeira",
		"idade": 68,
		"cpf": "720.090.850-94",
		"rg": "28.122.389-0",
		"data_nasc": "09/02/1955",
		"sexo": "Feminino",
		"signo": "Aquário",
		"mae": "Daiane Antonella",
		"pai": "Cláudio Tomás César Caldeira",
		"email": "clarice_sarah_caldeira@polifiltro.com.br",
		"senha": "qqcXp0ZwsF",
		"cep": "78098-638",
		"endereco": "Rua Dez",
		"numero": 837,
		"bairro": "Jardim Industriário I",
		"cidade": "Cuiabá",
		"estado": "MT",
		"telefone_fixo": "(65) 2895-7020",
		"celular": "(65) 99831-6949",
		"altura": "1,85",
		"peso": 63,
		"tipo_sanguineo": "O+",
		"cor": "amarelo"
	},
	{
		"nome": "Mirella Beatriz Moura",
		"idade": 28,
		"cpf": "488.791.952-20",
		"rg": "43.152.050-1",
		"data_nasc": "15/01/1995",
		"sexo": "Feminino",
		"signo": "Capricórnio",
		"mae": "Lara Eduarda Carolina",
		"pai": "Marcos Vinicius Fábio Moura",
		"email": "mirella_beatriz_moura@ipek.net.br",
		"senha": "w8h8X6qy1e",
		"cep": "76829-436",
		"endereco": "Rua Raul Pascoal",
		"numero": 200,
		"bairro": "Juscelino Kubitschek",
		"cidade": "Porto Velho",
		"estado": "RO",
		"telefone_fixo": "(69) 2976-2038",
		"celular": "(69) 98992-0516",
		"altura": "1,80",
		"peso": 83,
		"tipo_sanguineo": "A+",
		"cor": "preto"
	},
	{
		"nome": "Elias Severino Thales de Paula",
		"idade": 77,
		"cpf": "082.487.574-55",
		"rg": "31.079.295-2",
		"data_nasc": "01/02/1946",
		"sexo": "Masculino",
		"signo": "Aquário",
		"mae": "Bárbara Alana Luiza",
		"pai": "Cauã Nathan de Paula",
		"email": "elias_depaula@univap.br",
		"senha": "2MMwK1LKQl",
		"cep": "76876-451",
		"endereco": "Rua B",
		"numero": 557,
		"bairro": "Park Tropical",
		"cidade": "Ariquemes",
		"estado": "RO",
		"telefone_fixo": "(69) 3537-5032",
		"celular": "(69) 98321-6188",
		"altura": "1,99",
		"peso": 82,
		"tipo_sanguineo": "AB-",
		"cor": "vermelho"
	},
	{
		"nome": "Nicolas Henry Oliveira",
		"idade": 42,
		"cpf": "300.616.786-43",
		"rg": "25.268.178-2",
		"data_nasc": "11/02/1981",
		"sexo": "Masculino",
		"signo": "Aquário",
		"mae": "Rebeca Silvana Lúcia",
		"pai": "Vicente Márcio Marcos Oliveira",
		"email": "nicolas-oliveira73@tadex.com.br",
		"senha": "zAkcYSy4di",
		"cep": "88106-633",
		"endereco": "Rua Aderson Francisco de Souza",
		"numero": 361,
		"bairro": "Forquilhinha",
		"cidade": "São José",
		"estado": "SC",
		"telefone_fixo": "(48) 2613-4248",
		"celular": "(48) 98189-3320",
		"altura": "1,62",
		"peso": 103,
		"tipo_sanguineo": "A+",
		"cor": "vermelho"
	},
	{
		"nome": "Bárbara Catarina Peixoto",
		"idade": 56,
		"cpf": "382.052.906-36",
		"rg": "49.052.405-9",
		"data_nasc": "19/01/1967",
		"sexo": "Feminino",
		"signo": "Capricórnio",
		"mae": "Beatriz Valentina Isadora",
		"pai": "Lucas Luan Peixoto",
		"email": "barbara_catarina_peixoto@integrasjc.com.br",
		"senha": "eIWgpGrsDB",
		"cep": "31744-800",
		"endereco": "Rua D",
		"numero": 538,
		"bairro": "Madri",
		"cidade": "Belo Horizonte",
		"estado": "MG",
		"telefone_fixo": "(31) 3851-3155",
		"celular": "(31) 98998-8730",
		"altura": "1,84",
		"peso": 90,
		"tipo_sanguineo": "B+",
		"cor": "preto"
	},
	{
		"nome": "Cláudia Antônia Liz da Rosa",
		"idade": 39,
		"cpf": "841.214.232-24",
		"rg": "21.989.350-0",
		"data_nasc": "27/01/1984",
		"sexo": "Feminino",
		"signo": "Aquário",
		"mae": "Patrícia Clarice",
		"pai": "Ricardo Davi Benjamin da Rosa",
		"email": "claudiaantoniadarosa@trietto.com.br",
		"senha": "4txUkww10P",
		"cep": "59122-500",
		"endereco": "Rua Vale do Sol",
		"numero": 811,
		"bairro": "Pajuçara",
		"cidade": "Natal",
		"estado": "RN",
		"telefone_fixo": "(84) 2873-1502",
		"celular": "(84) 99715-3105",
		"altura": "1,73",
		"peso": 64,
		"tipo_sanguineo": "O+",
		"cor": "verde"
	},
	{
		"nome": "Lorenzo Filipe Mendes",
		"idade": 65,
		"cpf": "206.532.681-65",
		"rg": "34.020.510-6",
		"data_nasc": "16/01/1958",
		"sexo": "Masculino",
		"signo": "Capricórnio",
		"mae": "Emily Luzia",
		"pai": "João Alexandre Mendes",
		"email": "lorenzo.filipe.mendes@iclud.com",
		"senha": "d3iKqOxWLr",
		"cep": "60863-035",
		"endereco": "Travessa dos Anjos",
		"numero": 944,
		"bairro": "Barroso",
		"cidade": "Fortaleza",
		"estado": "CE",
		"telefone_fixo": "(85) 2658-9780",
		"celular": "(85) 99578-3331",
		"altura": "1,76",
		"peso": 70,
		"tipo_sanguineo": "O-",
		"cor": "amarelo"
	},
	{
		"nome": "Alice Kamilly da Paz",
		"idade": 47,
		"cpf": "745.111.915-73",
		"rg": "28.827.951-7",
		"data_nasc": "09/02/1976",
		"sexo": "Feminino",
		"signo": "Aquário",
		"mae": "Nicole Maya",
		"pai": "Gabriel Levi da Paz",
		"email": "alice.kamilly.dapaz@petcamp.com.br",
		"senha": "NJgFDWrdhC",
		"cep": "59125-020",
		"endereco": "Rua Ibicuí",
		"numero": 601,
		"bairro": "Potengi",
		"cidade": "Natal",
		"estado": "RN",
		"telefone_fixo": "(84) 2961-2246",
		"celular": "(84) 98330-7965",
		"altura": "1,63",
		"peso": 89,
		"tipo_sanguineo": "A-",
		"cor": "preto"
	},
	{
		"nome": "Larissa Louise Luna Rezende",
		"idade": 67,
		"cpf": "588.883.189-17",
		"rg": "15.904.129-6",
		"data_nasc": "04/01/1956",
		"sexo": "Feminino",
		"signo": "Capricórnio",
		"mae": "Carolina Eloá Emily",
		"pai": "Edson Calebe Rezende",
		"email": "larissa.louise.rezende@tuds.com.br",
		"senha": "PuwfxC4SRt",
		"cep": "65910-430",
		"endereco": "Rua Santa Cecília",
		"numero": 803,
		"bairro": "Vila Redenção I",
		"cidade": "Imperatriz",
		"estado": "MA",
		"telefone_fixo": "(98) 2610-4410",
		"celular": "(98) 98840-9507",
		"altura": "1,77",
		"peso": 88,
		"tipo_sanguineo": "A+",
		"cor": "preto"
	},
	{
		"nome": "Nelson Emanuel Freitas",
		"idade": 41,
		"cpf": "191.062.577-98",
		"rg": "17.439.154-7",
		"data_nasc": "21/02/1982",
		"sexo": "Masculino",
		"signo": "Peixes",
		"mae": "Valentina Fátima Melissa",
		"pai": "Ryan Vinicius Freitas",
		"email": "nelsonemanuelfreitas@amordeconvite.com.br",
		"senha": "i1mzrHbA1U",
		"cep": "79074-470",
		"endereco": "Rua Vigário da Silva",
		"numero": 933,
		"bairro": "Vila Aimoré",
		"cidade": "Campo Grande",
		"estado": "MS",
		"telefone_fixo": "(67) 2800-1692",
		"celular": "(67) 99940-5499",
		"altura": "1,67",
		"peso": 85,
		"tipo_sanguineo": "O+",
		"cor": "vermelho"
	},
	{
		"nome": "Enrico Enrico Leandro Duarte",
		"idade": 55,
		"cpf": "208.094.945-40",
		"rg": "12.581.880-4",
		"data_nasc": "27/01/1968",
		"sexo": "Masculino",
		"signo": "Aquário",
		"mae": "Analu Adriana Amanda",
		"pai": "Bruno João Benjamin Duarte",
		"email": "enrico_duarte@nhrtaxiaereo.com",
		"senha": "KAzmwq4KpO",
		"cep": "80613-981",
		"endereco": "Avenida Presidente Kennedy 3561",
		"numero": 815,
		"bairro": "Água Verde",
		"cidade": "Curitiba",
		"estado": "PR",
		"telefone_fixo": "(41) 2501-7211",
		"celular": "(41) 99606-2098",
		"altura": "1,61",
		"peso": 67,
		"tipo_sanguineo": "O-",
		"cor": "preto"
	},
	{
		"nome": "Olivia Fernanda Gabrielly da Costa",
		"idade": 72,
		"cpf": "102.453.719-66",
		"rg": "41.562.092-2",
		"data_nasc": "20/02/1951",
		"sexo": "Feminino",
		"signo": "Peixes",
		"mae": "Isabelly Aline Juliana",
		"pai": "Eduardo Leandro da Costa",
		"email": "olivia-dacosta91@consorciobcv.com.br",
		"senha": "YfF88HTQqD",
		"cep": "76803-772",
		"endereco": "Rua João Goulart",
		"numero": 510,
		"bairro": "São João Bosco",
		"cidade": "Porto Velho",
		"estado": "RO",
		"telefone_fixo": "(69) 2959-9204",
		"celular": "(69) 99363-3416",
		"altura": "1,75",
		"peso": 45,
		"tipo_sanguineo": "B+",
		"cor": "preto"
	},
	{
		"nome": "Kauê Renato Iago Figueiredo",
		"idade": 43,
		"cpf": "888.173.806-60",
		"rg": "11.297.212-3",
		"data_nasc": "06/02/1980",
		"sexo": "Masculino",
		"signo": "Aquário",
		"mae": "Natália Alícia Antonella",
		"pai": "Raul Ian Pedro Henrique Figueiredo",
		"email": "kaue_figueiredo@agenziamarketing.com.br",
		"senha": "yDU7isSKBz",
		"cep": "58059-107",
		"endereco": "Rua Doutora Neusa Brilhante de Moura",
		"numero": 531,
		"bairro": "Mangabeira",
		"cidade": "João Pessoa",
		"estado": "PB",
		"telefone_fixo": "(83) 3628-2398",
		"celular": "(83) 98528-7342",
		"altura": "1,90",
		"peso": 105,
		"tipo_sanguineo": "AB-",
		"cor": "roxo"
	},
	{
		"nome": "Renan Bruno Iago Pires",
		"idade": 56,
		"cpf": "721.620.715-76",
		"rg": "42.326.264-6",
		"data_nasc": "14/01/1967",
		"sexo": "Masculino",
		"signo": "Capricórnio",
		"mae": "Márcia Andreia Nair",
		"pai": "Benjamin Ryan Pires",
		"email": "renan_pires@tam.com.br",
		"senha": "0sWEKQ9KKB",
		"cep": "74682-121",
		"endereco": "Rua 4",
		"numero": 684,
		"bairro": "Santa Genoveva 2",
		"cidade": "Goiânia",
		"estado": "GO",
		"telefone_fixo": "(62) 2977-8821",
		"celular": "(62) 99862-9351",
		"altura": "1,84",
		"peso": 103,
		"tipo_sanguineo": "O-",
		"cor": "preto"
	},
	{
		"nome": "Vicente Caleb dos Santos",
		"idade": 19,
		"cpf": "477.965.053-45",
		"rg": "38.222.609-4",
		"data_nasc": "25/02/2004",
		"sexo": "Masculino",
		"signo": "Peixes",
		"mae": "Vera Sarah Giovana",
		"pai": "Alexandre Vinicius Luan dos Santos",
		"email": "vicente_dossantos@bodyfast.com.br",
		"senha": "BcFgRFzhOX",
		"cep": "69317-544",
		"endereco": "Rua Josemar Batista de Souza",
		"numero": 549,
		"bairro": "Cidade Satélite",
		"cidade": "Boa Vista",
		"estado": "RR",
		"telefone_fixo": "(95) 2635-5782",
		"celular": "(95) 98830-1076",
		"altura": "1,91",
		"peso": 103,
		"tipo_sanguineo": "AB+",
		"cor": "amarelo"
	},
	{
		"nome": "Heloise Beatriz Pietra Fogaça",
		"idade": 59,
		"cpf": "735.043.818-41",
		"rg": "44.272.162-6",
		"data_nasc": "23/02/1964",
		"sexo": "Feminino",
		"signo": "Peixes",
		"mae": "Sarah Betina Juliana",
		"pai": "Bruno Henry Fogaça",
		"email": "heloise_fogaca@jh2consulting.com",
		"senha": "9XhAsKrWBb",
		"cep": "77826-576",
		"endereco": "Rua 9",
		"numero": 767,
		"bairro": "Setor Coimbra",
		"cidade": "Araguaína",
		"estado": "TO",
		"telefone_fixo": "(63) 3657-2021",
		"celular": "(63) 99912-8464",
		"altura": "1,75",
		"peso": 54,
		"tipo_sanguineo": "AB-",
		"cor": "amarelo"
	},
	{
		"nome": "Ruan Enrico Martin da Cunha",
		"idade": 65,
		"cpf": "698.564.424-43",
		"rg": "31.631.863-2",
		"data_nasc": "22/01/1958",
		"sexo": "Masculino",
		"signo": "Aquário",
		"mae": "Larissa Eliane",
		"pai": "Felipe Martin da Cunha",
		"email": "ruanenricodacunha@siexpress.com.br",
		"senha": "7y5PSPXptt",
		"cep": "49035-268",
		"endereco": "Travessa Um",
		"numero": 244,
		"bairro": "Atalaia",
		"cidade": "Aracaju",
		"estado": "SE",
		"telefone_fixo": "(79) 3675-2004",
		"celular": "(79) 98967-2649",
		"altura": "1,67",
		"peso": 61,
		"tipo_sanguineo": "B-",
		"cor": "preto"
	},
	{
		"nome": "Hadassa Daiane Gabrielly Baptista",
		"idade": 78,
		"cpf": "512.349.997-06",
		"rg": "49.202.953-2",
		"data_nasc": "02/01/1945",
		"sexo": "Feminino",
		"signo": "Capricórnio",
		"mae": "Rayssa Sophia",
		"pai": "Miguel Manuel Gustavo Baptista",
		"email": "hadassa_daiane_baptista@grupompe.com.br",
		"senha": "kwOpUNzL3Q",
		"cep": "89258-063",
		"endereco": "Servidão 44",
		"numero": 617,
		"bairro": "Ilha da Figueira",
		"cidade": "Jaraguá do Sul",
		"estado": "SC",
		"telefone_fixo": "(47) 3841-0499",
		"celular": "(47) 99323-1580",
		"altura": "1,80",
		"peso": 54,
		"tipo_sanguineo": "O+",
		"cor": "preto"
	},
	{
		"nome": "Alessandra Andrea da Mota",
		"idade": 34,
		"cpf": "434.580.710-75",
		"rg": "35.641.325-1",
		"data_nasc": "14/01/1989",
		"sexo": "Feminino",
		"signo": "Capricórnio",
		"mae": "Isabelly Juliana Clarice",
		"pai": "André Nathan da Mota",
		"email": "alessandra.andrea.damota@imoveisvillani.com.br",
		"senha": "SHHTZdI0F7",
		"cep": "76806-138",
		"endereco": "Rua Peroba",
		"numero": 101,
		"bairro": "Floresta",
		"cidade": "Porto Velho",
		"estado": "RO",
		"telefone_fixo": "(69) 3650-9024",
		"celular": "(69) 99184-5000",
		"altura": "1,75",
		"peso": 68,
		"tipo_sanguineo": "A-",
		"cor": "vermelho"
	},
	{
		"nome": "Jaqueline Maya Jesus",
		"idade": 25,
		"cpf": "090.885.100-67",
		"rg": "20.617.878-5",
		"data_nasc": "15/01/1998",
		"sexo": "Feminino",
		"signo": "Capricórnio",
		"mae": "Gabrielly Ester",
		"pai": "Enrico Leandro Jesus",
		"email": "jaqueline_maya_jesus@estagiarios.com",
		"senha": "S3OafmPqx3",
		"cep": "66115-216",
		"endereco": "Alameda de Libra",
		"numero": 516,
		"bairro": "Val-de-Cães",
		"cidade": "Belém",
		"estado": "PA",
		"telefone_fixo": "(91) 2608-3865",
		"celular": "(91) 99227-7644",
		"altura": "1,62",
		"peso": 56,
		"tipo_sanguineo": "A+",
		"cor": "vermelho"
	},
	{
		"nome": "Aline Heloisa Alves",
		"idade": 70,
		"cpf": "116.453.461-02",
		"rg": "34.333.462-8",
		"data_nasc": "16/01/1953",
		"sexo": "Feminino",
		"signo": "Capricórnio",
		"mae": "Giovanna Priscila Francisca",
		"pai": "Hugo Marcos Vinicius Alves",
		"email": "aline_alves@realbit.com.br",
		"senha": "0oezM4lQZe",
		"cep": "79823-744",
		"endereco": "Rua Mustafá Saleh Abdo Sater",
		"numero": 139,
		"bairro": "Santa Fé",
		"cidade": "Dourados",
		"estado": "MS",
		"telefone_fixo": "(67) 3613-8142",
		"celular": "(67) 98836-9543",
		"altura": "1,68",
		"peso": 68,
		"tipo_sanguineo": "AB+",
		"cor": "roxo"
	},
	{
		"nome": "Ryan Nelson Victor Galvão",
		"idade": 55,
		"cpf": "562.364.439-20",
		"rg": "38.923.870-3",
		"data_nasc": "12/01/1968",
		"sexo": "Masculino",
		"signo": "Capricórnio",
		"mae": "Gabriela Raimunda Emanuelly",
		"pai": "Bernardo Iago Pietro Galvão",
		"email": "ryannelsongalvao@gilbertorodrigues.com",
		"senha": "sDiwKdrf4X",
		"cep": "69067-051",
		"endereco": "Beco 2",
		"numero": 202,
		"bairro": "Petrópolis",
		"cidade": "Manaus",
		"estado": "AM",
		"telefone_fixo": "(92) 2551-8518",
		"celular": "(92) 98752-7897",
		"altura": "1,96",
		"peso": 73,
		"tipo_sanguineo": "A+",
		"cor": "amarelo"
	},
	{
		"nome": "Ayla Emily Heloisa Barros",
		"idade": 19,
		"cpf": "572.018.950-52",
		"rg": "49.664.858-5",
		"data_nasc": "04/02/2004",
		"sexo": "Feminino",
		"signo": "Aquário",
		"mae": "Eliane Carla",
		"pai": "Noah Leandro Barros",
		"email": "ayla.emily.barros@nipnet.com.br",
		"senha": "eeF1zt4kpW",
		"cep": "69915-242",
		"endereco": "Rua 1º de Abril",
		"numero": 916,
		"bairro": "Nova Esperança",
		"cidade": "Rio Branco",
		"estado": "AC",
		"telefone_fixo": "(68) 3716-4165",
		"celular": "(68) 98382-6954",
		"altura": "1,62",
		"peso": 67,
		"tipo_sanguineo": "B-",
		"cor": "roxo"
	},
	{
		"nome": "Sérgio Theo Murilo Silva",
		"idade": 51,
		"cpf": "336.729.276-19",
		"rg": "14.499.599-2",
		"data_nasc": "16/02/1972",
		"sexo": "Masculino",
		"signo": "Aquário",
		"mae": "Regina Mariane",
		"pai": "Lucas Luís Silva",
		"email": "sergio-silva90@vmetaiscba.com.br",
		"senha": "Ih5kr6bmDw",
		"cep": "69030-460",
		"endereco": "Rua Malbathan",
		"numero": 890,
		"bairro": "Compensa",
		"cidade": "Manaus",
		"estado": "AM",
		"telefone_fixo": "(92) 3906-3434",
		"celular": "(92) 98588-0985",
		"altura": "1,93",
		"peso": 74,
		"tipo_sanguineo": "B+",
		"cor": "preto"
	},
	{
		"nome": "Luís Mário Rocha",
		"idade": 56,
		"cpf": "017.524.729-34",
		"rg": "36.811.433-8",
		"data_nasc": "03/02/1967",
		"sexo": "Masculino",
		"signo": "Aquário",
		"mae": "Eloá Mariana Catarina",
		"pai": "Arthur Thiago Rocha",
		"email": "luis_mario_rocha@cebrace.com.br",
		"senha": "n24l6EMisq",
		"cep": "48030-565",
		"endereco": "Rua C",
		"numero": 290,
		"bairro": "Alagoinhas Velha",
		"cidade": "Alagoinhas",
		"estado": "BA",
		"telefone_fixo": "(75) 3878-4901",
		"celular": "(75) 98198-4112",
		"altura": "1,82",
		"peso": 90,
		"tipo_sanguineo": "B-",
		"cor": "laranja"
	},
	{
		"nome": "Sophie Mariah Gabrielly Carvalho",
		"idade": 67,
		"cpf": "955.100.541-40",
		"rg": "44.737.791-7",
		"data_nasc": "25/02/1956",
		"sexo": "Feminino",
		"signo": "Peixes",
		"mae": "Catarina Carla",
		"pai": "Leonardo Marcelo Carvalho",
		"email": "sophie-carvalho95@cursomarcato.com.br",
		"senha": "arOM1lWWmL",
		"cep": "59120-280",
		"endereco": "Rua Coronel José Revoredo",
		"numero": 857,
		"bairro": "Potengi",
		"cidade": "Natal",
		"estado": "RN",
		"telefone_fixo": "(84) 3683-7170",
		"celular": "(84) 99827-0180",
		"altura": "1,79",
		"peso": 63,
		"tipo_sanguineo": "O+",
		"cor": "roxo"
	},
	{
		"nome": "Tiago Lucca Anderson Martins",
		"idade": 64,
		"cpf": "452.742.658-39",
		"rg": "26.181.651-2",
		"data_nasc": "27/01/1959",
		"sexo": "Masculino",
		"signo": "Aquário",
		"mae": "Lara Joana Juliana",
		"pai": "Calebe Carlos Eduardo Martins",
		"email": "tiago.lucca.martins@bbcreative.org",
		"senha": "IITf5UEHth",
		"cep": "72547-504",
		"endereco": "Quadra QR 217 Conjunto D",
		"numero": 865,
		"bairro": "Santa Maria",
		"cidade": "Brasília",
		"estado": "DF",
		"telefone_fixo": "(61) 2770-2999",
		"celular": "(61) 98491-2344",
		"altura": "1,89",
		"peso": 77,
		"tipo_sanguineo": "AB+",
		"cor": "roxo"
	},
	{
		"nome": "Cláudio Alexandre Gustavo da Mata",
		"idade": 56,
		"cpf": "300.105.021-73",
		"rg": "36.162.865-1",
		"data_nasc": "16/02/1967",
		"sexo": "Masculino",
		"signo": "Aquário",
		"mae": "Luana Valentina Rosa",
		"pai": "Ryan Raimundo da Mata",
		"email": "claudio.alexandre.damata@dpi.indl.com.br",
		"senha": "CwGy0ulfJP",
		"cep": "35903-000",
		"endereco": "Rua Ipê do Serrado",
		"numero": 584,
		"bairro": "Jardim dos Ipês",
		"cidade": "Itabira",
		"estado": "MG",
		"telefone_fixo": "(31) 3576-8462",
		"celular": "(31) 99417-7776",
		"altura": "1,90",
		"peso": 70,
		"tipo_sanguineo": "AB-",
		"cor": "azul"
	},
	{
		"nome": "Rafaela Marlene Costa",
		"idade": 67,
		"cpf": "952.893.745-40",
		"rg": "23.160.204-2",
		"data_nasc": "12/02/1956",
		"sexo": "Feminino",
		"signo": "Aquário",
		"mae": "Beatriz Raimunda",
		"pai": "Marcelo Augusto Kaique Costa",
		"email": "rafaela-costa80@yahoo.com,br",
		"senha": "7jfWetzRHe",
		"cep": "74735-651",
		"endereco": "Rua VM 4",
		"numero": 199,
		"bairro": "Vila Martins Extensão",
		"cidade": "Goiânia",
		"estado": "GO",
		"telefone_fixo": "(62) 3984-5862",
		"celular": "(62) 99518-8980",
		"altura": "1,64",
		"peso": 88,
		"tipo_sanguineo": "AB-",
		"cor": "amarelo"
	}
]