[
	{
		"nome": "Gabriel Benedito Silva",
		"idade": 63,
		"cpf": "298.413.209-24",
		"rg": "47.491.497-5",
		"data_nasc": "10/02/1960",
		"sexo": "Masculino",
		"signo": "Aquário",
		"mae": "Camila Ayla",
		"pai": "Tomás Kevin Bernardo Silva",
		"email": "gabriel_benedito_silva@riobc.com.br",
		"senha": "JhGBJUpew9",
		"cep": "56316-734",
		"endereco": "Rua Carnaubeira",
		"numero": 176,
		"bairro": "João de Deus",
		"cidade": "Petrolina",
		"estado": "PE",
		"telefone_fixo": "(87) 3828-6280",
		"celular": "(87) 99492-4256",
		"altura": "2,00",
		"peso": 52,
		"tipo_sanguineo": "A+",
		"cor": "preto"
	},
	{
		"nome": "Analu Cláudia Nunes",
		"idade": 57,
		"cpf": "323.696.363-86",
		"rg": "28.969.246-5",
		"data_nasc": "20/01/1966",
		"sexo": "Feminino",
		"signo": "Capricórnio",
		"mae": "Juliana Josefa Isadora",
		"pai": "Diogo Raul Julio Nunes",
		"email": "analu-nunes96@aquino.com.br",
		"senha": "60SEmxjgtk",
		"cep": "64180-970",
		"endereco": "Rua Mireta Fortes 78",
		"numero": 294,
		"bairro": "Centro",
		"cidade": "Esperantina",
		"estado": "PI",
		"telefone_fixo": "(86) 3555-3258",
		"celular": "(86) 98109-5418",
		"altura": "1,63",
		"peso": 58,
		"tipo_sanguineo": "AB+",
		"cor": "verde"
	},
	{
		"nome": "Mariah Mirella Oliveira",
		"idade": 18,
		"cpf": "588.182.771-62",
		"rg": "44.228.692-2",
		"data_nasc": "01/01/2005",
		"sexo": "Feminino",
		"signo": "Capricórnio",
		"mae": "Nicole Antônia Bruna",
		"pai": "Rafael Davi Bruno Oliveira",
		"email": "mariah-oliveira72@paginacom.com.br",
		"senha": "z8cOlgn4Bn",
		"cep": "76908-270",
		"endereco": "Rua Dom Pedro II",
		"numero": 515,
		"bairro": "Jotão",
		"cidade": "Ji-Paraná",
		"estado": "RO",
		"telefone_fixo": "(69) 2935-8952",
		"celular": "(69) 98857-9217",
		"altura": "1,74",
		"peso": 69,
		"tipo_sanguineo": "B+",
		"cor": "roxo"
	},
	{
		"nome": "Luzia Mirella Almada",
		"idade": 59,
		"cpf": "440.630.000-79",
		"rg": "38.167.503-8",
		"data_nasc": "18/01/1964",
		"sexo": "Feminino",
		"signo": "Capricórnio",
		"mae": "Sebastiana Sabrina Antônia",
		"pai": "Luiz Breno Almada",
		"email": "luzia-almada85@debiasi.com.br",
		"senha": "5CX3s7FQ6U",
		"cep": "75535-540",
		"endereco": "Rua França",
		"numero": 990,
		"bairro": "Conjunto Habitacional Dona Norma Gibaldi",
		"cidade": "Itumbiara",
		"estado": "GO",
		"telefone_fixo": "(62) 3887-0089",
		"celular": "(62) 99213-4930",
		"altura": "1,73",
		"peso": 56,
		"tipo_sanguineo": "A-",
		"cor": "roxo"
	},
	{
		"nome": "Anderson Marcelo Moraes",
		"idade": 63,
		"cpf": "991.829.164-89",
		"rg": "42.069.932-6",
		"data_nasc": "23/02/1960",
		"sexo": "Masculino",
		"signo": "Peixes",
		"mae": "Mirella Antonella",
		"pai": "Hugo Luiz Moraes",
		"email": "andersonmarcelomoraes@ozzape.com",
		"senha": "7HyQXD5wYy",
		"cep": "66916-140",
		"endereco": "Alameda Michele",
		"numero": 156,
		"bairro": "Farol (Mosqueiro)",
		"cidade": "Belém",
		"estado": "PA",
		"telefone_fixo": "(91) 2740-3734",
		"celular": "(91) 99223-3889",
		"altura": "1,87",
		"peso": 102,
		"tipo_sanguineo": "O+",
		"cor": "azul"
	},
	{
		"nome": "Stella Ester Fernandes",
		"idade": 41,
		"cpf": "183.194.350-64",
		"rg": "46.835.901-1",
		"data_nasc": "26/01/1982",
		"sexo": "Feminino",
		"signo": "Aquário",
		"mae": "Elza Stella",
		"pai": "Bernardo Rodrigo Oliver Fernandes",
		"email": "stella_ester_fernandes@juliosimoes.com.br",
		"senha": "HHznwfsTbs",
		"cep": "76907-414",
		"endereco": "Rua Júlio Guerra",
		"numero": 671,
		"bairro": "Jardim Aurélio Bernardi",
		"cidade": "Ji-Paraná",
		"estado": "RO",
		"telefone_fixo": "(69) 2942-4694",
		"celular": "(69) 98221-0781",
		"altura": "1,61",
		"peso": 88,
		"tipo_sanguineo": "O+",
		"cor": "vermelho"
	},
	{
		"nome": "Bianca Isabela Nogueira",
		"idade": 18,
		"cpf": "176.413.763-98",
		"rg": "30.304.873-6",
		"data_nasc": "18/01/2005",
		"sexo": "Feminino",
		"signo": "Capricórnio",
		"mae": "Camila Cecília Heloisa",
		"pai": "Mateus Vinicius Anderson Nogueira",
		"email": "bianca-nogueira95@modus.com.br",
		"senha": "9urdsitMS1",
		"cep": "59628-613",
		"endereco": "Rua Desembargador Sinval Moreira",
		"numero": 448,
		"bairro": "Dom Jaime Câmara",
		"cidade": "Mossoró",
		"estado": "RN",
		"telefone_fixo": "(84) 3768-4048",
		"celular": "(84) 99173-6606",
		"altura": "1,57",
		"peso": 84,
		"tipo_sanguineo": "B+",
		"cor": "amarelo"
	},
	{
		"nome": "Danilo Augusto Pereira",
		"idade": 32,
		"cpf": "053.371.789-20",
		"rg": "44.609.506-0",
		"data_nasc": "13/01/1991",
		"sexo": "Masculino",
		"signo": "Capricórnio",
		"mae": "Helena Débora",
		"pai": "Kevin Heitor Pereira",
		"email": "danilo-pereira72@clcimoveis.com.br",
		"senha": "eRrf4Uux6D",
		"cep": "69402-531",
		"endereco": "Rua Galo da Serra",
		"numero": 818,
		"bairro": "Morada do Sol",
		"cidade": "Manacapuru",
		"estado": "AM",
		"telefone_fixo": "(92) 3612-2494",
		"celular": "(92) 98887-4562",
		"altura": "1,61",
		"peso": 80,
		"tipo_sanguineo": "AB-",
		"cor": "azul"
	},
	{
		"nome": "Marcos César Bruno Barbosa",
		"idade": 55,
		"cpf": "288.343.896-03",
		"rg": "41.067.867-3",
		"data_nasc": "15/01/1968",
		"sexo": "Masculino",
		"signo": "Capricórnio",
		"mae": "Isabelly Isadora Adriana",
		"pai": "Marcelo Vicente Manoel Barbosa",
		"email": "marcoscesarbarbosa@kuehne-nagel.com",
		"senha": "wdc1dpxS2s",
		"cep": "65911-892",
		"endereco": "Rua Um",
		"numero": 479,
		"bairro": "Vila Esmeralda",
		"cidade": "Imperatriz",
		"estado": "MA",
		"telefone_fixo": "(98) 2629-5057",
		"celular": "(98) 98706-3425",
		"altura": "1,68",
		"peso": 53,
		"tipo_sanguineo": "A-",
		"cor": "vermelho"
	},
	{
		"nome": "Mário Pedro Lucca Martins",
		"idade": 72,
		"cpf": "873.818.388-93",
		"rg": "45.808.550-9",
		"data_nasc": "09/02/1951",
		"sexo": "Masculino",
		"signo": "Aquário",
		"mae": "Beatriz Luzia",
		"pai": "Filipe Thales Martins",
		"email": "mario.pedro.martins@giltelhas.com.br",
		"senha": "rHkgi25MTq",
		"cep": "60721-320",
		"endereco": "Praça Antônio Albano",
		"numero": 538,
		"bairro": "Parangaba",
		"cidade": "Fortaleza",
		"estado": "CE",
		"telefone_fixo": "(85) 3961-6884",
		"celular": "(85) 98896-7294",
		"altura": "1,77",
		"peso": 78,
		"tipo_sanguineo": "A+",
		"cor": "roxo"
	},
	{
		"nome": "Danilo Ian Iago Rocha",
		"idade": 59,
		"cpf": "046.125.472-76",
		"rg": "27.032.185-8",
		"data_nasc": "10/01/1964",
		"sexo": "Masculino",
		"signo": "Capricórnio",
		"mae": "Cecília Eloá",
		"pai": "Guilherme Anderson Ruan Rocha",
		"email": "daniloianrocha@utbr.com.br",
		"senha": "3kSGzjZ2wY",
		"cep": "29112-450",
		"endereco": "Rua Mundo Novo",
		"numero": 986,
		"bairro": "Rio Marinho",
		"cidade": "Vila Velha",
		"estado": "ES",
		"telefone_fixo": "(27) 2901-3889",
		"celular": "(27) 99356-8238",
		"altura": "1,69",
		"peso": 61,
		"tipo_sanguineo": "AB-",
		"cor": "amarelo"
	},
	{
		"nome": "Lúcia Sara Castro",
		"idade": 67,
		"cpf": "847.271.372-59",
		"rg": "32.856.211-7",
		"data_nasc": "01/02/1956",
		"sexo": "Feminino",
		"signo": "Aquário",
		"mae": "Nicole Sarah",
		"pai": "Tomás Arthur Daniel Castro",
		"email": "lucia.sara.castro@dglnet.com.br",
		"senha": "cBjcBxo0Nm",
		"cep": "29306-480",
		"endereco": "Rua Aristeu Portugal Neves",
		"numero": 797,
		"bairro": "Independência",
		"cidade": "Cachoeiro de Itapemirim",
		"estado": "ES",
		"telefone_fixo": "(28) 2861-2824",
		"celular": "(28) 98870-7010",
		"altura": "1,82",
		"peso": 79,
		"tipo_sanguineo": "AB+",
		"cor": "azul"
	},
	{
		"nome": "Renato Yago Matheus Pinto",
		"idade": 40,
		"cpf": "539.154.335-51",
		"rg": "50.349.974-2",
		"data_nasc": "12/02/1983",
		"sexo": "Masculino",
		"signo": "Aquário",
		"mae": "Rosângela Letícia",
		"pai": "Kevin Lorenzo Edson Pinto",
		"email": "renato.yago.pinto@profemme.com.br",
		"senha": "tBJJqgPbw3",
		"cep": "60421-170",
		"endereco": "Rua Colômbia",
		"numero": 487,
		"bairro": "Itaoca",
		"cidade": "Fortaleza",
		"estado": "CE",
		"telefone_fixo": "(85) 2785-3423",
		"celular": "(85) 99936-6755",
		"altura": "1,72",
		"peso": 74,
		"tipo_sanguineo": "A+",
		"cor": "azul"
	},
	{
		"nome": "Maitê Hadassa de Paula",
		"idade": 21,
		"cpf": "940.301.880-10",
		"rg": "43.793.629-6",
		"data_nasc": "04/01/2002",
		"sexo": "Feminino",
		"signo": "Capricórnio",
		"mae": "Giovana Betina Analu",
		"pai": "Ruan Calebe Samuel de Paula",
		"email": "maitehadassadepaula@navescorat.com.br",
		"senha": "t9jcKMC2ri",
		"cep": "41480-350",
		"endereco": "Caminho 12",
		"numero": 866,
		"bairro": "Mussurunga II",
		"cidade": "Salvador",
		"estado": "BA",
		"telefone_fixo": "(71) 2715-5238",
		"celular": "(71) 99215-6611",
		"altura": "1,84",
		"peso": 78,
		"tipo_sanguineo": "O-",
		"cor": "azul"
	},
	{
		"nome": "Lívia Raquel Malu Lima",
		"idade": 57,
		"cpf": "538.564.506-02",
		"rg": "42.867.704-6",
		"data_nasc": "21/01/1966",
		"sexo": "Feminino",
		"signo": "Aquário",
		"mae": "Andrea Mirella",
		"pai": "Carlos Eduardo Benedito Antonio Lima",
		"email": "livia-lima88@wizardararaquara.com.br",
		"senha": "Dky4yZCBxS",
		"cep": "57018-605",
		"endereco": "Rua Agamenon Souza Santos",
		"numero": 636,
		"bairro": "Chã de Bebedouro",
		"cidade": "Maceió",
		"estado": "AL",
		"telefone_fixo": "(82) 2598-7091",
		"celular": "(82) 98409-1079",
		"altura": "1,77",
		"peso": 67,
		"tipo_sanguineo": "O+",
		"cor": "laranja"
	},
	{
		"nome": "Manuel Henry da Costa",
		"idade": 64,
		"cpf": "510.460.693-73",
		"rg": "24.306.656-9",
		"data_nasc": "11/02/1959",
		"sexo": "Masculino",
		"signo": "Aquário",
		"mae": "Heloisa Alana Cristiane",
		"pai": "Martin Heitor da Costa",
		"email": "manuelhenrydacosta@adherminer.com.br",
		"senha": "EqeWoBPbIQ",
		"cep": "58025-270",
		"endereco": "Rua São José",
		"numero": 870,
		"bairro": "Treze de Maio",
		"cidade": "João Pessoa",
		"estado": "PB",
		"telefone_fixo": "(83) 2951-5130",
		"celular": "(83) 98875-8413",
		"altura": "1,81",
		"peso": 63,
		"tipo_sanguineo": "B-",
		"cor": "vermelho"
	},
	{
		"nome": "Benjamin Marcelo Rodrigues",
		"idade": 73,
		"cpf": "238.695.508-72",
		"rg": "39.842.897-9",
		"data_nasc": "16/01/1950",
		"sexo": "Masculino",
		"signo": "Capricórnio",
		"mae": "Josefa Carolina Márcia",
		"pai": "Nelson Gael Guilherme Rodrigues",
		"email": "benjaminmarcelorodrigues@cheryamur.com.br",
		"senha": "OyuJX0W4SW",
		"cep": "60742-820",
		"endereco": "Travessa Onze Horas",
		"numero": 139,
		"bairro": "Serrinha",
		"cidade": "Fortaleza",
		"estado": "CE",
		"telefone_fixo": "(85) 3907-8546",
		"celular": "(85) 99676-3417",
		"altura": "1,65",
		"peso": 80,
		"tipo_sanguineo": "A+",
		"cor": "preto"
	},
	{
		"nome": "Marina Brenda Melo",
		"idade": 53,
		"cpf": "741.378.728-80",
		"rg": "42.054.183-4",
		"data_nasc": "03/02/1970",
		"sexo": "Feminino",
		"signo": "Aquário",
		"mae": "Alana Josefa",
		"pai": "Pedro Caio Melo",
		"email": "marinabrendamelo@predilectasorocaba.com.br",
		"senha": "B7woxqIOgB",
		"cep": "76803-830",
		"endereco": "Rua Raimundo Gonzaga Pinheiro",
		"numero": 785,
		"bairro": "São João Bosco",
		"cidade": "Porto Velho",
		"estado": "RO",
		"telefone_fixo": "(69) 3870-0826",
		"celular": "(69) 99769-0954",
		"altura": "1,64",
		"peso": 87,
		"tipo_sanguineo": "O-",
		"cor": "verde"
	},
	{
		"nome": "Martin Carlos Eduardo Benjamin Aparício",
		"idade": 45,
		"cpf": "112.159.944-35",
		"rg": "42.998.535-6",
		"data_nasc": "26/01/1978",
		"sexo": "Masculino",
		"signo": "Aquário",
		"mae": "Sônia Analu",
		"pai": "Anthony Fábio Cauã Aparício",
		"email": "martin_carlos_aparicio@antunez.com.br",
		"senha": "NbZHbe6da6",
		"cep": "89816-138",
		"endereco": "Servidão Jair Dias",
		"numero": 225,
		"bairro": "Centro (Marechal Bormann)",
		"cidade": "Chapecó",
		"estado": "SC",
		"telefone_fixo": "(49) 3672-7017",
		"celular": "(49) 99625-9332",
		"altura": "1,97",
		"peso": 102,
		"tipo_sanguineo": "O-",
		"cor": "laranja"
	},
	{
		"nome": "Henry Emanuel Lorenzo Galvão",
		"idade": 45,
		"cpf": "907.159.514-59",
		"rg": "37.408.589-4",
		"data_nasc": "15/02/1978",
		"sexo": "Masculino",
		"signo": "Aquário",
		"mae": "Sabrina Benedita Débora",
		"pai": "Lorenzo André Galvão",
		"email": "henryemanuelgalvao@51hotmail.com",
		"senha": "yWQzgoRmjT",
		"cep": "44061-030",
		"endereco": "Rua Arapoã",
		"numero": 187,
		"bairro": "Papagaio",
		"cidade": "Feira de Santana",
		"estado": "BA",
		"telefone_fixo": "(75) 3966-1677",
		"celular": "(75) 98291-4219",
		"altura": "1,63",
		"peso": 80,
		"tipo_sanguineo": "B+",
		"cor": "azul"
	},
	{
		"nome": "Enrico Joaquim Gabriel Alves",
		"idade": 44,
		"cpf": "747.406.041-83",
		"rg": "46.959.583-8",
		"data_nasc": "09/02/1979",
		"sexo": "Masculino",
		"signo": "Aquário",
		"mae": "Bianca Giovana",
		"pai": "Augusto Antonio Alves",
		"email": "enrico_joaquim_alves@telecall.com",
		"senha": "hRzGh0RkkD",
		"cep": "29719-020",
		"endereco": "Rua Manoel Felipe",
		"numero": 905,
		"bairro": "Gordiano Guimarães",
		"cidade": "Colatina",
		"estado": "ES",
		"telefone_fixo": "(27) 2969-6099",
		"celular": "(27) 98914-4881",
		"altura": "1,98",
		"peso": 97,
		"tipo_sanguineo": "B-",
		"cor": "vermelho"
	},
	{
		"nome": "Elisa Elaine Costa",
		"idade": 40,
		"cpf": "725.802.923-06",
		"rg": "16.020.377-6",
		"data_nasc": "16/02/1983",
		"sexo": "Feminino",
		"signo": "Aquário",
		"mae": "Elaine Luiza",
		"pai": "Rafael Augusto Rodrigo Costa",
		"email": "elisa_elaine_costa@jetstar.com.br",
		"senha": "ooquGh4N9X",
		"cep": "97509-052",
		"endereco": "Quadra Seis",
		"numero": 892,
		"bairro": "União das Vilas",
		"cidade": "Uruguaiana",
		"estado": "RS",
		"telefone_fixo": "(55) 2656-9977",
		"celular": "(55) 98637-3169",
		"altura": "1,74",
		"peso": 82,
		"tipo_sanguineo": "AB-",
		"cor": "preto"
	},
	{
		"nome": "Allana Marcela Campos",
		"idade": 51,
		"cpf": "636.540.972-94",
		"rg": "23.879.839-2",
		"data_nasc": "27/01/1972",
		"sexo": "Feminino",
		"signo": "Aquário",
		"mae": "Raquel Laura",
		"pai": "Mário Osvaldo Campos",
		"email": "allanamarcelacampos@cedda.com.br",
		"senha": "rxFgBP533Z",
		"cep": "04627-010",
		"endereco": "Rua Professor Rolando Ângelo Tenuto",
		"numero": 595,
		"bairro": "Santo Amaro",
		"cidade": "São Paulo",
		"estado": "SP",
		"telefone_fixo": "(11) 2913-5098",
		"celular": "(11) 98287-8016",
		"altura": "1,57",
		"peso": 79,
		"tipo_sanguineo": "A-",
		"cor": "vermelho"
	},
	{
		"nome": "Diego Luís Gustavo das Neves",
		"idade": 67,
		"cpf": "264.591.822-05",
		"rg": "21.436.572-4",
		"data_nasc": "22/01/1956",
		"sexo": "Masculino",
		"signo": "Aquário",
		"mae": "Maria Márcia",
		"pai": "Cauê Mário Luís das Neves",
		"email": "diegoluisdasneves@rubens.adm.br",
		"senha": "mdJR6nTetr",
		"cep": "58036-065",
		"endereco": "Rua Doutor Aírton Cordeiro",
		"numero": 411,
		"bairro": "Aeroclube",
		"cidade": "João Pessoa",
		"estado": "PB",
		"telefone_fixo": "(83) 3789-1440",
		"celular": "(83) 98239-3586",
		"altura": "1,70",
		"peso": 90,
		"tipo_sanguineo": "B+",
		"cor": "laranja"
	},
	{
		"nome": "Marina Marlene Monteiro",
		"idade": 37,
		"cpf": "275.517.412-91",
		"rg": "48.716.552-4",
		"data_nasc": "07/02/1986",
		"sexo": "Feminino",
		"signo": "Aquário",
		"mae": "Malu Lúcia Eduarda",
		"pai": "Murilo Renato Monteiro",
		"email": "marinamarlenemonteiro@usa.com",
		"senha": "gQbYyPRZzd",
		"cep": "49082-000",
		"endereco": "Avenida Rio Grande do Sul",
		"numero": 241,
		"bairro": "Novo Paraíso",
		"cidade": "Aracaju",
		"estado": "SE",
		"telefone_fixo": "(79) 2640-1984",
		"celular": "(79) 98637-7186",
		"altura": "1,52",
		"peso": 61,
		"tipo_sanguineo": "A-",
		"cor": "vermelho"
	},
	{
		"nome": "Nicole Cláudia da Silva",
		"idade": 67,
		"cpf": "777.621.867-78",
		"rg": "33.278.074-0",
		"data_nasc": "24/01/1956",
		"sexo": "Feminino",
		"signo": "Aquário",
		"mae": "Stella Isabela",
		"pai": "Levi Osvaldo da Silva",
		"email": "nicole-dasilva79@dillon.com.br",
		"senha": "OjsFycb3yO",
		"cep": "49027-350",
		"endereco": "Rua Gilberto Almeida",
		"numero": 735,
		"bairro": "Grageru",
		"cidade": "Aracaju",
		"estado": "SE",
		"telefone_fixo": "(79) 3743-2506",
		"celular": "(79) 99146-9050",
		"altura": "1,68",
		"peso": 55,
		"tipo_sanguineo": "O-",
		"cor": "vermelho"
	},
	{
		"nome": "Luiz Bento Otávio Ribeiro",
		"idade": 62,
		"cpf": "220.789.121-66",
		"rg": "11.557.036-6",
		"data_nasc": "16/01/1961",
		"sexo": "Masculino",
		"signo": "Capricórnio",
		"mae": "Juliana Lara Analu",
		"pai": "Arthur Arthur Sebastião Ribeiro",
		"email": "luiz_ribeiro@simsvale.com.br",
		"senha": "MLHOI97uNo",
		"cep": "76906-696",
		"endereco": "Rua Leandro Oliveira Garcia",
		"numero": 788,
		"bairro": "Colina Park I",
		"cidade": "Ji-Paraná",
		"estado": "RO",
		"telefone_fixo": "(69) 2502-4227",
		"celular": "(69) 98608-3468",
		"altura": "1,83",
		"peso": 103,
		"tipo_sanguineo": "B-",
		"cor": "amarelo"
	},
	{
		"nome": "Paulo Daniel Vieira",
		"idade": 59,
		"cpf": "403.717.559-21",
		"rg": "37.148.334-7",
		"data_nasc": "06/02/1964",
		"sexo": "Masculino",
		"signo": "Aquário",
		"mae": "Francisca Isabela Cecília",
		"pai": "Rodrigo Arthur Vieira",
		"email": "paulo-vieira91@lukin4.com.br",
		"senha": "5i1lEtFqcr",
		"cep": "96417-740",
		"endereco": "Rua Anselmo Garrastazu",
		"numero": 552,
		"bairro": "Santa Tereza",
		"cidade": "Bagé",
		"estado": "RS",
		"telefone_fixo": "(53) 2575-7312",
		"celular": "(53) 98644-0345",
		"altura": "1,73",
		"peso": 61,
		"tipo_sanguineo": "A+",
		"cor": "vermelho"
	},
	{
		"nome": "Letícia Sarah dos Santos",
		"idade": 51,
		"cpf": "851.282.669-07",
		"rg": "14.957.404-6",
		"data_nasc": "17/02/1972",
		"sexo": "Feminino",
		"signo": "Aquário",
		"mae": "Yasmin Ester",
		"pai": "Osvaldo Ryan dos Santos",
		"email": "leticia-dossantos73@mrarquitetura.com.br",
		"senha": "JMKUiQIxMg",
		"cep": "68903-122",
		"endereco": "Rua Dois",
		"numero": 907,
		"bairro": "Pedrinhas",
		"cidade": "Macapá",
		"estado": "AP",
		"telefone_fixo": "(96) 3732-3115",
		"celular": "(96) 99277-6139",
		"altura": "1,61",
		"peso": 64,
		"tipo_sanguineo": "B-",
		"cor": "vermelho"
	},
	{
		"nome": "Sandra Beatriz Isabella Moura",
		"idade": 59,
		"cpf": "048.213.990-08",
		"rg": "24.016.482-9",
		"data_nasc": "02/02/1964",
		"sexo": "Feminino",
		"signo": "Aquário",
		"mae": "Vera Sandra",
		"pai": "Vitor Kauê Moura",
		"email": "sandra-moura86@sestito.com.br",
		"senha": "pyLSlfhzrK",
		"cep": "68035-290",
		"endereco": "Rua Maria José",
		"numero": 225,
		"bairro": "Santarenzinho",
		"cidade": "Santarém",
		"estado": "PA",
		"telefone_fixo": "(93) 3850-7170",
		"celular": "(93) 99303-7149",
		"altura": "1,62",
		"peso": 83,
		"tipo_sanguineo": "A-",
		"cor": "preto"
	}
]