[
	{
		"nome": "Marina Alana da Conceição",
		"idade": 23,
		"cpf": "187.896.681-20",
		"rg": "23.416.016-0",
		"data_nasc": "03/02/2000",
		"sexo": "Feminino",
		"signo": "Aquário",
		"mae": "Isabella Eduarda Daiane",
		"pai": "Vinicius Bento Yago da Conceição",
		"email": "marina.alana.daconceicao@paulistadovale.org.br",
		"senha": "gmLXnZrWNj",
		"cep": "73270-110",
		"endereco": "Setor Colina Nova Diguineia II Conjunto G",
		"numero": 140,
		"bairro": "Nova Colina (Sobradinho)",
		"cidade": "Brasília",
		"estado": "DF",
		"telefone_fixo": "(61) 3737-2578",
		"celular": "(61) 98583-8918",
		"altura": "1,77",
		"peso": 75,
		"tipo_sanguineo": "AB+",
		"cor": "amarelo"
	},
	{
		"nome": "Lucca Joaquim Pereira",
		"idade": 21,
		"cpf": "958.585.091-50",
		"rg": "23.114.957-8",
		"data_nasc": "10/02/2002",
		"sexo": "Masculino",
		"signo": "Aquário",
		"mae": "Camila Andreia",
		"pai": "Iago Nathan Diogo Pereira",
		"email": "lucca-pereira77@puenteimoveis.com.br",
		"senha": "WXBz6J5KOk",
		"cep": "72339-105",
		"endereco": "Quadra QN 1033 Conjunto 5",
		"numero": 371,
		"bairro": "Samambaia Norte (Samambaia)",
		"cidade": "Brasília",
		"estado": "DF",
		"telefone_fixo": "(61) 3593-5146",
		"celular": "(61) 98636-9074",
		"altura": "1,85",
		"peso": 54,
		"tipo_sanguineo": "O-",
		"cor": "preto"
	},
	{
		"nome": "Sérgio Gabriel Ryan Assunção",
		"idade": 59,
		"cpf": "212.954.281-64",
		"rg": "16.510.088-6",
		"data_nasc": "14/01/1964",
		"sexo": "Masculino",
		"signo": "Capricórnio",
		"mae": "Cristiane Teresinha Rosângela",
		"pai": "Luís Marcelo Assunção",
		"email": "sergio_gabriel_assuncao@desir.com.br",
		"senha": "xoKzUGwLFo",
		"cep": "71010-189",
		"endereco": "Quadra QI 12 Conjunto R",
		"numero": 370,
		"bairro": "Guará I",
		"cidade": "Brasília",
		"estado": "DF",
		"telefone_fixo": "(61) 3874-1197",
		"celular": "(61) 98378-9041",
		"altura": "1,97",
		"peso": 68,
		"tipo_sanguineo": "A+",
		"cor": "preto"
	},
	{
		"nome": "Valentina Alana Lívia Freitas",
		"idade": 46,
		"cpf": "909.230.521-94",
		"rg": "16.897.445-9",
		"data_nasc": "23/02/1977",
		"sexo": "Feminino",
		"signo": "Peixes",
		"mae": "Luiza Alessandra",
		"pai": "Bernardo Nicolas Freitas",
		"email": "valentina_freitas@amplisat.com.br",
		"senha": "zCgCQX3XRp",
		"cep": "71070-148",
		"endereco": "Quadra QE 46 Conjunto N",
		"numero": 455,
		"bairro": "Guará II",
		"cidade": "Brasília",
		"estado": "DF",
		"telefone_fixo": "(61) 2876-4247",
		"celular": "(61) 98643-4641",
		"altura": "1,77",
		"peso": 45,
		"tipo_sanguineo": "A-",
		"cor": "roxo"
	},
	{
		"nome": "Raimundo Jorge Pedro Henrique Alves",
		"idade": 45,
		"cpf": "642.873.921-67",
		"rg": "41.331.307-4",
		"data_nasc": "16/01/1978",
		"sexo": "Masculino",
		"signo": "Capricórnio",
		"mae": "Analu Esther Caroline",
		"pai": "Yuri Marcelo Raimundo Alves",
		"email": "raimundo.jorge.alves@recantoalmeida.com.br",
		"senha": "CSuk7IPZao",
		"cep": "72321-503",
		"endereco": "Quadra QN 407 Conjunto C",
		"numero": 496,
		"bairro": "Samambaia Norte (Samambaia)",
		"cidade": "Brasília",
		"estado": "DF",
		"telefone_fixo": "(61) 2857-6435",
		"celular": "(61) 98929-9799",
		"altura": "1,92",
		"peso": 51,
		"tipo_sanguineo": "B+",
		"cor": "azul"
	},
	{
		"nome": "Carolina Bárbara Melissa Fernandes",
		"idade": 26,
		"cpf": "886.790.581-30",
		"rg": "13.822.535-7",
		"data_nasc": "05/01/1997",
		"sexo": "Feminino",
		"signo": "Capricórnio",
		"mae": "Gabriela Mariah Daiane",
		"pai": "Nathan Marcos Vinicius Márcio Fernandes",
		"email": "carolina.barbara.fernandes@rgsa.com.br",
		"senha": "tmPfmFgn7A",
		"cep": "70873-040",
		"endereco": "Quadra SQN 214 Bloco D",
		"numero": 485,
		"bairro": "Asa Norte",
		"cidade": "Brasília",
		"estado": "DF",
		"telefone_fixo": "(61) 2775-5633",
		"celular": "(61) 98878-8744",
		"altura": "1,75",
		"peso": 57,
		"tipo_sanguineo": "O+",
		"cor": "azul"
	},
	{
		"nome": "Leonardo Vitor Corte Real",
		"idade": 50,
		"cpf": "646.186.641-85",
		"rg": "18.874.642-0",
		"data_nasc": "22/01/1973",
		"sexo": "Masculino",
		"signo": "Aquário",
		"mae": "Lívia Clarice Luzia",
		"pai": "Raul Otávio Corte Real",
		"email": "leonardo.vitor.cortereal@enox.com.br",
		"senha": "W0GYJL657O",
		"cep": "72237-410",
		"endereco": "Área ADE Quadra 4 Conjunto A",
		"numero": 513,
		"bairro": "Área de Desenvolvimento Econômico (Ceilândia)",
		"cidade": "Brasília",
		"estado": "DF",
		"telefone_fixo": "(61) 2507-4121",
		"celular": "(61) 98234-1900",
		"altura": "1,85",
		"peso": 64,
		"tipo_sanguineo": "B-",
		"cor": "preto"
	},
	{
		"nome": "Kamilly Kamilly Moraes",
		"idade": 57,
		"cpf": "317.330.531-07",
		"rg": "40.584.806-7",
		"data_nasc": "02/01/1966",
		"sexo": "Feminino",
		"signo": "Capricórnio",
		"mae": "Lívia Marina Sabrina",
		"pai": "Nelson Thales Benedito Moraes",
		"email": "kamilly-moraes95@dr.com",
		"senha": "qDGR3wGsEj",
		"cep": "72255-523",
		"endereco": "Quadra EQNO 13/15 Bloco C",
		"numero": 449,
		"bairro": "Ceilândia Norte (Ceilândia)",
		"cidade": "Brasília",
		"estado": "DF",
		"telefone_fixo": "(61) 2580-7743",
		"celular": "(61) 98991-6471",
		"altura": "1,75",
		"peso": 63,
		"tipo_sanguineo": "A-",
		"cor": "azul"
	},
	{
		"nome": "Victor Davi Gael das Neves",
		"idade": 19,
		"cpf": "869.042.661-20",
		"rg": "17.995.075-7",
		"data_nasc": "22/01/2004",
		"sexo": "Masculino",
		"signo": "Aquário",
		"mae": "Marlene Tatiane",
		"pai": "Jorge Bento Bruno das Neves",
		"email": "victor-dasneves97@corpoclinica.com.br",
		"senha": "xQRp9ZDz5U",
		"cep": "72405-090",
		"endereco": "Quadra Quadra 9",
		"numero": 647,
		"bairro": "Setor Central (Gama)",
		"cidade": "Brasília",
		"estado": "DF",
		"telefone_fixo": "(61) 2843-1628",
		"celular": "(61) 98912-6498",
		"altura": "1,71",
		"peso": 62,
		"tipo_sanguineo": "A-",
		"cor": "laranja"
	},
	{
		"nome": "Noah Gustavo Viana",
		"idade": 27,
		"cpf": "282.127.671-08",
		"rg": "44.217.882-7",
		"data_nasc": "19/02/1996",
		"sexo": "Masculino",
		"signo": "Aquário",
		"mae": "Betina Valentina",
		"pai": "Diogo Rafael Severino Viana",
		"email": "noah_viana@transtelli.com.br",
		"senha": "peIp9WiZzj",
		"cep": "73330-008",
		"endereco": "Avenida São Paulo",
		"numero": 943,
		"bairro": "Setor Tradicional (Planaltina)",
		"cidade": "Brasília",
		"estado": "DF",
		"telefone_fixo": "(61) 2854-5659",
		"celular": "(61) 99209-7341",
		"altura": "1,82",
		"peso": 82,
		"tipo_sanguineo": "B-",
		"cor": "vermelho"
	},
	{
		"nome": "Nelson Severino Jesus",
		"idade": 80,
		"cpf": "234.344.171-50",
		"rg": "16.700.501-7",
		"data_nasc": "25/02/1943",
		"sexo": "Masculino",
		"signo": "Peixes",
		"mae": "Heloise Eliane",
		"pai": "Pedro Sérgio Augusto Jesus",
		"email": "nelson_jesus@alphacandies.com.br",
		"senha": "KuDnILjQ4y",
		"cep": "72250-410",
		"endereco": "Quadra QNO 4 Conjunto J",
		"numero": 296,
		"bairro": "Ceilândia Norte (Ceilândia)",
		"cidade": "Brasília",
		"estado": "DF",
		"telefone_fixo": "(61) 2509-4745",
		"celular": "(61) 98895-0290",
		"altura": "1,71",
		"peso": 97,
		"tipo_sanguineo": "AB-",
		"cor": "preto"
	},
	{
		"nome": "Lavínia Luzia Moreira",
		"idade": 48,
		"cpf": "425.216.161-41",
		"rg": "10.697.982-6",
		"data_nasc": "14/02/1975",
		"sexo": "Feminino",
		"signo": "Aquário",
		"mae": "Lívia Aparecida Jaqueline",
		"pai": "Sebastião Vitor Moreira",
		"email": "lavinia_moreira@kascher.com.br",
		"senha": "wkWnCZfodq",
		"cep": "72302-523",
		"endereco": "Quadra QS 108 Conjunto 3",
		"numero": 797,
		"bairro": "Samambaia Sul (Samambaia)",
		"cidade": "Brasília",
		"estado": "DF",
		"telefone_fixo": "(61) 2516-7755",
		"celular": "(61) 98700-8431",
		"altura": "1,70",
		"peso": 75,
		"tipo_sanguineo": "B-",
		"cor": "azul"
	},
	{
		"nome": "Antonio Guilherme Cavalcanti",
		"idade": 28,
		"cpf": "200.209.471-35",
		"rg": "21.540.939-5",
		"data_nasc": "16/01/1995",
		"sexo": "Masculino",
		"signo": "Capricórnio",
		"mae": "Sophia Allana Rosa",
		"pai": "Augusto Ryan Francisco Cavalcanti",
		"email": "antonio_cavalcanti@jerasistemas.com.br",
		"senha": "BxxUEyKJX4",
		"cep": "72152-004",
		"endereco": "Quadra QNL 19 Conjunto D",
		"numero": 546,
		"bairro": "Taguatinga Norte (Taguatinga)",
		"cidade": "Brasília",
		"estado": "DF",
		"telefone_fixo": "(61) 3560-4990",
		"celular": "(61) 99444-5613",
		"altura": "1,60",
		"peso": 96,
		"tipo_sanguineo": "A-",
		"cor": "azul"
	},
	{
		"nome": "Vicente Ian Bernardo Brito",
		"idade": 21,
		"cpf": "682.713.791-00",
		"rg": "34.173.202-3",
		"data_nasc": "01/02/2002",
		"sexo": "Masculino",
		"signo": "Aquário",
		"mae": "Brenda Julia Cláudia",
		"pai": "Cauê Renato Cauê Brito",
		"email": "vicenteianbrito@band.com.br",
		"senha": "U8r0B01mrQ",
		"cep": "72006-870",
		"endereco": "Rua Rua 8 Chácara 207",
		"numero": 204,
		"bairro": "Setor Habitacional Vicente Pires",
		"cidade": "Brasília",
		"estado": "DF",
		"telefone_fixo": "(61) 3621-3168",
		"celular": "(61) 98388-5455",
		"altura": "1,82",
		"peso": 77,
		"tipo_sanguineo": "O+",
		"cor": "amarelo"
	},
	{
		"nome": "Anthony Thiago Tomás Campos",
		"idade": 65,
		"cpf": "747.966.921-69",
		"rg": "25.097.004-1",
		"data_nasc": "24/01/1958",
		"sexo": "Masculino",
		"signo": "Aquário",
		"mae": "Malu Alícia",
		"pai": "Levi Caio Campos",
		"email": "anthony.thiago.campos@saopaulo10hotmail.com",
		"senha": "uSts4gczkc",
		"cep": "70873-030",
		"endereco": "Quadra SQN 214 Bloco C",
		"numero": 333,
		"bairro": "Asa Norte",
		"cidade": "Brasília",
		"estado": "DF",
		"telefone_fixo": "(61) 2743-8127",
		"celular": "(61) 99758-4099",
		"altura": "1,75",
		"peso": 100,
		"tipo_sanguineo": "O+",
		"cor": "roxo"
	},
	{
		"nome": "Sérgio Carlos Eduardo Gael Fogaça",
		"idade": 38,
		"cpf": "140.567.771-60",
		"rg": "20.616.761-1",
		"data_nasc": "25/02/1985",
		"sexo": "Masculino",
		"signo": "Peixes",
		"mae": "Antônia Eliane Daiane",
		"pai": "Davi Martin Henrique Fogaça",
		"email": "sergio_carlos_fogaca@riguetti.com.br",
		"senha": "1lSMpbfgMF",
		"cep": "72220-530",
		"endereco": "Quadra EQNN 6/8",
		"numero": 478,
		"bairro": "Ceilândia Sul (Ceilândia)",
		"cidade": "Brasília",
		"estado": "DF",
		"telefone_fixo": "(61) 2591-9825",
		"celular": "(61) 99993-5414",
		"altura": "1,99",
		"peso": 104,
		"tipo_sanguineo": "B-",
		"cor": "preto"
	},
	{
		"nome": "José Paulo João Novaes",
		"idade": 33,
		"cpf": "632.610.991-43",
		"rg": "48.369.045-4",
		"data_nasc": "04/01/1990",
		"sexo": "Masculino",
		"signo": "Capricórnio",
		"mae": "Louise Gabrielly Lívia",
		"pai": "Gustavo Arthur Erick Novaes",
		"email": "josepaulonovaes@jcoronel.com.br",
		"senha": "14eLmslrMK",
		"cep": "70276-540",
		"endereco": "Quadra CLS 410 Bloco D",
		"numero": 278,
		"bairro": "Asa Sul",
		"cidade": "Brasília",
		"estado": "DF",
		"telefone_fixo": "(61) 2680-3645",
		"celular": "(61) 99694-2807",
		"altura": "1,63",
		"peso": 80,
		"tipo_sanguineo": "B+",
		"cor": "roxo"
	},
	{
		"nome": "Hadassa Elaine Sarah Oliveira",
		"idade": 74,
		"cpf": "656.678.581-77",
		"rg": "15.046.161-6",
		"data_nasc": "08/02/1949",
		"sexo": "Feminino",
		"signo": "Aquário",
		"mae": "Stella Alícia",
		"pai": "Carlos Eduardo Thales Oliveira",
		"email": "hadassa.elaine.oliveira@solpro.biz",
		"senha": "5G6iprcQGg",
		"cep": "72333-006",
		"endereco": "Quadra QR 617 Conjunto 5-A",
		"numero": 665,
		"bairro": "Samambaia Norte (Samambaia)",
		"cidade": "Brasília",
		"estado": "DF",
		"telefone_fixo": "(61) 3695-4402",
		"celular": "(61) 99306-6650",
		"altura": "1,64",
		"peso": 72,
		"tipo_sanguineo": "AB+",
		"cor": "laranja"
	},
	{
		"nome": "Fernando Pietro Cardoso",
		"idade": 39,
		"cpf": "291.851.881-66",
		"rg": "10.518.161-4",
		"data_nasc": "21/01/1984",
		"sexo": "Masculino",
		"signo": "Aquário",
		"mae": "Joana Helena Maitê",
		"pai": "Daniel Daniel Cardoso",
		"email": "fernando-cardoso84@mailinator.com",
		"senha": "WNcMeebs4W",
		"cep": "71691-002",
		"endereco": "Rua 41",
		"numero": 235,
		"bairro": "Centro (São Sebastião)",
		"cidade": "Brasília",
		"estado": "DF",
		"telefone_fixo": "(61) 2742-8307",
		"celular": "(61) 99990-4650",
		"altura": "1,76",
		"peso": 59,
		"tipo_sanguineo": "B+",
		"cor": "azul"
	},
	{
		"nome": "Heloise Stefany da Paz",
		"idade": 67,
		"cpf": "246.248.481-79",
		"rg": "13.540.707-2",
		"data_nasc": "07/01/1956",
		"sexo": "Feminino",
		"signo": "Capricórnio",
		"mae": "Liz Carolina",
		"pai": "Joaquim Julio Enzo da Paz",
		"email": "heloise-dapaz88@jetstar.com.br",
		"senha": "gZMyOmLGRc",
		"cep": "72650-210",
		"endereco": "Quadra Quadra 802 Conjunto 2",
		"numero": 297,
		"bairro": "Recanto das Emas",
		"cidade": "Brasília",
		"estado": "DF",
		"telefone_fixo": "(61) 3796-8989",
		"celular": "(61) 98403-9076",
		"altura": "1,51",
		"peso": 54,
		"tipo_sanguineo": "AB+",
		"cor": "verde"
	},
	{
		"nome": "André Severino Cauã Rodrigues",
		"idade": 66,
		"cpf": "362.050.161-09",
		"rg": "38.300.540-1",
		"data_nasc": "16/02/1957",
		"sexo": "Masculino",
		"signo": "Aquário",
		"mae": "Gabrielly Allana Rosângela",
		"pai": "Gael Edson Diego Rodrigues",
		"email": "andre.severino.rodrigues@pss.adv.br",
		"senha": "zTnIxSb6g1",
		"cep": "71731-626",
		"endereco": "Vila Cauhy",
		"numero": 102,
		"bairro": "Vila Cauhy (Núcleo Bandeirante)",
		"cidade": "Brasília",
		"estado": "DF",
		"telefone_fixo": "(61) 2597-8371",
		"celular": "(61) 99516-4213",
		"altura": "1,96",
		"peso": 89,
		"tipo_sanguineo": "A-",
		"cor": "laranja"
	},
	{
		"nome": "Adriana Heloisa Giovanna da Cunha",
		"idade": 66,
		"cpf": "115.375.411-88",
		"rg": "34.052.699-3",
		"data_nasc": "23/02/1957",
		"sexo": "Feminino",
		"signo": "Peixes",
		"mae": "Daiane Emily",
		"pai": "Alexandre Emanuel Raul da Cunha",
		"email": "adriana.heloisa.dacunha@vemarbrasil.com.br",
		"senha": "0oXnOthrpn",
		"cep": "73403-212",
		"endereco": "Chácara 4 DF-130",
		"numero": 191,
		"bairro": "Setor Mansões Itiquira (Planaltina)",
		"cidade": "Brasília",
		"estado": "DF",
		"telefone_fixo": "(61) 2716-5124",
		"celular": "(61) 99870-8229",
		"altura": "1,75",
		"peso": 68,
		"tipo_sanguineo": "B+",
		"cor": "vermelho"
	},
	{
		"nome": "Alice Raquel Bruna Farias",
		"idade": 77,
		"cpf": "821.541.471-00",
		"rg": "47.989.877-7",
		"data_nasc": "10/01/1946",
		"sexo": "Feminino",
		"signo": "Capricórnio",
		"mae": "Jaqueline Alana Evelyn",
		"pai": "Osvaldo André Farias",
		"email": "alice_raquel_farias@effem.com",
		"senha": "jJRHuN7js1",
		"cep": "71555-148",
		"endereco": "Quadra Quadra 5 Conjunto F",
		"numero": 689,
		"bairro": "Varjão",
		"cidade": "Brasília",
		"estado": "DF",
		"telefone_fixo": "(61) 3669-4395",
		"celular": "(61) 99847-2364",
		"altura": "1,51",
		"peso": 75,
		"tipo_sanguineo": "A-",
		"cor": "amarelo"
	},
	{
		"nome": "Davi Thales Murilo Gonçalves",
		"idade": 50,
		"cpf": "778.247.971-12",
		"rg": "37.807.978-5",
		"data_nasc": "03/02/1973",
		"sexo": "Masculino",
		"signo": "Aquário",
		"mae": "Maitê Márcia Mirella",
		"pai": "Eduardo Danilo Cláudio Gonçalves",
		"email": "davithalesgoncalves@locare-eventos.com.br",
		"senha": "lHHFK9eiJq",
		"cep": "72650-275",
		"endereco": "Quadra Quadra 802 Conjunto 13",
		"numero": 161,
		"bairro": "Recanto das Emas",
		"cidade": "Brasília",
		"estado": "DF",
		"telefone_fixo": "(61) 3985-5801",
		"celular": "(61) 99803-5176",
		"altura": "1,86",
		"peso": 81,
		"tipo_sanguineo": "B+",
		"cor": "preto"
	},
	{
		"nome": "Luciana Heloisa Ester Sales",
		"idade": 45,
		"cpf": "187.792.801-10",
		"rg": "19.026.490-1",
		"data_nasc": "19/01/1978",
		"sexo": "Feminino",
		"signo": "Capricórnio",
		"mae": "Gabriela Rosângela Alessandra",
		"pai": "Nathan Leandro Noah Sales",
		"email": "luciana_heloisa_sales@ravi.com.br",
		"senha": "H1f1pyq5Fb",
		"cep": "72241-567",
		"endereco": "Quadra EQNP 15/19 Bloco G",
		"numero": 115,
		"bairro": "Ceilândia Norte (Ceilândia)",
		"cidade": "Brasília",
		"estado": "DF",
		"telefone_fixo": "(61) 3745-6944",
		"celular": "(61) 99245-9284",
		"altura": "1,52",
		"peso": 55,
		"tipo_sanguineo": "A+",
		"cor": "vermelho"
	},
	{
		"nome": "Sônia Bárbara Tatiane Silveira",
		"idade": 52,
		"cpf": "226.075.671-90",
		"rg": "42.047.025-6",
		"data_nasc": "04/02/1971",
		"sexo": "Feminino",
		"signo": "Aquário",
		"mae": "Caroline Sandra Beatriz",
		"pai": "Manuel Ian Silveira",
		"email": "sonia_silveira@stilomovelaria.com.br",
		"senha": "sR1dAPdDYE",
		"cep": "72319-221",
		"endereco": "Quadra QR 405 Conjunto 21",
		"numero": 495,
		"bairro": "Samambaia Norte (Samambaia)",
		"cidade": "Brasília",
		"estado": "DF",
		"telefone_fixo": "(61) 3645-3467",
		"celular": "(61) 99432-8379",
		"altura": "1,64",
		"peso": 55,
		"tipo_sanguineo": "AB+",
		"cor": "azul"
	},
	{
		"nome": "Brenda Jéssica Teixeira",
		"idade": 39,
		"cpf": "791.381.931-67",
		"rg": "31.091.331-7",
		"data_nasc": "07/02/1984",
		"sexo": "Feminino",
		"signo": "Aquário",
		"mae": "Caroline Isabelle Sophia",
		"pai": "Ricardo Renan Enrico Teixeira",
		"email": "brenda-teixeira77@focusdm.com.br",
		"senha": "z4dXhNMKrX",
		"cep": "70760-712",
		"endereco": "Quadra SHCGN 712 Bloco L",
		"numero": 183,
		"bairro": "Asa Norte",
		"cidade": "Brasília",
		"estado": "DF",
		"telefone_fixo": "(61) 2738-1696",
		"celular": "(61) 98956-9409",
		"altura": "1,62",
		"peso": 57,
		"tipo_sanguineo": "B-",
		"cor": "vermelho"
	},
	{
		"nome": "Lucca Isaac Sérgio da Rosa",
		"idade": 32,
		"cpf": "911.915.451-80",
		"rg": "21.541.896-7",
		"data_nasc": "12/02/1991",
		"sexo": "Masculino",
		"signo": "Aquário",
		"mae": "Tânia Luna Simone",
		"pai": "Ricardo Gael da Rosa",
		"email": "lucca_isaac_darosa@petrobrais.com.br",
		"senha": "GbZBBPaGb2",
		"cep": "71725-107",
		"endereco": "Quadra QR 1 Conjunto G",
		"numero": 471,
		"bairro": "Candangolândia",
		"cidade": "Brasília",
		"estado": "DF",
		"telefone_fixo": "(61) 2923-5444",
		"celular": "(61) 99433-0670",
		"altura": "1,97",
		"peso": 91,
		"tipo_sanguineo": "O+",
		"cor": "verde"
	},
	{
		"nome": "Giovanna Antônia Liz dos Santos",
		"idade": 40,
		"cpf": "637.601.161-67",
		"rg": "30.298.047-7",
		"data_nasc": "03/02/1983",
		"sexo": "Feminino",
		"signo": "Aquário",
		"mae": "Flávia Vanessa",
		"pai": "Yuri Nathan dos Santos",
		"email": "giovanna_antonia_dossantos@live.co.uk",
		"senha": "mxlhjN2NY4",
		"cep": "70908-022",
		"endereco": "Setor Casa do Estudante Universitário Bloco B",
		"numero": 398,
		"bairro": "Campus Universitário Darcy Ribeiro",
		"cidade": "Brasília",
		"estado": "DF",
		"telefone_fixo": "(61) 2606-1755",
		"celular": "(61) 98496-6232",
		"altura": "1,51",
		"peso": 85,
		"tipo_sanguineo": "AB-",
		"cor": "vermelho"
	},
	{
		"nome": "Letícia Vanessa Nogueira",
		"idade": 59,
		"cpf": "821.747.051-09",
		"rg": "42.524.341-2",
		"data_nasc": "01/02/1964",
		"sexo": "Feminino",
		"signo": "Aquário",
		"mae": "Gabrielly Josefa Valentina",
		"pai": "Nicolas Caleb Pedro Nogueira",
		"email": "leticia-nogueira75@protenisbarra.com.br",
		"senha": "Zz79FNpgUQ",
		"cep": "71993-630",
		"endereco": "Conjunto SHA Conjunto 3 Chácara 53B",
		"numero": 738,
		"bairro": "Setor Habitacional Arniqueira (Águas Claras)",
		"cidade": "Brasília",
		"estado": "DF",
		"telefone_fixo": "(61) 2787-8560",
		"celular": "(61) 98270-3084",
		"altura": "1,76",
		"peso": 59,
		"tipo_sanguineo": "O-",
		"cor": "preto"
	}
]