[
	{
		"nome": "Fátima Marlene Nair da Mata",
		"idade": 35,
		"cpf": "619.042.547-05",
		"rg": "25.134.894-5",
		"data_nasc": "02/02/1988",
		"sexo": "Feminino",
		"signo": "Aquário",
		"mae": "Aline Isadora Tatiane",
		"pai": "Breno Caleb da Mata",
		"email": "fatima-damata73@phocus.com.br",
		"senha": "ylBdPGshbe",
		"cep": "69098-448",
		"endereco": "Rua Cataratas do Iguaçu",
		"numero": 521,
		"bairro": "Novo Aleixo",
		"cidade": "Manaus",
		"estado": "AM",
		"telefone_fixo": "(92) 3970-7277",
		"celular": "(92) 99927-2289",
		"altura": "1,51",
		"peso": 63,
		"tipo_sanguineo": "AB-",
		"cor": "azul"
	},
	{
		"nome": "Renan Matheus Nascimento",
		"idade": 74,
		"cpf": "685.509.255-19",
		"rg": "35.778.373-6",
		"data_nasc": "09/01/1949",
		"sexo": "Masculino",
		"signo": "Capricórnio",
		"mae": "Isabel Teresinha Carolina",
		"pai": "Elias Matheus Joaquim Nascimento",
		"email": "renan_matheus_nascimento@uol.om.br",
		"senha": "e31AkUq72i",
		"cep": "60867-494",
		"endereco": "Travessa 7",
		"numero": 313,
		"bairro": "Passaré",
		"cidade": "Fortaleza",
		"estado": "CE",
		"telefone_fixo": "(85) 3680-8997",
		"celular": "(85) 98376-0200",
		"altura": "1,75",
		"peso": 93,
		"tipo_sanguineo": "AB+",
		"cor": "amarelo"
	},
	{
		"nome": "Carlos Breno Erick Figueiredo",
		"idade": 67,
		"cpf": "866.354.453-74",
		"rg": "33.464.760-5",
		"data_nasc": "08/01/1956",
		"sexo": "Masculino",
		"signo": "Capricórnio",
		"mae": "Lívia Clarice",
		"pai": "Diego Kaique Cauã Figueiredo",
		"email": "carlos-figueiredo81@pronursing.com.br",
		"senha": "FKnHiD8aKG",
		"cep": "64045-700",
		"endereco": "Rua Valdir Wilson Vasconcelos",
		"numero": 424,
		"bairro": "Recanto das Palmeiras",
		"cidade": "Teresina",
		"estado": "PI",
		"telefone_fixo": "(86) 3715-8447",
		"celular": "(86) 98318-9010",
		"altura": "1,85",
		"peso": 82,
		"tipo_sanguineo": "AB-",
		"cor": "azul"
	},
	{
		"nome": "Rosa Kamilly Gomes",
		"idade": 32,
		"cpf": "646.213.030-07",
		"rg": "13.119.695-9",
		"data_nasc": "09/02/1991",
		"sexo": "Feminino",
		"signo": "Aquário",
		"mae": "Analu Lívia Renata",
		"pai": "Kaique Rafael Gabriel Gomes",
		"email": "rosakamillygomes@academiaconcerto.art.br",
		"senha": "n78aehwCUY",
		"cep": "77019-439",
		"endereco": "Quadra 1203 Sul Alameda 10",
		"numero": 765,
		"bairro": "Plano Diretor Sul",
		"cidade": "Palmas",
		"estado": "TO",
		"telefone_fixo": "(63) 3614-1679",
		"celular": "(63) 99634-7344",
		"altura": "1,62",
		"peso": 73,
		"tipo_sanguineo": "A-",
		"cor": "preto"
	},
	{
		"nome": "Ester Heloise da Cruz",
		"idade": 29,
		"cpf": "361.208.184-56",
		"rg": "42.572.468-2",
		"data_nasc": "17/02/1994",
		"sexo": "Feminino",
		"signo": "Aquário",
		"mae": "Isabella Clarice Malu",
		"pai": "Emanuel Emanuel Henry da Cruz",
		"email": "ester-dacruz75@raioazul.com.br",
		"senha": "zBLiJAWEM0",
		"cep": "50870-440",
		"endereco": "Rua Guaraci",
		"numero": 851,
		"bairro": "Caçote",
		"cidade": "Recife",
		"estado": "PE",
		"telefone_fixo": "(81) 2696-3892",
		"celular": "(81) 98671-0545",
		"altura": "1,69",
		"peso": 74,
		"tipo_sanguineo": "AB+",
		"cor": "roxo"
	},
	{
		"nome": "Kamilly Cristiane Gonçalves",
		"idade": 27,
		"cpf": "399.007.866-61",
		"rg": "48.269.278-9",
		"data_nasc": "21/02/1996",
		"sexo": "Feminino",
		"signo": "Peixes",
		"mae": "Eloá Manuela",
		"pai": "Kauê Enrico Gonçalves",
		"email": "kamilly_cristiane_goncalves@jetstar.com.br",
		"senha": "4cTWGOLKmK",
		"cep": "29203-455",
		"endereco": "Rua Jacinto de Almeida",
		"numero": 483,
		"bairro": "Coroado",
		"cidade": "Guarapari",
		"estado": "ES",
		"telefone_fixo": "(27) 2895-7909",
		"celular": "(27) 98891-7517",
		"altura": "1,85",
		"peso": 90,
		"tipo_sanguineo": "AB+",
		"cor": "vermelho"
	},
	{
		"nome": "Benedito Yago Freitas",
		"idade": 28,
		"cpf": "749.319.267-70",
		"rg": "27.280.446-0",
		"data_nasc": "12/02/1995",
		"sexo": "Masculino",
		"signo": "Aquário",
		"mae": "Jaqueline Isabel",
		"pai": "Yuri Hugo Freitas",
		"email": "benedito_yago_freitas@hellokitty.com",
		"senha": "3R4eJFdmZn",
		"cep": "59607-838",
		"endereco": "Rua Tereza Costa",
		"numero": 373,
		"bairro": "Aeroporto",
		"cidade": "Mossoró",
		"estado": "RN",
		"telefone_fixo": "(84) 2676-6837",
		"celular": "(84) 98711-8164",
		"altura": "1,60",
		"peso": 53,
		"tipo_sanguineo": "O-",
		"cor": "vermelho"
	},
	{
		"nome": "Anthony Iago Ferreira",
		"idade": 64,
		"cpf": "242.173.675-70",
		"rg": "46.681.326-0",
		"data_nasc": "10/01/1959",
		"sexo": "Masculino",
		"signo": "Capricórnio",
		"mae": "Vanessa Louise Luana",
		"pai": "Ryan Filipe Rafael Ferreira",
		"email": "anthony.iago.ferreira@cabletech.com.br",
		"senha": "CLUmI84Eqx",
		"cep": "79645-095",
		"endereco": "Rua Elmano Soares",
		"numero": 340,
		"bairro": "Jardim Cangalha",
		"cidade": "Três Lagoas",
		"estado": "MS",
		"telefone_fixo": "(67) 2737-7561",
		"celular": "(67) 99232-0194",
		"altura": "1,85",
		"peso": 57,
		"tipo_sanguineo": "AB-",
		"cor": "amarelo"
	},
	{
		"nome": "Otávio Nelson Caldeira",
		"idade": 22,
		"cpf": "323.424.453-77",
		"rg": "28.175.023-3",
		"data_nasc": "20/01/2001",
		"sexo": "Masculino",
		"signo": "Capricórnio",
		"mae": "Camila Vitória Brenda",
		"pai": "Ryan Nathan Elias Caldeira",
		"email": "otavio.nelson.caldeira@multieventos.art.br",
		"senha": "SCJWPi1J8I",
		"cep": "96085-330",
		"endereco": "Rua Urbano Santos",
		"numero": 852,
		"bairro": "Areal",
		"cidade": "Pelotas",
		"estado": "RS",
		"telefone_fixo": "(53) 3822-1363",
		"celular": "(53) 99243-9512",
		"altura": "1,71",
		"peso": 76,
		"tipo_sanguineo": "B+",
		"cor": "preto"
	},
	{
		"nome": "Carla Malu Clarice da Paz",
		"idade": 71,
		"cpf": "758.317.479-13",
		"rg": "17.848.350-3",
		"data_nasc": "20/01/1952",
		"sexo": "Feminino",
		"signo": "Capricórnio",
		"mae": "Bárbara Josefa",
		"pai": "Pedro Henrique Gabriel Breno da Paz",
		"email": "carla.malu.dapaz@equipavmineracao.com.br",
		"senha": "35Xm7A45Ip",
		"cep": "74333-040",
		"endereco": "Rua Abará",
		"numero": 345,
		"bairro": "Jardim Planalto",
		"cidade": "Goiânia",
		"estado": "GO",
		"telefone_fixo": "(62) 2915-7903",
		"celular": "(62) 99279-2167",
		"altura": "1,57",
		"peso": 85,
		"tipo_sanguineo": "AB-",
		"cor": "preto"
	},
	{
		"nome": "Raimundo Samuel Carlos Rocha",
		"idade": 45,
		"cpf": "112.870.521-42",
		"rg": "18.046.512-0",
		"data_nasc": "01/02/1978",
		"sexo": "Masculino",
		"signo": "Aquário",
		"mae": "Stefany Louise Camila",
		"pai": "Erick Giovanni André Rocha",
		"email": "raimundo_rocha@kinouchi.com.br",
		"senha": "2fzdEPo8Ln",
		"cep": "60531-510",
		"endereco": "Rua 602",
		"numero": 447,
		"bairro": "Conjunto Ceará",
		"cidade": "Fortaleza",
		"estado": "CE",
		"telefone_fixo": "(85) 2503-4741",
		"celular": "(85) 98161-0994",
		"altura": "1,74",
		"peso": 76,
		"tipo_sanguineo": "B-",
		"cor": "preto"
	},
	{
		"nome": "Marcelo Matheus Melo",
		"idade": 75,
		"cpf": "004.634.490-02",
		"rg": "49.920.950-3",
		"data_nasc": "06/01/1948",
		"sexo": "Masculino",
		"signo": "Capricórnio",
		"mae": "Luzia Camila",
		"pai": "André Osvaldo Nathan Melo",
		"email": "marcelo_matheus_melo@unink.com.br",
		"senha": "w1rOg75T23",
		"cep": "65066-130",
		"endereco": "Rua Sucupiras",
		"numero": 976,
		"bairro": "Parque Atlântico",
		"cidade": "São Luís",
		"estado": "MA",
		"telefone_fixo": "(98) 3632-1819",
		"celular": "(98) 99860-6982",
		"altura": "1,70",
		"peso": 70,
		"tipo_sanguineo": "O+",
		"cor": "vermelho"
	},
	{
		"nome": "Elisa Evelyn Laís Farias",
		"idade": 37,
		"cpf": "606.308.934-97",
		"rg": "37.632.440-5",
		"data_nasc": "01/01/1986",
		"sexo": "Feminino",
		"signo": "Capricórnio",
		"mae": "Bianca Bárbara",
		"pai": "Benedito Tiago Paulo Farias",
		"email": "elisa.evelyn.farias@defensoria.sp.gov.br",
		"senha": "Xj1IxOp2WC",
		"cep": "88520-600",
		"endereco": "Rua Mem de Sá",
		"numero": 753,
		"bairro": "Dom Daniel",
		"cidade": "Lages",
		"estado": "SC",
		"telefone_fixo": "(49) 2768-7159",
		"celular": "(49) 98852-2931",
		"altura": "1,68",
		"peso": 83,
		"tipo_sanguineo": "AB+",
		"cor": "verde"
	},
	{
		"nome": "Tomás Lucca Mário Novaes",
		"idade": 74,
		"cpf": "643.866.837-04",
		"rg": "50.244.828-3",
		"data_nasc": "08/01/1949",
		"sexo": "Masculino",
		"signo": "Capricórnio",
		"mae": "Olivia Elaine",
		"pai": "Pedro Henrique Noah Novaes",
		"email": "tomas-novaes79@its.jnj.com",
		"senha": "ejrQlcdMMf",
		"cep": "29709-155",
		"endereco": "Rua Antônio Carlos Costa Lopes",
		"numero": 261,
		"bairro": "Santa Mônica",
		"cidade": "Colatina",
		"estado": "ES",
		"telefone_fixo": "(27) 3840-6190",
		"celular": "(27) 99390-4959",
		"altura": "1,63",
		"peso": 83,
		"tipo_sanguineo": "A-",
		"cor": "vermelho"
	},
	{
		"nome": "Henry Alexandre Galvão",
		"idade": 27,
		"cpf": "596.110.975-57",
		"rg": "13.851.637-6",
		"data_nasc": "02/02/1996",
		"sexo": "Masculino",
		"signo": "Aquário",
		"mae": "Aline Rosângela",
		"pai": "Giovanni Nathan Galvão",
		"email": "henry.alexandre.galvao@bodyfast.com.br",
		"senha": "0l7UJYYQi7",
		"cep": "91510-312",
		"endereco": "Rua da Assembléia",
		"numero": 833,
		"bairro": "Coronel Aparício Borges",
		"cidade": "Porto Alegre",
		"estado": "RS",
		"telefone_fixo": "(51) 3810-4348",
		"celular": "(51) 99948-1084",
		"altura": "1,77",
		"peso": 106,
		"tipo_sanguineo": "O+",
		"cor": "vermelho"
	},
	{
		"nome": "Giovanni Leandro Felipe Almeida",
		"idade": 53,
		"cpf": "146.398.387-51",
		"rg": "48.327.665-0",
		"data_nasc": "20/01/1970",
		"sexo": "Masculino",
		"signo": "Capricórnio",
		"mae": "Gabriela Carolina",
		"pai": "Eduardo Renan Almeida",
		"email": "giovanni.leandro.almeida@monsanto.com",
		"senha": "uYQPHofr6h",
		"cep": "59123-025",
		"endereco": "Rua do Cearense",
		"numero": 809,
		"bairro": "Pajuçara",
		"cidade": "Natal",
		"estado": "RN",
		"telefone_fixo": "(84) 3535-7126",
		"celular": "(84) 99807-7881",
		"altura": "1,96",
		"peso": 73,
		"tipo_sanguineo": "B+",
		"cor": "amarelo"
	},
	{
		"nome": "Emilly Giovanna Assis",
		"idade": 56,
		"cpf": "116.197.726-04",
		"rg": "47.044.414-9",
		"data_nasc": "03/02/1967",
		"sexo": "Feminino",
		"signo": "Aquário",
		"mae": "Manuela Isabel Marcela",
		"pai": "Caleb Nelson Matheus Assis",
		"email": "emilly_assis@valltech.com.br",
		"senha": "BaKfot6qBp",
		"cep": "58013-441",
		"endereco": "Avenida Francisca Moura",
		"numero": 883,
		"bairro": "Centro",
		"cidade": "João Pessoa",
		"estado": "PB",
		"telefone_fixo": "(83) 2543-0809",
		"celular": "(83) 98255-5716",
		"altura": "1,63",
		"peso": 77,
		"tipo_sanguineo": "B-",
		"cor": "preto"
	},
	{
		"nome": "Benedita Carla Alves",
		"idade": 58,
		"cpf": "514.981.415-60",
		"rg": "28.036.007-1",
		"data_nasc": "17/02/1965",
		"sexo": "Feminino",
		"signo": "Aquário",
		"mae": "Luciana Sandra Luna",
		"pai": "Bento Henrique Benício Alves",
		"email": "benedita_alves@mx.labinal.com",
		"senha": "4fAKisbynf",
		"cep": "69902-754",
		"endereco": "Rua 11 de Março",
		"numero": 387,
		"bairro": "Placas",
		"cidade": "Rio Branco",
		"estado": "AC",
		"telefone_fixo": "(68) 3517-7777",
		"celular": "(68) 98814-9231",
		"altura": "1,72",
		"peso": 48,
		"tipo_sanguineo": "A-",
		"cor": "verde"
	},
	{
		"nome": "Nelson Rafael Araújo",
		"idade": 32,
		"cpf": "988.215.749-11",
		"rg": "14.775.681-9",
		"data_nasc": "02/01/1991",
		"sexo": "Masculino",
		"signo": "Capricórnio",
		"mae": "Sabrina Raquel Jennifer",
		"pai": "Yuri Murilo Araújo",
		"email": "nelson.rafael.araujo@proimagem.com",
		"senha": "iKJkt7QOFz",
		"cep": "58437-720",
		"endereco": "Rua Isaías Sousa do Ó",
		"numero": 896,
		"bairro": "Serrotão",
		"cidade": "Campina Grande",
		"estado": "PB",
		"telefone_fixo": "(83) 3813-6981",
		"celular": "(83) 99647-0675",
		"altura": "1,91",
		"peso": 96,
		"tipo_sanguineo": "AB+",
		"cor": "verde"
	},
	{
		"nome": "Larissa Kamilly Assunção",
		"idade": 39,
		"cpf": "419.565.194-83",
		"rg": "33.543.917-2",
		"data_nasc": "01/01/1984",
		"sexo": "Feminino",
		"signo": "Capricórnio",
		"mae": "Isis Ana",
		"pai": "César Matheus Assunção",
		"email": "larissa-assuncao76@academiagolf.com.br",
		"senha": "0QCKWRZsjc",
		"cep": "54100-428",
		"endereco": "2ª Travessa Cristiano Santos",
		"numero": 750,
		"bairro": "Vila Rica",
		"cidade": "Jaboatão dos Guararapes",
		"estado": "PE",
		"telefone_fixo": "(81) 3990-5399",
		"celular": "(81) 98741-1302",
		"altura": "1,57",
		"peso": 82,
		"tipo_sanguineo": "B+",
		"cor": "laranja"
	},
	{
		"nome": "Igor Henry Miguel Campos",
		"idade": 56,
		"cpf": "550.696.923-64",
		"rg": "35.546.390-8",
		"data_nasc": "23/01/1967",
		"sexo": "Masculino",
		"signo": "Aquário",
		"mae": "Benedita Rosa",
		"pai": "Diogo Yuri Ryan Campos",
		"email": "igor_campos@sheilabenavente.com.br",
		"senha": "APjHl8E4qM",
		"cep": "57071-846",
		"endereco": "Rua Áustria",
		"numero": 218,
		"bairro": "Clima Bom",
		"cidade": "Maceió",
		"estado": "AL",
		"telefone_fixo": "(82) 3766-0122",
		"celular": "(82) 98652-3337",
		"altura": "1,92",
		"peso": 69,
		"tipo_sanguineo": "B-",
		"cor": "vermelho"
	},
	{
		"nome": "Sebastião Arthur Almada",
		"idade": 19,
		"cpf": "118.167.372-08",
		"rg": "18.617.478-0",
		"data_nasc": "03/02/2004",
		"sexo": "Masculino",
		"signo": "Aquário",
		"mae": "Malu Maria Francisca",
		"pai": "Gustavo Elias Enrico Almada",
		"email": "sebastiao_almada@gabiaatelier.com.br",
		"senha": "9EUaYWEKPC",
		"cep": "41330-850",
		"endereco": "5ª Travessa Mário Fiúza",
		"numero": 699,
		"bairro": "Cajazeiras",
		"cidade": "Salvador",
		"estado": "BA",
		"telefone_fixo": "(71) 2833-3343",
		"celular": "(71) 99353-2887",
		"altura": "2,00",
		"peso": 64,
		"tipo_sanguineo": "A-",
		"cor": "vermelho"
	},
	{
		"nome": "Luiz Luiz Calebe Corte Real",
		"idade": 57,
		"cpf": "512.898.762-07",
		"rg": "47.132.349-4",
		"data_nasc": "01/02/1966",
		"sexo": "Masculino",
		"signo": "Aquário",
		"mae": "Letícia Laura Luciana",
		"pai": "Sebastião Ryan Corte Real",
		"email": "luiz_cortereal@leonardopereira.com",
		"senha": "rozCs8grRM",
		"cep": "97542-640",
		"endereco": "Rua Willy Steihorst",
		"numero": 297,
		"bairro": "Boa Vista",
		"cidade": "Alegrete",
		"estado": "RS",
		"telefone_fixo": "(55) 3620-7237",
		"celular": "(55) 98683-3112",
		"altura": "1,83",
		"peso": 102,
		"tipo_sanguineo": "O+",
		"cor": "vermelho"
	},
	{
		"nome": "Jéssica Jennifer Nogueira",
		"idade": 41,
		"cpf": "804.518.345-42",
		"rg": "33.435.066-9",
		"data_nasc": "08/02/1982",
		"sexo": "Feminino",
		"signo": "Aquário",
		"mae": "Rebeca Tatiane",
		"pai": "Bryan Ian Nogueira",
		"email": "jessica-nogueira77@humanfit.com.br",
		"senha": "CDMMngljJ9",
		"cep": "87207-018",
		"endereco": "Avenida Leopoldina",
		"numero": 691,
		"bairro": "Zona de Armazém",
		"cidade": "Cianorte",
		"estado": "PR",
		"telefone_fixo": "(44) 3901-4259",
		"celular": "(44) 99330-6403",
		"altura": "1,52",
		"peso": 52,
		"tipo_sanguineo": "A+",
		"cor": "amarelo"
	},
	{
		"nome": "Tânia Marcela Barros",
		"idade": 40,
		"cpf": "204.159.885-94",
		"rg": "16.897.488-5",
		"data_nasc": "07/02/1983",
		"sexo": "Feminino",
		"signo": "Aquário",
		"mae": "Rosângela Marina Marina",
		"pai": "Raimundo Sebastião Barros",
		"email": "tania_barros@signainfo.com.br",
		"senha": "lkBmsDXlKA",
		"cep": "07062-173",
		"endereco": "Rua Corumbaíba",
		"numero": 761,
		"bairro": "Jardim Artidoro",
		"cidade": "Guarulhos",
		"estado": "SP",
		"telefone_fixo": "(11) 2739-5897",
		"celular": "(11) 99668-5293",
		"altura": "1,57",
		"peso": 74,
		"tipo_sanguineo": "AB-",
		"cor": "preto"
	},
	{
		"nome": "Calebe Vitor da Costa",
		"idade": 63,
		"cpf": "915.829.216-01",
		"rg": "20.164.226-8",
		"data_nasc": "23/01/1960",
		"sexo": "Masculino",
		"signo": "Aquário",
		"mae": "Milena Stella Marlene",
		"pai": "Leandro Filipe Filipe da Costa",
		"email": "calebevitordacosta@akaer.com.br",
		"senha": "54WIalJDSh",
		"cep": "65081-778",
		"endereco": "1ª Travessa Canarinho",
		"numero": 132,
		"bairro": "Residencial Paraíso",
		"cidade": "São Luís",
		"estado": "MA",
		"telefone_fixo": "(98) 2928-0790",
		"celular": "(98) 99845-1545",
		"altura": "1,82",
		"peso": 65,
		"tipo_sanguineo": "O+",
		"cor": "vermelho"
	},
	{
		"nome": "Natália Patrícia Costa",
		"idade": 79,
		"cpf": "481.223.831-57",
		"rg": "37.886.820-2",
		"data_nasc": "12/01/1944",
		"sexo": "Feminino",
		"signo": "Capricórnio",
		"mae": "Fabiana Daniela Catarina",
		"pai": "Diego Augusto Costa",
		"email": "natalia.patricia.costa@origembr.com",
		"senha": "aJXcmL5jSU",
		"cep": "37504-354",
		"endereco": "Rua B",
		"numero": 204,
		"bairro": "Açude",
		"cidade": "Itajubá",
		"estado": "MG",
		"telefone_fixo": "(35) 2692-5929",
		"celular": "(35) 99237-0263",
		"altura": "1,52",
		"peso": 59,
		"tipo_sanguineo": "A-",
		"cor": "amarelo"
	},
	{
		"nome": "Nina Luzia da Conceição",
		"idade": 58,
		"cpf": "190.530.233-99",
		"rg": "49.011.468-4",
		"data_nasc": "01/01/1965",
		"sexo": "Feminino",
		"signo": "Capricórnio",
		"mae": "Giovana Agatha",
		"pai": "Ryan Fernando Vicente da Conceição",
		"email": "nina_daconceicao@fluxioneventos.com.br",
		"senha": "aLTDOwRYx8",
		"cep": "68902-080",
		"endereco": "Avenida Pedro Lazarino",
		"numero": 273,
		"bairro": "Beirol",
		"cidade": "Macapá",
		"estado": "AP",
		"telefone_fixo": "(96) 3709-5284",
		"celular": "(96) 99374-4111",
		"altura": "1,66",
		"peso": 48,
		"tipo_sanguineo": "A-",
		"cor": "vermelho"
	},
	{
		"nome": "Alícia Emilly Maria Barbosa",
		"idade": 38,
		"cpf": "249.138.233-45",
		"rg": "50.914.216-3",
		"data_nasc": "19/01/1985",
		"sexo": "Feminino",
		"signo": "Capricórnio",
		"mae": "Ayla Alana",
		"pai": "Alexandre Pedro Barbosa",
		"email": "alicia-barbosa92@vmetaiscba.com.br",
		"senha": "eHhpeUkRqM",
		"cep": "91540-210",
		"endereco": "Rua D",
		"numero": 386,
		"bairro": "Agronomia",
		"cidade": "Porto Alegre",
		"estado": "RS",
		"telefone_fixo": "(51) 3643-4970",
		"celular": "(51) 98257-9701",
		"altura": "1,66",
		"peso": 66,
		"tipo_sanguineo": "B+",
		"cor": "vermelho"
	},
	{
		"nome": "Benedito Nathan Sales",
		"idade": 77,
		"cpf": "905.676.871-98",
		"rg": "35.750.928-6",
		"data_nasc": "10/01/1946",
		"sexo": "Masculino",
		"signo": "Capricórnio",
		"mae": "Adriana Isabelle Elza",
		"pai": "Enzo Renan Sales",
		"email": "beneditonathansales@knowconsulting.com.br",
		"senha": "tdOujdeGOG",
		"cep": "29937-660",
		"endereco": "Rua Trinta e Quatro",
		"numero": 607,
		"bairro": "Forno Velho",
		"cidade": "São Mateus",
		"estado": "ES",
		"telefone_fixo": "(27) 3591-0659",
		"celular": "(27) 99990-2086",
		"altura": "1,77",
		"peso": 109,
		"tipo_sanguineo": "O-",
		"cor": "azul"
	}
]