[
	{
		"nome": "Fernanda Giovanna Assis",
		"idade": 47,
		"cpf": "629.965.920-34",
		"rg": "11.636.041-0",
		"data_nasc": "11/02/1976",
		"sexo": "Feminino",
		"signo": "Aquário",
		"mae": "Raquel Alícia Teresinha",
		"pai": "Emanuel Gustavo Márcio Assis",
		"email": "fernandagiovannaassis@sistectecnologia.com.br",
		"senha": "ML4QWlKsx6",
		"cep": "96410-354",
		"endereco": "Travessa Cento e Vinte e Um",
		"numero": 456,
		"bairro": "São Martins",
		"cidade": "Bagé",
		"estado": "RS",
		"telefone_fixo": "(53) 2813-4686",
		"celular": "(53) 99228-7761",
		"altura": "1,62",
		"peso": 51,
		"tipo_sanguineo": "AB+",
		"cor": "vermelho"
	},
	{
		"nome": "Silvana Kamilly Teixeira",
		"idade": 37,
		"cpf": "321.846.988-06",
		"rg": "45.949.826-5",
		"data_nasc": "27/01/1986",
		"sexo": "Feminino",
		"signo": "Aquário",
		"mae": "Pietra Maitê Luna",
		"pai": "César Thales Teixeira",
		"email": "silvana_kamilly_teixeira@flexvale.com.br",
		"senha": "BlAgaTpqmB",
		"cep": "20261-040",
		"endereco": "Rua Sampaio Viana",
		"numero": 390,
		"bairro": "Rio Comprido",
		"cidade": "Rio de Janeiro",
		"estado": "RJ",
		"telefone_fixo": "(21) 3673-0255",
		"celular": "(21) 98491-8231",
		"altura": "1,66",
		"peso": 69,
		"tipo_sanguineo": "AB-",
		"cor": "preto"
	},
	{
		"nome": "Luís Cláudio Elias Nogueira",
		"idade": 75,
		"cpf": "819.206.539-10",
		"rg": "20.946.560-8",
		"data_nasc": "01/02/1948",
		"sexo": "Masculino",
		"signo": "Aquário",
		"mae": "Isabelle Lívia",
		"pai": "Vitor Paulo Tomás Nogueira",
		"email": "luis-nogueira79@spamgourmet.com",
		"senha": "41okpjsXoq",
		"cep": "69312-105",
		"endereco": "Rua Yeyê Coelho",
		"numero": 502,
		"bairro": "Jardim Floresta",
		"cidade": "Boa Vista",
		"estado": "RR",
		"telefone_fixo": "(95) 2768-1364",
		"celular": "(95) 99684-2361",
		"altura": "1,88",
		"peso": 54,
		"tipo_sanguineo": "B-",
		"cor": "vermelho"
	},
	{
		"nome": "Rodrigo João Campos",
		"idade": 40,
		"cpf": "898.229.576-37",
		"rg": "32.726.803-7",
		"data_nasc": "18/02/1983",
		"sexo": "Masculino",
		"signo": "Aquário",
		"mae": "Mariah Carolina",
		"pai": "Mário Rafael Severino Campos",
		"email": "rodrigo_campos@smalte.com.br",
		"senha": "MfaUrEQOkp",
		"cep": "59131-230",
		"endereco": "Rua Escritor Lima Barreto",
		"numero": 152,
		"bairro": "Pajuçara",
		"cidade": "Natal",
		"estado": "RN",
		"telefone_fixo": "(84) 2570-3803",
		"celular": "(84) 98116-1280",
		"altura": "1,69",
		"peso": 63,
		"tipo_sanguineo": "AB-",
		"cor": "amarelo"
	},
	{
		"nome": "Isadora Nina Fátima Carvalho",
		"idade": 42,
		"cpf": "670.540.364-09",
		"rg": "23.111.694-9",
		"data_nasc": "20/01/1981",
		"sexo": "Feminino",
		"signo": "Capricórnio",
		"mae": "Laís Laura",
		"pai": "Marcelo Gael Carvalho",
		"email": "isadora.nina.carvalho@gdsambiental.com.br",
		"senha": "hxOxjWH8ee",
		"cep": "62015-355",
		"endereco": "Rua Tancredo Neves",
		"numero": 735,
		"bairro": "Dom José",
		"cidade": "Sobral",
		"estado": "CE",
		"telefone_fixo": "(88) 2977-3635",
		"celular": "(88) 98619-4539",
		"altura": "1,59",
		"peso": 87,
		"tipo_sanguineo": "B-",
		"cor": "amarelo"
	},
	{
		"nome": "Stefany Elaine Carolina Novaes",
		"idade": 43,
		"cpf": "729.659.426-88",
		"rg": "20.029.627-9",
		"data_nasc": "18/02/1980",
		"sexo": "Feminino",
		"signo": "Aquário",
		"mae": "Heloisa Natália Olivia",
		"pai": "Victor Benedito Novaes",
		"email": "stefany-novaes76@outlock.com.br",
		"senha": "DyZFe4tpwU",
		"cep": "29200-530",
		"endereco": "Rua Pastor Rúbens Lopes",
		"numero": 950,
		"bairro": "São Judas Tadeu",
		"cidade": "Guarapari",
		"estado": "ES",
		"telefone_fixo": "(27) 3589-2101",
		"celular": "(27) 98384-0926",
		"altura": "1,69",
		"peso": 69,
		"tipo_sanguineo": "A+",
		"cor": "preto"
	},
	{
		"nome": "Breno Ian Ruan Duarte",
		"idade": 65,
		"cpf": "601.828.051-58",
		"rg": "47.892.676-5",
		"data_nasc": "21/02/1958",
		"sexo": "Masculino",
		"signo": "Peixes",
		"mae": "Nina Julia",
		"pai": "Tiago Carlos Eduardo Cauê Duarte",
		"email": "brenoianduarte@icloud.com",
		"senha": "f2RDYjPKEO",
		"cep": "72922-375",
		"endereco": "Quadra Quadra 5",
		"numero": 556,
		"bairro": "Jardim América II",
		"cidade": "Águas Lindas de Goiás",
		"estado": "GO",
		"telefone_fixo": "(61) 2516-6471",
		"celular": "(61) 98760-1340",
		"altura": "1,61",
		"peso": 89,
		"tipo_sanguineo": "B+",
		"cor": "vermelho"
	},
	{
		"nome": "Alice Marina Isadora Pires",
		"idade": 57,
		"cpf": "158.582.299-05",
		"rg": "18.586.948-8",
		"data_nasc": "03/01/1966",
		"sexo": "Feminino",
		"signo": "Capricórnio",
		"mae": "Eloá Renata",
		"pai": "Lucas Cauã Pires",
		"email": "alicemarinapires@brf-br.com",
		"senha": "w0FzZw9ON4",
		"cep": "51345-740",
		"endereco": "Rua Bandeirante Raposo Tavares",
		"numero": 257,
		"bairro": "COHAB",
		"cidade": "Recife",
		"estado": "PE",
		"telefone_fixo": "(81) 3817-9800",
		"celular": "(81) 99400-3537",
		"altura": "1,77",
		"peso": 81,
		"tipo_sanguineo": "AB+",
		"cor": "vermelho"
	},
	{
		"nome": "Rafaela Marlene Santos",
		"idade": 47,
		"cpf": "378.812.821-69",
		"rg": "33.325.984-1",
		"data_nasc": "15/02/1976",
		"sexo": "Feminino",
		"signo": "Aquário",
		"mae": "Mariah Amanda",
		"pai": "Sérgio Raimundo Geraldo Santos",
		"email": "rafaela.marlene.santos@bhcervejas.com.br",
		"senha": "fdkX4NlbZw",
		"cep": "69043-130",
		"endereco": "Rua Rafael Assayag",
		"numero": 924,
		"bairro": "Alvorada",
		"cidade": "Manaus",
		"estado": "AM",
		"telefone_fixo": "(92) 3943-4714",
		"celular": "(92) 98804-6765",
		"altura": "1,72",
		"peso": 60,
		"tipo_sanguineo": "A-",
		"cor": "preto"
	},
	{
		"nome": "Laís Isabella Silveira",
		"idade": 36,
		"cpf": "110.779.324-64",
		"rg": "27.823.144-5",
		"data_nasc": "17/02/1987",
		"sexo": "Feminino",
		"signo": "Aquário",
		"mae": "Rayssa Luna",
		"pai": "Filipe Severino Silveira",
		"email": "lais-silveira93@pgpci.com.br",
		"senha": "bt373Ya1NN",
		"cep": "41335-084",
		"endereco": "Rua da Águia Dourada",
		"numero": 548,
		"bairro": "Cajazeiras",
		"cidade": "Salvador",
		"estado": "BA",
		"telefone_fixo": "(71) 2528-0578",
		"celular": "(71) 99582-6851",
		"altura": "1,85",
		"peso": 68,
		"tipo_sanguineo": "A+",
		"cor": "amarelo"
	},
	{
		"nome": "Jaqueline Giovana Mariah Lopes",
		"idade": 21,
		"cpf": "610.614.138-02",
		"rg": "17.200.595-4",
		"data_nasc": "23/01/2002",
		"sexo": "Feminino",
		"signo": "Aquário",
		"mae": "Vanessa Lorena Rebeca",
		"pai": "Tomás Benedito Enrico Lopes",
		"email": "jaqueline.giovana.lopes@afsn.com.br",
		"senha": "qFNeLUfpp6",
		"cep": "57073-364",
		"endereco": "Quadra C4",
		"numero": 705,
		"bairro": "Cidade Universitária",
		"cidade": "Maceió",
		"estado": "AL",
		"telefone_fixo": "(82) 3746-8940",
		"celular": "(82) 99353-5460",
		"altura": "1,85",
		"peso": 87,
		"tipo_sanguineo": "AB+",
		"cor": "roxo"
	},
	{
		"nome": "Aurora Isabel da Rosa",
		"idade": 50,
		"cpf": "422.476.373-70",
		"rg": "23.555.485-6",
		"data_nasc": "21/01/1973",
		"sexo": "Feminino",
		"signo": "Aquário",
		"mae": "Ayla Raimunda",
		"pai": "Gael Ian Ricardo da Rosa",
		"email": "aurora_isabel_darosa@cbsdobrasil.com.br",
		"senha": "tThEqWFCyC",
		"cep": "14403-551",
		"endereco": "Rua Clodomiro Rezende",
		"numero": 722,
		"bairro": "Jardim Brasil",
		"cidade": "Franca",
		"estado": "SP",
		"telefone_fixo": "(16) 3667-9949",
		"celular": "(16) 99193-8204",
		"altura": "1,75",
		"peso": 50,
		"tipo_sanguineo": "AB-",
		"cor": "roxo"
	},
	{
		"nome": "Rafaela Natália Helena Araújo",
		"idade": 24,
		"cpf": "780.532.371-26",
		"rg": "40.532.068-1",
		"data_nasc": "16/02/1999",
		"sexo": "Feminino",
		"signo": "Aquário",
		"mae": "Andrea Sandra",
		"pai": "Ryan Ryan Araújo",
		"email": "rafaelanataliaaraujo@wredenborg.se",
		"senha": "qE1OpE8JdY",
		"cep": "52280-480",
		"endereco": "Rua Caxambu",
		"numero": 479,
		"bairro": "Vasco da Gama",
		"cidade": "Recife",
		"estado": "PE",
		"telefone_fixo": "(81) 3633-1037",
		"celular": "(81) 98463-6947",
		"altura": "1,80",
		"peso": 57,
		"tipo_sanguineo": "O-",
		"cor": "preto"
	},
	{
		"nome": "Lorena Vanessa Sebastiana Corte Real",
		"idade": 46,
		"cpf": "816.687.352-45",
		"rg": "40.155.089-8",
		"data_nasc": "19/02/1977",
		"sexo": "Feminino",
		"signo": "Aquário",
		"mae": "Jaqueline Sandra",
		"pai": "Thales Paulo Corte Real",
		"email": "lorena-cortereal74@utbr.com.br",
		"senha": "jGZO2OqLF5",
		"cep": "72600-116",
		"endereco": "Quadra Quadra 101 Conjunto 12",
		"numero": 404,
		"bairro": "Recanto das Emas",
		"cidade": "Brasília",
		"estado": "DF",
		"telefone_fixo": "(61) 2705-7504",
		"celular": "(61) 98333-3369",
		"altura": "1,60",
		"peso": 73,
		"tipo_sanguineo": "O+",
		"cor": "vermelho"
	},
	{
		"nome": "Andrea Alice Lima",
		"idade": 51,
		"cpf": "816.428.380-04",
		"rg": "45.892.382-5",
		"data_nasc": "09/02/1972",
		"sexo": "Feminino",
		"signo": "Aquário",
		"mae": "Laís Débora Letícia",
		"pai": "Marcos Vinicius Carlos Lima",
		"email": "andrea_lima@grupoaguaviva.com.br",
		"senha": "0Csw0LIXLM",
		"cep": "25680-261",
		"endereco": "Rua Francisco Manuel",
		"numero": 497,
		"bairro": "Centro",
		"cidade": "Petrópolis",
		"estado": "RJ",
		"telefone_fixo": "(24) 2990-2857",
		"celular": "(24) 99217-6419",
		"altura": "1,67",
		"peso": 67,
		"tipo_sanguineo": "AB-",
		"cor": "vermelho"
	},
	{
		"nome": "Isis Laura Tatiane Rezende",
		"idade": 38,
		"cpf": "120.397.000-56",
		"rg": "29.299.113-7",
		"data_nasc": "14/01/1985",
		"sexo": "Feminino",
		"signo": "Capricórnio",
		"mae": "Isabel Mariah",
		"pai": "Marcos Vicente Rezende",
		"email": "isis_rezende@tecnew.net",
		"senha": "4gT9HxFick",
		"cep": "04932-450",
		"endereco": "Travessa Caetano Paióli",
		"numero": 552,
		"bairro": "Jardim Coimbra",
		"cidade": "São Paulo",
		"estado": "SP",
		"telefone_fixo": "(11) 3773-0263",
		"celular": "(11) 98449-1194",
		"altura": "1,83",
		"peso": 89,
		"tipo_sanguineo": "O+",
		"cor": "verde"
	},
	{
		"nome": "Nelson Tomás Bruno Cardoso",
		"idade": 72,
		"cpf": "865.288.614-80",
		"rg": "20.574.294-4",
		"data_nasc": "23/02/1951",
		"sexo": "Masculino",
		"signo": "Peixes",
		"mae": "Cristiane Larissa",
		"pai": "Benício Nicolas Bento Cardoso",
		"email": "nelson_tomas_cardoso@brasildakar.com.br",
		"senha": "YQjScC6LCe",
		"cep": "69042-810",
		"endereco": "Avenida Uatumã",
		"numero": 960,
		"bairro": "Dom Pedro I",
		"cidade": "Manaus",
		"estado": "AM",
		"telefone_fixo": "(92) 3726-8641",
		"celular": "(92) 98369-4137",
		"altura": "1,91",
		"peso": 101,
		"tipo_sanguineo": "AB-",
		"cor": "vermelho"
	},
	{
		"nome": "Betina Marli Francisca dos Santos",
		"idade": 44,
		"cpf": "463.317.335-90",
		"rg": "12.526.063-5",
		"data_nasc": "23/01/1979",
		"sexo": "Feminino",
		"signo": "Aquário",
		"mae": "Gabrielly Luna Cristiane",
		"pai": "Theo Leandro dos Santos",
		"email": "betinamarlidossantos@directnet.com.br",
		"senha": "Qt1roZOWRq",
		"cep": "59132-240",
		"endereco": "Rua Elizeth Cardoso",
		"numero": 652,
		"bairro": "Pajuçara",
		"cidade": "Natal",
		"estado": "RN",
		"telefone_fixo": "(84) 3926-0441",
		"celular": "(84) 98504-8045",
		"altura": "1,52",
		"peso": 74,
		"tipo_sanguineo": "A+",
		"cor": "laranja"
	},
	{
		"nome": "Arthur Manuel Marcos Ramos",
		"idade": 51,
		"cpf": "307.673.153-08",
		"rg": "45.775.782-6",
		"data_nasc": "08/02/1972",
		"sexo": "Masculino",
		"signo": "Aquário",
		"mae": "Antônia Manuela Rita",
		"pai": "Samuel Carlos Ramos",
		"email": "arthur.manuel.ramos@starmidia.tv",
		"senha": "dgThYxoGF6",
		"cep": "65072-026",
		"endereco": "Rua Cajari",
		"numero": 847,
		"bairro": "Quintas do Calhau",
		"cidade": "São Luís",
		"estado": "MA",
		"telefone_fixo": "(98) 3982-9861",
		"celular": "(98) 99683-2271",
		"altura": "1,63",
		"peso": 59,
		"tipo_sanguineo": "O-",
		"cor": "amarelo"
	},
	{
		"nome": "Brenda Luana Isis Nascimento",
		"idade": 26,
		"cpf": "714.131.622-15",
		"rg": "17.174.132-8",
		"data_nasc": "21/02/1997",
		"sexo": "Feminino",
		"signo": "Peixes",
		"mae": "Daniela Malu",
		"pai": "Lucca Bruno Nascimento",
		"email": "brenda.luana.nascimento@rubens.adm.br",
		"senha": "C9rspoqwNT",
		"cep": "78700-905",
		"endereco": "Avenida Bandeirantes, s/n",
		"numero": 734,
		"bairro": "Centro",
		"cidade": "Rondonópolis",
		"estado": "MT",
		"telefone_fixo": "(66) 2829-2126",
		"celular": "(66) 99847-5811",
		"altura": "1,67",
		"peso": 64,
		"tipo_sanguineo": "B-",
		"cor": "vermelho"
	},
	{
		"nome": "Isabela Isabelle Souza",
		"idade": 28,
		"cpf": "806.001.716-04",
		"rg": "23.358.924-7",
		"data_nasc": "02/02/1995",
		"sexo": "Feminino",
		"signo": "Aquário",
		"mae": "Yasmin Ester",
		"pai": "Kevin Ryan Souza",
		"email": "isabela-souza74@tlmix.com.br",
		"senha": "aMEr6jsFcQ",
		"cep": "81320-120",
		"endereco": "Rua Carlos Alberto de Lima Fagundes",
		"numero": 974,
		"bairro": "Fazendinha",
		"cidade": "Curitiba",
		"estado": "PR",
		"telefone_fixo": "(41) 3773-2677",
		"celular": "(41) 98929-5559",
		"altura": "1,61",
		"peso": 65,
		"tipo_sanguineo": "AB-",
		"cor": "vermelho"
	},
	{
		"nome": "Sabrina Antônia Mariah Gomes",
		"idade": 46,
		"cpf": "565.937.861-79",
		"rg": "22.471.474-0",
		"data_nasc": "19/02/1977",
		"sexo": "Feminino",
		"signo": "Aquário",
		"mae": "Manuela Patrícia Eduarda",
		"pai": "Thales Giovanni Gomes",
		"email": "sabrinaantoniagomes@esctech.com.br",
		"senha": "MF6G1YnzIB",
		"cep": "88353-673",
		"endereco": "Rua AC - 027",
		"numero": 280,
		"bairro": "Águas Claras",
		"cidade": "Brusque",
		"estado": "SC",
		"telefone_fixo": "(47) 2552-7683",
		"celular": "(47) 98565-0680",
		"altura": "1,67",
		"peso": 50,
		"tipo_sanguineo": "AB+",
		"cor": "preto"
	},
	{
		"nome": "Isadora Clara Luana Moraes",
		"idade": 39,
		"cpf": "614.328.653-15",
		"rg": "44.358.542-8",
		"data_nasc": "09/01/1984",
		"sexo": "Feminino",
		"signo": "Capricórnio",
		"mae": "Mariane Louise Helena",
		"pai": "Enrico Eduardo Moraes",
		"email": "isadoraclaramoraes@vilasites.com.br",
		"senha": "7zqYAI1sL2",
		"cep": "58100-183",
		"endereco": "Rua José Joviniano de Brito",
		"numero": 758,
		"bairro": "Centro",
		"cidade": "Cabedelo",
		"estado": "PB",
		"telefone_fixo": "(83) 3648-4226",
		"celular": "(83) 99221-1973",
		"altura": "1,70",
		"peso": 71,
		"tipo_sanguineo": "AB-",
		"cor": "vermelho"
	},
	{
		"nome": "Victor Erick Martin da Rocha",
		"idade": 29,
		"cpf": "911.039.777-92",
		"rg": "28.834.994-5",
		"data_nasc": "12/02/1994",
		"sexo": "Masculino",
		"signo": "Aquário",
		"mae": "Laura Sueli",
		"pai": "Enzo José da Rocha",
		"email": "victor_erick_darocha@zigotto.com.br",
		"senha": "MNEaUInkX7",
		"cep": "69093-785",
		"endereco": "Rua Cajá Mirim",
		"numero": 400,
		"bairro": "Monte das Oliveiras",
		"cidade": "Manaus",
		"estado": "AM",
		"telefone_fixo": "(92) 3959-4938",
		"celular": "(92) 98869-0327",
		"altura": "1,89",
		"peso": 87,
		"tipo_sanguineo": "A+",
		"cor": "azul"
	},
	{
		"nome": "Yasmin Ayla Dias",
		"idade": 71,
		"cpf": "391.691.414-60",
		"rg": "13.570.829-1",
		"data_nasc": "21/02/1952",
		"sexo": "Feminino",
		"signo": "Peixes",
		"mae": "Débora Helena",
		"pai": "Diogo Paulo Kevin Dias",
		"email": "yasmin_ayla_dias@3coreonline.com.br",
		"senha": "yilyqMRkfs",
		"cep": "29700-910",
		"endereco": "Rua Cassiano Castelo 396",
		"numero": 537,
		"bairro": "Centro",
		"cidade": "Colatina",
		"estado": "ES",
		"telefone_fixo": "(27) 2783-9300",
		"celular": "(27) 99606-2385",
		"altura": "1,64",
		"peso": 82,
		"tipo_sanguineo": "B-",
		"cor": "roxo"
	},
	{
		"nome": "Yago Antonio Martins",
		"idade": 35,
		"cpf": "726.458.014-80",
		"rg": "15.092.843-9",
		"data_nasc": "21/01/1988",
		"sexo": "Masculino",
		"signo": "Aquário",
		"mae": "Malu Flávia",
		"pai": "Filipe Matheus Julio Martins",
		"email": "yago-martins85@cenavip.com.br",
		"senha": "wf8D3B09KR",
		"cep": "79822-612",
		"endereco": "Rua Olga de Lima Melgarejo",
		"numero": 976,
		"bairro": "Vila Toscana",
		"cidade": "Dourados",
		"estado": "MS",
		"telefone_fixo": "(67) 2616-6570",
		"celular": "(67) 99340-1418",
		"altura": "1,69",
		"peso": 54,
		"tipo_sanguineo": "AB+",
		"cor": "vermelho"
	},
	{
		"nome": "Osvaldo Marcos Vinicius Calebe Fernandes",
		"idade": 28,
		"cpf": "524.738.569-15",
		"rg": "33.405.237-3",
		"data_nasc": "24/02/1995",
		"sexo": "Masculino",
		"signo": "Peixes",
		"mae": "Maitê Gabrielly",
		"pai": "Isaac Breno Kaique Fernandes",
		"email": "osvaldomarcosfernandes@myself.com",
		"senha": "PXQjd2U6gM",
		"cep": "93044-620",
		"endereco": "Rua Paulo VI",
		"numero": 848,
		"bairro": "Campestre",
		"cidade": "São Leopoldo",
		"estado": "RS",
		"telefone_fixo": "(51) 3713-4719",
		"celular": "(51) 98107-9980",
		"altura": "1,79",
		"peso": 94,
		"tipo_sanguineo": "B+",
		"cor": "vermelho"
	},
	{
		"nome": "Igor Thomas Henrique Ferreira",
		"idade": 27,
		"cpf": "886.696.240-60",
		"rg": "20.263.152-7",
		"data_nasc": "10/02/1996",
		"sexo": "Masculino",
		"signo": "Aquário",
		"mae": "Sarah Aline Vitória",
		"pai": "Kaique Lorenzo Ferreira",
		"email": "igorthomasferreira@aliancacadeiras.com.br",
		"senha": "8fZTXW6Dsx",
		"cep": "79070-144",
		"endereco": "Travessa D",
		"numero": 576,
		"bairro": "Universitário",
		"cidade": "Campo Grande",
		"estado": "MS",
		"telefone_fixo": "(67) 2753-8443",
		"celular": "(67) 98426-8412",
		"altura": "1,73",
		"peso": 90,
		"tipo_sanguineo": "B-",
		"cor": "verde"
	},
	{
		"nome": "Raimunda Priscila Teresinha Costa",
		"idade": 61,
		"cpf": "695.263.058-92",
		"rg": "43.428.793-3",
		"data_nasc": "16/02/1962",
		"sexo": "Feminino",
		"signo": "Aquário",
		"mae": "Daiane Fernanda",
		"pai": "Benedito Arthur Costa",
		"email": "raimunda.priscila.costa@tafeta.com.br",
		"senha": "5kixk0sndB",
		"cep": "59161-455",
		"endereco": "Rua Pedro Paulo do Nascimento",
		"numero": 805,
		"bairro": "Pirangi do Norte (Distrito Litoral)",
		"cidade": "Parnamirim",
		"estado": "RN",
		"telefone_fixo": "(84) 3918-1231",
		"celular": "(84) 99714-4276",
		"altura": "1,68",
		"peso": 79,
		"tipo_sanguineo": "B-",
		"cor": "amarelo"
	},
	{
		"nome": "Nina Sônia Drumond",
		"idade": 61,
		"cpf": "559.406.367-64",
		"rg": "12.656.461-9",
		"data_nasc": "20/02/1962",
		"sexo": "Feminino",
		"signo": "Peixes",
		"mae": "Luciana Rosângela Caroline",
		"pai": "Diogo Augusto Drumond",
		"email": "nina-drumond71@lonza.com",
		"senha": "KqHlodaKyg",
		"cep": "83707-440",
		"endereco": "Rodovia BR-476",
		"numero": 269,
		"bairro": "Thomaz Coelho",
		"cidade": "Araucária",
		"estado": "PR",
		"telefone_fixo": "(41) 2672-8755",
		"celular": "(41) 98240-1368",
		"altura": "1,84",
		"peso": 80,
		"tipo_sanguineo": "B-",
		"cor": "azul"
	}
]