[
	{
		"nome": "Kevin Marcos Vinicius Paulo Vieira",
		"idade": 28,
		"cpf": "238.384.211-75",
		"rg": "46.325.640-2",
		"data_nasc": "24/02/1995",
		"sexo": "Masculino",
		"signo": "Peixes",
		"mae": "Adriana Aparecida",
		"pai": "Danilo Benício Kauê Vieira",
		"email": "kevin_marcos_vieira@cafefrossard.com",
		"senha": "CFfp0Nn2aJ",
		"cep": "71070-617",
		"endereco": "Área Especial Área Especial 8 Módulo A",
		"numero": 294,
		"bairro": "Guará II",
		"cidade": "Brasília",
		"estado": "DF",
		"telefone_fixo": "(61) 2891-1956",
		"celular": "(61) 99984-3411",
		"altura": "1,63",
		"peso": 56,
		"tipo_sanguineo": "A+",
		"cor": "laranja"
	},
	{
		"nome": "Mariane Agatha Campos",
		"idade": 44,
		"cpf": "291.497.321-70",
		"rg": "30.401.621-4",
		"data_nasc": "07/01/1979",
		"sexo": "Feminino",
		"signo": "Capricórnio",
		"mae": "Nina Milena",
		"pai": "Nathan Benedito Campos",
		"email": "mariane_campos@semco.com.br",
		"senha": "lBrgQmb3Z1",
		"cep": "72669-573",
		"endereco": "Condomínio Residencial Guarapari Rua 09",
		"numero": 571,
		"bairro": "Recanto das Emas",
		"cidade": "Brasília",
		"estado": "DF",
		"telefone_fixo": "(61) 2916-5898",
		"celular": "(61) 98753-9474",
		"altura": "1,63",
		"peso": 71,
		"tipo_sanguineo": "AB-",
		"cor": "vermelho"
	},
	{
		"nome": "Caroline Márcia Dias",
		"idade": 51,
		"cpf": "564.609.341-42",
		"rg": "38.546.021-1",
		"data_nasc": "21/02/1972",
		"sexo": "Feminino",
		"signo": "Peixes",
		"mae": "Sebastiana Mariana",
		"pai": "João Augusto Caleb Dias",
		"email": "caroline.marcia.dias@malosti.com.br",
		"senha": "AH9J906ZMl",
		"cep": "71715-001",
		"endereco": "Avenida Segunda Avenida Bloco 300",
		"numero": 621,
		"bairro": "Núcleo Bandeirante",
		"cidade": "Brasília",
		"estado": "DF",
		"telefone_fixo": "(61) 3902-4226",
		"celular": "(61) 98852-9810",
		"altura": "1,52",
		"peso": 84,
		"tipo_sanguineo": "O-",
		"cor": "vermelho"
	},
	{
		"nome": "Daniel Tiago de Paula",
		"idade": 74,
		"cpf": "149.702.991-02",
		"rg": "29.770.441-2",
		"data_nasc": "08/01/1949",
		"sexo": "Masculino",
		"signo": "Capricórnio",
		"mae": "Valentina Elaine Giovanna",
		"pai": "Emanuel Severino Elias de Paula",
		"email": "daniel_tiago_depaula@ftcomercial.com.br",
		"senha": "iJJERRr2p3",
		"cep": "71261-655",
		"endereco": "Quadra Quadra 5 Conjunto 11",
		"numero": 887,
		"bairro": "Setor Leste (Vila Estrutural - Guará)",
		"cidade": "Brasília",
		"estado": "DF",
		"telefone_fixo": "(61) 2667-0583",
		"celular": "(61) 99402-6124",
		"altura": "1,90",
		"peso": 67,
		"tipo_sanguineo": "O+",
		"cor": "preto"
	},
	{
		"nome": "Raul Thiago Sales",
		"idade": 69,
		"cpf": "478.200.621-77",
		"rg": "45.544.742-1",
		"data_nasc": "23/02/1954",
		"sexo": "Masculino",
		"signo": "Peixes",
		"mae": "Marcela Cláudia",
		"pai": "Kevin Thales Thales Sales",
		"email": "raul_thiago_sales@azevedoalves.com.br",
		"senha": "2lB28mUWAH",
		"cep": "71573-301",
		"endereco": "Quadra Quadra 33 Área Especial s/n",
		"numero": 899,
		"bairro": "Paranoá",
		"cidade": "Brasília",
		"estado": "DF",
		"telefone_fixo": "(61) 3749-6910",
		"celular": "(61) 99194-9910",
		"altura": "1,63",
		"peso": 99,
		"tipo_sanguineo": "A-",
		"cor": "verde"
	},
	{
		"nome": "André Arthur Freitas",
		"idade": 39,
		"cpf": "646.265.471-68",
		"rg": "45.110.950-8",
		"data_nasc": "19/01/1984",
		"sexo": "Masculino",
		"signo": "Capricórnio",
		"mae": "Letícia Sara",
		"pai": "Thales Cauã Freitas",
		"email": "andrearthurfreitas@marktechbr.com.br",
		"senha": "hIjbdT5Lel",
		"cep": "71881-111",
		"endereco": "Quadra QN 14A Conjunto 1",
		"numero": 815,
		"bairro": "Riacho Fundo II",
		"cidade": "Brasília",
		"estado": "DF",
		"telefone_fixo": "(61) 2887-9725",
		"celular": "(61) 98695-2022",
		"altura": "1,80",
		"peso": 63,
		"tipo_sanguineo": "B+",
		"cor": "roxo"
	},
	{
		"nome": "Matheus Lorenzo Araújo",
		"idade": 55,
		"cpf": "736.935.691-42",
		"rg": "35.022.431-6",
		"data_nasc": "15/01/1968",
		"sexo": "Masculino",
		"signo": "Capricórnio",
		"mae": "Brenda Camila",
		"pai": "Lorenzo Heitor Araújo",
		"email": "matheus-araujo73@validtecnologia.com.br",
		"senha": "LYkDrndaIt",
		"cep": "70200-640",
		"endereco": "Quadra SGAS 604",
		"numero": 196,
		"bairro": "Asa Sul",
		"cidade": "Brasília",
		"estado": "DF",
		"telefone_fixo": "(61) 2513-7853",
		"celular": "(61) 98701-1171",
		"altura": "1,93",
		"peso": 101,
		"tipo_sanguineo": "B-",
		"cor": "laranja"
	},
	{
		"nome": "Jennifer Louise Duarte",
		"idade": 60,
		"cpf": "289.024.991-38",
		"rg": "14.068.156-5",
		"data_nasc": "14/01/1963",
		"sexo": "Feminino",
		"signo": "Capricórnio",
		"mae": "Jéssica Fabiana",
		"pai": "Danilo Heitor Duarte",
		"email": "jennifer_duarte@fingrs.com.br",
		"senha": "51kqnbDa5h",
		"cep": "72130-620",
		"endereco": "Setor QNH 12",
		"numero": 158,
		"bairro": "Taguatinga Norte (Taguatinga)",
		"cidade": "Brasília",
		"estado": "DF",
		"telefone_fixo": "(61) 2828-7076",
		"celular": "(61) 99811-1461",
		"altura": "1,75",
		"peso": 62,
		"tipo_sanguineo": "AB+",
		"cor": "laranja"
	},
	{
		"nome": "Raul Benjamin Almeida",
		"idade": 78,
		"cpf": "779.084.071-10",
		"rg": "36.859.191-8",
		"data_nasc": "17/02/1945",
		"sexo": "Masculino",
		"signo": "Aquário",
		"mae": "Emilly Adriana",
		"pai": "Marcos Tiago Tiago Almeida",
		"email": "raulbenjaminalmeida@eanac.com.br",
		"senha": "CWWesWk7u7",
		"cep": "72735-512",
		"endereco": "Quadra EQ 35/36 Bloco B",
		"numero": 402,
		"bairro": "Vila São José (Brazlândia)",
		"cidade": "Brasília",
		"estado": "DF",
		"telefone_fixo": "(61) 2634-7066",
		"celular": "(61) 99445-3006",
		"altura": "1,94",
		"peso": 52,
		"tipo_sanguineo": "O-",
		"cor": "vermelho"
	},
	{
		"nome": "Fernanda Maria Ramos",
		"idade": 78,
		"cpf": "708.176.441-05",
		"rg": "21.418.630-1",
		"data_nasc": "20/02/1945",
		"sexo": "Feminino",
		"signo": "Peixes",
		"mae": "Laís Renata",
		"pai": "Vinicius Sebastião Alexandre Ramos",
		"email": "fernanda.maria.ramos@hotmailo.com",
		"senha": "bZc7WbErQp",
		"cep": "72579-160",
		"endereco": "Chácara Chácara 16",
		"numero": 446,
		"bairro": "Condomínio Chácaras Ana Maria (Santa Maria)",
		"cidade": "Brasília",
		"estado": "DF",
		"telefone_fixo": "(61) 3906-0820",
		"celular": "(61) 99908-9653",
		"altura": "1,65",
		"peso": 67,
		"tipo_sanguineo": "AB-",
		"cor": "vermelho"
	},
	{
		"nome": "Jéssica Alícia Marina Moura",
		"idade": 70,
		"cpf": "036.530.471-96",
		"rg": "17.368.753-2",
		"data_nasc": "06/02/1953",
		"sexo": "Feminino",
		"signo": "Aquário",
		"mae": "Isadora Alice",
		"pai": "Isaac Thomas Isaac Moura",
		"email": "jessica.alicia.moura@celiosilva.com",
		"senha": "tKXoaRtJSL",
		"cep": "71805-727",
		"endereco": "Quadra QN 7 Conjunto 27",
		"numero": 312,
		"bairro": "Riacho Fundo I",
		"cidade": "Brasília",
		"estado": "DF",
		"telefone_fixo": "(61) 3583-8338",
		"celular": "(61) 98834-4439",
		"altura": "1,67",
		"peso": 60,
		"tipo_sanguineo": "AB+",
		"cor": "amarelo"
	},
	{
		"nome": "Marcela Kamilly Costa",
		"idade": 70,
		"cpf": "154.968.691-70",
		"rg": "46.662.253-3",
		"data_nasc": "01/01/1953",
		"sexo": "Feminino",
		"signo": "Capricórnio",
		"mae": "Rita Simone Giovanna",
		"pai": "Lucca Yago Caio Costa",
		"email": "marcela.kamilly.costa@granvale.com.br",
		"senha": "yxNeXo8qMr",
		"cep": "70684-055",
		"endereco": "Quadra SQNW 304 Bloco J",
		"numero": 296,
		"bairro": "Setor Noroeste",
		"cidade": "Brasília",
		"estado": "DF",
		"telefone_fixo": "(61) 3992-5556",
		"celular": "(61) 98720-6744",
		"altura": "1,76",
		"peso": 52,
		"tipo_sanguineo": "O-",
		"cor": "azul"
	},
	{
		"nome": "Ruan Jorge Calebe Galvão",
		"idade": 53,
		"cpf": "006.857.191-70",
		"rg": "12.048.498-5",
		"data_nasc": "09/02/1970",
		"sexo": "Masculino",
		"signo": "Aquário",
		"mae": "Raimunda Kamilly",
		"pai": "Nicolas Daniel Galvão",
		"email": "ruanjorgegalvao@moncoes.com.br",
		"senha": "06AS3uhmbw",
		"cep": "72215-334",
		"endereco": "Quadra QNM 33 Área Especial D",
		"numero": 648,
		"bairro": "Ceilândia Sul (Ceilândia)",
		"cidade": "Brasília",
		"estado": "DF",
		"telefone_fixo": "(61) 2593-1962",
		"celular": "(61) 99587-4845",
		"altura": "1,94",
		"peso": 74,
		"tipo_sanguineo": "A-",
		"cor": "roxo"
	},
	{
		"nome": "Emilly Sophia Monteiro",
		"idade": 64,
		"cpf": "219.133.321-44",
		"rg": "28.246.522-4",
		"data_nasc": "27/01/1959",
		"sexo": "Feminino",
		"signo": "Aquário",
		"mae": "Rebeca Milena",
		"pai": "Francisco André Monteiro",
		"email": "emilly.sophia.monteiro@bodyfast.com.br",
		"senha": "YXAyaMIQ8c",
		"cep": "72305-006",
		"endereco": "Quadra QN 303 Conjunto 6",
		"numero": 477,
		"bairro": "Samambaia Sul (Samambaia)",
		"cidade": "Brasília",
		"estado": "DF",
		"telefone_fixo": "(61) 2783-5523",
		"celular": "(61) 98135-7799",
		"altura": "1,58",
		"peso": 72,
		"tipo_sanguineo": "O-",
		"cor": "vermelho"
	},
	{
		"nome": "Severino Davi Nelson da Cruz",
		"idade": 65,
		"cpf": "174.858.201-17",
		"rg": "44.211.961-6",
		"data_nasc": "11/01/1958",
		"sexo": "Masculino",
		"signo": "Capricórnio",
		"mae": "Rosângela Luciana Tânia",
		"pai": "Bernardo Arthur Yuri da Cruz",
		"email": "severino_dacruz@newpark.com",
		"senha": "SxiX9e1PfR",
		"cep": "72610-457",
		"endereco": "Avenida Eucalipto Quadra 204 Conjunto 7",
		"numero": 509,
		"bairro": "Recanto das Emas",
		"cidade": "Brasília",
		"estado": "DF",
		"telefone_fixo": "(61) 3983-7145",
		"celular": "(61) 98706-5095",
		"altura": "1,63",
		"peso": 110,
		"tipo_sanguineo": "B-",
		"cor": "vermelho"
	},
	{
		"nome": "Carolina Luciana dos Santos",
		"idade": 38,
		"cpf": "276.898.391-85",
		"rg": "27.630.745-8",
		"data_nasc": "21/02/1985",
		"sexo": "Feminino",
		"signo": "Peixes",
		"mae": "Sueli Lara Sandra",
		"pai": "Roberto Oliver dos Santos",
		"email": "carolina_dossantos@unianhanguera.edu.br",
		"senha": "bedcT0muA4",
		"cep": "71572-509",
		"endereco": "Quadra Quadra 25 Conjunto I",
		"numero": 645,
		"bairro": "Paranoá",
		"cidade": "Brasília",
		"estado": "DF",
		"telefone_fixo": "(61) 2755-3820",
		"celular": "(61) 98671-0716",
		"altura": "1,51",
		"peso": 68,
		"tipo_sanguineo": "A+",
		"cor": "preto"
	},
	{
		"nome": "Filipe Roberto Luiz da Conceição",
		"idade": 46,
		"cpf": "413.051.401-68",
		"rg": "14.314.470-4",
		"data_nasc": "16/01/1977",
		"sexo": "Masculino",
		"signo": "Capricórnio",
		"mae": "Marina Simone",
		"pai": "Thales Tomás Isaac da Conceição",
		"email": "filipe.roberto.daconceicao@agenciaph.com",
		"senha": "Uu1ykbz1ad",
		"cep": "73369-026",
		"endereco": "Quadra 15 Conjunto L",
		"numero": 134,
		"bairro": "Arapoanga (Planaltina)",
		"cidade": "Brasília",
		"estado": "DF",
		"telefone_fixo": "(61) 2916-9542",
		"celular": "(61) 99951-4324",
		"altura": "1,86",
		"peso": 107,
		"tipo_sanguineo": "A-",
		"cor": "vermelho"
	},
	{
		"nome": "Otávio Levi Fogaça",
		"idade": 68,
		"cpf": "070.119.551-78",
		"rg": "12.927.468-9",
		"data_nasc": "08/01/1955",
		"sexo": "Masculino",
		"signo": "Capricórnio",
		"mae": "Evelyn Benedita Antonella",
		"pai": "Ryan Kaique Iago Fogaça",
		"email": "otavio-fogaca86@publiout.com.br",
		"senha": "a8QW1YB7ip",
		"cep": "71555-205",
		"endereco": "Quadra Quadra 6 Conjunto E",
		"numero": 833,
		"bairro": "Varjão",
		"cidade": "Brasília",
		"estado": "DF",
		"telefone_fixo": "(61) 3733-5661",
		"celular": "(61) 98229-4254",
		"altura": "1,68",
		"peso": 62,
		"tipo_sanguineo": "O-",
		"cor": "laranja"
	},
	{
		"nome": "Benício Roberto Márcio Gonçalves",
		"idade": 73,
		"cpf": "300.420.281-67",
		"rg": "37.008.630-2",
		"data_nasc": "16/02/1950",
		"sexo": "Masculino",
		"signo": "Aquário",
		"mae": "Jennifer Bruna",
		"pai": "Luan Roberto Gonçalves",
		"email": "benicio-goncalves86@gm.com",
		"senha": "30NAcYSAuo",
		"cep": "72548-507",
		"endereco": "Quadra QR 218 Conjunto G",
		"numero": 535,
		"bairro": "Santa Maria",
		"cidade": "Brasília",
		"estado": "DF",
		"telefone_fixo": "(61) 3865-4092",
		"celular": "(61) 98947-5336",
		"altura": "1,89",
		"peso": 59,
		"tipo_sanguineo": "A-",
		"cor": "vermelho"
	},
	{
		"nome": "Francisco Yago Ricardo Lopes",
		"idade": 69,
		"cpf": "380.166.151-20",
		"rg": "14.901.822-8",
		"data_nasc": "07/01/1954",
		"sexo": "Masculino",
		"signo": "Capricórnio",
		"mae": "Marcela Priscila",
		"pai": "Márcio Iago Lopes",
		"email": "franciscoyagolopes@pgpci.com.br",
		"senha": "q1xxMHB4sL",
		"cep": "72737-002",
		"endereco": "Quadra Quadra 37 Conjunto B",
		"numero": 196,
		"bairro": "Vila São José (Brazlândia)",
		"cidade": "Brasília",
		"estado": "DF",
		"telefone_fixo": "(61) 2878-1873",
		"celular": "(61) 98335-5429",
		"altura": "1,64",
		"peso": 80,
		"tipo_sanguineo": "B-",
		"cor": "preto"
	},
	{
		"nome": "Fernando Nicolas Diego Assunção",
		"idade": 34,
		"cpf": "904.862.761-39",
		"rg": "26.261.183-1",
		"data_nasc": "22/01/1989",
		"sexo": "Masculino",
		"signo": "Aquário",
		"mae": "Daiane Maria Andrea",
		"pai": "Pedro Felipe Caio Assunção",
		"email": "fernando_assuncao@sercoti.com.br",
		"senha": "6dBUQoJanC",
		"cep": "73375-706",
		"endereco": "Rua 2",
		"numero": 798,
		"bairro": "Quintas do Amanhecer II (Planaltina)",
		"cidade": "Brasília",
		"estado": "DF",
		"telefone_fixo": "(61) 3950-9044",
		"celular": "(61) 98541-7066",
		"altura": "1,92",
		"peso": 51,
		"tipo_sanguineo": "O-",
		"cor": "vermelho"
	},
	{
		"nome": "Patrícia Mariana Lima",
		"idade": 63,
		"cpf": "402.331.631-82",
		"rg": "29.935.724-7",
		"data_nasc": "27/01/1960",
		"sexo": "Feminino",
		"signo": "Aquário",
		"mae": "Malu Mariane Laura",
		"pai": "Márcio Manuel Filipe Lima",
		"email": "patricia-lima77@petrobras.com.br",
		"senha": "FGyD4GW2qr",
		"cep": "70238-540",
		"endereco": "Quadra CLS 404 Bloco D",
		"numero": 872,
		"bairro": "Asa Sul",
		"cidade": "Brasília",
		"estado": "DF",
		"telefone_fixo": "(61) 3906-5728",
		"celular": "(61) 99138-7268",
		"altura": "1,77",
		"peso": 46,
		"tipo_sanguineo": "B+",
		"cor": "laranja"
	},
	{
		"nome": "Igor Nelson Matheus Corte Real",
		"idade": 35,
		"cpf": "139.167.641-60",
		"rg": "50.796.426-3",
		"data_nasc": "01/02/1988",
		"sexo": "Masculino",
		"signo": "Aquário",
		"mae": "Brenda Patrícia Liz",
		"pai": "Filipe Enrico Corte Real",
		"email": "igor_nelson_cortereal@siexpress.com.br",
		"senha": "yCx31eLhkj",
		"cep": "71635-320",
		"endereco": "Quadra SHIS QI 15 Conjunto 12",
		"numero": 648,
		"bairro": "Setor de Habitações Individuais Sul",
		"cidade": "Brasília",
		"estado": "DF",
		"telefone_fixo": "(61) 3678-9090",
		"celular": "(61) 99782-6470",
		"altura": "1,78",
		"peso": 91,
		"tipo_sanguineo": "A+",
		"cor": "verde"
	},
	{
		"nome": "Marcos Giovanni Danilo Baptista",
		"idade": 20,
		"cpf": "597.011.431-67",
		"rg": "27.074.412-5",
		"data_nasc": "02/02/2003",
		"sexo": "Masculino",
		"signo": "Aquário",
		"mae": "Rafaela Aparecida Caroline",
		"pai": "Igor Nelson Baptista",
		"email": "marcos.giovanni.baptista@bluewash.com.br",
		"senha": "Lp0JwxC3TH",
		"cep": "71539-315",
		"endereco": "Condomínio Privê I Quadra 3 Conjunto C",
		"numero": 194,
		"bairro": "Setor de Mansões do Lago Norte",
		"cidade": "Brasília",
		"estado": "DF",
		"telefone_fixo": "(61) 3876-7471",
		"celular": "(61) 98606-9472",
		"altura": "1,91",
		"peso": 105,
		"tipo_sanguineo": "A+",
		"cor": "amarelo"
	},
	{
		"nome": "Emily Elza Farias",
		"idade": 47,
		"cpf": "260.105.781-59",
		"rg": "17.989.935-1",
		"data_nasc": "01/02/1976",
		"sexo": "Feminino",
		"signo": "Aquário",
		"mae": "Simone Sebastiana",
		"pai": "Tomás Edson Kauê Farias",
		"email": "emily_farias@distribuidorapetfarm.com.br",
		"senha": "rKZyE6thX9",
		"cep": "70835-120",
		"endereco": "Quadra SQN 403 Bloco L",
		"numero": 535,
		"bairro": "Asa Norte",
		"cidade": "Brasília",
		"estado": "DF",
		"telefone_fixo": "(61) 3576-6134",
		"celular": "(61) 99254-9500",
		"altura": "1,85",
		"peso": 69,
		"tipo_sanguineo": "AB-",
		"cor": "roxo"
	},
	{
		"nome": "Francisco Diogo Aparício",
		"idade": 22,
		"cpf": "305.229.631-02",
		"rg": "15.290.974-6",
		"data_nasc": "06/02/2001",
		"sexo": "Masculino",
		"signo": "Aquário",
		"mae": "Tatiane Mariana",
		"pai": "Guilherme Benedito Aparício",
		"email": "francisco.diogo.aparicio@officetectecnologia.com.br",
		"senha": "bbs1l0AH3Z",
		"cep": "72302-543",
		"endereco": "Quadra QS 112 Conjunto 3",
		"numero": 930,
		"bairro": "Samambaia Sul (Samambaia)",
		"cidade": "Brasília",
		"estado": "DF",
		"telefone_fixo": "(61) 2702-4346",
		"celular": "(61) 99869-2316",
		"altura": "1,67",
		"peso": 88,
		"tipo_sanguineo": "O-",
		"cor": "laranja"
	},
	{
		"nome": "Rayssa Patrícia Pires",
		"idade": 28,
		"cpf": "995.294.181-16",
		"rg": "49.811.911-7",
		"data_nasc": "10/01/1995",
		"sexo": "Feminino",
		"signo": "Capricórnio",
		"mae": "Sueli Emilly Isabel",
		"pai": "Carlos Bernardo Pires",
		"email": "rayssa-pires89@vuyu.es",
		"senha": "AArDtd8KNM",
		"cep": "72610-302",
		"endereco": "Quadra Quadra 203 Conjunto 2",
		"numero": 904,
		"bairro": "Recanto das Emas",
		"cidade": "Brasília",
		"estado": "DF",
		"telefone_fixo": "(61) 3744-3610",
		"celular": "(61) 99987-5285",
		"altura": "1,77",
		"peso": 85,
		"tipo_sanguineo": "B-",
		"cor": "amarelo"
	},
	{
		"nome": "Enzo Kevin Drumond",
		"idade": 55,
		"cpf": "203.661.381-03",
		"rg": "36.072.065-1",
		"data_nasc": "09/01/1968",
		"sexo": "Masculino",
		"signo": "Capricórnio",
		"mae": "Vera Aurora",
		"pai": "Bryan Henry Luís Drumond",
		"email": "enzo-drumond77@wikimetal.com.br",
		"senha": "czTeXtDk1f",
		"cep": "70852-520",
		"endereco": "Quadra CLN 207 Bloco B",
		"numero": 248,
		"bairro": "Asa Norte",
		"cidade": "Brasília",
		"estado": "DF",
		"telefone_fixo": "(61) 2701-0512",
		"celular": "(61) 98527-9715",
		"altura": "1,94",
		"peso": 63,
		"tipo_sanguineo": "B+",
		"cor": "amarelo"
	},
	{
		"nome": "Raquel Rita Laís Silveira",
		"idade": 73,
		"cpf": "563.157.921-97",
		"rg": "39.785.857-7",
		"data_nasc": "03/01/1950",
		"sexo": "Feminino",
		"signo": "Capricórnio",
		"mae": "Francisca Alícia",
		"pai": "Levi Ricardo Ricardo Silveira",
		"email": "raquel-silveira74@kascher.com.br",
		"senha": "kQPoCQFfxC",
		"cep": "70239-080",
		"endereco": "Quadra SQS 405 Bloco H",
		"numero": 422,
		"bairro": "Asa Sul",
		"cidade": "Brasília",
		"estado": "DF",
		"telefone_fixo": "(61) 3604-1473",
		"celular": "(61) 99974-1404",
		"altura": "1,63",
		"peso": 61,
		"tipo_sanguineo": "A-",
		"cor": "vermelho"
	},
	{
		"nome": "Carolina Yasmin Andrea da Rocha",
		"idade": 70,
		"cpf": "519.957.551-17",
		"rg": "33.931.580-5",
		"data_nasc": "14/02/1953",
		"sexo": "Feminino",
		"signo": "Aquário",
		"mae": "Marli Gabrielly Stefany",
		"pai": "Carlos Giovanni Mateus da Rocha",
		"email": "carolina-darocha84@optovac.com.br",
		"senha": "IURNMhgCUN",
		"cep": "71010-165",
		"endereco": "Quadra QI 8 Bloco P",
		"numero": 131,
		"bairro": "Guará I",
		"cidade": "Brasília",
		"estado": "DF",
		"telefone_fixo": "(61) 2522-5056",
		"celular": "(61) 99260-2305",
		"altura": "1,79",
		"peso": 53,
		"tipo_sanguineo": "A-",
		"cor": "preto"
	}
]