[
	{
		"nome": "Evelyn Elza Caldeira",
		"idade": 25,
		"cpf": "703.188.191-98",
		"rg": "42.521.349-3",
		"data_nasc": "09/02/1998",
		"sexo": "Feminino",
		"signo": "Aquário",
		"mae": "Regina Isis Stella",
		"pai": "Diogo Daniel Caldeira",
		"email": "evelynelzacaldeira@gsw.com.br",
		"senha": "Tws4xTI6y8",
		"cep": "72415-507",
		"endereco": "Quadra Quadra 10 Conjunto G",
		"numero": 895,
		"bairro": "Setor Sul (Gama)",
		"cidade": "Brasília",
		"estado": "DF",
		"telefone_fixo": "(61) 3882-0674",
		"celular": "(61) 98229-8188",
		"altura": "1,61",
		"peso": 75,
		"tipo_sanguineo": "A+",
		"cor": "vermelho"
	},
	{
		"nome": "Aparecida Marlene Costa",
		"idade": 64,
		"cpf": "224.296.401-12",
		"rg": "22.191.509-6",
		"data_nasc": "13/01/1959",
		"sexo": "Feminino",
		"signo": "Capricórnio",
		"mae": "Sueli Sônia",
		"pai": "Gael Raul Costa",
		"email": "aparecida-costa82@hotmnail.com",
		"senha": "11ZPlzyZMg",
		"cep": "72308-101",
		"endereco": "Quadra QR 312 Conjunto 1",
		"numero": 731,
		"bairro": "Samambaia Sul (Samambaia)",
		"cidade": "Brasília",
		"estado": "DF",
		"telefone_fixo": "(61) 3581-3191",
		"celular": "(61) 99180-9878",
		"altura": "1,51",
		"peso": 46,
		"tipo_sanguineo": "B-",
		"cor": "laranja"
	},
	{
		"nome": "Elisa Emilly Almeida",
		"idade": 60,
		"cpf": "252.645.151-58",
		"rg": "45.996.508-6",
		"data_nasc": "27/01/1963",
		"sexo": "Feminino",
		"signo": "Aquário",
		"mae": "Alessandra Sophia",
		"pai": "Ian Victor Sérgio Almeida",
		"email": "elisa-almeida70@navescorat.com.br",
		"senha": "ox4g1dEY7F",
		"cep": "72309-003",
		"endereco": "Quadra QN 319 Conjunto C",
		"numero": 206,
		"bairro": "Samambaia Sul (Samambaia)",
		"cidade": "Brasília",
		"estado": "DF",
		"telefone_fixo": "(61) 2615-6072",
		"celular": "(61) 99413-4375",
		"altura": "1,84",
		"peso": 72,
		"tipo_sanguineo": "B+",
		"cor": "laranja"
	},
	{
		"nome": "Renata Alice Maria Rezende",
		"idade": 20,
		"cpf": "135.573.881-40",
		"rg": "11.654.598-7",
		"data_nasc": "10/01/2003",
		"sexo": "Feminino",
		"signo": "Capricórnio",
		"mae": "Sebastiana Alana Ester",
		"pai": "Breno Raul Francisco Rezende",
		"email": "renataalicerezende@damha.com.br",
		"senha": "llZLYOS6Ds",
		"cep": "72725-108",
		"endereco": "Quadra Quadra 1 Conjunto H",
		"numero": 141,
		"bairro": "Veredas (Brazlândia)",
		"cidade": "Brasília",
		"estado": "DF",
		"telefone_fixo": "(61) 3680-4587",
		"celular": "(61) 99412-9930",
		"altura": "1,68",
		"peso": 48,
		"tipo_sanguineo": "A+",
		"cor": "preto"
	},
	{
		"nome": "Heitor Nelson Benedito de Paula",
		"idade": 26,
		"cpf": "405.584.881-10",
		"rg": "13.642.153-2",
		"data_nasc": "17/02/1997",
		"sexo": "Masculino",
		"signo": "Aquário",
		"mae": "Cláudia Raquel",
		"pai": "Renato Jorge de Paula",
		"email": "heitornelsondepaula@elimco.com",
		"senha": "R8eKBfuQu5",
		"cep": "71735-501",
		"endereco": "Quadra SMPW Quadra 5 Conjunto 1",
		"numero": 786,
		"bairro": "Setor de Mansões Park Way",
		"cidade": "Brasília",
		"estado": "DF",
		"telefone_fixo": "(61) 3540-6588",
		"celular": "(61) 98542-1105",
		"altura": "1,65",
		"peso": 64,
		"tipo_sanguineo": "B-",
		"cor": "preto"
	},
	{
		"nome": "Lorena Benedita Araújo",
		"idade": 76,
		"cpf": "714.693.531-05",
		"rg": "23.120.206-4",
		"data_nasc": "11/01/1947",
		"sexo": "Feminino",
		"signo": "Capricórnio",
		"mae": "Elaine Cristiane Isadora",
		"pai": "Danilo Nicolas Samuel Araújo",
		"email": "lorena_araujo@iglod.com",
		"senha": "s0cH6WBWN4",
		"cep": "72428-566",
		"endereco": "Núcleo Rural Casa Grande Módulo 15 MA - 13",
		"numero": 410,
		"bairro": "Ponte Alta (Gama)",
		"cidade": "Brasília",
		"estado": "DF",
		"telefone_fixo": "(61) 2647-7249",
		"celular": "(61) 99963-0844",
		"altura": "1,57",
		"peso": 82,
		"tipo_sanguineo": "AB-",
		"cor": "preto"
	},
	{
		"nome": "Malu Malu Maria Barbosa",
		"idade": 48,
		"cpf": "841.379.341-69",
		"rg": "32.279.049-9",
		"data_nasc": "10/01/1975",
		"sexo": "Feminino",
		"signo": "Capricórnio",
		"mae": "Sueli Letícia Sabrina",
		"pai": "Leonardo Tiago Barbosa",
		"email": "malu_malu_barbosa@sha.com.br",
		"senha": "4lF540gQ53",
		"cep": "72339-071",
		"endereco": "Quadra QR 1033 Conjunto 1",
		"numero": 976,
		"bairro": "Samambaia Norte (Samambaia)",
		"cidade": "Brasília",
		"estado": "DF",
		"telefone_fixo": "(61) 2912-9471",
		"celular": "(61) 99720-3298",
		"altura": "1,72",
		"peso": 78,
		"tipo_sanguineo": "O+",
		"cor": "laranja"
	},
	{
		"nome": "Heloisa Antonella Figueiredo",
		"idade": 54,
		"cpf": "143.049.961-34",
		"rg": "38.909.579-5",
		"data_nasc": "05/01/1969",
		"sexo": "Feminino",
		"signo": "Capricórnio",
		"mae": "Luna Raquel Mirella",
		"pai": "Manuel Giovanni Iago Figueiredo",
		"email": "heloisa-figueiredo78@outlook.com.br",
		"senha": "JogWKBdc8k",
		"cep": "72322-400",
		"endereco": "Quadra QR 610",
		"numero": 400,
		"bairro": "Samambaia Norte (Samambaia)",
		"cidade": "Brasília",
		"estado": "DF",
		"telefone_fixo": "(61) 3585-0642",
		"celular": "(61) 98923-9748",
		"altura": "1,64",
		"peso": 67,
		"tipo_sanguineo": "B-",
		"cor": "roxo"
	},
	{
		"nome": "Rafael Augusto Arthur Porto",
		"idade": 60,
		"cpf": "219.203.551-97",
		"rg": "25.247.691-8",
		"data_nasc": "12/02/1963",
		"sexo": "Masculino",
		"signo": "Aquário",
		"mae": "Jaqueline Emilly Alícia",
		"pai": "Nelson Carlos Eduardo André Porto",
		"email": "rafael.augusto.porto@vlcorporate.com",
		"senha": "HXRSYAetlL",
		"cep": "72415-507",
		"endereco": "Quadra Quadra 10 Conjunto G",
		"numero": 752,
		"bairro": "Setor Sul (Gama)",
		"cidade": "Brasília",
		"estado": "DF",
		"telefone_fixo": "(61) 3770-9375",
		"celular": "(61) 98376-8766",
		"altura": "1,79",
		"peso": 75,
		"tipo_sanguineo": "AB-",
		"cor": "verde"
	},
	{
		"nome": "Isis Ana Mariana da Paz",
		"idade": 44,
		"cpf": "077.028.171-00",
		"rg": "12.530.392-0",
		"data_nasc": "17/01/1979",
		"sexo": "Feminino",
		"signo": "Capricórnio",
		"mae": "Andreia Mariane Jéssica",
		"pai": "Julio Igor Nelson da Paz",
		"email": "isis-dapaz76@santosdumonthospital.com.br",
		"senha": "IDDJioILRx",
		"cep": "70350-750",
		"endereco": "Quadra SHIGS 706",
		"numero": 648,
		"bairro": "Asa Sul",
		"cidade": "Brasília",
		"estado": "DF",
		"telefone_fixo": "(61) 3993-1589",
		"celular": "(61) 98762-0173",
		"altura": "1,84",
		"peso": 77,
		"tipo_sanguineo": "AB+",
		"cor": "amarelo"
	},
	{
		"nome": "Rita Camila Sophia Baptista",
		"idade": 54,
		"cpf": "156.383.711-09",
		"rg": "38.503.223-7",
		"data_nasc": "10/02/1969",
		"sexo": "Feminino",
		"signo": "Aquário",
		"mae": "Camila Mariana Cecília",
		"pai": "Henry Danilo Igor Baptista",
		"email": "ritacamilabaptista@hydropowermc.com.br",
		"senha": "DefYGRgca6",
		"cep": "72314-703",
		"endereco": "Área ADE Conjunto 3",
		"numero": 596,
		"bairro": "Samambaia Sul (Samambaia)",
		"cidade": "Brasília",
		"estado": "DF",
		"telefone_fixo": "(61) 2869-0432",
		"celular": "(61) 98437-4302",
		"altura": "1,61",
		"peso": 73,
		"tipo_sanguineo": "A-",
		"cor": "vermelho"
	},
	{
		"nome": "Ayla Márcia Santos",
		"idade": 62,
		"cpf": "095.364.131-75",
		"rg": "34.636.529-6",
		"data_nasc": "21/02/1961",
		"sexo": "Feminino",
		"signo": "Peixes",
		"mae": "Rayssa Carolina Andreia",
		"pai": "Felipe Carlos Eduardo Santos",
		"email": "ayla_santos@reval.net",
		"senha": "U8glQ3Rz0c",
		"cep": "72260-825",
		"endereco": "Quadra QNO 18 Conjunto 25",
		"numero": 619,
		"bairro": "Ceilândia Norte (Ceilândia)",
		"cidade": "Brasília",
		"estado": "DF",
		"telefone_fixo": "(61) 3754-6227",
		"celular": "(61) 98890-6515",
		"altura": "1,76",
		"peso": 78,
		"tipo_sanguineo": "B+",
		"cor": "azul"
	},
	{
		"nome": "Henry Edson das Neves",
		"idade": 64,
		"cpf": "036.008.591-10",
		"rg": "24.777.163-6",
		"data_nasc": "19/01/1959",
		"sexo": "Masculino",
		"signo": "Capricórnio",
		"mae": "Cláudia Rafaela",
		"pai": "Vicente Eduardo Cauã das Neves",
		"email": "henry_edson_dasneves@dafitex.com.br",
		"senha": "cAmggn4xBi",
		"cep": "72640-306",
		"endereco": "Quadra Quadra 603 Conjunto 6",
		"numero": 113,
		"bairro": "Recanto das Emas",
		"cidade": "Brasília",
		"estado": "DF",
		"telefone_fixo": "(61) 2773-5944",
		"celular": "(61) 99949-9407",
		"altura": "1,95",
		"peso": 75,
		"tipo_sanguineo": "O-",
		"cor": "roxo"
	},
	{
		"nome": "Anthony Tomás Corte Real",
		"idade": 33,
		"cpf": "930.680.051-75",
		"rg": "43.270.204-0",
		"data_nasc": "05/02/1990",
		"sexo": "Masculino",
		"signo": "Aquário",
		"mae": "Jennifer Beatriz",
		"pai": "Diogo Renan Joaquim Corte Real",
		"email": "anthony_cortereal@paginacom.com.br",
		"senha": "y8ZJJZ817G",
		"cep": "73026-533",
		"endereco": "Quadra Quadra 6 Área Especial 03",
		"numero": 391,
		"bairro": "Sobradinho",
		"cidade": "Brasília",
		"estado": "DF",
		"telefone_fixo": "(61) 3950-5448",
		"celular": "(61) 98594-7342",
		"altura": "1,64",
		"peso": 101,
		"tipo_sanguineo": "AB-",
		"cor": "azul"
	},
	{
		"nome": "Aparecida Luzia Luana Cardoso",
		"idade": 79,
		"cpf": "859.230.091-61",
		"rg": "34.324.960-1",
		"data_nasc": "09/01/1944",
		"sexo": "Feminino",
		"signo": "Capricórnio",
		"mae": "Antonella Jéssica",
		"pai": "Matheus Gustavo Cardoso",
		"email": "aparecidaluziacardoso@sgstelecom.com.br",
		"senha": "GaI9ZjkbrA",
		"cep": "72744-006",
		"endereco": "Quadra Quadra 44 Conjunto F",
		"numero": 120,
		"bairro": "Vila São José (Brazlândia)",
		"cidade": "Brasília",
		"estado": "DF",
		"telefone_fixo": "(61) 2557-8738",
		"celular": "(61) 99952-9639",
		"altura": "1,82",
		"peso": 50,
		"tipo_sanguineo": "A-",
		"cor": "verde"
	},
	{
		"nome": "Luciana Andreia Marlene da Costa",
		"idade": 64,
		"cpf": "673.812.681-67",
		"rg": "34.561.016-7",
		"data_nasc": "21/01/1959",
		"sexo": "Feminino",
		"signo": "Aquário",
		"mae": "Vanessa Marlene",
		"pai": "Paulo Filipe Leandro da Costa",
		"email": "luciana_andreia_dacosta@vgl.com.br",
		"senha": "ARkoqLF4AB",
		"cep": "71571-405",
		"endereco": "Quadra Quadra 14 Conjunto E",
		"numero": 668,
		"bairro": "Paranoá",
		"cidade": "Brasília",
		"estado": "DF",
		"telefone_fixo": "(61) 3951-1841",
		"celular": "(61) 98703-0818",
		"altura": "1,57",
		"peso": 85,
		"tipo_sanguineo": "AB-",
		"cor": "preto"
	},
	{
		"nome": "Felipe Antonio Bernardes",
		"idade": 63,
		"cpf": "793.540.491-76",
		"rg": "26.036.693-6",
		"data_nasc": "02/01/1960",
		"sexo": "Masculino",
		"signo": "Capricórnio",
		"mae": "Sarah Laura Heloisa",
		"pai": "Martin Thiago Bernardes",
		"email": "felipeantoniobernardes@silicotex.net",
		"senha": "WDx7CEBBgb",
		"cep": "70763-030",
		"endereco": "Quadra SQN 113 Bloco C",
		"numero": 872,
		"bairro": "Asa Norte",
		"cidade": "Brasília",
		"estado": "DF",
		"telefone_fixo": "(61) 3833-4583",
		"celular": "(61) 99355-7840",
		"altura": "1,88",
		"peso": 67,
		"tipo_sanguineo": "AB+",
		"cor": "vermelho"
	},
	{
		"nome": "Clara Esther Daniela da Mota",
		"idade": 19,
		"cpf": "026.144.071-35",
		"rg": "39.582.487-4",
		"data_nasc": "11/01/2004",
		"sexo": "Feminino",
		"signo": "Capricórnio",
		"mae": "Regina Andrea Fernanda",
		"pai": "Giovanni Filipe da Mota",
		"email": "clara_esther_damota@riguetti.com.br",
		"senha": "sBqq135kZK",
		"cep": "72710-035",
		"endereco": "Área Especial 3 Conjunto D",
		"numero": 255,
		"bairro": "Setor Norte (Brazlândia)",
		"cidade": "Brasília",
		"estado": "DF",
		"telefone_fixo": "(61) 3816-5934",
		"celular": "(61) 98521-1910",
		"altura": "1,53",
		"peso": 61,
		"tipo_sanguineo": "A-",
		"cor": "vermelho"
	},
	{
		"nome": "Marcos Vinicius Renato Jesus",
		"idade": 72,
		"cpf": "097.448.131-99",
		"rg": "44.242.843-1",
		"data_nasc": "14/01/1951",
		"sexo": "Masculino",
		"signo": "Capricórnio",
		"mae": "Marina Laura",
		"pai": "Geraldo Luís Benício Jesus",
		"email": "marcosviniciusjesus@camilapassos.com.br",
		"senha": "w672bl4G6B",
		"cep": "71882-175",
		"endereco": "Quadra QC 4 Conjunto 25",
		"numero": 807,
		"bairro": "Riacho Fundo II",
		"cidade": "Brasília",
		"estado": "DF",
		"telefone_fixo": "(61) 3554-3659",
		"celular": "(61) 98297-9446",
		"altura": "1,90",
		"peso": 59,
		"tipo_sanguineo": "AB-",
		"cor": "preto"
	},
	{
		"nome": "Priscila Allana Silva",
		"idade": 69,
		"cpf": "845.828.921-08",
		"rg": "30.734.151-3",
		"data_nasc": "06/02/1954",
		"sexo": "Feminino",
		"signo": "Aquário",
		"mae": "Heloisa Natália Milena",
		"pai": "Thiago José Silva",
		"email": "priscila_allana_silva@digitalsj.com.br",
		"senha": "m1cBLNyWdu",
		"cep": "70802-130",
		"endereco": "Rua da Fazendinha",
		"numero": 731,
		"bairro": "Vila Planalto",
		"cidade": "Brasília",
		"estado": "DF",
		"telefone_fixo": "(61) 2847-4014",
		"celular": "(61) 98907-3950",
		"altura": "1,79",
		"peso": 48,
		"tipo_sanguineo": "A+",
		"cor": "amarelo"
	},
	{
		"nome": "Carolina Rayssa Alves",
		"idade": 21,
		"cpf": "745.284.621-41",
		"rg": "37.994.460-1",
		"data_nasc": "07/01/2002",
		"sexo": "Feminino",
		"signo": "Capricórnio",
		"mae": "Emanuelly Cláudia",
		"pai": "Marcos Vinicius Matheus Alves",
		"email": "carolina-alves90@nogueiramoura.adv.br",
		"senha": "chLIPjTxAq",
		"cep": "71555-358",
		"endereco": "Quadra Quadra 9 Conjunto F",
		"numero": 535,
		"bairro": "Varjão",
		"cidade": "Brasília",
		"estado": "DF",
		"telefone_fixo": "(61) 3797-0845",
		"celular": "(61) 98664-1252",
		"altura": "1,52",
		"peso": 78,
		"tipo_sanguineo": "A-",
		"cor": "roxo"
	},
	{
		"nome": "Heitor Yuri da Silva",
		"idade": 60,
		"cpf": "409.027.161-40",
		"rg": "24.873.669-3",
		"data_nasc": "22/01/1963",
		"sexo": "Masculino",
		"signo": "Aquário",
		"mae": "Cláudia Allana Louise",
		"pai": "Thales Gabriel da Silva",
		"email": "heitor.yuri.dasilva@albap.com.br",
		"senha": "6g0TT25aSM",
		"cep": "72404-060",
		"endereco": "Setor SCC Bloco 6",
		"numero": 106,
		"bairro": "Setor Central (Gama)",
		"cidade": "Brasília",
		"estado": "DF",
		"telefone_fixo": "(61) 3748-1140",
		"celular": "(61) 98421-4609",
		"altura": "1,70",
		"peso": 69,
		"tipo_sanguineo": "A-",
		"cor": "laranja"
	},
	{
		"nome": "Sueli Rebeca Moreira",
		"idade": 24,
		"cpf": "870.051.431-40",
		"rg": "36.359.948-4",
		"data_nasc": "10/02/1999",
		"sexo": "Feminino",
		"signo": "Aquário",
		"mae": "Eduarda Carla Patrícia",
		"pai": "Rodrigo Juan Cauê Moreira",
		"email": "sueli_moreira@chiba.net.br",
		"senha": "iOQKYT1PsQ",
		"cep": "72410-405",
		"endereco": "Quadra Quadra 7 Conjunto E",
		"numero": 533,
		"bairro": "Setor Sul (Gama)",
		"cidade": "Brasília",
		"estado": "DF",
		"telefone_fixo": "(61) 2665-1384",
		"celular": "(61) 98477-7352",
		"altura": "1,62",
		"peso": 53,
		"tipo_sanguineo": "AB-",
		"cor": "amarelo"
	},
	{
		"nome": "Jéssica Emilly Isabel Rocha",
		"idade": 23,
		"cpf": "409.210.771-49",
		"rg": "43.868.422-9",
		"data_nasc": "21/01/2000",
		"sexo": "Feminino",
		"signo": "Aquário",
		"mae": "Aparecida Vanessa Lúcia",
		"pai": "Daniel Raul Victor Rocha",
		"email": "jessica.emilly.rocha@s2solucoes.com.br",
		"senha": "ERLAfX0fge",
		"cep": "71571-012",
		"endereco": "Avenida Paranoá Bloco 1",
		"numero": 507,
		"bairro": "Paranoá",
		"cidade": "Brasília",
		"estado": "DF",
		"telefone_fixo": "(61) 2973-3834",
		"celular": "(61) 99208-4514",
		"altura": "1,62",
		"peso": 56,
		"tipo_sanguineo": "O-",
		"cor": "preto"
	},
	{
		"nome": "Bárbara Lívia Cecília Aragão",
		"idade": 25,
		"cpf": "122.916.181-30",
		"rg": "20.230.649-5",
		"data_nasc": "21/02/1998",
		"sexo": "Feminino",
		"signo": "Peixes",
		"mae": "Larissa Nina",
		"pai": "Tiago Cauê Aragão",
		"email": "barbaraliviaaragao@mcexecutiva.com.br",
		"senha": "t5Tyz9u6Lq",
		"cep": "72023-445",
		"endereco": "Conjunto SMT Conjunto 9",
		"numero": 375,
		"bairro": "Taguatinga Sul (Taguatinga)",
		"cidade": "Brasília",
		"estado": "DF",
		"telefone_fixo": "(61) 2627-7657",
		"celular": "(61) 98227-6018",
		"altura": "1,77",
		"peso": 65,
		"tipo_sanguineo": "AB-",
		"cor": "verde"
	},
	{
		"nome": "Gabrielly Liz Rafaela Moraes",
		"idade": 38,
		"cpf": "842.685.711-67",
		"rg": "30.350.770-6",
		"data_nasc": "09/02/1985",
		"sexo": "Feminino",
		"signo": "Aquário",
		"mae": "Helena Fabiana Rosângela",
		"pai": "Murilo Nicolas Moraes",
		"email": "gabrielly_moraes@bassanpeixoto.adv.br",
		"senha": "QuTxpHIrGh",
		"cep": "70767-510",
		"endereco": "Quadra CLN 314 Bloco A",
		"numero": 136,
		"bairro": "Asa Norte",
		"cidade": "Brasília",
		"estado": "DF",
		"telefone_fixo": "(61) 2802-5096",
		"celular": "(61) 99219-2463",
		"altura": "1,61",
		"peso": 76,
		"tipo_sanguineo": "O-",
		"cor": "vermelho"
	},
	{
		"nome": "Malu Elisa Cristiane Pires",
		"idade": 50,
		"cpf": "290.450.231-99",
		"rg": "49.624.171-0",
		"data_nasc": "21/02/1973",
		"sexo": "Feminino",
		"signo": "Peixes",
		"mae": "Mirella Silvana",
		"pai": "Luiz Lorenzo Pires",
		"email": "malu_pires@supracolor.com.br",
		"senha": "xEZMcyz1dc",
		"cep": "72546-814",
		"endereco": "Quadra QR 516 Conjunto N",
		"numero": 597,
		"bairro": "Santa Maria",
		"cidade": "Brasília",
		"estado": "DF",
		"telefone_fixo": "(61) 3588-5671",
		"celular": "(61) 99581-3859",
		"altura": "1,58",
		"peso": 58,
		"tipo_sanguineo": "O+",
		"cor": "azul"
	},
	{
		"nome": "Ester Marli Débora Cavalcanti",
		"idade": 74,
		"cpf": "399.246.551-92",
		"rg": "36.144.037-6",
		"data_nasc": "22/01/1949",
		"sexo": "Feminino",
		"signo": "Aquário",
		"mae": "Fernanda Laura Isabella",
		"pai": "Fernando Diogo Cavalcanti",
		"email": "ester.marli.cavalcanti@modus.com.br",
		"senha": "GprTcIciQE",
		"cep": "70867-530",
		"endereco": "Quadra CLN 412 Bloco C",
		"numero": 130,
		"bairro": "Asa Norte",
		"cidade": "Brasília",
		"estado": "DF",
		"telefone_fixo": "(61) 3910-5997",
		"celular": "(61) 98105-3530",
		"altura": "1,77",
		"peso": 45,
		"tipo_sanguineo": "A-",
		"cor": "preto"
	},
	{
		"nome": "Analu Gabriela Fogaça",
		"idade": 42,
		"cpf": "247.835.851-48",
		"rg": "10.200.601-5",
		"data_nasc": "03/01/1981",
		"sexo": "Feminino",
		"signo": "Capricórnio",
		"mae": "Hadassa Gabriela Esther",
		"pai": "Thiago Julio Fogaça",
		"email": "analugabrielafogaca@hp.com",
		"senha": "lp6pQc8fmM",
		"cep": "70306-900",
		"endereco": "SCS Quadra 1 Bloco D Lote 28",
		"numero": 744,
		"bairro": "Asa Sul",
		"cidade": "Brasília",
		"estado": "DF",
		"telefone_fixo": "(61) 3786-9473",
		"celular": "(61) 98762-5915",
		"altura": "1,61",
		"peso": 53,
		"tipo_sanguineo": "AB-",
		"cor": "azul"
	},
	{
		"nome": "Gabriel Benjamin Carvalho",
		"idade": 80,
		"cpf": "845.377.161-85",
		"rg": "34.965.355-0",
		"data_nasc": "26/01/1943",
		"sexo": "Masculino",
		"signo": "Aquário",
		"mae": "Mariane Lívia",
		"pai": "Elias Francisco Carvalho",
		"email": "gabrielbenjamincarvalho@nipbr.com",
		"senha": "suUkFLjOF2",
		"cep": "71906-750",
		"endereco": "Rua das Figueiras",
		"numero": 291,
		"bairro": "Norte (Águas Claras)",
		"cidade": "Brasília",
		"estado": "DF",
		"telefone_fixo": "(61) 3628-7931",
		"celular": "(61) 98258-6438",
		"altura": "1,91",
		"peso": 103,
		"tipo_sanguineo": "B-",
		"cor": "amarelo"
	}
]