[
	{
		"nome": "Sophia Sophia Isabela Fogaça",
		"idade": 58,
		"cpf": "171.154.681-09",
		"rg": "36.484.258-1",
		"data_nasc": "04/02/1965",
		"sexo": "Feminino",
		"signo": "Aquário",
		"mae": "Simone Mariana",
		"pai": "Mário Tomás Marcos Fogaça",
		"email": "sophia_fogaca@liv.com",
		"senha": "TWK96YoCQ8",
		"cep": "73340-257",
		"endereco": "Quadra EQ 2 Área Especial 7",
		"numero": 398,
		"bairro": "Jardim Roriz (Planaltina)",
		"cidade": "Brasília",
		"estado": "DF",
		"telefone_fixo": "(61) 3807-8765",
		"celular": "(61) 99690-7392",
		"altura": "1,74",
		"peso": 60,
		"tipo_sanguineo": "AB+",
		"cor": "vermelho"
	},
	{
		"nome": "Leonardo Severino Ramos",
		"idade": 26,
		"cpf": "696.033.691-01",
		"rg": "37.265.263-3",
		"data_nasc": "02/02/1997",
		"sexo": "Masculino",
		"signo": "Aquário",
		"mae": "Heloisa Luna",
		"pai": "Pedro Henrique Marcos Ramos",
		"email": "leonardoseverinoramos@celiosilva.com",
		"senha": "5dQIgwFSaA",
		"cep": "70683-250",
		"endereco": "Quadra SQNW 103",
		"numero": 377,
		"bairro": "Setor Noroeste",
		"cidade": "Brasília",
		"estado": "DF",
		"telefone_fixo": "(61) 3667-7561",
		"celular": "(61) 98100-0550",
		"altura": "1,67",
		"peso": 91,
		"tipo_sanguineo": "O-",
		"cor": "laranja"
	},
	{
		"nome": "Rafael Raimundo Castro",
		"idade": 63,
		"cpf": "696.231.221-01",
		"rg": "29.163.240-3",
		"data_nasc": "22/01/1960",
		"sexo": "Masculino",
		"signo": "Aquário",
		"mae": "Bianca Malu Louise",
		"pai": "Cauã Elias Martin Castro",
		"email": "rafael_castro@drimenezes.com",
		"senha": "R9sa7UNaP4",
		"cep": "72428-200",
		"endereco": "Núcleo Rural Casa Grande Módulo 8 MA - 5",
		"numero": 870,
		"bairro": "Ponte Alta (Gama)",
		"cidade": "Brasília",
		"estado": "DF",
		"telefone_fixo": "(61) 2628-1902",
		"celular": "(61) 99335-9693",
		"altura": "1,85",
		"peso": 76,
		"tipo_sanguineo": "O-",
		"cor": "roxo"
	},
	{
		"nome": "Evelyn Mariah Freitas",
		"idade": 41,
		"cpf": "029.416.031-07",
		"rg": "38.161.063-9",
		"data_nasc": "01/02/1982",
		"sexo": "Feminino",
		"signo": "Aquário",
		"mae": "Tânia Alessandra Elisa",
		"pai": "Victor Enzo Freitas",
		"email": "evelyn.mariah.freitas@agaxtur.com.br",
		"senha": "JuxfsQsmfo",
		"cep": "73270-150",
		"endereco": "Setor Colina Nova Diguineia III Conjunto 10",
		"numero": 249,
		"bairro": "Nova Colina (Sobradinho)",
		"cidade": "Brasília",
		"estado": "DF",
		"telefone_fixo": "(61) 3507-2324",
		"celular": "(61) 99852-0011",
		"altura": "1,64",
		"peso": 62,
		"tipo_sanguineo": "AB+",
		"cor": "amarelo"
	},
	{
		"nome": "Manoel Miguel Mendes",
		"idade": 42,
		"cpf": "415.807.001-52",
		"rg": "47.518.500-6",
		"data_nasc": "09/02/1981",
		"sexo": "Masculino",
		"signo": "Aquário",
		"mae": "Melissa Rayssa Hadassa",
		"pai": "Guilherme Bryan Eduardo Mendes",
		"email": "manoel-mendes81@hotmail.con",
		"senha": "CGPI37ghBa",
		"cep": "71071-124",
		"endereco": "Quadra QE 52 Conjunto L",
		"numero": 364,
		"bairro": "Guará II",
		"cidade": "Brasília",
		"estado": "DF",
		"telefone_fixo": "(61) 2952-2809",
		"celular": "(61) 98167-1134",
		"altura": "1,84",
		"peso": 51,
		"tipo_sanguineo": "AB-",
		"cor": "amarelo"
	},
	{
		"nome": "Henrique Bento Carvalho",
		"idade": 61,
		"cpf": "718.416.891-73",
		"rg": "50.827.726-7",
		"data_nasc": "08/02/1962",
		"sexo": "Masculino",
		"signo": "Aquário",
		"mae": "Nair Melissa",
		"pai": "Gustavo César Carvalho",
		"email": "henrique-carvalho85@ddfnet.com.br",
		"senha": "tx2y5BiYQQ",
		"cep": "71825-533",
		"endereco": "Quadra CLS 16 Bloco C",
		"numero": 210,
		"bairro": "Riacho Fundo I",
		"cidade": "Brasília",
		"estado": "DF",
		"telefone_fixo": "(61) 2591-3807",
		"celular": "(61) 98439-2154",
		"altura": "1,82",
		"peso": 85,
		"tipo_sanguineo": "B+",
		"cor": "laranja"
	},
	{
		"nome": "Carlos Eduardo Nathan Ruan Ribeiro",
		"idade": 32,
		"cpf": "165.160.431-24",
		"rg": "30.037.908-0",
		"data_nasc": "06/01/1991",
		"sexo": "Masculino",
		"signo": "Capricórnio",
		"mae": "Renata Márcia",
		"pai": "Anthony Daniel Ribeiro",
		"email": "carlos_ribeiro@opusvp.com.br",
		"senha": "ej76iy2KXM",
		"cep": "72410-611",
		"endereco": "Quadra Quadra 11 Conjunto K",
		"numero": 577,
		"bairro": "Setor Sul (Gama)",
		"cidade": "Brasília",
		"estado": "DF",
		"telefone_fixo": "(61) 2595-8448",
		"celular": "(61) 98759-7169",
		"altura": "1,76",
		"peso": 61,
		"tipo_sanguineo": "B+",
		"cor": "vermelho"
	},
	{
		"nome": "Benício Pedro Caio da Costa",
		"idade": 22,
		"cpf": "630.484.831-52",
		"rg": "43.788.506-9",
		"data_nasc": "06/02/2001",
		"sexo": "Masculino",
		"signo": "Aquário",
		"mae": "Liz Natália",
		"pai": "Ricardo Vinicius Benedito da Costa",
		"email": "benicio_pedro_dacosta@jsagromecanica.com.br",
		"senha": "ffg3kQZYrN",
		"cep": "71693-123",
		"endereco": "Rua 20",
		"numero": 202,
		"bairro": "Vila Nova (São Sebastião)",
		"cidade": "Brasília",
		"estado": "DF",
		"telefone_fixo": "(61) 3715-0449",
		"celular": "(61) 98694-6652",
		"altura": "1,63",
		"peso": 92,
		"tipo_sanguineo": "A+",
		"cor": "amarelo"
	},
	{
		"nome": "Marcelo Luís Cavalcanti",
		"idade": 70,
		"cpf": "321.188.311-88",
		"rg": "16.172.425-5",
		"data_nasc": "14/01/1953",
		"sexo": "Masculino",
		"signo": "Capricórnio",
		"mae": "Rebeca Luzia",
		"pai": "Manuel Diego Yago Cavalcanti",
		"email": "marcelo-cavalcanti94@balaiofilmes.com.br",
		"senha": "DRDGtbBG85",
		"cep": "70380-711",
		"endereco": "Quadra SHIGS 713 Bloco K",
		"numero": 127,
		"bairro": "Asa Sul",
		"cidade": "Brasília",
		"estado": "DF",
		"telefone_fixo": "(61) 3500-2356",
		"celular": "(61) 98136-1749",
		"altura": "1,99",
		"peso": 65,
		"tipo_sanguineo": "B-",
		"cor": "verde"
	},
	{
		"nome": "Alexandre Benedito Melo",
		"idade": 54,
		"cpf": "225.041.141-76",
		"rg": "32.045.632-8",
		"data_nasc": "25/02/1969",
		"sexo": "Masculino",
		"signo": "Peixes",
		"mae": "Luciana Josefa Ana",
		"pai": "Augusto Erick Oliver Melo",
		"email": "alexandre-melo97@pontofinalcafe.com.br",
		"senha": "2DSU4g89eE",
		"cep": "73050-174",
		"endereco": "Quadra Quadra 16 Conjunto N",
		"numero": 710,
		"bairro": "Sobradinho",
		"cidade": "Brasília",
		"estado": "DF",
		"telefone_fixo": "(61) 3670-0901",
		"celular": "(61) 99416-2713",
		"altura": "1,60",
		"peso": 100,
		"tipo_sanguineo": "B+",
		"cor": "vermelho"
	},
	{
		"nome": "Luana Agatha Nogueira",
		"idade": 65,
		"cpf": "811.539.381-97",
		"rg": "22.979.769-6",
		"data_nasc": "15/02/1958",
		"sexo": "Feminino",
		"signo": "Aquário",
		"mae": "Beatriz Lara Luciana",
		"pai": "Thales Henry Nogueira",
		"email": "luana-nogueira99@jcoronel.com.br",
		"senha": "PFBWaC9Uz4",
		"cep": "72237-105",
		"endereco": "Área ADE Quadra 1 Área Especial 1",
		"numero": 928,
		"bairro": "Área de Desenvolvimento Econômico (Ceilândia)",
		"cidade": "Brasília",
		"estado": "DF",
		"telefone_fixo": "(61) 3732-9648",
		"celular": "(61) 99733-5215",
		"altura": "1,71",
		"peso": 59,
		"tipo_sanguineo": "AB-",
		"cor": "preto"
	},
	{
		"nome": "Diogo Eduardo da Cunha",
		"idade": 29,
		"cpf": "187.036.991-29",
		"rg": "13.161.138-0",
		"data_nasc": "18/02/1994",
		"sexo": "Masculino",
		"signo": "Aquário",
		"mae": "Rebeca Alícia Mariah",
		"pai": "Thomas Carlos Eduardo da Cunha",
		"email": "diogo_eduardo_dacunha@predilectasorocaba.com.br",
		"senha": "JYtpaPoNqX",
		"cep": "72506-207",
		"endereco": "Quadra CL 106 Bloco G",
		"numero": 255,
		"bairro": "Santa Maria",
		"cidade": "Brasília",
		"estado": "DF",
		"telefone_fixo": "(61) 3981-2238",
		"celular": "(61) 99561-9824",
		"altura": "1,69",
		"peso": 65,
		"tipo_sanguineo": "O+",
		"cor": "verde"
	},
	{
		"nome": "Joana Andrea Aparecida Aragão",
		"idade": 75,
		"cpf": "468.332.811-90",
		"rg": "38.100.672-4",
		"data_nasc": "04/01/1948",
		"sexo": "Feminino",
		"signo": "Capricórnio",
		"mae": "Raquel Elaine",
		"pai": "Giovanni Victor Aragão",
		"email": "joana.andrea.aragao@startingfitness.com.br",
		"senha": "6PdpC2DmTS",
		"cep": "71536-162",
		"endereco": "Trecho Trecho 03 Chácara 118",
		"numero": 824,
		"bairro": "Setor de Habitações Individuais Norte",
		"cidade": "Brasília",
		"estado": "DF",
		"telefone_fixo": "(61) 2769-8747",
		"celular": "(61) 98858-4108",
		"altura": "1,55",
		"peso": 63,
		"tipo_sanguineo": "A+",
		"cor": "laranja"
	},
	{
		"nome": "Catarina Melissa Sara Bernardes",
		"idade": 37,
		"cpf": "744.378.641-74",
		"rg": "31.991.730-7",
		"data_nasc": "19/02/1986",
		"sexo": "Feminino",
		"signo": "Aquário",
		"mae": "Beatriz Regina",
		"pai": "Raul Renan Yuri Bernardes",
		"email": "catarina_bernardes@wikimetal.com.br",
		"senha": "betjDHX2KO",
		"cep": "71761-510",
		"endereco": "Setor de Chácaras Córrego da Onça Rua D",
		"numero": 775,
		"bairro": "Setor de Chácaras Córrego da Onça (Núcleo Bandeirante)",
		"cidade": "Brasília",
		"estado": "DF",
		"telefone_fixo": "(61) 3662-8377",
		"celular": "(61) 99652-2288",
		"altura": "1,64",
		"peso": 82,
		"tipo_sanguineo": "B+",
		"cor": "vermelho"
	},
	{
		"nome": "Rosângela Louise da Rocha",
		"idade": 34,
		"cpf": "262.816.361-63",
		"rg": "18.348.940-8",
		"data_nasc": "18/02/1989",
		"sexo": "Feminino",
		"signo": "Aquário",
		"mae": "Kamilly Isabela Marli",
		"pai": "Oliver Nathan Manuel da Rocha",
		"email": "rosangela_louise_darocha@nipbr.com.br",
		"senha": "Eaj4IwQs2A",
		"cep": "72504-100",
		"endereco": "Quadra AC 104",
		"numero": 724,
		"bairro": "Santa Maria",
		"cidade": "Brasília",
		"estado": "DF",
		"telefone_fixo": "(61) 3781-2452",
		"celular": "(61) 99443-1689",
		"altura": "1,53",
		"peso": 72,
		"tipo_sanguineo": "AB+",
		"cor": "verde"
	},
	{
		"nome": "Bárbara Stella Araújo",
		"idade": 77,
		"cpf": "653.419.951-39",
		"rg": "18.408.968-2",
		"data_nasc": "25/01/1946",
		"sexo": "Feminino",
		"signo": "Aquário",
		"mae": "Allana Marina",
		"pai": "Sérgio Augusto Araújo",
		"email": "barbara-araujo83@ntiequipamentos.com.br",
		"senha": "bXgyXHXB3L",
		"cep": "72536-040",
		"endereco": "Quadra QC 2 Conjunto D",
		"numero": 706,
		"bairro": "Santa Maria",
		"cidade": "Brasília",
		"estado": "DF",
		"telefone_fixo": "(61) 3903-5321",
		"celular": "(61) 98316-1203",
		"altura": "1,65",
		"peso": 55,
		"tipo_sanguineo": "A-",
		"cor": "azul"
	},
	{
		"nome": "Hugo Ian Bernardo da Mata",
		"idade": 36,
		"cpf": "888.696.891-40",
		"rg": "38.277.547-8",
		"data_nasc": "05/01/1987",
		"sexo": "Masculino",
		"signo": "Capricórnio",
		"mae": "Luciana Aline",
		"pai": "Augusto Bruno da Mata",
		"email": "hugo.ian.damata@mixfmmanaus.com.br",
		"senha": "cp49nCG41E",
		"cep": "71551-208",
		"endereco": "Quadra Quadra 2 Conjunto 2",
		"numero": 405,
		"bairro": "Setor Habitacional Taquari (Lago Norte)",
		"cidade": "Brasília",
		"estado": "DF",
		"telefone_fixo": "(61) 3505-9735",
		"celular": "(61) 98468-3277",
		"altura": "1,97",
		"peso": 93,
		"tipo_sanguineo": "O-",
		"cor": "azul"
	},
	{
		"nome": "Sueli Mariah Carolina Vieira",
		"idade": 24,
		"cpf": "460.365.881-86",
		"rg": "28.595.567-6",
		"data_nasc": "02/01/1999",
		"sexo": "Feminino",
		"signo": "Capricórnio",
		"mae": "Heloise Alana",
		"pai": "Luís Bernardo Vieira",
		"email": "sueli_mariah_vieira@yhaoo.com.br",
		"senha": "lF7873OUK0",
		"cep": "72015-520",
		"endereco": "Quadra QSB 2",
		"numero": 431,
		"bairro": "Taguatinga Sul (Taguatinga)",
		"cidade": "Brasília",
		"estado": "DF",
		"telefone_fixo": "(61) 2932-6430",
		"celular": "(61) 99400-4160",
		"altura": "1,58",
		"peso": 82,
		"tipo_sanguineo": "B-",
		"cor": "verde"
	},
	{
		"nome": "Louise Priscila Caroline Lima",
		"idade": 21,
		"cpf": "895.823.431-84",
		"rg": "16.975.882-5",
		"data_nasc": "11/02/2002",
		"sexo": "Feminino",
		"signo": "Aquário",
		"mae": "Cristiane Rosa",
		"pai": "Manoel Bento Martin Lima",
		"email": "louisepriscilalima@likaleal.com.br",
		"senha": "TumMxPRx1h",
		"cep": "72755-009",
		"endereco": "Quadra Quadra 55 Conjunto I",
		"numero": 180,
		"bairro": "Vila São José (Brazlândia)",
		"cidade": "Brasília",
		"estado": "DF",
		"telefone_fixo": "(61) 2748-7296",
		"celular": "(61) 98356-1239",
		"altura": "1,76",
		"peso": 63,
		"tipo_sanguineo": "O-",
		"cor": "azul"
	},
	{
		"nome": "Márcio Osvaldo Mário Novaes",
		"idade": 31,
		"cpf": "051.730.011-78",
		"rg": "28.853.708-7",
		"data_nasc": "25/02/1992",
		"sexo": "Masculino",
		"signo": "Peixes",
		"mae": "Mariah Daiane Isabella",
		"pai": "Marcelo Mário Novaes",
		"email": "marcio_novaes@atualvendas.com",
		"senha": "M4JFu0GCMT",
		"cep": "70413-900",
		"endereco": "SES 805 Lote 19",
		"numero": 372,
		"bairro": "Asa Sul",
		"cidade": "Brasília",
		"estado": "DF",
		"telefone_fixo": "(61) 2889-5806",
		"celular": "(61) 99840-1956",
		"altura": "1,71",
		"peso": 82,
		"tipo_sanguineo": "A+",
		"cor": "roxo"
	},
	{
		"nome": "Emily Alana Emilly Monteiro",
		"idade": 19,
		"cpf": "339.891.211-70",
		"rg": "33.877.583-3",
		"data_nasc": "17/01/2004",
		"sexo": "Feminino",
		"signo": "Capricórnio",
		"mae": "Stella Giovanna",
		"pai": "Augusto Otávio Ricardo Monteiro",
		"email": "emily_alana_monteiro@globo.com",
		"senha": "mdZ2y7CU26",
		"cep": "71540-098",
		"endereco": "Quadra SMLN MI Trecho 09 Conjunto 3",
		"numero": 585,
		"bairro": "Setor de Mansões do Lago Norte",
		"cidade": "Brasília",
		"estado": "DF",
		"telefone_fixo": "(61) 3798-4872",
		"celular": "(61) 98290-5454",
		"altura": "1,74",
		"peso": 69,
		"tipo_sanguineo": "B-",
		"cor": "vermelho"
	},
	{
		"nome": "Amanda Emanuelly Aurora de Paula",
		"idade": 48,
		"cpf": "167.189.391-37",
		"rg": "49.499.577-4",
		"data_nasc": "13/01/1975",
		"sexo": "Feminino",
		"signo": "Capricórnio",
		"mae": "Rita Lara Flávia",
		"pai": "Calebe Augusto de Paula",
		"email": "amanda.emanuelly.depaula@realbit.com.br",
		"senha": "xP9MbpGo9x",
		"cep": "71880-174",
		"endereco": "Quadra QN 8F Conjunto 4",
		"numero": 102,
		"bairro": "Riacho Fundo II",
		"cidade": "Brasília",
		"estado": "DF",
		"telefone_fixo": "(61) 2986-5515",
		"celular": "(61) 98546-8891",
		"altura": "1,72",
		"peso": 79,
		"tipo_sanguineo": "AB-",
		"cor": "amarelo"
	},
	{
		"nome": "Thiago Yago das Neves",
		"idade": 26,
		"cpf": "342.906.451-19",
		"rg": "17.597.736-7",
		"data_nasc": "10/01/1997",
		"sexo": "Masculino",
		"signo": "Capricórnio",
		"mae": "Andreia Bruna Clarice",
		"pai": "Benjamin Gael das Neves",
		"email": "thiago-dasneves99@comercialrafael.com.br",
		"senha": "BSMIcRit5B",
		"cep": "72331-105",
		"endereco": "Quadra QR 603 Conjunto 5",
		"numero": 687,
		"bairro": "Samambaia Norte (Samambaia)",
		"cidade": "Brasília",
		"estado": "DF",
		"telefone_fixo": "(61) 2945-4165",
		"celular": "(61) 99722-1319",
		"altura": "1,80",
		"peso": 94,
		"tipo_sanguineo": "O+",
		"cor": "azul"
	},
	{
		"nome": "Nicolas Felipe Ian da Paz",
		"idade": 26,
		"cpf": "817.844.331-79",
		"rg": "19.665.389-7",
		"data_nasc": "12/02/1997",
		"sexo": "Masculino",
		"signo": "Aquário",
		"mae": "Analu Aurora",
		"pai": "Daniel Gael da Paz",
		"email": "nicolasfelipedapaz@lojabichopapao.com.br",
		"senha": "CROGZaa0RU",
		"cep": "71570-611",
		"endereco": "Quadra Quadra 6 Conjunto K",
		"numero": 337,
		"bairro": "Paranoá",
		"cidade": "Brasília",
		"estado": "DF",
		"telefone_fixo": "(61) 2643-1810",
		"celular": "(61) 99839-5189",
		"altura": "1,93",
		"peso": 78,
		"tipo_sanguineo": "B-",
		"cor": "preto"
	},
	{
		"nome": "Isabella Emily Viana",
		"idade": 30,
		"cpf": "697.066.171-75",
		"rg": "30.394.800-0",
		"data_nasc": "19/02/1993",
		"sexo": "Feminino",
		"signo": "Aquário",
		"mae": "Juliana Sara Emily",
		"pai": "Pietro Bruno Breno Viana",
		"email": "isabella-viana93@redex.com.br",
		"senha": "TGGbCURboq",
		"cep": "71218-900",
		"endereco": "SMAS Trecho 1",
		"numero": 892,
		"bairro": "Zona Industrial (Guará)",
		"cidade": "Brasília",
		"estado": "DF",
		"telefone_fixo": "(61) 3802-7577",
		"celular": "(61) 99844-0283",
		"altura": "1,59",
		"peso": 76,
		"tipo_sanguineo": "O-",
		"cor": "preto"
	},
	{
		"nome": "Fernanda Alessandra Dias",
		"idade": 79,
		"cpf": "563.075.761-03",
		"rg": "27.388.486-4",
		"data_nasc": "24/02/1944",
		"sexo": "Feminino",
		"signo": "Peixes",
		"mae": "Marlene Manuela Camila",
		"pai": "Carlos Eduardo Bryan Dias",
		"email": "fernanda-dias83@pmm.am.gov.br",
		"senha": "B7lBpLffdN",
		"cep": "72316-533",
		"endereco": "Quadra QN 212 Conjunto C",
		"numero": 831,
		"bairro": "Samambaia Norte (Samambaia)",
		"cidade": "Brasília",
		"estado": "DF",
		"telefone_fixo": "(61) 2723-2720",
		"celular": "(61) 98795-1238",
		"altura": "1,50",
		"peso": 53,
		"tipo_sanguineo": "O-",
		"cor": "preto"
	},
	{
		"nome": "Joana Adriana Helena Nascimento",
		"idade": 29,
		"cpf": "552.050.341-90",
		"rg": "50.807.424-1",
		"data_nasc": "20/02/1994",
		"sexo": "Feminino",
		"signo": "Peixes",
		"mae": "Bruna Cecília",
		"pai": "Bruno Renan Nascimento",
		"email": "joana-nascimento85@elimco.com",
		"senha": "ods6NICFTs",
		"cep": "71691-085",
		"endereco": "Rua da Gameleira",
		"numero": 917,
		"bairro": "Centro (São Sebastião)",
		"cidade": "Brasília",
		"estado": "DF",
		"telefone_fixo": "(61) 3619-4978",
		"celular": "(61) 99427-6357",
		"altura": "1,57",
		"peso": 88,
		"tipo_sanguineo": "A-",
		"cor": "azul"
	},
	{
		"nome": "Marcos Vinicius Gael da Silva",
		"idade": 43,
		"cpf": "977.364.541-08",
		"rg": "21.445.648-1",
		"data_nasc": "10/02/1980",
		"sexo": "Masculino",
		"signo": "Aquário",
		"mae": "Isabelle Débora Amanda",
		"pai": "Pietro Geraldo Leonardo da Silva",
		"email": "marcos-dasilva96@nelsoncosta.com.br",
		"senha": "46370o89zI",
		"cep": "71880-032",
		"endereco": "Quadra QN 7C Conjunto 2",
		"numero": 250,
		"bairro": "Riacho Fundo II",
		"cidade": "Brasília",
		"estado": "DF",
		"telefone_fixo": "(61) 2572-9091",
		"celular": "(61) 99956-3848",
		"altura": "1,60",
		"peso": 50,
		"tipo_sanguineo": "AB-",
		"cor": "roxo"
	},
	{
		"nome": "Tiago Ryan Caldeira",
		"idade": 40,
		"cpf": "391.984.201-43",
		"rg": "26.089.242-7",
		"data_nasc": "27/01/1983",
		"sexo": "Masculino",
		"signo": "Aquário",
		"mae": "Bianca Cristiane",
		"pai": "Antonio Lucas Arthur Caldeira",
		"email": "tiagoryancaldeira@a-qualitybrasil.com.br",
		"senha": "G8CpRYaSlQ",
		"cep": "72547-500",
		"endereco": "Quadra QR 217",
		"numero": 164,
		"bairro": "Santa Maria",
		"cidade": "Brasília",
		"estado": "DF",
		"telefone_fixo": "(61) 3939-0604",
		"celular": "(61) 98555-6749",
		"altura": "1,65",
		"peso": 83,
		"tipo_sanguineo": "B+",
		"cor": "vermelho"
	},
	{
		"nome": "Yasmin Brenda Duarte",
		"idade": 75,
		"cpf": "065.362.511-13",
		"rg": "13.748.049-0",
		"data_nasc": "21/02/1948",
		"sexo": "Feminino",
		"signo": "Peixes",
		"mae": "Benedita Lara Vera",
		"pai": "José Enzo Duarte",
		"email": "yasmin_brenda_duarte@fernandesfilpi.com.br",
		"senha": "Nu5tyAsK8m",
		"cep": "73370-076",
		"endereco": "Conjunto Residencial 76",
		"numero": 987,
		"bairro": "Vale do Amanhecer (Planaltina)",
		"cidade": "Brasília",
		"estado": "DF",
		"telefone_fixo": "(61) 2580-7362",
		"celular": "(61) 99779-6663",
		"altura": "1,50",
		"peso": 71,
		"tipo_sanguineo": "O+",
		"cor": "vermelho"
	}
]