[
	{
		"nome": "Kamilly Alessandra Pinto",
		"idade": 55,
		"cpf": "130.034.821-65",
		"rg": "31.261.731-8",
		"data_nasc": "05/01/1968",
		"sexo": "Feminino",
		"signo": "Capricórnio",
		"mae": "Maitê Aline Cecília",
		"pai": "Marcos Luan Lucca Pinto",
		"email": "kamillyalessandrapinto@webin.com.br",
		"senha": "8y8loQ2tr9",
		"cep": "71880-683",
		"endereco": "Quadra QN 29 Conjunto 9",
		"numero": 116,
		"bairro": "Riacho Fundo II",
		"cidade": "Brasília",
		"estado": "DF",
		"telefone_fixo": "(61) 3614-7578",
		"celular": "(61) 99142-2873",
		"altura": "1,65",
		"peso": 85,
		"tipo_sanguineo": "A+",
		"cor": "verde"
	},
	{
		"nome": "Evelyn Maria Sandra Moura",
		"idade": 22,
		"cpf": "920.263.741-55",
		"rg": "28.822.431-0",
		"data_nasc": "11/02/2001",
		"sexo": "Feminino",
		"signo": "Aquário",
		"mae": "Ayla Daiane Giovana",
		"pai": "Lucas Danilo Moura",
		"email": "evelynmariamoura@marcofaria.com",
		"senha": "w91YLTdYob",
		"cep": "72301-530",
		"endereco": "Quadra QS 109",
		"numero": 187,
		"bairro": "Samambaia Sul (Samambaia)",
		"cidade": "Brasília",
		"estado": "DF",
		"telefone_fixo": "(61) 2998-5746",
		"celular": "(61) 99981-1599",
		"altura": "1,82",
		"peso": 90,
		"tipo_sanguineo": "AB-",
		"cor": "vermelho"
	},
	{
		"nome": "Mateus Henry Melo",
		"idade": 52,
		"cpf": "574.350.711-29",
		"rg": "42.299.569-1",
		"data_nasc": "09/01/1971",
		"sexo": "Masculino",
		"signo": "Capricórnio",
		"mae": "Mariana Sophia Pietra",
		"pai": "Fernando Miguel Melo",
		"email": "mateus_henry_melo@vanguarda.tv",
		"senha": "3nWAGDTpSI",
		"cep": "72310-208",
		"endereco": "Conjunto SMSE Conjunto 8",
		"numero": 394,
		"bairro": "Samambaia Sul (Samambaia)",
		"cidade": "Brasília",
		"estado": "DF",
		"telefone_fixo": "(61) 3985-9031",
		"celular": "(61) 98981-1025",
		"altura": "1,82",
		"peso": 70,
		"tipo_sanguineo": "B-",
		"cor": "vermelho"
	},
	{
		"nome": "Fernando Oliver Theo Porto",
		"idade": 27,
		"cpf": "175.957.171-75",
		"rg": "34.392.177-7",
		"data_nasc": "21/02/1996",
		"sexo": "Masculino",
		"signo": "Peixes",
		"mae": "Beatriz Milena Sueli",
		"pai": "Caio Bruno Marcos Vinicius Porto",
		"email": "fernandooliverporto@solpro.biz",
		"senha": "PM1zb526uH",
		"cep": "72509-406",
		"endereco": "Quadra QR 209 Conjunto F",
		"numero": 743,
		"bairro": "Santa Maria",
		"cidade": "Brasília",
		"estado": "DF",
		"telefone_fixo": "(61) 2896-5375",
		"celular": "(61) 98358-4207",
		"altura": "1,79",
		"peso": 58,
		"tipo_sanguineo": "AB+",
		"cor": "vermelho"
	},
	{
		"nome": "Rafael Diego Pires",
		"idade": 69,
		"cpf": "972.358.091-83",
		"rg": "28.176.285-5",
		"data_nasc": "01/02/1954",
		"sexo": "Masculino",
		"signo": "Aquário",
		"mae": "Emanuelly Francisca",
		"pai": "Lucas Edson Danilo Pires",
		"email": "rafael.diego.pires@claro.com.br",
		"senha": "aa2BOqX0Cc",
		"cep": "72640-420",
		"endereco": "Quadra Quadra 604 Conjunto 20",
		"numero": 870,
		"bairro": "Recanto das Emas",
		"cidade": "Brasília",
		"estado": "DF",
		"telefone_fixo": "(61) 2823-6311",
		"celular": "(61) 98328-0871",
		"altura": "1,84",
		"peso": 72,
		"tipo_sanguineo": "A-",
		"cor": "azul"
	},
	{
		"nome": "Rayssa Isadora Santos",
		"idade": 67,
		"cpf": "409.618.101-30",
		"rg": "44.909.958-1",
		"data_nasc": "23/01/1956",
		"sexo": "Feminino",
		"signo": "Aquário",
		"mae": "Flávia Daiane Vanessa",
		"pai": "César Henry Heitor Santos",
		"email": "rayssa_isadora_santos@danzarin.com.br",
		"senha": "OpXIeLxP18",
		"cep": "72502-208",
		"endereco": "Quadra CL 102 Bloco H",
		"numero": 581,
		"bairro": "Santa Maria",
		"cidade": "Brasília",
		"estado": "DF",
		"telefone_fixo": "(61) 3989-4406",
		"celular": "(61) 99409-5105",
		"altura": "1,85",
		"peso": 46,
		"tipo_sanguineo": "AB+",
		"cor": "amarelo"
	},
	{
		"nome": "Leandro Bryan Raul Almeida",
		"idade": 42,
		"cpf": "968.939.091-01",
		"rg": "10.840.126-1",
		"data_nasc": "04/01/1981",
		"sexo": "Masculino",
		"signo": "Capricórnio",
		"mae": "Helena Agatha",
		"pai": "Diogo Cauê Almeida",
		"email": "leandrobryanalmeida@uou.com.br",
		"senha": "1dCQ8px8SQ",
		"cep": "73031-062",
		"endereco": "Quadra Quadra 3 Área Especial 9",
		"numero": 801,
		"bairro": "Sobradinho",
		"cidade": "Brasília",
		"estado": "DF",
		"telefone_fixo": "(61) 2690-5122",
		"celular": "(61) 98159-2113",
		"altura": "1,76",
		"peso": 79,
		"tipo_sanguineo": "A+",
		"cor": "amarelo"
	},
	{
		"nome": "Caleb Thiago Filipe Brito",
		"idade": 69,
		"cpf": "190.609.171-46",
		"rg": "19.014.307-1",
		"data_nasc": "13/02/1954",
		"sexo": "Masculino",
		"signo": "Aquário",
		"mae": "Raimunda Larissa Analu",
		"pai": "Ian Diego Brito",
		"email": "calebthiagobrito@vivo.com.br",
		"senha": "nQBeC5a3kF",
		"cep": "71070-245",
		"endereco": "Quadra QE 44 Conjunto Z1",
		"numero": 888,
		"bairro": "Guará II",
		"cidade": "Brasília",
		"estado": "DF",
		"telefone_fixo": "(61) 2516-3539",
		"celular": "(61) 98386-0180",
		"altura": "1,78",
		"peso": 53,
		"tipo_sanguineo": "AB-",
		"cor": "roxo"
	},
	{
		"nome": "Bernardo Lorenzo Cavalcanti",
		"idade": 68,
		"cpf": "556.698.811-33",
		"rg": "47.370.558-8",
		"data_nasc": "19/01/1955",
		"sexo": "Masculino",
		"signo": "Capricórnio",
		"mae": "Regina Andreia Emily",
		"pai": "Cláudio Lucas Julio Cavalcanti",
		"email": "bernardolorenzocavalcanti@hidrara.com.br",
		"senha": "mzSSXxbhXx",
		"cep": "72428-050",
		"endereco": "Núcleo Rural Casa Grande Módulo 1 MA - 30",
		"numero": 166,
		"bairro": "Ponte Alta (Gama)",
		"cidade": "Brasília",
		"estado": "DF",
		"telefone_fixo": "(61) 2525-4593",
		"celular": "(61) 98260-5110",
		"altura": "1,78",
		"peso": 104,
		"tipo_sanguineo": "B+",
		"cor": "preto"
	},
	{
		"nome": "Valentina Mirella Aparício",
		"idade": 43,
		"cpf": "227.647.491-20",
		"rg": "47.434.828-3",
		"data_nasc": "13/01/1980",
		"sexo": "Feminino",
		"signo": "Capricórnio",
		"mae": "Ana Isabella Marina",
		"pai": "César Iago Leandro Aparício",
		"email": "valentinamirellaaparicio@microlasersp.com.br",
		"senha": "tssDsjN1y1",
		"cep": "73360-418",
		"endereco": "Quadra Quadra 4 Bloco R",
		"numero": 832,
		"bairro": "Setor Residencial Leste (Planaltina)",
		"cidade": "Brasília",
		"estado": "DF",
		"telefone_fixo": "(61) 3837-4647",
		"celular": "(61) 98862-5696",
		"altura": "1,63",
		"peso": 55,
		"tipo_sanguineo": "AB-",
		"cor": "verde"
	},
	{
		"nome": "Heitor Diogo Gustavo Freitas",
		"idade": 73,
		"cpf": "514.314.381-03",
		"rg": "19.972.484-2",
		"data_nasc": "10/01/1950",
		"sexo": "Masculino",
		"signo": "Capricórnio",
		"mae": "Manuela Rebeca",
		"pai": "Bryan Fábio Manuel Freitas",
		"email": "heitor_diogo_freitas@jetstar.com.br",
		"senha": "WcaowuAFPj",
		"cep": "72260-864",
		"endereco": "Quadra QNO 18 Conjunto 64",
		"numero": 190,
		"bairro": "Ceilândia Norte (Ceilândia)",
		"cidade": "Brasília",
		"estado": "DF",
		"telefone_fixo": "(61) 3912-7107",
		"celular": "(61) 99377-1423",
		"altura": "1,94",
		"peso": 90,
		"tipo_sanguineo": "B-",
		"cor": "preto"
	},
	{
		"nome": "Alexandre Raul Arthur Mendes",
		"idade": 48,
		"cpf": "526.263.011-16",
		"rg": "36.852.661-6",
		"data_nasc": "02/01/1975",
		"sexo": "Masculino",
		"signo": "Capricórnio",
		"mae": "Cristiane Valentina",
		"pai": "José Cauê Mendes",
		"email": "alexandre_raul_mendes@sheilabenavente.com.br",
		"senha": "2BaEifqgJl",
		"cep": "72210-167",
		"endereco": "Quadra QNM 16 Módulo G",
		"numero": 651,
		"bairro": "Ceilândia Norte (Ceilândia)",
		"cidade": "Brasília",
		"estado": "DF",
		"telefone_fixo": "(61) 2926-0661",
		"celular": "(61) 98283-3350",
		"altura": "1,72",
		"peso": 57,
		"tipo_sanguineo": "B+",
		"cor": "roxo"
	},
	{
		"nome": "Larissa Andrea Caldeira",
		"idade": 63,
		"cpf": "776.479.191-13",
		"rg": "27.125.579-1",
		"data_nasc": "22/02/1960",
		"sexo": "Feminino",
		"signo": "Peixes",
		"mae": "Fernanda Louise Luciana",
		"pai": "Miguel Igor Caldeira",
		"email": "larissaandreacaldeira@broutdoor.com.br",
		"senha": "idxQoy1Tle",
		"cep": "72255-301",
		"endereco": "Quadra QNO 13 Conjunto A",
		"numero": 972,
		"bairro": "Ceilândia Norte (Ceilândia)",
		"cidade": "Brasília",
		"estado": "DF",
		"telefone_fixo": "(61) 3521-6726",
		"celular": "(61) 99992-5562",
		"altura": "1,80",
		"peso": 64,
		"tipo_sanguineo": "A+",
		"cor": "laranja"
	},
	{
		"nome": "Isabella Luna Ribeiro",
		"idade": 43,
		"cpf": "559.043.461-07",
		"rg": "36.178.560-4",
		"data_nasc": "16/02/1980",
		"sexo": "Feminino",
		"signo": "Aquário",
		"mae": "Isabella Gabrielly",
		"pai": "Nathan Bryan Ribeiro",
		"email": "isabella.luna.ribeiro@comercialrafael.com.br",
		"senha": "rz9L8U4j7r",
		"cep": "72500-431",
		"endereco": "Quadra QR 100 Conjunto V",
		"numero": 292,
		"bairro": "Santa Maria",
		"cidade": "Brasília",
		"estado": "DF",
		"telefone_fixo": "(61) 3947-3379",
		"celular": "(61) 98832-6638",
		"altura": "1,72",
		"peso": 70,
		"tipo_sanguineo": "B-",
		"cor": "laranja"
	},
	{
		"nome": "Heloisa Cristiane Rocha",
		"idade": 28,
		"cpf": "830.963.441-24",
		"rg": "37.313.491-5",
		"data_nasc": "19/02/1995",
		"sexo": "Feminino",
		"signo": "Aquário",
		"mae": "Nair Vitória Helena",
		"pai": "Daniel Bryan Rocha",
		"email": "heloisacristianerocha@caiuas.com.br",
		"senha": "Fl5KAH8GQD",
		"cep": "70774-550",
		"endereco": "Quadra CLN 315 Bloco E",
		"numero": 630,
		"bairro": "Asa Norte",
		"cidade": "Brasília",
		"estado": "DF",
		"telefone_fixo": "(61) 3952-4649",
		"celular": "(61) 99938-1054",
		"altura": "1,69",
		"peso": 81,
		"tipo_sanguineo": "O+",
		"cor": "amarelo"
	},
	{
		"nome": "Bryan Geraldo da Cunha",
		"idade": 72,
		"cpf": "789.696.711-10",
		"rg": "21.614.948-4",
		"data_nasc": "04/01/1951",
		"sexo": "Masculino",
		"signo": "Capricórnio",
		"mae": "Elza Mariane Beatriz",
		"pai": "Severino Roberto Marcos da Cunha",
		"email": "bryan_geraldo_dacunha@comdados.com",
		"senha": "Fkr794O72L",
		"cep": "71692-104",
		"endereco": "Quadra Quadra 102 Conjunto 2",
		"numero": 740,
		"bairro": "Setor Residencial Oeste (São Sebastião)",
		"cidade": "Brasília",
		"estado": "DF",
		"telefone_fixo": "(61) 2714-8609",
		"celular": "(61) 99653-1129",
		"altura": "1,84",
		"peso": 85,
		"tipo_sanguineo": "B+",
		"cor": "preto"
	},
	{
		"nome": "Betina Luna Sarah da Rosa",
		"idade": 51,
		"cpf": "642.322.811-69",
		"rg": "12.015.815-2",
		"data_nasc": "26/01/1972",
		"sexo": "Feminino",
		"signo": "Aquário",
		"mae": "Raquel Letícia",
		"pai": "Cauê Tiago da Rosa",
		"email": "betina.luna.darosa@solarisbrasil.com.br",
		"senha": "7xHI0BKUd6",
		"cep": "70790-124",
		"endereco": "Quadra SGAN 912 Módulo D",
		"numero": 327,
		"bairro": "Asa Norte",
		"cidade": "Brasília",
		"estado": "DF",
		"telefone_fixo": "(61) 3706-2606",
		"celular": "(61) 99742-2761",
		"altura": "1,70",
		"peso": 77,
		"tipo_sanguineo": "A-",
		"cor": "verde"
	},
	{
		"nome": "Nina Lívia Valentina Souza",
		"idade": 59,
		"cpf": "595.104.031-05",
		"rg": "15.984.832-5",
		"data_nasc": "20/02/1964",
		"sexo": "Feminino",
		"signo": "Peixes",
		"mae": "Rafaela Clara",
		"pai": "Leandro Nelson Souza",
		"email": "nina_souza@keffin.com.br",
		"senha": "S2PfcPrK4i",
		"cep": "72235-201",
		"endereco": "Quadra QNP 22 Conjunto A",
		"numero": 720,
		"bairro": "Ceilândia Sul (Ceilândia)",
		"cidade": "Brasília",
		"estado": "DF",
		"telefone_fixo": "(61) 2691-2888",
		"celular": "(61) 99562-6568",
		"altura": "1,75",
		"peso": 47,
		"tipo_sanguineo": "A+",
		"cor": "preto"
	},
	{
		"nome": "Josefa Marina Assis",
		"idade": 47,
		"cpf": "045.247.081-11",
		"rg": "31.420.642-5",
		"data_nasc": "07/02/1976",
		"sexo": "Feminino",
		"signo": "Aquário",
		"mae": "Maitê Mirella Heloise",
		"pai": "Caleb Roberto Assis",
		"email": "josefa.marina.assis@jammer.com.br",
		"senha": "G7Zw27Pj3N",
		"cep": "72302-547",
		"endereco": "Quadra QS 112 Conjunto 7",
		"numero": 804,
		"bairro": "Samambaia Sul (Samambaia)",
		"cidade": "Brasília",
		"estado": "DF",
		"telefone_fixo": "(61) 3860-5391",
		"celular": "(61) 99703-1172",
		"altura": "1,66",
		"peso": 51,
		"tipo_sanguineo": "A+",
		"cor": "verde"
	},
	{
		"nome": "Arthur Cláudio da Rocha",
		"idade": 75,
		"cpf": "625.586.831-10",
		"rg": "18.906.180-7",
		"data_nasc": "18/02/1948",
		"sexo": "Masculino",
		"signo": "Aquário",
		"mae": "Sônia Agatha",
		"pai": "Alexandre Caio Pedro Henrique da Rocha",
		"email": "arthur_claudio_darocha@iquattro.com.br",
		"senha": "zl7uY9Zgfb",
		"cep": "71256-405",
		"endereco": "Quadra Quadra 6 Conjunto 20",
		"numero": 152,
		"bairro": "Setor Oeste (Vila Estrutural - Guará)",
		"cidade": "Brasília",
		"estado": "DF",
		"telefone_fixo": "(61) 3742-6995",
		"celular": "(61) 99484-7112",
		"altura": "1,71",
		"peso": 85,
		"tipo_sanguineo": "O+",
		"cor": "roxo"
	},
	{
		"nome": "Gabriel Elias Luan Campos",
		"idade": 46,
		"cpf": "494.287.211-15",
		"rg": "50.449.785-6",
		"data_nasc": "05/01/1977",
		"sexo": "Masculino",
		"signo": "Capricórnio",
		"mae": "Eduarda Tatiane Andrea",
		"pai": "Gustavo Danilo Campos",
		"email": "gabriel_elias_campos@construtoracostanorte.com.br",
		"senha": "guMlHNarSG",
		"cep": "73036-685",
		"endereco": "Quadra 9 AR 25",
		"numero": 591,
		"bairro": "Sobradinho",
		"cidade": "Brasília",
		"estado": "DF",
		"telefone_fixo": "(61) 3738-5796",
		"celular": "(61) 99791-7177",
		"altura": "1,81",
		"peso": 65,
		"tipo_sanguineo": "O-",
		"cor": "roxo"
	},
	{
		"nome": "Marina Renata Pietra Martins",
		"idade": 45,
		"cpf": "999.061.221-88",
		"rg": "39.770.579-7",
		"data_nasc": "07/01/1978",
		"sexo": "Feminino",
		"signo": "Capricórnio",
		"mae": "Marlene Silvana Hadassa",
		"pai": "João Nelson Martins",
		"email": "marina-martins88@tadex.com.br",
		"senha": "dQ2q0SPOjI",
		"cep": "71070-683",
		"endereco": "Área Especial Área Especial 2-A Módulo H",
		"numero": 567,
		"bairro": "Guará II",
		"cidade": "Brasília",
		"estado": "DF",
		"telefone_fixo": "(61) 3582-3937",
		"celular": "(61) 98228-9926",
		"altura": "1,51",
		"peso": 69,
		"tipo_sanguineo": "AB+",
		"cor": "azul"
	},
	{
		"nome": "Samuel Pedro Henrique Anderson Drumond",
		"idade": 59,
		"cpf": "567.884.011-87",
		"rg": "47.635.857-7",
		"data_nasc": "12/01/1964",
		"sexo": "Masculino",
		"signo": "Capricórnio",
		"mae": "Isabelly Patrícia Flávia",
		"pai": "Kaique Sebastião Oliver Drumond",
		"email": "samuel-drumond85@prokopetz.com.br",
		"senha": "3tpGr0aJxB",
		"cep": "71060-022",
		"endereco": "Quadra QE 28 Conjunto B",
		"numero": 241,
		"bairro": "Guará II",
		"cidade": "Brasília",
		"estado": "DF",
		"telefone_fixo": "(61) 3913-0003",
		"celular": "(61) 98688-9323",
		"altura": "1,85",
		"peso": 73,
		"tipo_sanguineo": "A+",
		"cor": "roxo"
	},
	{
		"nome": "Luan Francisco Cardoso",
		"idade": 67,
		"cpf": "085.908.961-45",
		"rg": "21.810.021-8",
		"data_nasc": "21/02/1956",
		"sexo": "Masculino",
		"signo": "Peixes",
		"mae": "Luzia Bruna",
		"pai": "Calebe Juan Felipe Cardoso",
		"email": "luan.francisco.cardoso@grupoaerius.com.br",
		"senha": "9qfMsxtwK8",
		"cep": "71060-280",
		"endereco": "Quadra QI 27 Bloco A",
		"numero": 636,
		"bairro": "Guará II",
		"cidade": "Brasília",
		"estado": "DF",
		"telefone_fixo": "(61) 2862-9713",
		"celular": "(61) 98195-6404",
		"altura": "1,86",
		"peso": 96,
		"tipo_sanguineo": "A+",
		"cor": "verde"
	},
	{
		"nome": "Emanuelly Clarice Sabrina Costa",
		"idade": 30,
		"cpf": "741.574.551-50",
		"rg": "12.194.082-2",
		"data_nasc": "05/01/1993",
		"sexo": "Feminino",
		"signo": "Capricórnio",
		"mae": "Priscila Daiane Maria",
		"pai": "Bento Kauê Costa",
		"email": "emanuellyclaricecosta@atento.com.br",
		"senha": "sn1ZKXFumK",
		"cep": "71250-005",
		"endereco": "Setor SCIA Quadra 15 Conjunto 1",
		"numero": 578,
		"bairro": "Zona Industrial (Guará)",
		"cidade": "Brasília",
		"estado": "DF",
		"telefone_fixo": "(61) 2838-0630",
		"celular": "(61) 98483-5492",
		"altura": "1,58",
		"peso": 66,
		"tipo_sanguineo": "O-",
		"cor": "amarelo"
	},
	{
		"nome": "Diego Otávio Bento Araújo",
		"idade": 56,
		"cpf": "529.333.861-78",
		"rg": "37.053.257-0",
		"data_nasc": "06/02/1967",
		"sexo": "Masculino",
		"signo": "Aquário",
		"mae": "Sônia Bárbara Isabel",
		"pai": "Enrico Noah Caio Araújo",
		"email": "diego_otavio_araujo@mpeventos.com.br",
		"senha": "aMUfYiJ1Qw",
		"cep": "70658-212",
		"endereco": "Quadra SHCES Quadra 1201 Bloco B",
		"numero": 738,
		"bairro": "Cruzeiro Novo",
		"cidade": "Brasília",
		"estado": "DF",
		"telefone_fixo": "(61) 3609-4503",
		"celular": "(61) 99647-6240",
		"altura": "1,64",
		"peso": 105,
		"tipo_sanguineo": "B+",
		"cor": "verde"
	},
	{
		"nome": "Alícia Larissa Bernardes",
		"idade": 60,
		"cpf": "132.442.041-39",
		"rg": "23.919.903-0",
		"data_nasc": "09/01/1963",
		"sexo": "Feminino",
		"signo": "Capricórnio",
		"mae": "Luzia Manuela Tânia",
		"pai": "Fernando Iago Otávio Bernardes",
		"email": "alicia-bernardes95@novaes.me",
		"senha": "ogRygeEWgJ",
		"cep": "71660-715",
		"endereco": "Quadra SHIS QI 25 Chácaras 1 a 6",
		"numero": 136,
		"bairro": "Setor de Habitações Individuais Sul",
		"cidade": "Brasília",
		"estado": "DF",
		"telefone_fixo": "(61) 2512-1774",
		"celular": "(61) 99857-6283",
		"altura": "1,51",
		"peso": 88,
		"tipo_sanguineo": "A+",
		"cor": "preto"
	},
	{
		"nome": "Marcelo Gabriel da Silva",
		"idade": 66,
		"cpf": "238.641.711-56",
		"rg": "41.848.118-0",
		"data_nasc": "09/01/1957",
		"sexo": "Masculino",
		"signo": "Capricórnio",
		"mae": "Aurora Emilly",
		"pai": "Filipe Samuel Manoel da Silva",
		"email": "marcelogabrieldasilva@yahoo.fr",
		"senha": "xpxf2zNTf8",
		"cep": "72261-263",
		"endereco": "Quadra QNO 20 Conjunto C",
		"numero": 588,
		"bairro": "Ceilândia Norte (Ceilândia)",
		"cidade": "Brasília",
		"estado": "DF",
		"telefone_fixo": "(61) 2800-0560",
		"celular": "(61) 99885-5671",
		"altura": "1,81",
		"peso": 82,
		"tipo_sanguineo": "AB-",
		"cor": "roxo"
	},
	{
		"nome": "Nicolas Enrico Alves",
		"idade": 33,
		"cpf": "648.821.771-29",
		"rg": "46.657.346-7",
		"data_nasc": "07/01/1990",
		"sexo": "Masculino",
		"signo": "Capricórnio",
		"mae": "Isabela Sara",
		"pai": "Yuri Mário Luiz Alves",
		"email": "nicolas.enrico.alves@transporteveloz.com.br",
		"senha": "fjQstenOqC",
		"cep": "72145-809",
		"endereco": "Quadra QNM 38 Conjunto I",
		"numero": 131,
		"bairro": "Taguatinga Norte (Taguatinga)",
		"cidade": "Brasília",
		"estado": "DF",
		"telefone_fixo": "(61) 3855-0442",
		"celular": "(61) 98998-2914",
		"altura": "1,72",
		"peso": 80,
		"tipo_sanguineo": "A+",
		"cor": "azul"
	},
	{
		"nome": "Pietro Thales Marcos Vinicius Gonçalves",
		"idade": 63,
		"cpf": "744.506.101-05",
		"rg": "38.117.060-3",
		"data_nasc": "19/01/1960",
		"sexo": "Masculino",
		"signo": "Capricórnio",
		"mae": "Analu Yasmin Raimunda",
		"pai": "José Nathan Filipe Gonçalves",
		"email": "pietro-goncalves91@almaquinas.com.br",
		"senha": "5rxc5rOhk4",
		"cep": "70874-060",
		"endereco": "Quadra SQN 215 Bloco F",
		"numero": 390,
		"bairro": "Asa Norte",
		"cidade": "Brasília",
		"estado": "DF",
		"telefone_fixo": "(61) 3794-0529",
		"celular": "(61) 99940-5447",
		"altura": "1,68",
		"peso": 74,
		"tipo_sanguineo": "B-",
		"cor": "amarelo"
	}
]