[
	{
		"nome": "César Pedro Henrique Gomes",
		"idade": 37,
		"cpf": "997.520.311-61",
		"rg": "44.530.965-9",
		"data_nasc": "23/02/1986",
		"sexo": "Masculino",
		"signo": "Peixes",
		"mae": "Tereza Mariana",
		"pai": "Elias Sérgio Yuri Gomes",
		"email": "cesarpedrogomes@galpaoestofados.com.br",
		"senha": "KxckHS3zF2",
		"cep": "72301-505",
		"endereco": "Quadra QS 103 Conjunto 5",
		"numero": 986,
		"bairro": "Samambaia Sul (Samambaia)",
		"cidade": "Brasília",
		"estado": "DF",
		"telefone_fixo": "(61) 3507-6914",
		"celular": "(61) 98151-6330",
		"altura": "1,78",
		"peso": 105,
		"tipo_sanguineo": "O+",
		"cor": "laranja"
	},
	{
		"nome": "Pietra Betina Teixeira",
		"idade": 35,
		"cpf": "269.876.341-81",
		"rg": "45.275.581-5",
		"data_nasc": "19/02/1988",
		"sexo": "Feminino",
		"signo": "Aquário",
		"mae": "Sueli Bruna",
		"pai": "Heitor Renan Caio Teixeira",
		"email": "pietrabetinateixeira@ssala.com.br",
		"senha": "PikjlaiUdT",
		"cep": "72507-241",
		"endereco": "Quadra CL 407 Bloco A",
		"numero": 894,
		"bairro": "Santa Maria",
		"cidade": "Brasília",
		"estado": "DF",
		"telefone_fixo": "(61) 3819-3384",
		"celular": "(61) 98216-6610",
		"altura": "1,84",
		"peso": 70,
		"tipo_sanguineo": "A+",
		"cor": "laranja"
	},
	{
		"nome": "Regina Alessandra Moraes",
		"idade": 55,
		"cpf": "548.094.731-12",
		"rg": "17.261.930-0",
		"data_nasc": "24/02/1968",
		"sexo": "Feminino",
		"signo": "Peixes",
		"mae": "Carolina Lavínia",
		"pai": "Gabriel Raimundo Juan Moraes",
		"email": "regina_alessandra_moraes@prohaska.com.br",
		"senha": "neukf0TrMU",
		"cep": "70770-532",
		"endereco": "Quadra SCLRN 716 Bloco B",
		"numero": 422,
		"bairro": "Asa Norte",
		"cidade": "Brasília",
		"estado": "DF",
		"telefone_fixo": "(61) 3864-8242",
		"celular": "(61) 99576-4831",
		"altura": "1,56",
		"peso": 58,
		"tipo_sanguineo": "O-",
		"cor": "roxo"
	},
	{
		"nome": "Ricardo Levi Carlos Eduardo Assis",
		"idade": 57,
		"cpf": "577.505.391-58",
		"rg": "16.189.323-5",
		"data_nasc": "10/02/1966",
		"sexo": "Masculino",
		"signo": "Aquário",
		"mae": "Antonella Rayssa",
		"pai": "Luan Guilherme Assis",
		"email": "ricardo_levi_assis@solutionimoveis.com.br",
		"senha": "9DeaHp09Jp",
		"cep": "72738-007",
		"endereco": "Quadra Quadra 38 Conjunto G",
		"numero": 429,
		"bairro": "Vila São José (Brazlândia)",
		"cidade": "Brasília",
		"estado": "DF",
		"telefone_fixo": "(61) 2573-6328",
		"celular": "(61) 98557-3853",
		"altura": "1,99",
		"peso": 110,
		"tipo_sanguineo": "O-",
		"cor": "azul"
	},
	{
		"nome": "Diogo Sebastião Oliveira",
		"idade": 64,
		"cpf": "346.451.151-03",
		"rg": "31.229.335-5",
		"data_nasc": "07/01/1959",
		"sexo": "Masculino",
		"signo": "Capricórnio",
		"mae": "Rafaela Maya Lavínia",
		"pai": "Nicolas Raimundo Oliveira",
		"email": "diogo-oliveira95@iega.com.br",
		"senha": "gyREsAegwT",
		"cep": "71590-638",
		"endereco": "Quadra QL 4 Conjunto F",
		"numero": 665,
		"bairro": "Itapoã II",
		"cidade": "Brasília",
		"estado": "DF",
		"telefone_fixo": "(61) 3998-8267",
		"celular": "(61) 99224-9593",
		"altura": "1,97",
		"peso": 93,
		"tipo_sanguineo": "AB+",
		"cor": "roxo"
	},
	{
		"nome": "Gustavo Marcos Vinicius Ferreira",
		"idade": 64,
		"cpf": "579.259.651-42",
		"rg": "43.091.051-4",
		"data_nasc": "06/02/1959",
		"sexo": "Masculino",
		"signo": "Aquário",
		"mae": "Sabrina Rita Julia",
		"pai": "Kevin Severino Ferreira",
		"email": "gustavo_marcos_ferreira@rgsa.com.br",
		"senha": "3LzjQZRN6o",
		"cep": "72265-090",
		"endereco": "Quadra Quadra 9",
		"numero": 780,
		"bairro": "Setor Industrial (Ceilândia)",
		"cidade": "Brasília",
		"estado": "DF",
		"telefone_fixo": "(61) 3894-4052",
		"celular": "(61) 99550-5356",
		"altura": "1,93",
		"peso": 51,
		"tipo_sanguineo": "AB+",
		"cor": "preto"
	},
	{
		"nome": "Ryan Fernando Thales Lopes",
		"idade": 50,
		"cpf": "260.001.481-00",
		"rg": "40.989.548-9",
		"data_nasc": "10/02/1973",
		"sexo": "Masculino",
		"signo": "Aquário",
		"mae": "Francisca Sarah Daiane",
		"pai": "Kaique Luan Lopes",
		"email": "ryanfernandolopes@indaseg.com.br",
		"senha": "FM5L7EfPxW",
		"cep": "72241-110",
		"endereco": "Quadra QNP 11 Conjunto J",
		"numero": 366,
		"bairro": "Ceilândia Norte (Ceilândia)",
		"cidade": "Brasília",
		"estado": "DF",
		"telefone_fixo": "(61) 2628-5495",
		"celular": "(61) 99610-1579",
		"altura": "1,64",
		"peso": 95,
		"tipo_sanguineo": "B-",
		"cor": "amarelo"
	},
	{
		"nome": "Clara Alessandra Almeida",
		"idade": 68,
		"cpf": "546.664.891-42",
		"rg": "41.829.865-8",
		"data_nasc": "25/01/1955",
		"sexo": "Feminino",
		"signo": "Aquário",
		"mae": "Carolina Vanessa",
		"pai": "Fábio Matheus Anderson Almeida",
		"email": "clara.alessandra.almeida@bravo.com.br",
		"senha": "zwOfF656Ul",
		"cep": "70089-000",
		"endereco": "Estação Rodoviária de Brasília",
		"numero": 516,
		"bairro": "Zona Cívico-Administrativa",
		"cidade": "Brasília",
		"estado": "DF",
		"telefone_fixo": "(61) 2787-7300",
		"celular": "(61) 99726-2728",
		"altura": "1,71",
		"peso": 73,
		"tipo_sanguineo": "AB+",
		"cor": "preto"
	},
	{
		"nome": "Liz Lívia Isabella Lima",
		"idade": 42,
		"cpf": "753.834.041-63",
		"rg": "49.555.823-0",
		"data_nasc": "17/02/1981",
		"sexo": "Feminino",
		"signo": "Aquário",
		"mae": "Allana Fernanda Sônia",
		"pai": "Iago Márcio Lima",
		"email": "liz-lima82@ocaconsultoria.com",
		"senha": "3eZTn8tmG2",
		"cep": "70351-712",
		"endereco": "Quadra SHIGS 707 Bloco L",
		"numero": 576,
		"bairro": "Asa Sul",
		"cidade": "Brasília",
		"estado": "DF",
		"telefone_fixo": "(61) 3657-7374",
		"celular": "(61) 98199-7950",
		"altura": "1,77",
		"peso": 59,
		"tipo_sanguineo": "AB-",
		"cor": "laranja"
	},
	{
		"nome": "Renato Raul Cardoso",
		"idade": 32,
		"cpf": "867.102.821-63",
		"rg": "21.066.109-4",
		"data_nasc": "19/02/1991",
		"sexo": "Masculino",
		"signo": "Aquário",
		"mae": "Isabella Jaqueline",
		"pai": "Mateus Renato Cardoso",
		"email": "renato.raul.cardoso@3cfast.com.br",
		"senha": "8BcF38zNLi",
		"cep": "72005-227",
		"endereco": "Rua Rua 1 Chácara 21B",
		"numero": 821,
		"bairro": "Setor Habitacional Vicente Pires",
		"cidade": "Brasília",
		"estado": "DF",
		"telefone_fixo": "(61) 2844-9884",
		"celular": "(61) 98873-6616",
		"altura": "1,77",
		"peso": 87,
		"tipo_sanguineo": "AB-",
		"cor": "preto"
	},
	{
		"nome": "Kaique Hugo Eduardo da Mata",
		"idade": 43,
		"cpf": "071.729.311-49",
		"rg": "26.835.743-2",
		"data_nasc": "01/01/1980",
		"sexo": "Masculino",
		"signo": "Capricórnio",
		"mae": "Elisa Hadassa",
		"pai": "Igor Benedito Ricardo da Mata",
		"email": "kaiquehugodamata@liv.com",
		"senha": "cQks7I7xXF",
		"cep": "70673-060",
		"endereco": "Quadra SQSW 300 Bloco S",
		"numero": 100,
		"bairro": "Setor Sudoeste",
		"cidade": "Brasília",
		"estado": "DF",
		"telefone_fixo": "(61) 2977-8546",
		"celular": "(61) 99858-9237",
		"altura": "1,65",
		"peso": 85,
		"tipo_sanguineo": "O+",
		"cor": "vermelho"
	},
	{
		"nome": "Mariah Carla Gonçalves",
		"idade": 22,
		"cpf": "111.235.481-61",
		"rg": "42.723.517-0",
		"data_nasc": "05/01/2001",
		"sexo": "Feminino",
		"signo": "Capricórnio",
		"mae": "Isabella Daniela Hadassa",
		"pai": "Julio Ian Yago Gonçalves",
		"email": "mariahcarlagoncalves@fransystems.com.br",
		"senha": "iFhQj9jCCz",
		"cep": "71576-105",
		"endereco": "Quadra Quadra 43 Conjunto A",
		"numero": 476,
		"bairro": "Paranoá",
		"cidade": "Brasília",
		"estado": "DF",
		"telefone_fixo": "(61) 2962-0828",
		"celular": "(61) 99568-7485",
		"altura": "1,80",
		"peso": 59,
		"tipo_sanguineo": "O+",
		"cor": "vermelho"
	},
	{
		"nome": "Rita Antonella Betina Viana",
		"idade": 47,
		"cpf": "323.940.341-22",
		"rg": "25.396.560-3",
		"data_nasc": "23/01/1976",
		"sexo": "Feminino",
		"signo": "Aquário",
		"mae": "Clarice Laís",
		"pai": "Lorenzo Nathan Viana",
		"email": "rita.antonella.viana@formigueiromaquinas.com.br",
		"senha": "qPjMmsoOpc",
		"cep": "71880-161",
		"endereco": "Quadra QN 8E Conjunto 1",
		"numero": 767,
		"bairro": "Riacho Fundo II",
		"cidade": "Brasília",
		"estado": "DF",
		"telefone_fixo": "(61) 2816-0305",
		"celular": "(61) 98224-2608",
		"altura": "1,77",
		"peso": 67,
		"tipo_sanguineo": "AB-",
		"cor": "laranja"
	},
	{
		"nome": "Thomas Yuri Peixoto",
		"idade": 25,
		"cpf": "007.670.581-19",
		"rg": "40.356.824-9",
		"data_nasc": "06/02/1998",
		"sexo": "Masculino",
		"signo": "Aquário",
		"mae": "Esther Malu Cecília",
		"pai": "Manuel Giovanni Carlos Peixoto",
		"email": "thomas_yuri_peixoto@fepextrusao.com.br",
		"senha": "j166P99N3L",
		"cep": "71699-571",
		"endereco": "Quadra QC 10 Rua D",
		"numero": 362,
		"bairro": "Jardins Mangueiral (São Sebastião)",
		"cidade": "Brasília",
		"estado": "DF",
		"telefone_fixo": "(61) 2730-7226",
		"celular": "(61) 98866-5477",
		"altura": "1,61",
		"peso": 85,
		"tipo_sanguineo": "O-",
		"cor": "vermelho"
	},
	{
		"nome": "Levi Carlos Eduardo Felipe Ribeiro",
		"idade": 38,
		"cpf": "599.822.711-56",
		"rg": "34.055.135-5",
		"data_nasc": "01/01/1985",
		"sexo": "Masculino",
		"signo": "Capricórnio",
		"mae": "Vera Melissa",
		"pai": "Tiago Edson Kevin Ribeiro",
		"email": "levi.carlos.ribeiro@fortlar.com.br",
		"senha": "57WkFokuRN",
		"cep": "72235-801",
		"endereco": "Quadra QNP 28 Conjunto A",
		"numero": 630,
		"bairro": "Ceilândia Sul (Ceilândia)",
		"cidade": "Brasília",
		"estado": "DF",
		"telefone_fixo": "(61) 3527-8362",
		"celular": "(61) 99889-5142",
		"altura": "1,74",
		"peso": 71,
		"tipo_sanguineo": "B-",
		"cor": "roxo"
	},
	{
		"nome": "Alexandre Renato da Costa",
		"idade": 19,
		"cpf": "973.796.701-15",
		"rg": "21.692.237-9",
		"data_nasc": "12/01/2004",
		"sexo": "Masculino",
		"signo": "Capricórnio",
		"mae": "Laura Fabiana Caroline",
		"pai": "Tiago Henrique Giovanni da Costa",
		"email": "alexandre_renato_dacosta@centrooleo.com.br",
		"senha": "Ukel8efRDx",
		"cep": "72156-100",
		"endereco": "Quadra QNL 10",
		"numero": 494,
		"bairro": "Taguatinga Norte (Taguatinga)",
		"cidade": "Brasília",
		"estado": "DF",
		"telefone_fixo": "(61) 2505-7389",
		"celular": "(61) 98851-6018",
		"altura": "1,99",
		"peso": 59,
		"tipo_sanguineo": "O+",
		"cor": "preto"
	},
	{
		"nome": "Allana Luiza Pereira",
		"idade": 45,
		"cpf": "916.261.021-04",
		"rg": "12.289.256-2",
		"data_nasc": "02/02/1978",
		"sexo": "Feminino",
		"signo": "Aquário",
		"mae": "Manuela Laura",
		"pai": "Yago Geraldo Pereira",
		"email": "allana_pereira@tonyveiculos.com.br",
		"senha": "b58izUJe90",
		"cep": "70737-040",
		"endereco": "Quadra SQN 305 Bloco D",
		"numero": 677,
		"bairro": "Asa Norte",
		"cidade": "Brasília",
		"estado": "DF",
		"telefone_fixo": "(61) 3627-8287",
		"celular": "(61) 99740-2211",
		"altura": "1,77",
		"peso": 48,
		"tipo_sanguineo": "AB-",
		"cor": "azul"
	},
	{
		"nome": "Arthur Manoel da Rocha",
		"idade": 60,
		"cpf": "621.064.491-00",
		"rg": "19.897.987-3",
		"data_nasc": "10/02/1963",
		"sexo": "Masculino",
		"signo": "Aquário",
		"mae": "Renata Rafaela",
		"pai": "Theo Benjamin Nathan da Rocha",
		"email": "arthurmanoeldarocha@ladder.com.br",
		"senha": "CwFbSnp1Wr",
		"cep": "72428-413",
		"endereco": "Núcleo Rural Casa Grande Módulo 12 MA - 11",
		"numero": 446,
		"bairro": "Ponte Alta (Gama)",
		"cidade": "Brasília",
		"estado": "DF",
		"telefone_fixo": "(61) 3936-5104",
		"celular": "(61) 99341-2859",
		"altura": "1,71",
		"peso": 78,
		"tipo_sanguineo": "B-",
		"cor": "preto"
	},
	{
		"nome": "Lucas Emanuel Souza",
		"idade": 41,
		"cpf": "407.805.711-00",
		"rg": "36.614.498-4",
		"data_nasc": "13/01/1982",
		"sexo": "Masculino",
		"signo": "Capricórnio",
		"mae": "Sueli Isadora Elisa",
		"pai": "Arthur Tiago Hugo Souza",
		"email": "lucas.emanuel.souza@fixacomunicacao.com.br",
		"senha": "Sai3r7tAGX",
		"cep": "71536-050",
		"endereco": "Trecho Trecho 02 Chácara 69",
		"numero": 696,
		"bairro": "Setor de Habitações Individuais Norte",
		"cidade": "Brasília",
		"estado": "DF",
		"telefone_fixo": "(61) 3963-4511",
		"celular": "(61) 98709-9078",
		"altura": "1,75",
		"peso": 99,
		"tipo_sanguineo": "A+",
		"cor": "vermelho"
	},
	{
		"nome": "Nicole Isis Raimunda das Neves",
		"idade": 58,
		"cpf": "770.823.641-05",
		"rg": "41.614.058-0",
		"data_nasc": "14/02/1965",
		"sexo": "Feminino",
		"signo": "Aquário",
		"mae": "Clarice Rosângela",
		"pai": "Gustavo Gabriel Cauã das Neves",
		"email": "nicole-dasneves81@jbtc.com",
		"senha": "3NZRXk17ri",
		"cep": "72428-653",
		"endereco": "Núcleo Rural Casa Grande Módulo 16 MA - 11",
		"numero": 724,
		"bairro": "Ponte Alta (Gama)",
		"cidade": "Brasília",
		"estado": "DF",
		"telefone_fixo": "(61) 2993-1476",
		"celular": "(61) 99941-2271",
		"altura": "1,75",
		"peso": 49,
		"tipo_sanguineo": "B-",
		"cor": "verde"
	},
	{
		"nome": "Laura Isabela Alves",
		"idade": 30,
		"cpf": "927.360.111-12",
		"rg": "45.172.136-6",
		"data_nasc": "16/02/1993",
		"sexo": "Feminino",
		"signo": "Aquário",
		"mae": "Elaine Larissa Stella",
		"pai": "Pedro Henrique Geraldo Alves",
		"email": "laura_alves@temavonfeccaosjc.com.br",
		"senha": "EN007zblcP",
		"cep": "72006-206",
		"endereco": "Rua Rua 4A Blocos 2 e 3",
		"numero": 447,
		"bairro": "Setor Habitacional Vicente Pires",
		"cidade": "Brasília",
		"estado": "DF",
		"telefone_fixo": "(61) 2772-0678",
		"celular": "(61) 99304-0664",
		"altura": "1,51",
		"peso": 67,
		"tipo_sanguineo": "B-",
		"cor": "preto"
	},
	{
		"nome": "Letícia Isabela Antônia de Paula",
		"idade": 60,
		"cpf": "211.872.711-95",
		"rg": "37.037.066-1",
		"data_nasc": "01/02/1963",
		"sexo": "Feminino",
		"signo": "Aquário",
		"mae": "Rita Marli Julia",
		"pai": "Enzo Victor de Paula",
		"email": "leticia.isabela.depaula@policiacivil.sp.gov.br",
		"senha": "ULC3DpNmR4",
		"cep": "71882-275",
		"endereco": "Quadra QC 6 Conjunto 25",
		"numero": 312,
		"bairro": "Riacho Fundo II",
		"cidade": "Brasília",
		"estado": "DF",
		"telefone_fixo": "(61) 2764-6466",
		"celular": "(61) 98238-2905",
		"altura": "1,83",
		"peso": 62,
		"tipo_sanguineo": "AB-",
		"cor": "preto"
	},
	{
		"nome": "Elias Filipe Edson Pires",
		"idade": 58,
		"cpf": "446.597.831-62",
		"rg": "25.623.179-5",
		"data_nasc": "24/01/1965",
		"sexo": "Masculino",
		"signo": "Aquário",
		"mae": "Fabiana Fátima",
		"pai": "Yuri Bernardo Pires",
		"email": "eliasfilipepires@paae.com.br",
		"senha": "1F5bL0cnJh",
		"cep": "72578-690",
		"endereco": "Chácara Chácaras 59",
		"numero": 952,
		"bairro": "Núcleo Rural Hortigranjeiro de Santa Maria",
		"cidade": "Brasília",
		"estado": "DF",
		"telefone_fixo": "(61) 3805-8810",
		"celular": "(61) 98931-4945",
		"altura": "1,98",
		"peso": 80,
		"tipo_sanguineo": "O+",
		"cor": "roxo"
	},
	{
		"nome": "Melissa Luiza da Rosa",
		"idade": 22,
		"cpf": "329.590.311-56",
		"rg": "33.849.807-2",
		"data_nasc": "20/01/2001",
		"sexo": "Feminino",
		"signo": "Capricórnio",
		"mae": "Daniela Renata Benedita",
		"pai": "Julio Gabriel da Rosa",
		"email": "melissa_darosa@duoarq.com",
		"senha": "WgmISk5TsM",
		"cep": "72020-030",
		"endereco": "Quadra QSD 3",
		"numero": 489,
		"bairro": "Taguatinga Sul (Taguatinga)",
		"cidade": "Brasília",
		"estado": "DF",
		"telefone_fixo": "(61) 3803-0725",
		"celular": "(61) 98144-6862",
		"altura": "1,71",
		"peso": 80,
		"tipo_sanguineo": "AB-",
		"cor": "vermelho"
	},
	{
		"nome": "Theo Benedito Almada",
		"idade": 27,
		"cpf": "087.152.031-15",
		"rg": "13.413.979-3",
		"data_nasc": "24/01/1996",
		"sexo": "Masculino",
		"signo": "Aquário",
		"mae": "Kamilly Heloisa Clarice",
		"pai": "Paulo Kaique Almada",
		"email": "theo_benedito_almada@salvadorlogistica.com.br",
		"senha": "ZAM59EzoWW",
		"cep": "72231-105",
		"endereco": "Quadra QNP 10 Conjunto E",
		"numero": 777,
		"bairro": "Ceilândia Sul (Ceilândia)",
		"cidade": "Brasília",
		"estado": "DF",
		"telefone_fixo": "(61) 2601-2140",
		"celular": "(61) 99322-8588",
		"altura": "1,93",
		"peso": 64,
		"tipo_sanguineo": "AB-",
		"cor": "roxo"
	},
	{
		"nome": "Elza Lorena Santos",
		"idade": 78,
		"cpf": "083.433.771-17",
		"rg": "41.555.458-5",
		"data_nasc": "03/01/1945",
		"sexo": "Feminino",
		"signo": "Capricórnio",
		"mae": "Olivia Cláudia Stefany",
		"pai": "Emanuel Daniel Victor Santos",
		"email": "elza.lorena.santos@machina8.com.br",
		"senha": "GdxizwIdzC",
		"cep": "71680-240",
		"endereco": "Conjunto SMDB Conjunto 24",
		"numero": 453,
		"bairro": "Setor de Mansões Dom Bosco",
		"cidade": "Brasília",
		"estado": "DF",
		"telefone_fixo": "(61) 2725-2618",
		"celular": "(61) 98747-0573",
		"altura": "1,77",
		"peso": 46,
		"tipo_sanguineo": "B-",
		"cor": "vermelho"
	},
	{
		"nome": "Beatriz Alice Nascimento",
		"idade": 80,
		"cpf": "402.505.981-91",
		"rg": "21.106.062-8",
		"data_nasc": "05/01/1943",
		"sexo": "Feminino",
		"signo": "Capricórnio",
		"mae": "Nina Tatiane",
		"pai": "Mário Carlos Nascimento",
		"email": "beatriz_nascimento@technicolor.com",
		"senha": "aYIwMbHtuP",
		"cep": "72327-556",
		"endereco": "Quadra QS 427 Conjunto F",
		"numero": 164,
		"bairro": "Samambaia Norte (Samambaia)",
		"cidade": "Brasília",
		"estado": "DF",
		"telefone_fixo": "(61) 2916-6127",
		"celular": "(61) 98942-2000",
		"altura": "1,55",
		"peso": 88,
		"tipo_sanguineo": "O-",
		"cor": "roxo"
	},
	{
		"nome": "Marcela Eloá da Conceição",
		"idade": 73,
		"cpf": "910.551.321-98",
		"rg": "22.220.116-2",
		"data_nasc": "27/01/1950",
		"sexo": "Feminino",
		"signo": "Aquário",
		"mae": "Rita Louise",
		"pai": "César Noah Leonardo da Conceição",
		"email": "marcela.eloa.daconceicao@engeseg.com.br",
		"senha": "e4nQdDjfzb",
		"cep": "70770-530",
		"endereco": "Quadra SCLRN 716",
		"numero": 138,
		"bairro": "Asa Norte",
		"cidade": "Brasília",
		"estado": "DF",
		"telefone_fixo": "(61) 3762-7834",
		"celular": "(61) 98308-5339",
		"altura": "1,56",
		"peso": 79,
		"tipo_sanguineo": "O+",
		"cor": "vermelho"
	},
	{
		"nome": "Jennifer Beatriz Porto",
		"idade": 22,
		"cpf": "146.575.281-14",
		"rg": "40.206.338-7",
		"data_nasc": "09/02/2001",
		"sexo": "Feminino",
		"signo": "Aquário",
		"mae": "Antonella Emilly Elza",
		"pai": "Geraldo Rafael Victor Porto",
		"email": "jennifer_beatriz_porto@jonhdeere.com",
		"senha": "1zDoeRGO0b",
		"cep": "70675-230",
		"endereco": "Quadra QRSW 2 Bloco B-10",
		"numero": 366,
		"bairro": "Setor Sudoeste",
		"cidade": "Brasília",
		"estado": "DF",
		"telefone_fixo": "(61) 3605-0921",
		"celular": "(61) 99318-4000",
		"altura": "1,60",
		"peso": 66,
		"tipo_sanguineo": "AB-",
		"cor": "verde"
	},
	{
		"nome": "Gabriela Clarice Ana Farias",
		"idade": 36,
		"cpf": "930.577.801-13",
		"rg": "32.885.563-7",
		"data_nasc": "15/01/1987",
		"sexo": "Feminino",
		"signo": "Capricórnio",
		"mae": "Rita Marina",
		"pai": "Cauã Kauê Danilo Farias",
		"email": "gabriela_clarice_farias@gerj.com.br",
		"senha": "0FwloqoNwN",
		"cep": "72241-307",
		"endereco": "Quadra QNP 13 Conjunto G",
		"numero": 960,
		"bairro": "Ceilândia Norte (Ceilândia)",
		"cidade": "Brasília",
		"estado": "DF",
		"telefone_fixo": "(61) 3855-0413",
		"celular": "(61) 98214-7186",
		"altura": "1,60",
		"peso": 74,
		"tipo_sanguineo": "B+",
		"cor": "vermelho"
	}
]