[
	{
		"nome": "Rodrigo Elias da Paz",
		"idade": 56,
		"cpf": "052.341.051-48",
		"rg": "10.640.842-2",
		"data_nasc": "01/01/1967",
		"sexo": "Masculino",
		"signo": "Capricórnio",
		"mae": "Mariana Rosa",
		"pai": "Eduardo Marcelo da Paz",
		"email": "rodrigo_dapaz@moppe.com.br",
		"senha": "fYIBDkXZY5",
		"cep": "70351-703",
		"endereco": "Quadra SHIGS 707 Bloco C",
		"numero": 367,
		"bairro": "Asa Sul",
		"cidade": "Brasília",
		"estado": "DF",
		"telefone_fixo": "(61) 2938-0845",
		"celular": "(61) 98940-6754",
		"altura": "1,83",
		"peso": 77,
		"tipo_sanguineo": "A+",
		"cor": "azul"
	},
	{
		"nome": "Yasmin Amanda Bianca Duarte",
		"idade": 65,
		"cpf": "388.009.281-88",
		"rg": "11.607.584-3",
		"data_nasc": "15/01/1958",
		"sexo": "Feminino",
		"signo": "Capricórnio",
		"mae": "Malu Betina Allana",
		"pai": "Manuel Manuel Duarte",
		"email": "yasmin_amanda_duarte@poli.ufrj.br",
		"senha": "NDEmZJEpz5",
		"cep": "71010-021",
		"endereco": "Quadra QE 2 Bloco B",
		"numero": 240,
		"bairro": "Guará I",
		"cidade": "Brasília",
		"estado": "DF",
		"telefone_fixo": "(61) 2909-2991",
		"celular": "(61) 98244-5320",
		"altura": "1,63",
		"peso": 83,
		"tipo_sanguineo": "O-",
		"cor": "laranja"
	},
	{
		"nome": "Iago Sérgio Gabriel da Luz",
		"idade": 75,
		"cpf": "127.798.811-00",
		"rg": "35.860.362-6",
		"data_nasc": "23/02/1948",
		"sexo": "Masculino",
		"signo": "Peixes",
		"mae": "Marina Camila",
		"pai": "Carlos Eduardo Daniel Bernardo da Luz",
		"email": "iagosergiodaluz@metraseg.com.br",
		"senha": "UyPk5mwJII",
		"cep": "72260-637",
		"endereco": "Quadra QNO 16 Conjunto 37",
		"numero": 198,
		"bairro": "Ceilândia Norte (Ceilândia)",
		"cidade": "Brasília",
		"estado": "DF",
		"telefone_fixo": "(61) 2934-2673",
		"celular": "(61) 98526-5032",
		"altura": "1,60",
		"peso": 91,
		"tipo_sanguineo": "B+",
		"cor": "azul"
	},
	{
		"nome": "Luís Francisco Novaes",
		"idade": 76,
		"cpf": "552.663.441-80",
		"rg": "50.318.120-1",
		"data_nasc": "14/02/1947",
		"sexo": "Masculino",
		"signo": "Aquário",
		"mae": "Olivia Isabelle Francisca",
		"pai": "Sérgio Theo Mário Novaes",
		"email": "luisfrancisconovaes@htmail.com",
		"senha": "ed9mXaWjnY",
		"cep": "73081-180",
		"endereco": "Quadra QMS 34",
		"numero": 925,
		"bairro": "Setor de Mansões de Sobradinho",
		"cidade": "Brasília",
		"estado": "DF",
		"telefone_fixo": "(61) 3612-2616",
		"celular": "(61) 98198-7179",
		"altura": "1,67",
		"peso": 70,
		"tipo_sanguineo": "O+",
		"cor": "azul"
	},
	{
		"nome": "Gabriel Márcio Roberto Alves",
		"idade": 59,
		"cpf": "582.775.081-66",
		"rg": "31.936.734-4",
		"data_nasc": "10/02/1964",
		"sexo": "Masculino",
		"signo": "Aquário",
		"mae": "Alana Letícia",
		"pai": "André Carlos Eduardo Tiago Alves",
		"email": "gabriel.marcio.alves@dicid.com.br",
		"senha": "DMKUD7QCUp",
		"cep": "71505-250",
		"endereco": "Quadra SHIN QI 3 Conjunto 5",
		"numero": 740,
		"bairro": "Setor de Habitações Individuais Norte",
		"cidade": "Brasília",
		"estado": "DF",
		"telefone_fixo": "(61) 2983-8654",
		"celular": "(61) 99255-7444",
		"altura": "1,72",
		"peso": 100,
		"tipo_sanguineo": "AB-",
		"cor": "verde"
	},
	{
		"nome": "Diogo Lucca Rafael Nascimento",
		"idade": 23,
		"cpf": "446.890.701-05",
		"rg": "19.179.263-9",
		"data_nasc": "04/01/2000",
		"sexo": "Masculino",
		"signo": "Capricórnio",
		"mae": "Heloise Tânia",
		"pai": "Bento Gustavo Filipe Nascimento",
		"email": "diogo.lucca.nascimento@latapack.com.br",
		"senha": "9X8NEaeJ2o",
		"cep": "72548-508",
		"endereco": "Quadra QR 218 Conjunto H",
		"numero": 599,
		"bairro": "Santa Maria",
		"cidade": "Brasília",
		"estado": "DF",
		"telefone_fixo": "(61) 3718-6796",
		"celular": "(61) 99580-2282",
		"altura": "1,92",
		"peso": 68,
		"tipo_sanguineo": "A-",
		"cor": "verde"
	},
	{
		"nome": "Henrique Vicente Giovanni Souza",
		"idade": 50,
		"cpf": "831.934.071-35",
		"rg": "48.239.140-6",
		"data_nasc": "23/02/1973",
		"sexo": "Masculino",
		"signo": "Peixes",
		"mae": "Mariana Elaine Clarice",
		"pai": "Elias Igor Kauê Souza",
		"email": "henrique-souza97@unicohost.com.br",
		"senha": "HYS8JugRca",
		"cep": "71015-226",
		"endereco": "Quadra QI 20 Conjunto V",
		"numero": 486,
		"bairro": "Guará I",
		"cidade": "Brasília",
		"estado": "DF",
		"telefone_fixo": "(61) 3846-0700",
		"celular": "(61) 98498-5386",
		"altura": "1,72",
		"peso": 53,
		"tipo_sanguineo": "O+",
		"cor": "amarelo"
	},
	{
		"nome": "Tomás Gabriel Emanuel Fogaça",
		"idade": 56,
		"cpf": "684.171.171-80",
		"rg": "32.184.991-7",
		"data_nasc": "16/01/1967",
		"sexo": "Masculino",
		"signo": "Capricórnio",
		"mae": "Bruna Teresinha Luna",
		"pai": "Lucas Ruan Fogaça",
		"email": "tomas-fogaca91@ddfnet.com.br",
		"senha": "nZF2uFxyir",
		"cep": "71882-162",
		"endereco": "Quadra QC 4 Conjunto 12",
		"numero": 777,
		"bairro": "Riacho Fundo II",
		"cidade": "Brasília",
		"estado": "DF",
		"telefone_fixo": "(61) 3790-8648",
		"celular": "(61) 99932-4476",
		"altura": "1,92",
		"peso": 87,
		"tipo_sanguineo": "AB+",
		"cor": "roxo"
	},
	{
		"nome": "Maria Josefa Heloise Bernardes",
		"idade": 27,
		"cpf": "841.295.031-38",
		"rg": "49.922.837-6",
		"data_nasc": "06/02/1996",
		"sexo": "Feminino",
		"signo": "Aquário",
		"mae": "Heloise Helena Allana",
		"pai": "Daniel Eduardo Raul Bernardes",
		"email": "maria.josefa.bernardes@amure.com.br",
		"senha": "9FhNBP9ib5",
		"cep": "72305-404",
		"endereco": "Quadra QN 307 Conjunto 4",
		"numero": 530,
		"bairro": "Samambaia Sul (Samambaia)",
		"cidade": "Brasília",
		"estado": "DF",
		"telefone_fixo": "(61) 3830-9202",
		"celular": "(61) 99972-2113",
		"altura": "1,79",
		"peso": 49,
		"tipo_sanguineo": "AB-",
		"cor": "roxo"
	},
	{
		"nome": "Isadora Vitória Pereira",
		"idade": 63,
		"cpf": "014.582.351-22",
		"rg": "38.736.505-9",
		"data_nasc": "18/02/1960",
		"sexo": "Feminino",
		"signo": "Aquário",
		"mae": "Olivia Rayssa Lúcia",
		"pai": "Pedro Tiago Igor Pereira",
		"email": "isadora_vitoria_pereira@xerocopiadora.com.br",
		"senha": "sqcTWpxnYN",
		"cep": "73340-717",
		"endereco": "Quadra Quadra A Conjunto A-7",
		"numero": 155,
		"bairro": "Vila Nossa Senhora de Fátima (Planaltina)",
		"cidade": "Brasília",
		"estado": "DF",
		"telefone_fixo": "(61) 3896-8902",
		"celular": "(61) 99781-9702",
		"altura": "1,51",
		"peso": 68,
		"tipo_sanguineo": "B-",
		"cor": "verde"
	},
	{
		"nome": "Sarah Mariana da Conceição",
		"idade": 38,
		"cpf": "477.700.501-11",
		"rg": "14.238.938-9",
		"data_nasc": "10/01/1985",
		"sexo": "Feminino",
		"signo": "Capricórnio",
		"mae": "Manuela Elisa",
		"pai": "Heitor Felipe Kaique da Conceição",
		"email": "sarah.mariana.daconceicao@portoweb.com.br",
		"senha": "1sQFXpFJLM",
		"cep": "71575-220",
		"endereco": "Quadra Quadra 37 Conjunto D",
		"numero": 749,
		"bairro": "Paranoá",
		"cidade": "Brasília",
		"estado": "DF",
		"telefone_fixo": "(61) 3753-5996",
		"celular": "(61) 98302-9878",
		"altura": "1,77",
		"peso": 65,
		"tipo_sanguineo": "B+",
		"cor": "verde"
	},
	{
		"nome": "Helena Sueli Gomes",
		"idade": 23,
		"cpf": "025.465.281-65",
		"rg": "42.158.099-9",
		"data_nasc": "23/01/2000",
		"sexo": "Feminino",
		"signo": "Aquário",
		"mae": "Mariana Isabel Raimunda",
		"pai": "Enrico Diego Gomes",
		"email": "helena.sueli.gomes@bds.com.br",
		"senha": "3b0B2RTcmx",
		"cep": "71065-904",
		"endereco": "QI 31 Lote 07",
		"numero": 465,
		"bairro": "Guará II",
		"cidade": "Brasília",
		"estado": "DF",
		"telefone_fixo": "(61) 3558-5355",
		"celular": "(61) 99975-1426",
		"altura": "1,70",
		"peso": 54,
		"tipo_sanguineo": "B+",
		"cor": "preto"
	},
	{
		"nome": "Marlene Ayla Joana dos Santos",
		"idade": 29,
		"cpf": "169.315.201-05",
		"rg": "33.637.524-4",
		"data_nasc": "06/02/1994",
		"sexo": "Feminino",
		"signo": "Aquário",
		"mae": "Isis Alessandra Melissa",
		"pai": "Raul Victor Erick dos Santos",
		"email": "marleneayladossantos@iclud.com",
		"senha": "yF7FP6RLz4",
		"cep": "71573-027",
		"endereco": "Quadra Quadra 30 Conjunto G",
		"numero": 721,
		"bairro": "Paranoá",
		"cidade": "Brasília",
		"estado": "DF",
		"telefone_fixo": "(61) 2530-1754",
		"celular": "(61) 98728-1249",
		"altura": "1,61",
		"peso": 59,
		"tipo_sanguineo": "O-",
		"cor": "preto"
	},
	{
		"nome": "Brenda Flávia Ribeiro",
		"idade": 45,
		"cpf": "609.968.251-18",
		"rg": "10.656.194-7",
		"data_nasc": "23/01/1978",
		"sexo": "Feminino",
		"signo": "Aquário",
		"mae": "Gabrielly Aline Lavínia",
		"pai": "Mateus José Bento Ribeiro",
		"email": "brenda.flavia.ribeiro@piemme.com.br",
		"senha": "aOhwNDoWgS",
		"cep": "71691-120",
		"endereco": "Rua 15",
		"numero": 467,
		"bairro": "Setor Tradicional (São Sebastião)",
		"cidade": "Brasília",
		"estado": "DF",
		"telefone_fixo": "(61) 2802-6340",
		"celular": "(61) 99669-8818",
		"altura": "1,50",
		"peso": 59,
		"tipo_sanguineo": "O+",
		"cor": "laranja"
	},
	{
		"nome": "Brenda Elaine Moraes",
		"idade": 68,
		"cpf": "362.707.731-80",
		"rg": "19.805.972-3",
		"data_nasc": "16/02/1955",
		"sexo": "Feminino",
		"signo": "Aquário",
		"mae": "Camila Milena Mariane",
		"pai": "Juan Mateus Victor Moraes",
		"email": "brenda-moraes99@viacorte.com.br",
		"senha": "uuBRfN6z9Q",
		"cep": "71070-122",
		"endereco": "Quadra QE 40 Conjunto L",
		"numero": 894,
		"bairro": "Guará II",
		"cidade": "Brasília",
		"estado": "DF",
		"telefone_fixo": "(61) 2871-2009",
		"celular": "(61) 98219-1056",
		"altura": "1,75",
		"peso": 88,
		"tipo_sanguineo": "B-",
		"cor": "preto"
	},
	{
		"nome": "Márcia Sueli Brito",
		"idade": 61,
		"cpf": "818.702.361-90",
		"rg": "31.388.435-3",
		"data_nasc": "15/01/1962",
		"sexo": "Feminino",
		"signo": "Capricórnio",
		"mae": "Kamilly Patrícia Priscila",
		"pai": "Davi João Brito",
		"email": "marcia_brito@milimoveis.com.br",
		"senha": "gzud5e8z16",
		"cep": "71993-080",
		"endereco": "Conjunto SHA Conjunto 1 Chácara 14",
		"numero": 216,
		"bairro": "Setor Habitacional Arniqueira (Águas Claras)",
		"cidade": "Brasília",
		"estado": "DF",
		"telefone_fixo": "(61) 3792-3868",
		"celular": "(61) 98287-5896",
		"altura": "1,66",
		"peso": 60,
		"tipo_sanguineo": "B+",
		"cor": "verde"
	},
	{
		"nome": "Nicole Eloá Lívia Silveira",
		"idade": 53,
		"cpf": "413.767.521-07",
		"rg": "46.935.131-7",
		"data_nasc": "13/01/1970",
		"sexo": "Feminino",
		"signo": "Capricórnio",
		"mae": "Beatriz Lúcia Sueli",
		"pai": "Yago Elias Silveira",
		"email": "nicole_eloa_silveira@vectrausinagem.com.br",
		"senha": "zrl8fqeqP2",
		"cep": "72548-224",
		"endereco": "Quadra CL 218 Bloco D",
		"numero": 786,
		"bairro": "Santa Maria",
		"cidade": "Brasília",
		"estado": "DF",
		"telefone_fixo": "(61) 2575-5020",
		"celular": "(61) 98290-4095",
		"altura": "1,77",
		"peso": 88,
		"tipo_sanguineo": "B+",
		"cor": "amarelo"
	},
	{
		"nome": "Pedro Henrique Giovanni Henry Rocha",
		"idade": 38,
		"cpf": "391.355.201-40",
		"rg": "20.476.590-0",
		"data_nasc": "27/01/1985",
		"sexo": "Masculino",
		"signo": "Aquário",
		"mae": "Rayssa Agatha",
		"pai": "Pedro Kaique Rocha",
		"email": "pedro.henrique.rocha@sp.gov.br",
		"senha": "OSpWym3DHZ",
		"cep": "71070-406",
		"endereco": "Quadra QE 40 Área Especial 6A",
		"numero": 853,
		"bairro": "Guará II",
		"cidade": "Brasília",
		"estado": "DF",
		"telefone_fixo": "(61) 2835-9011",
		"celular": "(61) 98575-3586",
		"altura": "1,76",
		"peso": 72,
		"tipo_sanguineo": "AB+",
		"cor": "laranja"
	},
	{
		"nome": "Vitor Elias Aparício",
		"idade": 61,
		"cpf": "586.007.671-13",
		"rg": "44.218.388-4",
		"data_nasc": "10/02/1962",
		"sexo": "Masculino",
		"signo": "Aquário",
		"mae": "Isabela Amanda Luana",
		"pai": "Marcos José Igor Aparício",
		"email": "vitoreliasaparicio@agrosb.com.br",
		"senha": "e59UgQGJBI",
		"cep": "72595-350",
		"endereco": "Condomínio Santa Bárbara",
		"numero": 803,
		"bairro": "Setor Habitacional Tororó (Santa Maria)",
		"cidade": "Brasília",
		"estado": "DF",
		"telefone_fixo": "(61) 2680-7425",
		"celular": "(61) 98925-8694",
		"altura": "1,89",
		"peso": 86,
		"tipo_sanguineo": "AB-",
		"cor": "roxo"
	},
	{
		"nome": "Cláudia Stefany Aparecida Lima",
		"idade": 28,
		"cpf": "653.080.381-55",
		"rg": "11.761.295-9",
		"data_nasc": "25/02/1995",
		"sexo": "Feminino",
		"signo": "Peixes",
		"mae": "Eduarda Jaqueline Julia",
		"pai": "Márcio Julio Caio Lima",
		"email": "claudia_stefany_lima@imail.com",
		"senha": "Yw65UhMnLB",
		"cep": "70770-739",
		"endereco": "Quadra SHCGN 716 Bloco I",
		"numero": 357,
		"bairro": "Asa Norte",
		"cidade": "Brasília",
		"estado": "DF",
		"telefone_fixo": "(61) 3510-9243",
		"celular": "(61) 98976-0470",
		"altura": "1,53",
		"peso": 85,
		"tipo_sanguineo": "O-",
		"cor": "laranja"
	},
	{
		"nome": "Lorenzo André Lopes",
		"idade": 38,
		"cpf": "772.380.931-03",
		"rg": "14.053.160-9",
		"data_nasc": "19/01/1985",
		"sexo": "Masculino",
		"signo": "Capricórnio",
		"mae": "Giovana Sandra",
		"pai": "Marcos Vinicius Nathan Sérgio Lopes",
		"email": "lorenzo_lopes@itatiaia.net",
		"senha": "U62BT2QQyi",
		"cep": "70675-107",
		"endereco": "Quadra QRSW 1 Bloco A-7",
		"numero": 878,
		"bairro": "Setor Sudoeste",
		"cidade": "Brasília",
		"estado": "DF",
		"telefone_fixo": "(61) 2733-3654",
		"celular": "(61) 98881-3456",
		"altura": "1,92",
		"peso": 66,
		"tipo_sanguineo": "A+",
		"cor": "azul"
	},
	{
		"nome": "Nair Marcela Malu Fernandes",
		"idade": 35,
		"cpf": "187.546.451-40",
		"rg": "35.302.677-3",
		"data_nasc": "14/01/1988",
		"sexo": "Feminino",
		"signo": "Capricórnio",
		"mae": "Josefa Josefa",
		"pai": "Osvaldo Paulo Augusto Fernandes",
		"email": "nair_marcela_fernandes@univap.br",
		"senha": "Bm4z9jcyON",
		"cep": "72241-310",
		"endereco": "Quadra QNP 13 Conjunto J",
		"numero": 986,
		"bairro": "Ceilândia Norte (Ceilândia)",
		"cidade": "Brasília",
		"estado": "DF",
		"telefone_fixo": "(61) 3674-8752",
		"celular": "(61) 99183-0497",
		"altura": "1,85",
		"peso": 62,
		"tipo_sanguineo": "B-",
		"cor": "azul"
	},
	{
		"nome": "Henry Ryan Drumond",
		"idade": 55,
		"cpf": "923.577.641-47",
		"rg": "43.972.009-6",
		"data_nasc": "01/02/1968",
		"sexo": "Masculino",
		"signo": "Aquário",
		"mae": "Larissa Benedita",
		"pai": "Benjamin Luís Juan Drumond",
		"email": "henry.ryan.drumond@attglobal.net",
		"senha": "2sQI6PONEg",
		"cep": "71572-209",
		"endereco": "Avenida Paranoá Bloco 16",
		"numero": 690,
		"bairro": "Paranoá",
		"cidade": "Brasília",
		"estado": "DF",
		"telefone_fixo": "(61) 3821-7616",
		"celular": "(61) 98859-2234",
		"altura": "1,84",
		"peso": 58,
		"tipo_sanguineo": "B-",
		"cor": "preto"
	},
	{
		"nome": "Filipe Lucca André Martins",
		"idade": 74,
		"cpf": "946.705.261-03",
		"rg": "21.911.594-1",
		"data_nasc": "16/01/1949",
		"sexo": "Masculino",
		"signo": "Capricórnio",
		"mae": "Tânia Lorena Benedita",
		"pai": "Vicente Lucca Marcos Martins",
		"email": "filipe.lucca.martins@yohoo.com.br",
		"senha": "q7sDWXYY4d",
		"cep": "71256-050",
		"endereco": "Quadra Quadra 4 Conjunto 8",
		"numero": 310,
		"bairro": "Setor Oeste (Vila Estrutural - Guará)",
		"cidade": "Brasília",
		"estado": "DF",
		"telefone_fixo": "(61) 3894-7449",
		"celular": "(61) 98880-3592",
		"altura": "1,90",
		"peso": 70,
		"tipo_sanguineo": "AB-",
		"cor": "vermelho"
	},
	{
		"nome": "Martin Vinicius Sérgio Oliveira",
		"idade": 39,
		"cpf": "625.758.631-39",
		"rg": "28.040.128-0",
		"data_nasc": "05/02/1984",
		"sexo": "Masculino",
		"signo": "Aquário",
		"mae": "Mariana Priscila Nair",
		"pai": "Thales Augusto Oliveira",
		"email": "martin_oliveira@boll.com.br",
		"senha": "Q4rW8ghpo3",
		"cep": "70380-715",
		"endereco": "Quadra SHIGS 713 Bloco O",
		"numero": 125,
		"bairro": "Asa Sul",
		"cidade": "Brasília",
		"estado": "DF",
		"telefone_fixo": "(61) 3530-9618",
		"celular": "(61) 98935-5009",
		"altura": "1,83",
		"peso": 108,
		"tipo_sanguineo": "AB-",
		"cor": "laranja"
	},
	{
		"nome": "Sebastiana Heloise Eloá Almeida",
		"idade": 46,
		"cpf": "035.923.431-30",
		"rg": "23.459.638-7",
		"data_nasc": "21/02/1977",
		"sexo": "Feminino",
		"signo": "Peixes",
		"mae": "Jaqueline Isabela Stefany",
		"pai": "Manuel Mateus Francisco Almeida",
		"email": "sebastiana_almeida@bessa.net.br",
		"senha": "KKZlEp0SrM",
		"cep": "72320-316",
		"endereco": "Quadra QI 416 Bloco F",
		"numero": 204,
		"bairro": "Samambaia Norte (Samambaia)",
		"cidade": "Brasília",
		"estado": "DF",
		"telefone_fixo": "(61) 3550-4423",
		"celular": "(61) 98432-8259",
		"altura": "1,52",
		"peso": 73,
		"tipo_sanguineo": "A-",
		"cor": "amarelo"
	},
	{
		"nome": "Levi Emanuel Vicente da Rocha",
		"idade": 76,
		"cpf": "674.440.081-91",
		"rg": "25.612.919-8",
		"data_nasc": "07/01/1947",
		"sexo": "Masculino",
		"signo": "Capricórnio",
		"mae": "Bianca Carolina Malu",
		"pai": "Murilo Thales Henry da Rocha",
		"email": "levi_emanuel_darocha@jcoronel.com.br",
		"senha": "J7lgdCsAgH",
		"cep": "70256-220",
		"endereco": "Quadra SQS 407 Bloco V",
		"numero": 827,
		"bairro": "Asa Sul",
		"cidade": "Brasília",
		"estado": "DF",
		"telefone_fixo": "(61) 3759-3879",
		"celular": "(61) 99933-8820",
		"altura": "1,90",
		"peso": 89,
		"tipo_sanguineo": "A-",
		"cor": "vermelho"
	},
	{
		"nome": "Alessandra Lavínia Pinto",
		"idade": 53,
		"cpf": "422.794.741-31",
		"rg": "26.706.466-4",
		"data_nasc": "18/02/1970",
		"sexo": "Feminino",
		"signo": "Aquário",
		"mae": "Gabrielly Marcela",
		"pai": "Gabriel Paulo Anthony Pinto",
		"email": "alessandralaviniapinto@arysta.com.br",
		"senha": "CAf6hXAg5u",
		"cep": "71881-177",
		"endereco": "Quadra QN 14F Conjunto 7",
		"numero": 161,
		"bairro": "Riacho Fundo II",
		"cidade": "Brasília",
		"estado": "DF",
		"telefone_fixo": "(61) 2694-5913",
		"celular": "(61) 98728-8902",
		"altura": "1,51",
		"peso": 79,
		"tipo_sanguineo": "O-",
		"cor": "preto"
	},
	{
		"nome": "Esther Priscila Dias",
		"idade": 61,
		"cpf": "091.968.391-63",
		"rg": "38.789.435-4",
		"data_nasc": "03/01/1962",
		"sexo": "Feminino",
		"signo": "Capricórnio",
		"mae": "Vera Antônia Vanessa",
		"pai": "Ryan Thales Hugo Dias",
		"email": "esther_priscila_dias@institutodainfancia.com.br",
		"senha": "4c8jm7iDOs",
		"cep": "72225-031",
		"endereco": "Quadra QNN 3 Conjunto A",
		"numero": 974,
		"bairro": "Ceilândia Norte (Ceilândia)",
		"cidade": "Brasília",
		"estado": "DF",
		"telefone_fixo": "(61) 3713-9318",
		"celular": "(61) 99306-9788",
		"altura": "1,58",
		"peso": 72,
		"tipo_sanguineo": "AB-",
		"cor": "laranja"
	},
	{
		"nome": "Roberto Tiago Marcelo das Neves",
		"idade": 40,
		"cpf": "064.701.981-71",
		"rg": "43.319.491-1",
		"data_nasc": "15/01/1983",
		"sexo": "Masculino",
		"signo": "Capricórnio",
		"mae": "Alessandra Isis",
		"pai": "Benedito Luiz Paulo das Neves",
		"email": "roberto_dasneves@r7.com",
		"senha": "ukw3ThpbFo",
		"cep": "72602-300",
		"endereco": "Quadra Quadra 111",
		"numero": 258,
		"bairro": "Recanto das Emas",
		"cidade": "Brasília",
		"estado": "DF",
		"telefone_fixo": "(61) 2645-1753",
		"celular": "(61) 99470-6997",
		"altura": "1,73",
		"peso": 59,
		"tipo_sanguineo": "A+",
		"cor": "vermelho"
	}
]