[
	{
		"nome": "Isaac Raul Almada",
		"idade": 79,
		"cpf": "895.154.681-08",
		"rg": "48.912.255-3",
		"data_nasc": "22/02/1944",
		"sexo": "Masculino",
		"signo": "Peixes",
		"mae": "Andrea Elisa Flávia",
		"pai": "Renan Benício Giovanni Almada",
		"email": "isaac.raul.almada@recnev.com.br",
		"senha": "hiSGMQjtk0",
		"cep": "73330-151",
		"endereco": "Praça Coronel Salviano Monteiro",
		"numero": 607,
		"bairro": "Setor Tradicional (Planaltina)",
		"cidade": "Brasília",
		"estado": "DF",
		"telefone_fixo": "(61) 3625-0592",
		"celular": "(61) 99674-4430",
		"altura": "1,65",
		"peso": 82,
		"tipo_sanguineo": "AB-",
		"cor": "preto"
	},
	{
		"nome": "Hugo Filipe Guilherme Alves",
		"idade": 42,
		"cpf": "689.901.791-14",
		"rg": "49.599.231-8",
		"data_nasc": "01/02/1981",
		"sexo": "Masculino",
		"signo": "Aquário",
		"mae": "Ana Joana Teresinha",
		"pai": "Kevin Levi Alves",
		"email": "hugo_filipe_alves@grupoannaprado.com.br",
		"senha": "7QxbwA4Uts",
		"cep": "72705-054",
		"endereco": "Quadra Quadra 5 Rua D",
		"numero": 523,
		"bairro": "Setor Norte (Brazlândia)",
		"cidade": "Brasília",
		"estado": "DF",
		"telefone_fixo": "(61) 2888-3015",
		"celular": "(61) 98880-9670",
		"altura": "1,86",
		"peso": 63,
		"tipo_sanguineo": "A+",
		"cor": "vermelho"
	},
	{
		"nome": "Marcos Vinicius Jorge Hugo Cardoso",
		"idade": 36,
		"cpf": "101.036.921-00",
		"rg": "22.888.268-0",
		"data_nasc": "21/02/1987",
		"sexo": "Masculino",
		"signo": "Peixes",
		"mae": "Sebastiana Melissa Cláudia",
		"pai": "Eduardo Francisco Cardoso",
		"email": "marcos-cardoso75@acesse.net",
		"senha": "Bg0AigPei4",
		"cep": "73062-209",
		"endereco": "Quadra AR 12 Conjunto 9",
		"numero": 254,
		"bairro": "Setor Oeste (Sobradinho II)",
		"cidade": "Brasília",
		"estado": "DF",
		"telefone_fixo": "(61) 3958-1885",
		"celular": "(61) 99494-3209",
		"altura": "1,63",
		"peso": 68,
		"tipo_sanguineo": "AB-",
		"cor": "vermelho"
	},
	{
		"nome": "Manoel Henry da Rocha",
		"idade": 35,
		"cpf": "281.725.681-69",
		"rg": "50.132.133-0",
		"data_nasc": "21/01/1988",
		"sexo": "Masculino",
		"signo": "Aquário",
		"mae": "Marcela Sarah",
		"pai": "Arthur Giovanni da Rocha",
		"email": "manoel_henry_darocha@3dmaker.com.br",
		"senha": "icUK1o4Soi",
		"cep": "72015-927",
		"endereco": "CSA 3 Lote 16",
		"numero": 866,
		"bairro": "Taguatinga Sul (Taguatinga)",
		"cidade": "Brasília",
		"estado": "DF",
		"telefone_fixo": "(61) 2591-4645",
		"celular": "(61) 99503-9473",
		"altura": "1,81",
		"peso": 97,
		"tipo_sanguineo": "O+",
		"cor": "azul"
	},
	{
		"nome": "Vera Sarah Brito",
		"idade": 24,
		"cpf": "901.821.221-07",
		"rg": "14.247.707-2",
		"data_nasc": "18/01/1999",
		"sexo": "Feminino",
		"signo": "Capricórnio",
		"mae": "Ester Lorena",
		"pai": "Tomás Mário Gabriel Brito",
		"email": "verasarahbrito@tricoproducts.com.br",
		"senha": "a9TQLSEc1Z",
		"cep": "72151-606",
		"endereco": "Quadra QNL 15 Conjunto F",
		"numero": 733,
		"bairro": "Taguatinga Norte (Taguatinga)",
		"cidade": "Brasília",
		"estado": "DF",
		"telefone_fixo": "(61) 3688-5932",
		"celular": "(61) 99154-2306",
		"altura": "1,58",
		"peso": 81,
		"tipo_sanguineo": "B+",
		"cor": "verde"
	},
	{
		"nome": "André Carlos Novaes",
		"idade": 32,
		"cpf": "464.516.641-70",
		"rg": "28.809.910-2",
		"data_nasc": "08/02/1991",
		"sexo": "Masculino",
		"signo": "Aquário",
		"mae": "Vitória Sophie Isabella",
		"pai": "Nicolas Bento Carlos Novaes",
		"email": "andre_novaes@montcalm.com.br",
		"senha": "ea9Cpkl4cz",
		"cep": "70705-030",
		"endereco": "Quadra SHN Quadra 5 Bloco C",
		"numero": 987,
		"bairro": "Asa Norte",
		"cidade": "Brasília",
		"estado": "DF",
		"telefone_fixo": "(61) 3899-5242",
		"celular": "(61) 99511-6351",
		"altura": "1,97",
		"peso": 89,
		"tipo_sanguineo": "A+",
		"cor": "amarelo"
	},
	{
		"nome": "Elias Otávio Kauê Ferreira",
		"idade": 27,
		"cpf": "185.412.691-16",
		"rg": "12.926.157-9",
		"data_nasc": "04/02/1996",
		"sexo": "Masculino",
		"signo": "Aquário",
		"mae": "Joana Bárbara",
		"pai": "Igor Gustavo Pedro Ferreira",
		"email": "elias-ferreira99@domain.com.br",
		"senha": "df0YMmwj2A",
		"cep": "70673-052",
		"endereco": "Quadra SQSW 300 Bloco O",
		"numero": 843,
		"bairro": "Setor Sudoeste",
		"cidade": "Brasília",
		"estado": "DF",
		"telefone_fixo": "(61) 2541-3959",
		"celular": "(61) 98554-9795",
		"altura": "1,76",
		"peso": 85,
		"tipo_sanguineo": "AB+",
		"cor": "verde"
	},
	{
		"nome": "Cecília Olivia Corte Real",
		"idade": 71,
		"cpf": "106.739.641-16",
		"rg": "38.074.793-5",
		"data_nasc": "15/02/1952",
		"sexo": "Feminino",
		"signo": "Aquário",
		"mae": "Márcia Jéssica Priscila",
		"pai": "Benício Paulo Corte Real",
		"email": "cecilia_olivia_cortereal@idesc.com.br",
		"senha": "Md9nEhPd43",
		"cep": "71670-340",
		"endereco": "Quadra SHIS QI 28 Conjunto 14",
		"numero": 120,
		"bairro": "Setor de Habitações Individuais Sul",
		"cidade": "Brasília",
		"estado": "DF",
		"telefone_fixo": "(61) 3551-8753",
		"celular": "(61) 99628-3697",
		"altura": "1,69",
		"peso": 57,
		"tipo_sanguineo": "O+",
		"cor": "verde"
	},
	{
		"nome": "Analu Sophia Betina Moura",
		"idade": 34,
		"cpf": "175.622.231-22",
		"rg": "48.303.943-3",
		"data_nasc": "15/02/1989",
		"sexo": "Feminino",
		"signo": "Aquário",
		"mae": "Fátima Liz",
		"pai": "Ruan Jorge Moura",
		"email": "analu_sophia_moura@dominiozeladoria.com.br",
		"senha": "llZZZ19qMs",
		"cep": "70856-050",
		"endereco": "Quadra SQN 408 Bloco E",
		"numero": 805,
		"bairro": "Asa Norte",
		"cidade": "Brasília",
		"estado": "DF",
		"telefone_fixo": "(61) 3646-1027",
		"celular": "(61) 98707-6839",
		"altura": "1,71",
		"peso": 57,
		"tipo_sanguineo": "A-",
		"cor": "preto"
	},
	{
		"nome": "Bárbara Gabrielly Alessandra Assis",
		"idade": 37,
		"cpf": "146.142.801-70",
		"rg": "26.659.834-1",
		"data_nasc": "01/02/1986",
		"sexo": "Feminino",
		"signo": "Aquário",
		"mae": "Ana Priscila Rosa",
		"pai": "Fernando Julio Assis",
		"email": "barbara.gabrielly.assis@gilbertorodrigues.com",
		"senha": "h2dFze6O98",
		"cep": "72003-310",
		"endereco": "Rua Rua 8 Chácara 15",
		"numero": 203,
		"bairro": "Vila São José (Vicente Pires)",
		"cidade": "Brasília",
		"estado": "DF",
		"telefone_fixo": "(61) 3527-4840",
		"celular": "(61) 99330-6716",
		"altura": "1,67",
		"peso": 56,
		"tipo_sanguineo": "B+",
		"cor": "verde"
	},
	{
		"nome": "Eduarda Esther Porto",
		"idade": 78,
		"cpf": "449.187.291-00",
		"rg": "27.096.247-5",
		"data_nasc": "15/02/1945",
		"sexo": "Feminino",
		"signo": "Aquário",
		"mae": "Helena Isabela Kamilly",
		"pai": "Pietro Giovanni Vitor Porto",
		"email": "eduardaestherporto@hydropowermc.com.br",
		"senha": "STF6EQiIpU",
		"cep": "70274-500",
		"endereco": "Quadra CLS 211",
		"numero": 655,
		"bairro": "Asa Sul",
		"cidade": "Brasília",
		"estado": "DF",
		"telefone_fixo": "(61) 3744-1127",
		"celular": "(61) 99423-7691",
		"altura": "1,82",
		"peso": 70,
		"tipo_sanguineo": "O-",
		"cor": "vermelho"
	},
	{
		"nome": "Isabel Helena Jéssica Araújo",
		"idade": 58,
		"cpf": "926.795.491-12",
		"rg": "23.043.928-7",
		"data_nasc": "08/02/1965",
		"sexo": "Feminino",
		"signo": "Aquário",
		"mae": "Lorena Allana",
		"pai": "Vinicius Manuel Vitor Araújo",
		"email": "isabel_araujo@picolotoengenharia.com.br",
		"senha": "bsghMj8kfK",
		"cep": "70645-115",
		"endereco": "Quadra SRES Quadra 12 Bloco K",
		"numero": 126,
		"bairro": "Cruzeiro Velho",
		"cidade": "Brasília",
		"estado": "DF",
		"telefone_fixo": "(61) 3996-3918",
		"celular": "(61) 99447-2215",
		"altura": "1,74",
		"peso": 69,
		"tipo_sanguineo": "O+",
		"cor": "amarelo"
	},
	{
		"nome": "Filipe Victor Sérgio da Luz",
		"idade": 42,
		"cpf": "516.534.771-05",
		"rg": "31.744.631-9",
		"data_nasc": "21/01/1981",
		"sexo": "Masculino",
		"signo": "Aquário",
		"mae": "Isabelle Aparecida Fabiana",
		"pai": "Ryan Carlos Eduardo Renato da Luz",
		"email": "filipe-daluz86@huggoromano.com",
		"senha": "JejA3RSdUU",
		"cep": "72270-604",
		"endereco": "Quadra QNQ 6 Conjunto 4",
		"numero": 883,
		"bairro": "Ceilândia Norte (Ceilândia)",
		"cidade": "Brasília",
		"estado": "DF",
		"telefone_fixo": "(61) 3855-7617",
		"celular": "(61) 98678-4721",
		"altura": "1,84",
		"peso": 99,
		"tipo_sanguineo": "B-",
		"cor": "laranja"
	},
	{
		"nome": "Filipe Marcos Vinicius Pedro Sales",
		"idade": 55,
		"cpf": "541.965.741-49",
		"rg": "31.145.476-8",
		"data_nasc": "21/01/1968",
		"sexo": "Masculino",
		"signo": "Aquário",
		"mae": "Mariana Sônia Laura",
		"pai": "Benjamin Gustavo Sales",
		"email": "filipe-sales72@gruposeteestrelas.com.br",
		"senha": "DOds4DXZOp",
		"cep": "72507-232",
		"endereco": "Quadra CL 307 Bloco B",
		"numero": 206,
		"bairro": "Santa Maria",
		"cidade": "Brasília",
		"estado": "DF",
		"telefone_fixo": "(61) 2675-6485",
		"celular": "(61) 99575-5707",
		"altura": "1,74",
		"peso": 74,
		"tipo_sanguineo": "B+",
		"cor": "vermelho"
	},
	{
		"nome": "Pedro Henrique Sérgio Costa",
		"idade": 27,
		"cpf": "191.987.091-19",
		"rg": "29.825.809-2",
		"data_nasc": "19/02/1996",
		"sexo": "Masculino",
		"signo": "Aquário",
		"mae": "Giovana Renata Eliane",
		"pai": "Edson Thomas Costa",
		"email": "pedro_henrique_costa@ygui.com.br",
		"senha": "MklN4JAXZO",
		"cep": "72579-140",
		"endereco": "Chácara Chácara 14",
		"numero": 482,
		"bairro": "Condomínio Chácaras Ana Maria (Santa Maria)",
		"cidade": "Brasília",
		"estado": "DF",
		"telefone_fixo": "(61) 3759-5814",
		"celular": "(61) 99873-2486",
		"altura": "1,97",
		"peso": 76,
		"tipo_sanguineo": "O-",
		"cor": "vermelho"
	},
	{
		"nome": "Caleb Joaquim Santos",
		"idade": 22,
		"cpf": "195.650.821-06",
		"rg": "12.978.112-5",
		"data_nasc": "16/02/2001",
		"sexo": "Masculino",
		"signo": "Aquário",
		"mae": "Débora Jennifer",
		"pai": "Paulo Cláudio Calebe Santos",
		"email": "caleb-santos73@pelozo.com.br",
		"senha": "wSycAPZlmy",
		"cep": "70766-080",
		"endereco": "Quadra SQN 313 Bloco H",
		"numero": 680,
		"bairro": "Asa Norte",
		"cidade": "Brasília",
		"estado": "DF",
		"telefone_fixo": "(61) 2947-7832",
		"celular": "(61) 99837-3900",
		"altura": "1,72",
		"peso": 101,
		"tipo_sanguineo": "A+",
		"cor": "amarelo"
	},
	{
		"nome": "Emily Laís Julia Gomes",
		"idade": 64,
		"cpf": "287.789.461-40",
		"rg": "18.723.781-5",
		"data_nasc": "24/01/1959",
		"sexo": "Feminino",
		"signo": "Aquário",
		"mae": "Luciana Rosângela",
		"pai": "Geraldo Diego Gomes",
		"email": "emily-gomes86@campanati.com.br",
		"senha": "iBqUr5kZGX",
		"cep": "72220-202",
		"endereco": "Quadra QNN 20 Conjunto B",
		"numero": 551,
		"bairro": "Ceilândia Sul (Ceilândia)",
		"cidade": "Brasília",
		"estado": "DF",
		"telefone_fixo": "(61) 3583-8075",
		"celular": "(61) 99263-9211",
		"altura": "1,55",
		"peso": 81,
		"tipo_sanguineo": "O-",
		"cor": "amarelo"
	},
	{
		"nome": "Flávia Isabela Ayla Jesus",
		"idade": 76,
		"cpf": "866.341.901-51",
		"rg": "38.577.136-8",
		"data_nasc": "06/02/1947",
		"sexo": "Feminino",
		"signo": "Aquário",
		"mae": "Bruna Isabella",
		"pai": "Ruan Bento Leonardo Jesus",
		"email": "flavia_isabela_jesus@jcoronel.com.br",
		"senha": "AK4diF0N6g",
		"cep": "72020-170",
		"endereco": "Quadra QSD 17",
		"numero": 419,
		"bairro": "Taguatinga Sul (Taguatinga)",
		"cidade": "Brasília",
		"estado": "DF",
		"telefone_fixo": "(61) 2600-3229",
		"celular": "(61) 98597-1076",
		"altura": "1,58",
		"peso": 65,
		"tipo_sanguineo": "A-",
		"cor": "vermelho"
	},
	{
		"nome": "Ricardo Emanuel Teixeira",
		"idade": 24,
		"cpf": "387.716.291-65",
		"rg": "24.667.171-3",
		"data_nasc": "10/01/1999",
		"sexo": "Masculino",
		"signo": "Capricórnio",
		"mae": "Sueli Kamilly Lavínia",
		"pai": "Sérgio Cauê Teixeira",
		"email": "ricardo-teixeira85@focustg.com.br",
		"senha": "pLXzF12W6w",
		"cep": "73050-189",
		"endereco": "Quadra Quadra 18 Conjunto I",
		"numero": 262,
		"bairro": "Sobradinho",
		"cidade": "Brasília",
		"estado": "DF",
		"telefone_fixo": "(61) 2512-5777",
		"celular": "(61) 98533-3462",
		"altura": "1,93",
		"peso": 56,
		"tipo_sanguineo": "O+",
		"cor": "vermelho"
	},
	{
		"nome": "Jennifer Analu Lívia Pires",
		"idade": 56,
		"cpf": "891.088.441-00",
		"rg": "42.675.877-8",
		"data_nasc": "16/02/1967",
		"sexo": "Feminino",
		"signo": "Aquário",
		"mae": "Milena Beatriz",
		"pai": "Samuel Guilherme Pires",
		"email": "jennifer-pires99@bitco.cc",
		"senha": "qPgLdOpX0g",
		"cep": "70296-000",
		"endereco": "Quadra SQS 413",
		"numero": 391,
		"bairro": "Asa Sul",
		"cidade": "Brasília",
		"estado": "DF",
		"telefone_fixo": "(61) 2650-8783",
		"celular": "(61) 99163-2351",
		"altura": "1,55",
		"peso": 66,
		"tipo_sanguineo": "A-",
		"cor": "azul"
	},
	{
		"nome": "Jennifer Ana Raimunda da Conceição",
		"idade": 19,
		"cpf": "345.529.501-00",
		"rg": "38.684.836-1",
		"data_nasc": "16/02/2004",
		"sexo": "Feminino",
		"signo": "Aquário",
		"mae": "Marina Nair Sophie",
		"pai": "Noah Danilo da Conceição",
		"email": "jennifer_daconceicao@veloxmail.com.br",
		"senha": "7dyz5HwslI",
		"cep": "72602-111",
		"endereco": "Quadra Quadra 109 Conjunto 10",
		"numero": 555,
		"bairro": "Recanto das Emas",
		"cidade": "Brasília",
		"estado": "DF",
		"telefone_fixo": "(61) 3731-8698",
		"celular": "(61) 98940-7337",
		"altura": "1,76",
		"peso": 75,
		"tipo_sanguineo": "AB+",
		"cor": "verde"
	},
	{
		"nome": "Tatiane Luzia Marcela Pinto",
		"idade": 67,
		"cpf": "416.038.301-70",
		"rg": "14.959.345-4",
		"data_nasc": "04/01/1956",
		"sexo": "Feminino",
		"signo": "Capricórnio",
		"mae": "Brenda Isabella Cecília",
		"pai": "Gael Iago Pinto",
		"email": "tatiane-pinto89@ouplook.com",
		"senha": "jO0FGaaqC2",
		"cep": "71680-001",
		"endereco": "Área Especial SMDB Estação Ecológica Jardim Botânico de Brasília",
		"numero": 890,
		"bairro": "Setor de Mansões Dom Bosco",
		"cidade": "Brasília",
		"estado": "DF",
		"telefone_fixo": "(61) 3583-6702",
		"celular": "(61) 99738-6255",
		"altura": "1,72",
		"peso": 76,
		"tipo_sanguineo": "B+",
		"cor": "roxo"
	},
	{
		"nome": "Luzia Melissa Isabel Melo",
		"idade": 26,
		"cpf": "914.232.821-75",
		"rg": "49.098.250-5",
		"data_nasc": "20/02/1997",
		"sexo": "Feminino",
		"signo": "Peixes",
		"mae": "Clarice Sueli Malu",
		"pai": "César Guilherme Melo",
		"email": "luzia-melo87@commscope.com",
		"senha": "LW8ohdjq1U",
		"cep": "70296-180",
		"endereco": "Quadra SQS 413 Bloco R",
		"numero": 691,
		"bairro": "Asa Sul",
		"cidade": "Brasília",
		"estado": "DF",
		"telefone_fixo": "(61) 2780-3933",
		"celular": "(61) 99291-9778",
		"altura": "1,74",
		"peso": 73,
		"tipo_sanguineo": "A-",
		"cor": "vermelho"
	},
	{
		"nome": "Enzo Anderson Cauê Freitas",
		"idade": 74,
		"cpf": "553.094.161-37",
		"rg": "14.032.214-0",
		"data_nasc": "11/01/1949",
		"sexo": "Masculino",
		"signo": "Capricórnio",
		"mae": "Emily Ayla",
		"pai": "Noah Benício Freitas",
		"email": "enzo_freitas@tilapiareal.com.br",
		"senha": "zuXJLLxflA",
		"cep": "72322-812",
		"endereco": "Quadra QI 616 Conjunto B",
		"numero": 874,
		"bairro": "Samambaia Norte (Samambaia)",
		"cidade": "Brasília",
		"estado": "DF",
		"telefone_fixo": "(61) 2671-4743",
		"celular": "(61) 99480-5319",
		"altura": "1,96",
		"peso": 63,
		"tipo_sanguineo": "AB+",
		"cor": "preto"
	},
	{
		"nome": "Pietro Augusto Fogaça",
		"idade": 30,
		"cpf": "028.852.221-40",
		"rg": "32.292.089-9",
		"data_nasc": "06/02/1993",
		"sexo": "Masculino",
		"signo": "Aquário",
		"mae": "Tereza Melissa Josefa",
		"pai": "Mateus Isaac Fogaça",
		"email": "pietroaugustofogaca@email.tst",
		"senha": "ur7aBQt7sb",
		"cep": "72504-303",
		"endereco": "Quadra EQ 304/307 Módulo C",
		"numero": 294,
		"bairro": "Santa Maria",
		"cidade": "Brasília",
		"estado": "DF",
		"telefone_fixo": "(61) 2915-5927",
		"celular": "(61) 99685-3997",
		"altura": "1,82",
		"peso": 103,
		"tipo_sanguineo": "A-",
		"cor": "preto"
	},
	{
		"nome": "Patrícia Luzia da Mata",
		"idade": 19,
		"cpf": "721.604.211-54",
		"rg": "18.991.351-4",
		"data_nasc": "05/01/2004",
		"sexo": "Feminino",
		"signo": "Capricórnio",
		"mae": "Eliane Mariana Antonella",
		"pai": "Bernardo Tomás da Mata",
		"email": "patricia_damata@procivil.com.br",
		"senha": "jjg8uuU3A7",
		"cep": "71825-406",
		"endereco": "Quadra QS 14 Conjunto 6A",
		"numero": 688,
		"bairro": "Riacho Fundo I",
		"cidade": "Brasília",
		"estado": "DF",
		"telefone_fixo": "(61) 3802-5160",
		"celular": "(61) 99587-2308",
		"altura": "1,57",
		"peso": 49,
		"tipo_sanguineo": "B+",
		"cor": "preto"
	},
	{
		"nome": "Jennifer Mirella Adriana Figueiredo",
		"idade": 54,
		"cpf": "737.854.061-77",
		"rg": "42.607.642-4",
		"data_nasc": "24/02/1969",
		"sexo": "Feminino",
		"signo": "Peixes",
		"mae": "Tatiane Liz Emanuelly",
		"pai": "Lorenzo Benedito Figueiredo",
		"email": "jennifer-figueiredo76@arysta.com.br",
		"senha": "EFJfHACA82",
		"cep": "70295-050",
		"endereco": "Quadra SQS 216 Bloco E",
		"numero": 170,
		"bairro": "Asa Sul",
		"cidade": "Brasília",
		"estado": "DF",
		"telefone_fixo": "(61) 2738-4392",
		"celular": "(61) 99941-0146",
		"altura": "1,80",
		"peso": 62,
		"tipo_sanguineo": "B-",
		"cor": "roxo"
	},
	{
		"nome": "Sebastiana Julia Sophia Souza",
		"idade": 69,
		"cpf": "494.839.881-01",
		"rg": "37.016.920-7",
		"data_nasc": "15/02/1954",
		"sexo": "Feminino",
		"signo": "Aquário",
		"mae": "Francisca Rafaela Maitê",
		"pai": "Julio Luís Souza",
		"email": "sebastiana_souza@dicid.com.br",
		"senha": "GgUuxj5JLl",
		"cep": "72125-150",
		"endereco": "Quadra QNE 15",
		"numero": 276,
		"bairro": "Taguatinga Norte (Taguatinga)",
		"cidade": "Brasília",
		"estado": "DF",
		"telefone_fixo": "(61) 3792-6953",
		"celular": "(61) 99341-9986",
		"altura": "1,74",
		"peso": 64,
		"tipo_sanguineo": "A-",
		"cor": "azul"
	},
	{
		"nome": "Milena Giovanna Alícia Assunção",
		"idade": 32,
		"cpf": "973.278.811-90",
		"rg": "48.266.295-5",
		"data_nasc": "06/01/1991",
		"sexo": "Feminino",
		"signo": "Capricórnio",
		"mae": "Vanessa Caroline Luciana",
		"pai": "Gustavo Cláudio Isaac Assunção",
		"email": "milena.giovanna.assuncao@antunez.com.br",
		"senha": "OWa5qhKlNG",
		"cep": "72309-614",
		"endereco": "Quadra QR 323 Conjunto 14",
		"numero": 302,
		"bairro": "Samambaia Sul (Samambaia)",
		"cidade": "Brasília",
		"estado": "DF",
		"telefone_fixo": "(61) 2858-7559",
		"celular": "(61) 99242-2717",
		"altura": "1,70",
		"peso": 77,
		"tipo_sanguineo": "AB-",
		"cor": "laranja"
	},
	{
		"nome": "Ruan Ricardo Iago Vieira",
		"idade": 54,
		"cpf": "629.315.211-59",
		"rg": "42.703.183-7",
		"data_nasc": "03/01/1969",
		"sexo": "Masculino",
		"signo": "Capricórnio",
		"mae": "Rebeca Luana",
		"pai": "Yago Yuri Vieira",
		"email": "ruan-vieira85@ramiresmotors.com.br",
		"senha": "W0w9cCS2T3",
		"cep": "72710-070",
		"endereco": "Área Especial 6",
		"numero": 985,
		"bairro": "Setor Norte (Brazlândia)",
		"cidade": "Brasília",
		"estado": "DF",
		"telefone_fixo": "(61) 3685-6933",
		"celular": "(61) 99891-6771",
		"altura": "1,87",
		"peso": 72,
		"tipo_sanguineo": "B+",
		"cor": "preto"
	}
]