[
	{
		"nome": "Débora Márcia da Rosa",
		"idade": 57,
		"cpf": "774.218.151-71",
		"rg": "48.014.244-0",
		"data_nasc": "04/02/1966",
		"sexo": "Feminino",
		"signo": "Aquário",
		"mae": "Marcela Gabriela Isis",
		"pai": "Danilo Lucca da Rosa",
		"email": "debora.marcia.darosa@gilconsultoria.com.br",
		"senha": "71flDCm3gP",
		"cep": "72317-001",
		"endereco": "Quadra QR 521 Conjunto 1",
		"numero": 453,
		"bairro": "Samambaia Sul (Samambaia)",
		"cidade": "Brasília",
		"estado": "DF",
		"telefone_fixo": "(61) 3807-1928",
		"celular": "(61) 98715-2359",
		"altura": "1,62",
		"peso": 79,
		"tipo_sanguineo": "B-",
		"cor": "amarelo"
	},
	{
		"nome": "Bárbara Débora Regina Silva",
		"idade": 18,
		"cpf": "642.821.361-38",
		"rg": "43.914.992-7",
		"data_nasc": "22/02/2005",
		"sexo": "Feminino",
		"signo": "Peixes",
		"mae": "Débora Bruna",
		"pai": "Sérgio Carlos Silva",
		"email": "barbara_debora_silva@s2solucoes.com.br",
		"senha": "XABYIWyqob",
		"cep": "72320-026",
		"endereco": "Quadra QR 410 Conjunto 23",
		"numero": 136,
		"bairro": "Samambaia Norte (Samambaia)",
		"cidade": "Brasília",
		"estado": "DF",
		"telefone_fixo": "(61) 2893-3841",
		"celular": "(61) 98761-8999",
		"altura": "1,79",
		"peso": 67,
		"tipo_sanguineo": "B+",
		"cor": "preto"
	},
	{
		"nome": "Josefa Jennifer Alice Novaes",
		"idade": 49,
		"cpf": "708.877.111-03",
		"rg": "19.732.037-5",
		"data_nasc": "04/01/1974",
		"sexo": "Feminino",
		"signo": "Capricórnio",
		"mae": "Carolina Esther Liz",
		"pai": "César Calebe Márcio Novaes",
		"email": "josefa-novaes85@gilbertorodrigues.com",
		"senha": "42GUSyosyG",
		"cep": "70658-316",
		"endereco": "Quadra SHCES Quadra 1311 Bloco F",
		"numero": 746,
		"bairro": "Cruzeiro Novo",
		"cidade": "Brasília",
		"estado": "DF",
		"telefone_fixo": "(61) 3670-5496",
		"celular": "(61) 98410-5224",
		"altura": "1,60",
		"peso": 81,
		"tipo_sanguineo": "O-",
		"cor": "azul"
	},
	{
		"nome": "Sérgio Antonio Geraldo Ramos",
		"idade": 35,
		"cpf": "607.986.711-73",
		"rg": "23.339.286-5",
		"data_nasc": "03/02/1988",
		"sexo": "Masculino",
		"signo": "Aquário",
		"mae": "Rosa Andrea",
		"pai": "Henry Samuel Caio Ramos",
		"email": "sergio-ramos95@profiledesign.com.br",
		"senha": "SF2xuLtzbz",
		"cep": "70650-160",
		"endereco": "Quadra SHCES Quadra 105 Bloco J",
		"numero": 601,
		"bairro": "Cruzeiro Novo",
		"cidade": "Brasília",
		"estado": "DF",
		"telefone_fixo": "(61) 3606-1091",
		"celular": "(61) 99610-4100",
		"altura": "1,90",
		"peso": 82,
		"tipo_sanguineo": "AB+",
		"cor": "verde"
	},
	{
		"nome": "Helena Alessandra Galvão",
		"idade": 51,
		"cpf": "534.465.851-68",
		"rg": "30.850.512-8",
		"data_nasc": "27/01/1972",
		"sexo": "Feminino",
		"signo": "Aquário",
		"mae": "Melissa Pietra Emily",
		"pai": "Osvaldo Geraldo Galvão",
		"email": "helena_galvao@evolink.com.br",
		"senha": "zSrRaPHXBm",
		"cep": "72509-410",
		"endereco": "Quadra QR 209 Conjunto J",
		"numero": 163,
		"bairro": "Santa Maria",
		"cidade": "Brasília",
		"estado": "DF",
		"telefone_fixo": "(61) 3691-3140",
		"celular": "(61) 98601-9670",
		"altura": "1,81",
		"peso": 81,
		"tipo_sanguineo": "AB+",
		"cor": "vermelho"
	},
	{
		"nome": "Esther Tânia Campos",
		"idade": 61,
		"cpf": "219.522.671-45",
		"rg": "22.121.176-7",
		"data_nasc": "22/02/1962",
		"sexo": "Feminino",
		"signo": "Peixes",
		"mae": "Luiza Sueli Juliana",
		"pai": "José Lucca Severino Campos",
		"email": "esther-campos87@devuono.com.br",
		"senha": "Bo2ZQonqh4",
		"cep": "71996-410",
		"endereco": "Conjunto SHA Conjunto 6 Chácara 516",
		"numero": 870,
		"bairro": "Setor Habitacional Arniqueira (Águas Claras)",
		"cidade": "Brasília",
		"estado": "DF",
		"telefone_fixo": "(61) 3840-3172",
		"celular": "(61) 98430-9367",
		"altura": "1,78",
		"peso": 67,
		"tipo_sanguineo": "O-",
		"cor": "vermelho"
	},
	{
		"nome": "Pietro Gabriel Luan Baptista",
		"idade": 58,
		"cpf": "256.283.701-00",
		"rg": "10.773.007-8",
		"data_nasc": "16/02/1965",
		"sexo": "Masculino",
		"signo": "Aquário",
		"mae": "Vera Sueli Allana",
		"pai": "Samuel Eduardo Baptista",
		"email": "pietro_baptista@dgh.com.br",
		"senha": "E3gi42D3Ei",
		"cep": "72321-001",
		"endereco": "Quadra QR 407 Conjunto 1",
		"numero": 781,
		"bairro": "Samambaia Norte (Samambaia)",
		"cidade": "Brasília",
		"estado": "DF",
		"telefone_fixo": "(61) 2887-1968",
		"celular": "(61) 98101-1019",
		"altura": "1,85",
		"peso": 73,
		"tipo_sanguineo": "AB-",
		"cor": "verde"
	},
	{
		"nome": "Nicolas Felipe Peixoto",
		"idade": 63,
		"cpf": "568.854.301-96",
		"rg": "38.235.155-1",
		"data_nasc": "12/02/1960",
		"sexo": "Masculino",
		"signo": "Aquário",
		"mae": "Sara Mariana",
		"pai": "Giovanni Ryan Peixoto",
		"email": "nicolas-peixoto86@gmapst.com",
		"senha": "NnHoxyK30J",
		"cep": "72669-164",
		"endereco": "Condomínio Residencial Dom Pedro Quadra 8",
		"numero": 981,
		"bairro": "Recanto das Emas",
		"cidade": "Brasília",
		"estado": "DF",
		"telefone_fixo": "(61) 2516-9281",
		"celular": "(61) 99138-8795",
		"altura": "1,60",
		"peso": 63,
		"tipo_sanguineo": "B-",
		"cor": "roxo"
	},
	{
		"nome": "Esther Marlene Vitória Dias",
		"idade": 19,
		"cpf": "336.736.101-12",
		"rg": "26.474.249-7",
		"data_nasc": "23/01/2004",
		"sexo": "Feminino",
		"signo": "Aquário",
		"mae": "Letícia Cristiane",
		"pai": "Tiago Felipe César Dias",
		"email": "esther-dias89@officetectecnologia.com.br",
		"senha": "sfyLrSFgLW",
		"cep": "72313-704",
		"endereco": "Quadra QR 511 Conjunto 4",
		"numero": 480,
		"bairro": "Samambaia Sul (Samambaia)",
		"cidade": "Brasília",
		"estado": "DF",
		"telefone_fixo": "(61) 3719-9585",
		"celular": "(61) 99809-9705",
		"altura": "1,74",
		"peso": 73,
		"tipo_sanguineo": "B+",
		"cor": "azul"
	},
	{
		"nome": "Elisa Alana Maitê Corte Real",
		"idade": 70,
		"cpf": "569.248.451-00",
		"rg": "25.729.956-7",
		"data_nasc": "03/02/1953",
		"sexo": "Feminino",
		"signo": "Aquário",
		"mae": "Aline Cristiane",
		"pai": "Bento Benedito Mário Corte Real",
		"email": "elisa.alana.cortereal@gap.com.br",
		"senha": "ehaRgqYTl4",
		"cep": "70740-718",
		"endereco": "Quadra SHCGN 706 Bloco R",
		"numero": 298,
		"bairro": "Asa Norte",
		"cidade": "Brasília",
		"estado": "DF",
		"telefone_fixo": "(61) 3624-2979",
		"celular": "(61) 99342-2412",
		"altura": "1,65",
		"peso": 45,
		"tipo_sanguineo": "A-",
		"cor": "verde"
	},
	{
		"nome": "Manuel Davi Manoel Farias",
		"idade": 72,
		"cpf": "423.086.651-81",
		"rg": "42.710.213-3",
		"data_nasc": "22/01/1951",
		"sexo": "Masculino",
		"signo": "Aquário",
		"mae": "Daiane Olivia",
		"pai": "Eduardo Henry Osvaldo Farias",
		"email": "manuel-farias89@raioazul.com.br",
		"senha": "pGuBEWGDSW",
		"cep": "72504-212",
		"endereco": "Quadra CL 104 Bloco L",
		"numero": 863,
		"bairro": "Santa Maria",
		"cidade": "Brasília",
		"estado": "DF",
		"telefone_fixo": "(61) 2601-5185",
		"celular": "(61) 98184-8998",
		"altura": "1,98",
		"peso": 98,
		"tipo_sanguineo": "AB+",
		"cor": "vermelho"
	},
	{
		"nome": "Sônia Jaqueline Luna Vieira",
		"idade": 21,
		"cpf": "451.330.061-28",
		"rg": "12.396.537-8",
		"data_nasc": "14/01/2002",
		"sexo": "Feminino",
		"signo": "Capricórnio",
		"mae": "Isabella Patrícia",
		"pai": "Thomas Enzo João Vieira",
		"email": "sonia_jaqueline_vieira@albap.com.br",
		"senha": "GwLb78Y9fm",
		"cep": "71256-035",
		"endereco": "Quadra Quadra 4 Conjunto 5",
		"numero": 390,
		"bairro": "Setor Oeste (Vila Estrutural - Guará)",
		"cidade": "Brasília",
		"estado": "DF",
		"telefone_fixo": "(61) 2701-2733",
		"celular": "(61) 99785-0583",
		"altura": "1,77",
		"peso": 85,
		"tipo_sanguineo": "AB-",
		"cor": "amarelo"
	},
	{
		"nome": "Manuel Henrique Mendes",
		"idade": 72,
		"cpf": "326.257.731-62",
		"rg": "14.762.385-6",
		"data_nasc": "12/02/1951",
		"sexo": "Masculino",
		"signo": "Aquário",
		"mae": "Jennifer Sandra Débora",
		"pai": "Luís Calebe Mendes",
		"email": "manuel_henrique_mendes@brasfrutmanaus.com.br",
		"senha": "UkE5uB0pnT",
		"cep": "70094-900",
		"endereco": "Praça Municipal Lote 1 Bloco B",
		"numero": 377,
		"bairro": "Zona Cívico-Administrativa",
		"cidade": "Brasília",
		"estado": "DF",
		"telefone_fixo": "(61) 3778-8082",
		"celular": "(61) 98104-4093",
		"altura": "1,76",
		"peso": 83,
		"tipo_sanguineo": "B+",
		"cor": "amarelo"
	},
	{
		"nome": "Isabela Sônia Luzia da Mata",
		"idade": 21,
		"cpf": "696.231.701-81",
		"rg": "45.861.937-1",
		"data_nasc": "27/01/2002",
		"sexo": "Feminino",
		"signo": "Aquário",
		"mae": "Kamilly Laís Aline",
		"pai": "Raimundo Manoel da Mata",
		"email": "isabela.sonia.damata@scuderiagwr.com.br",
		"senha": "Cudz5mxXoH",
		"cep": "71969-360",
		"endereco": "Quadra QS 7 Rua 217",
		"numero": 318,
		"bairro": "Areal (Águas Claras)",
		"cidade": "Brasília",
		"estado": "DF",
		"telefone_fixo": "(61) 3785-8796",
		"celular": "(61) 99834-4165",
		"altura": "1,63",
		"peso": 58,
		"tipo_sanguineo": "O-",
		"cor": "verde"
	},
	{
		"nome": "Sophia Manuela Silveira",
		"idade": 30,
		"cpf": "924.145.611-65",
		"rg": "24.623.035-6",
		"data_nasc": "19/01/1993",
		"sexo": "Feminino",
		"signo": "Capricórnio",
		"mae": "Louise Isabelle Daiane",
		"pai": "Thomas Rodrigo Silveira",
		"email": "sophia_silveira@leanclean.com.br",
		"senha": "5yP2XMjICI",
		"cep": "71080-065",
		"endereco": "Colônia Agrícola Bernardo Sayão Chácara 10A",
		"numero": 410,
		"bairro": "Guará II",
		"cidade": "Brasília",
		"estado": "DF",
		"telefone_fixo": "(61) 3678-2748",
		"celular": "(61) 99968-2211",
		"altura": "1,85",
		"peso": 87,
		"tipo_sanguineo": "B-",
		"cor": "verde"
	},
	{
		"nome": "Carlos Eduardo Ruan Drumond",
		"idade": 23,
		"cpf": "577.235.371-31",
		"rg": "48.937.799-3",
		"data_nasc": "14/01/2000",
		"sexo": "Masculino",
		"signo": "Capricórnio",
		"mae": "Sara Lúcia Liz",
		"pai": "Luís Antonio Vicente Drumond",
		"email": "carloseduardodrumond@azevedoalves.com.br",
		"senha": "9K4zn6SiGX",
		"cep": "72748-003",
		"endereco": "Quadra Quadra 48 Conjunto C",
		"numero": 750,
		"bairro": "Vila São José (Brazlândia)",
		"cidade": "Brasília",
		"estado": "DF",
		"telefone_fixo": "(61) 2920-0900",
		"celular": "(61) 98253-8528",
		"altura": "1,90",
		"peso": 103,
		"tipo_sanguineo": "AB+",
		"cor": "amarelo"
	},
	{
		"nome": "Leandro Marcos Vinicius Fábio Barbosa",
		"idade": 70,
		"cpf": "444.012.731-25",
		"rg": "12.878.327-8",
		"data_nasc": "18/02/1953",
		"sexo": "Masculino",
		"signo": "Aquário",
		"mae": "Eliane Andrea Fabiana",
		"pai": "Matheus Bryan Matheus Barbosa",
		"email": "leandro.marcos.barbosa@cancaonova.com",
		"senha": "rzXJbsqN6y",
		"cep": "70610-215",
		"endereco": "Área Especial SPO Área Especial Conjunto 5",
		"numero": 572,
		"bairro": "Setor Policial Sul",
		"cidade": "Brasília",
		"estado": "DF",
		"telefone_fixo": "(61) 2774-9668",
		"celular": "(61) 98765-6855",
		"altura": "2,00",
		"peso": 97,
		"tipo_sanguineo": "O+",
		"cor": "laranja"
	},
	{
		"nome": "Lívia Luzia Freitas",
		"idade": 68,
		"cpf": "843.978.491-02",
		"rg": "28.535.924-1",
		"data_nasc": "09/02/1955",
		"sexo": "Feminino",
		"signo": "Aquário",
		"mae": "Ayla Brenda",
		"pai": "Bruno Paulo Freitas",
		"email": "livialuziafreitas@outershoes.com.br",
		"senha": "94rJudYHlp",
		"cep": "72215-586",
		"endereco": "Quadra EQNM 21/23 Bloco F",
		"numero": 982,
		"bairro": "Ceilândia Sul (Ceilândia)",
		"cidade": "Brasília",
		"estado": "DF",
		"telefone_fixo": "(61) 3668-5221",
		"celular": "(61) 98651-0419",
		"altura": "1,56",
		"peso": 79,
		"tipo_sanguineo": "O-",
		"cor": "preto"
	},
	{
		"nome": "Larissa Luana Rocha",
		"idade": 31,
		"cpf": "302.486.331-12",
		"rg": "22.077.152-2",
		"data_nasc": "23/02/1992",
		"sexo": "Feminino",
		"signo": "Peixes",
		"mae": "Luna Sophia",
		"pai": "Sebastião Marcos Rocha",
		"email": "larissa-rocha80@jglima.com.br",
		"senha": "X3WE9ItwQ4",
		"cep": "72490-050",
		"endereco": "Travessa dos Eucalíptos",
		"numero": 934,
		"bairro": "Cidade Nova (Gama)",
		"cidade": "Brasília",
		"estado": "DF",
		"telefone_fixo": "(61) 2873-2012",
		"celular": "(61) 99482-3548",
		"altura": "1,61",
		"peso": 79,
		"tipo_sanguineo": "A-",
		"cor": "laranja"
	},
	{
		"nome": "Yuri Filipe Moura",
		"idade": 40,
		"cpf": "645.035.341-49",
		"rg": "25.992.012-5",
		"data_nasc": "07/02/1983",
		"sexo": "Masculino",
		"signo": "Aquário",
		"mae": "Cláudia Lívia",
		"pai": "Igor Nicolas Moura",
		"email": "yuri.filipe.moura@fosjc.unesp.br",
		"senha": "4JAIh8pNLl",
		"cep": "72316-212",
		"endereco": "Quadra QR 210 Conjunto 11",
		"numero": 978,
		"bairro": "Samambaia Norte (Samambaia)",
		"cidade": "Brasília",
		"estado": "DF",
		"telefone_fixo": "(61) 3572-1686",
		"celular": "(61) 99121-1703",
		"altura": "1,69",
		"peso": 78,
		"tipo_sanguineo": "AB-",
		"cor": "amarelo"
	},
	{
		"nome": "Francisca Lorena Moreira",
		"idade": 21,
		"cpf": "285.726.131-45",
		"rg": "24.295.273-2",
		"data_nasc": "24/02/2002",
		"sexo": "Feminino",
		"signo": "Peixes",
		"mae": "Andreia Luiza Sônia",
		"pai": "Sebastião Leandro Pietro Moreira",
		"email": "francisca.lorena.moreira@eptv.com.br",
		"senha": "4IIkEUEaZy",
		"cep": "72329-012",
		"endereco": "Quadra QR 429 Conjunto 12",
		"numero": 565,
		"bairro": "Samambaia Norte (Samambaia)",
		"cidade": "Brasília",
		"estado": "DF",
		"telefone_fixo": "(61) 3546-6197",
		"celular": "(61) 99447-6314",
		"altura": "1,81",
		"peso": 73,
		"tipo_sanguineo": "AB-",
		"cor": "preto"
	},
	{
		"nome": "Mariana Benedita Brenda Fernandes",
		"idade": 49,
		"cpf": "522.644.781-79",
		"rg": "39.936.603-9",
		"data_nasc": "09/01/1974",
		"sexo": "Feminino",
		"signo": "Capricórnio",
		"mae": "Amanda Antonella Maitê",
		"pai": "Martin Arthur Nathan Fernandes",
		"email": "mariana-fernandes85@mourafiorito.com",
		"senha": "BzW2MGHcrU",
		"cep": "72302-526",
		"endereco": "Quadra QS 108 Conjunto 6",
		"numero": 636,
		"bairro": "Samambaia Sul (Samambaia)",
		"cidade": "Brasília",
		"estado": "DF",
		"telefone_fixo": "(61) 2770-8089",
		"celular": "(61) 98220-4700",
		"altura": "1,82",
		"peso": 57,
		"tipo_sanguineo": "AB+",
		"cor": "laranja"
	},
	{
		"nome": "Aurora Olivia Monteiro",
		"idade": 69,
		"cpf": "497.328.741-55",
		"rg": "22.317.852-4",
		"data_nasc": "02/01/1954",
		"sexo": "Feminino",
		"signo": "Capricórnio",
		"mae": "Marcela Natália",
		"pai": "Oliver Anthony Thomas Monteiro",
		"email": "aurora_monteiro@gestion.com.br",
		"senha": "0PPthrIE2K",
		"cep": "72312-310",
		"endereco": "Quadra QR 508 Conjunto 8",
		"numero": 297,
		"bairro": "Samambaia Sul (Samambaia)",
		"cidade": "Brasília",
		"estado": "DF",
		"telefone_fixo": "(61) 3825-3380",
		"celular": "(61) 99755-7232",
		"altura": "1,70",
		"peso": 80,
		"tipo_sanguineo": "B+",
		"cor": "laranja"
	},
	{
		"nome": "Calebe Manoel Nascimento",
		"idade": 59,
		"cpf": "938.931.121-70",
		"rg": "31.032.194-3",
		"data_nasc": "07/02/1964",
		"sexo": "Masculino",
		"signo": "Aquário",
		"mae": "Emily Sara Antonella",
		"pai": "Nelson Sérgio Tiago Nascimento",
		"email": "calebe.manoel.nascimento@click21.com.br",
		"senha": "I53nYEbWLY",
		"cep": "72155-613",
		"endereco": "Quadra QNL 6 Bloco C",
		"numero": 304,
		"bairro": "Taguatinga Norte (Taguatinga)",
		"cidade": "Brasília",
		"estado": "DF",
		"telefone_fixo": "(61) 3999-1677",
		"celular": "(61) 99624-7084",
		"altura": "1,60",
		"peso": 80,
		"tipo_sanguineo": "A+",
		"cor": "azul"
	},
	{
		"nome": "Luiza Elaine Elaine Souza",
		"idade": 65,
		"cpf": "660.651.621-83",
		"rg": "44.203.028-9",
		"data_nasc": "18/02/1958",
		"sexo": "Feminino",
		"signo": "Aquário",
		"mae": "Laís Raquel",
		"pai": "Carlos Eduardo Tomás Souza",
		"email": "luiza-souza91@googlemail.com",
		"senha": "eBxrbMlkNl",
		"cep": "72550-025",
		"endereco": "Quadra 2ª Etapa Quadra E",
		"numero": 561,
		"bairro": "Setor Habitacional Ribeirão (Santa Maria)",
		"cidade": "Brasília",
		"estado": "DF",
		"telefone_fixo": "(61) 2655-0374",
		"celular": "(61) 99382-0535",
		"altura": "1,51",
		"peso": 88,
		"tipo_sanguineo": "O+",
		"cor": "vermelho"
	},
	{
		"nome": "Guilherme Fernando das Neves",
		"idade": 49,
		"cpf": "054.247.291-00",
		"rg": "29.521.774-1",
		"data_nasc": "12/02/1974",
		"sexo": "Masculino",
		"signo": "Aquário",
		"mae": "Silvana Marlene",
		"pai": "Luiz Yago das Neves",
		"email": "guilherme_fernando_dasneves@alvesbarcelos.com.br",
		"senha": "U85LBnqEsM",
		"cep": "73021-002",
		"endereco": "Quadra Quadra 1 Área Especial 1",
		"numero": 864,
		"bairro": "Sobradinho",
		"cidade": "Brasília",
		"estado": "DF",
		"telefone_fixo": "(61) 2645-9871",
		"celular": "(61) 98149-9817",
		"altura": "1,97",
		"peso": 105,
		"tipo_sanguineo": "B-",
		"cor": "vermelho"
	},
	{
		"nome": "Nina Rosa Cardoso",
		"idade": 60,
		"cpf": "756.315.401-93",
		"rg": "47.502.411-4",
		"data_nasc": "21/01/1963",
		"sexo": "Feminino",
		"signo": "Aquário",
		"mae": "Isabelle Emanuelly",
		"pai": "Mário Ian Márcio Cardoso",
		"email": "nina.rosa.cardoso@viacabonet.com.br",
		"senha": "oi1uXKwW2n",
		"cep": "73271-902",
		"endereco": "Rodovia DF-440 Km 18",
		"numero": 546,
		"bairro": "Nova Colina (Sobradinho)",
		"cidade": "Brasília",
		"estado": "DF",
		"telefone_fixo": "(61) 2641-0731",
		"celular": "(61) 98309-5955",
		"altura": "1,78",
		"peso": 88,
		"tipo_sanguineo": "B+",
		"cor": "roxo"
	},
	{
		"nome": "Elza Brenda Ester Lima",
		"idade": 52,
		"cpf": "744.474.131-08",
		"rg": "27.579.812-4",
		"data_nasc": "13/01/1971",
		"sexo": "Feminino",
		"signo": "Capricórnio",
		"mae": "Helena Carolina",
		"pai": "Davi Sérgio Lima",
		"email": "elza_lima@kascher.com.br",
		"senha": "ITaRzC9Eea",
		"cep": "72410-514",
		"endereco": "Quadra Quadra 9 Conjunto N",
		"numero": 848,
		"bairro": "Setor Sul (Gama)",
		"cidade": "Brasília",
		"estado": "DF",
		"telefone_fixo": "(61) 2558-7083",
		"celular": "(61) 99444-4016",
		"altura": "1,61",
		"peso": 69,
		"tipo_sanguineo": "AB-",
		"cor": "azul"
	},
	{
		"nome": "Lucca Anderson Pinto",
		"idade": 22,
		"cpf": "017.157.121-53",
		"rg": "14.274.649-6",
		"data_nasc": "12/02/2001",
		"sexo": "Masculino",
		"signo": "Aquário",
		"mae": "Yasmin Milena Elaine",
		"pai": "Sebastião Giovanni Pinto",
		"email": "lucca_pinto@sygma.com.br",
		"senha": "2mqO2YCa8l",
		"cep": "72158-320",
		"endereco": "Quadra 3 Conjunto A Bloco J",
		"numero": 292,
		"bairro": "Taguatinga Norte (Taguatinga)",
		"cidade": "Brasília",
		"estado": "DF",
		"telefone_fixo": "(61) 2650-3691",
		"celular": "(61) 98177-1359",
		"altura": "1,91",
		"peso": 65,
		"tipo_sanguineo": "AB-",
		"cor": "vermelho"
	},
	{
		"nome": "Evelyn Louise Gonçalves",
		"idade": 20,
		"cpf": "370.436.021-06",
		"rg": "30.641.303-6",
		"data_nasc": "15/01/2003",
		"sexo": "Feminino",
		"signo": "Capricórnio",
		"mae": "Adriana Maya Alícia",
		"pai": "Marcos Vinicius Julio Kaique Gonçalves",
		"email": "evelynlouisegoncalves@eccofibra.com.br",
		"senha": "ILz0zNYhMh",
		"cep": "72327-550",
		"endereco": "Quadra QS 427",
		"numero": 211,
		"bairro": "Samambaia Norte (Samambaia)",
		"cidade": "Brasília",
		"estado": "DF",
		"telefone_fixo": "(61) 3542-8977",
		"celular": "(61) 99894-2912",
		"altura": "1,72",
		"peso": 72,
		"tipo_sanguineo": "AB+",
		"cor": "amarelo"
	}
]