[
	{
		"nome": "Analu Adriana Juliana das Neves",
		"idade": 66,
		"cpf": "851.764.211-27",
		"rg": "16.459.585-5",
		"data_nasc": "07/01/1957",
		"sexo": "Feminino",
		"signo": "Capricórnio",
		"mae": "Clarice Cecília Bárbara",
		"pai": "Miguel Manoel Pedro Henrique das Neves",
		"email": "analu_adriana_dasneves@tce.sp.gov.br",
		"senha": "c3HS1DQmar",
		"cep": "73381-101",
		"endereco": "Conjunto Conjunto Residencial 101",
		"numero": 547,
		"bairro": "Vale do Amanhecer (Planaltina)",
		"cidade": "Brasília",
		"estado": "DF",
		"telefone_fixo": "(61) 2852-2333",
		"celular": "(61) 99424-7324",
		"altura": "1,61",
		"peso": 55,
		"tipo_sanguineo": "O-",
		"cor": "verde"
	},
	{
		"nome": "Benedita Ana Sophia Rezende",
		"idade": 69,
		"cpf": "563.312.781-17",
		"rg": "21.583.955-9",
		"data_nasc": "04/01/1954",
		"sexo": "Feminino",
		"signo": "Capricórnio",
		"mae": "Sophie Simone Caroline",
		"pai": "Thales Thomas Rezende",
		"email": "benedita_rezende@unimedsjc.com.br",
		"senha": "AnJaThSfKn",
		"cep": "72315-504",
		"endereco": "Quadra QN 513 Conjunto D",
		"numero": 448,
		"bairro": "Samambaia Sul (Samambaia)",
		"cidade": "Brasília",
		"estado": "DF",
		"telefone_fixo": "(61) 3752-2035",
		"celular": "(61) 98900-2672",
		"altura": "1,57",
		"peso": 90,
		"tipo_sanguineo": "AB+",
		"cor": "vermelho"
	},
	{
		"nome": "Enzo Benjamin da Luz",
		"idade": 26,
		"cpf": "255.152.971-99",
		"rg": "32.705.765-8",
		"data_nasc": "18/01/1997",
		"sexo": "Masculino",
		"signo": "Capricórnio",
		"mae": "Luzia Priscila",
		"pai": "Mário Igor da Luz",
		"email": "enzo_benjamin_daluz@lojapetline.com.br",
		"senha": "EM8JR2GwoE",
		"cep": "72650-600",
		"endereco": "Quadra Quadra 804",
		"numero": 714,
		"bairro": "Recanto das Emas",
		"cidade": "Brasília",
		"estado": "DF",
		"telefone_fixo": "(61) 2955-2551",
		"celular": "(61) 99377-7948",
		"altura": "1,88",
		"peso": 95,
		"tipo_sanguineo": "A-",
		"cor": "azul"
	},
	{
		"nome": "João Rafael Luan Moraes",
		"idade": 57,
		"cpf": "953.529.071-12",
		"rg": "48.413.232-5",
		"data_nasc": "08/02/1966",
		"sexo": "Masculino",
		"signo": "Aquário",
		"mae": "Renata Luzia",
		"pai": "Yago Gael Daniel Moraes",
		"email": "joao_rafael_moraes@inbox.com",
		"senha": "RzeGRmbUDU",
		"cep": "72510-242",
		"endereco": "Quadra CL 410 Bloco B",
		"numero": 320,
		"bairro": "Santa Maria",
		"cidade": "Brasília",
		"estado": "DF",
		"telefone_fixo": "(61) 2730-9814",
		"celular": "(61) 99548-9221",
		"altura": "1,96",
		"peso": 79,
		"tipo_sanguineo": "B+",
		"cor": "vermelho"
	},
	{
		"nome": "Patrícia Sara Pinto",
		"idade": 70,
		"cpf": "237.086.021-96",
		"rg": "40.870.400-7",
		"data_nasc": "11/02/1953",
		"sexo": "Feminino",
		"signo": "Aquário",
		"mae": "Sara Ayla",
		"pai": "Renato Caio Vitor Pinto",
		"email": "patricia_sara_pinto@macaubas.com",
		"senha": "yJTbM5FI1s",
		"cep": "72280-250",
		"endereco": "Rua Rua 4",
		"numero": 837,
		"bairro": "Condomínio Privê Lucena Roriz (Ceilândia)",
		"cidade": "Brasília",
		"estado": "DF",
		"telefone_fixo": "(61) 2780-0715",
		"celular": "(61) 98403-0805",
		"altura": "1,71",
		"peso": 84,
		"tipo_sanguineo": "B+",
		"cor": "vermelho"
	},
	{
		"nome": "Ester Jaqueline da Costa",
		"idade": 43,
		"cpf": "229.160.261-69",
		"rg": "34.321.134-8",
		"data_nasc": "10/01/1980",
		"sexo": "Feminino",
		"signo": "Capricórnio",
		"mae": "Fernanda Larissa",
		"pai": "Raimundo Roberto Pedro Henrique da Costa",
		"email": "ester-dacosta76@publiconsult.com.br",
		"senha": "9jp3BRUF9Z",
		"cep": "71691-050",
		"endereco": "Rua 72",
		"numero": 670,
		"bairro": "Centro (São Sebastião)",
		"cidade": "Brasília",
		"estado": "DF",
		"telefone_fixo": "(61) 2677-9427",
		"celular": "(61) 98126-8488",
		"altura": "1,80",
		"peso": 71,
		"tipo_sanguineo": "O+",
		"cor": "vermelho"
	},
	{
		"nome": "Sandra Sarah Teixeira",
		"idade": 52,
		"cpf": "910.972.461-32",
		"rg": "35.925.075-0",
		"data_nasc": "16/02/1971",
		"sexo": "Feminino",
		"signo": "Aquário",
		"mae": "Liz Fátima",
		"pai": "Bryan Kaique Bernardo Teixeira",
		"email": "sandra_sarah_teixeira@valparaibaimoveis.com.br",
		"senha": "dzCnSUlYcD",
		"cep": "72320-115",
		"endereco": "Quadra QR 412 Conjunto 13",
		"numero": 697,
		"bairro": "Samambaia Norte (Samambaia)",
		"cidade": "Brasília",
		"estado": "DF",
		"telefone_fixo": "(61) 3916-0746",
		"celular": "(61) 98816-0980",
		"altura": "1,72",
		"peso": 82,
		"tipo_sanguineo": "B+",
		"cor": "amarelo"
	},
	{
		"nome": "Diogo Manoel Duarte",
		"idade": 79,
		"cpf": "687.588.101-29",
		"rg": "43.669.944-8",
		"data_nasc": "12/01/1944",
		"sexo": "Masculino",
		"signo": "Capricórnio",
		"mae": "Tatiane Cecília",
		"pai": "Otávio Renato Heitor Duarte",
		"email": "diogo_manoel_duarte@gilconsultoria.com.br",
		"senha": "nxfAJLusYO",
		"cep": "70380-771",
		"endereco": "Quadra SHIGS 714 Bloco U",
		"numero": 412,
		"bairro": "Asa Sul",
		"cidade": "Brasília",
		"estado": "DF",
		"telefone_fixo": "(61) 2726-8622",
		"celular": "(61) 98576-4584",
		"altura": "1,93",
		"peso": 73,
		"tipo_sanguineo": "O-",
		"cor": "amarelo"
	},
	{
		"nome": "Juliana Stella Giovanna Jesus",
		"idade": 57,
		"cpf": "821.751.001-62",
		"rg": "14.747.798-0",
		"data_nasc": "04/02/1966",
		"sexo": "Feminino",
		"signo": "Aquário",
		"mae": "Vera Patrícia",
		"pai": "Henry Augusto Jesus",
		"email": "juliana_stella_jesus@uninet.com.br",
		"senha": "DaO3Trg45b",
		"cep": "70865-520",
		"endereco": "Quadra CLN 410 Bloco B",
		"numero": 646,
		"bairro": "Asa Norte",
		"cidade": "Brasília",
		"estado": "DF",
		"telefone_fixo": "(61) 3761-8187",
		"celular": "(61) 99398-1330",
		"altura": "1,76",
		"peso": 57,
		"tipo_sanguineo": "AB-",
		"cor": "laranja"
	},
	{
		"nome": "Anthony Filipe Caio Corte Real",
		"idade": 77,
		"cpf": "346.895.891-94",
		"rg": "50.742.854-7",
		"data_nasc": "18/01/1946",
		"sexo": "Masculino",
		"signo": "Capricórnio",
		"mae": "Ester Vitória",
		"pai": "Sérgio Theo Severino Corte Real",
		"email": "anthony_cortereal@redealumni.com",
		"senha": "AiDWo5889W",
		"cep": "71694-022",
		"endereco": "Quadra 24",
		"numero": 569,
		"bairro": "Residencial do Bosque (São Sebastião)",
		"cidade": "Brasília",
		"estado": "DF",
		"telefone_fixo": "(61) 2526-8461",
		"celular": "(61) 99695-4342",
		"altura": "1,73",
		"peso": 50,
		"tipo_sanguineo": "AB+",
		"cor": "vermelho"
	},
	{
		"nome": "Ryan Thomas Roberto Moreira",
		"idade": 18,
		"cpf": "699.546.501-64",
		"rg": "38.214.824-1",
		"data_nasc": "04/02/2005",
		"sexo": "Masculino",
		"signo": "Aquário",
		"mae": "Laís Cristiane Alana",
		"pai": "Roberto Otávio Moreira",
		"email": "ryanthomasmoreira@iclud.com",
		"senha": "PZcha9bW1S",
		"cep": "70645-510",
		"endereco": "Quadra SRES Quadra 10 Bloco A",
		"numero": 921,
		"bairro": "Cruzeiro Velho",
		"cidade": "Brasília",
		"estado": "DF",
		"telefone_fixo": "(61) 3985-7234",
		"celular": "(61) 98755-9787",
		"altura": "1,97",
		"peso": 103,
		"tipo_sanguineo": "AB+",
		"cor": "preto"
	},
	{
		"nome": "Rosângela Melissa Gonçalves",
		"idade": 53,
		"cpf": "786.146.311-70",
		"rg": "23.749.686-0",
		"data_nasc": "13/02/1970",
		"sexo": "Feminino",
		"signo": "Aquário",
		"mae": "Evelyn Liz",
		"pai": "Osvaldo Pietro Erick Gonçalves",
		"email": "rosangela_melissa_goncalves@51hotmail.com",
		"senha": "dslLC6NhYK",
		"cep": "70670-011",
		"endereco": "Quadra SQSW 100 Bloco A",
		"numero": 894,
		"bairro": "Setor Sudoeste",
		"cidade": "Brasília",
		"estado": "DF",
		"telefone_fixo": "(61) 2838-0151",
		"celular": "(61) 99208-0302",
		"altura": "1,79",
		"peso": 68,
		"tipo_sanguineo": "B-",
		"cor": "vermelho"
	},
	{
		"nome": "Sophia Carolina da Paz",
		"idade": 19,
		"cpf": "058.669.711-00",
		"rg": "17.151.020-3",
		"data_nasc": "17/02/2004",
		"sexo": "Feminino",
		"signo": "Aquário",
		"mae": "Heloise Nair",
		"pai": "Diego Rafael da Paz",
		"email": "sophiacarolinadapaz@mundivox.com.br",
		"senha": "BP1KgLNRUZ",
		"cep": "72301-527",
		"endereco": "Quadra QS 107 Conjunto 7",
		"numero": 984,
		"bairro": "Samambaia Sul (Samambaia)",
		"cidade": "Brasília",
		"estado": "DF",
		"telefone_fixo": "(61) 3710-4512",
		"celular": "(61) 98259-6219",
		"altura": "1,84",
		"peso": 86,
		"tipo_sanguineo": "B-",
		"cor": "verde"
	},
	{
		"nome": "Ana Carolina Beatriz da Rosa",
		"idade": 44,
		"cpf": "228.832.411-20",
		"rg": "23.446.533-5",
		"data_nasc": "03/02/1979",
		"sexo": "Feminino",
		"signo": "Aquário",
		"mae": "Regina Eloá",
		"pai": "Thomas Thales da Rosa",
		"email": "ana.carolina.darosa@bseletronicos.com.br",
		"senha": "m0GbnFT8sT",
		"cep": "70252-000",
		"endereco": "Quadra SQS 206",
		"numero": 261,
		"bairro": "Asa Sul",
		"cidade": "Brasília",
		"estado": "DF",
		"telefone_fixo": "(61) 2540-1737",
		"celular": "(61) 99485-1206",
		"altura": "1,67",
		"peso": 72,
		"tipo_sanguineo": "O-",
		"cor": "azul"
	},
	{
		"nome": "Raimundo Leonardo Geraldo Oliveira",
		"idade": 62,
		"cpf": "414.702.871-37",
		"rg": "40.125.941-9",
		"data_nasc": "18/01/1961",
		"sexo": "Masculino",
		"signo": "Capricórnio",
		"mae": "Liz Olivia Elza",
		"pai": "Nathan Pedro Samuel Oliveira",
		"email": "raimundoleonardooliveira@vitaonline.com.br",
		"senha": "gtOtFkHDTm",
		"cep": "72001-625",
		"endereco": "Chácara Chácara 68A",
		"numero": 336,
		"bairro": "Setor Habitacional Samambaia (Vicente Pires)",
		"cidade": "Brasília",
		"estado": "DF",
		"telefone_fixo": "(61) 3523-0803",
		"celular": "(61) 99693-9691",
		"altura": "1,85",
		"peso": 56,
		"tipo_sanguineo": "B-",
		"cor": "azul"
	},
	{
		"nome": "Daiane Olivia Luana Cavalcanti",
		"idade": 42,
		"cpf": "239.415.541-82",
		"rg": "31.164.730-3",
		"data_nasc": "03/01/1981",
		"sexo": "Feminino",
		"signo": "Capricórnio",
		"mae": "Maya Lavínia",
		"pai": "Renato Anthony André Cavalcanti",
		"email": "daiane-cavalcanti80@br.flextronics.com",
		"senha": "ZnhHxmcRBz",
		"cep": "72231-208",
		"endereco": "Quadra QNP 12 Conjunto H",
		"numero": 656,
		"bairro": "Ceilândia Sul (Ceilândia)",
		"cidade": "Brasília",
		"estado": "DF",
		"telefone_fixo": "(61) 3561-8918",
		"celular": "(61) 98880-7950",
		"altura": "1,71",
		"peso": 75,
		"tipo_sanguineo": "O+",
		"cor": "preto"
	},
	{
		"nome": "Sônia Marina Louise Bernardes",
		"idade": 24,
		"cpf": "398.097.861-31",
		"rg": "48.458.935-0",
		"data_nasc": "02/02/1999",
		"sexo": "Feminino",
		"signo": "Aquário",
		"mae": "Priscila Carolina Maria",
		"pai": "Luiz Vitor Carlos Bernardes",
		"email": "sonia_marina_bernardes@contabilidadevictoria.com.br",
		"senha": "CNJeA6lhWK",
		"cep": "72322-602",
		"endereco": "Quadra QR 612 Conjunto 2",
		"numero": 703,
		"bairro": "Samambaia Norte (Samambaia)",
		"cidade": "Brasília",
		"estado": "DF",
		"telefone_fixo": "(61) 3834-2247",
		"celular": "(61) 98114-3993",
		"altura": "1,57",
		"peso": 83,
		"tipo_sanguineo": "A+",
		"cor": "azul"
	},
	{
		"nome": "Nicole Lívia Cláudia Baptista",
		"idade": 57,
		"cpf": "541.143.501-36",
		"rg": "13.199.436-0",
		"data_nasc": "21/01/1966",
		"sexo": "Feminino",
		"signo": "Aquário",
		"mae": "Julia Alessandra Eliane",
		"pai": "Marcos Luiz Baptista",
		"email": "nicole_baptista@aclnet.com.br",
		"senha": "KZGNac8e6e",
		"cep": "72243-206",
		"endereco": "Quadra Residencial das Acássias Quadra C",
		"numero": 954,
		"bairro": "Setor Habitacional Sol Nascente (Ceilândia)",
		"cidade": "Brasília",
		"estado": "DF",
		"telefone_fixo": "(61) 3911-7308",
		"celular": "(61) 99383-1524",
		"altura": "1,61",
		"peso": 71,
		"tipo_sanguineo": "B+",
		"cor": "amarelo"
	},
	{
		"nome": "Tomás Ricardo Enzo de Paula",
		"idade": 65,
		"cpf": "910.543.531-58",
		"rg": "33.327.693-0",
		"data_nasc": "22/02/1958",
		"sexo": "Masculino",
		"signo": "Peixes",
		"mae": "Renata Melissa",
		"pai": "Benjamin Benedito Erick de Paula",
		"email": "tomas.ricardo.depaula@vivo.com.br",
		"senha": "emqwllM4is",
		"cep": "72319-012",
		"endereco": "Quadra QR 401 Conjunto 12",
		"numero": 112,
		"bairro": "Samambaia Norte (Samambaia)",
		"cidade": "Brasília",
		"estado": "DF",
		"telefone_fixo": "(61) 3705-3810",
		"celular": "(61) 98293-0325",
		"altura": "1,70",
		"peso": 60,
		"tipo_sanguineo": "A+",
		"cor": "amarelo"
	},
	{
		"nome": "Leonardo Victor Nogueira",
		"idade": 39,
		"cpf": "622.236.161-78",
		"rg": "28.218.534-3",
		"data_nasc": "10/02/1984",
		"sexo": "Masculino",
		"signo": "Aquário",
		"mae": "Fátima Mirella",
		"pai": "Levi Enzo Bernardo Nogueira",
		"email": "leonardo-nogueira91@granadaimoveis.com.br",
		"senha": "d8U4QMG6ly",
		"cep": "70680-200",
		"endereco": "Quadra QMSW 2",
		"numero": 625,
		"bairro": "Setor Sudoeste",
		"cidade": "Brasília",
		"estado": "DF",
		"telefone_fixo": "(61) 3814-4362",
		"celular": "(61) 98291-0523",
		"altura": "1,76",
		"peso": 66,
		"tipo_sanguineo": "AB+",
		"cor": "roxo"
	},
	{
		"nome": "Aurora Alícia Gomes",
		"idade": 57,
		"cpf": "319.503.911-75",
		"rg": "25.942.063-3",
		"data_nasc": "03/02/1966",
		"sexo": "Feminino",
		"signo": "Aquário",
		"mae": "Isabel Valentina Marina",
		"pai": "Nelson Rodrigo Gomes",
		"email": "aurora.alicia.gomes@selaz.com.br",
		"senha": "y1KoH4PLZO",
		"cep": "73360-512",
		"endereco": "Quadra Quadra 5 Conjunto L",
		"numero": 160,
		"bairro": "Setor Residencial Leste (Planaltina)",
		"cidade": "Brasília",
		"estado": "DF",
		"telefone_fixo": "(61) 2961-4828",
		"celular": "(61) 99854-2371",
		"altura": "1,62",
		"peso": 68,
		"tipo_sanguineo": "O-",
		"cor": "vermelho"
	},
	{
		"nome": "Bianca Isabela Farias",
		"idade": 53,
		"cpf": "968.470.681-24",
		"rg": "23.059.888-2",
		"data_nasc": "18/02/1970",
		"sexo": "Feminino",
		"signo": "Aquário",
		"mae": "Carolina Helena",
		"pai": "Daniel Lucas Manoel Farias",
		"email": "bianca_farias@id.uff.br",
		"senha": "naLO5FI9xA",
		"cep": "71699-789",
		"endereco": "Quadra QC 14 Rua M",
		"numero": 884,
		"bairro": "Jardins Mangueiral (São Sebastião)",
		"cidade": "Brasília",
		"estado": "DF",
		"telefone_fixo": "(61) 3988-3991",
		"celular": "(61) 99903-6250",
		"altura": "1,69",
		"peso": 68,
		"tipo_sanguineo": "AB+",
		"cor": "preto"
	},
	{
		"nome": "Priscila Fernanda Almeida",
		"idade": 68,
		"cpf": "644.948.401-22",
		"rg": "11.425.126-5",
		"data_nasc": "14/01/1955",
		"sexo": "Feminino",
		"signo": "Capricórnio",
		"mae": "Bruna Benedita Laís",
		"pai": "Breno Noah Yuri Almeida",
		"email": "priscila_fernanda_almeida@gruposantin.com.br",
		"senha": "yD0FeDPQrq",
		"cep": "73092-904",
		"endereco": "Rodovia DF-425 Km 2",
		"numero": 587,
		"bairro": "Setor Habitacional Contagem (Sobradinho)",
		"cidade": "Brasília",
		"estado": "DF",
		"telefone_fixo": "(61) 3686-1419",
		"celular": "(61) 98146-9946",
		"altura": "1,63",
		"peso": 85,
		"tipo_sanguineo": "B-",
		"cor": "laranja"
	},
	{
		"nome": "Lúcia Alice Isabel Assunção",
		"idade": 68,
		"cpf": "199.767.951-57",
		"rg": "29.752.924-9",
		"data_nasc": "15/02/1955",
		"sexo": "Feminino",
		"signo": "Aquário",
		"mae": "Stella Ester",
		"pai": "Filipe Thiago Raul Assunção",
		"email": "lucia_alice_assuncao@marcossousa.com",
		"senha": "skHfS49oht",
		"cep": "71010-007",
		"endereco": "Quadra QE 6",
		"numero": 185,
		"bairro": "Guará I",
		"cidade": "Brasília",
		"estado": "DF",
		"telefone_fixo": "(61) 3508-2918",
		"celular": "(61) 99412-9064",
		"altura": "1,63",
		"peso": 89,
		"tipo_sanguineo": "AB-",
		"cor": "vermelho"
	},
	{
		"nome": "Bernardo Tiago Novaes",
		"idade": 43,
		"cpf": "378.582.091-75",
		"rg": "42.071.867-9",
		"data_nasc": "07/02/1980",
		"sexo": "Masculino",
		"signo": "Aquário",
		"mae": "Mirella Regina Maria",
		"pai": "Cauã Tomás Novaes",
		"email": "bernardo.tiago.novaes@tintasvalecores.com.br",
		"senha": "nLRP6GPJuD",
		"cep": "72333-205",
		"endereco": "Quadra QR 621 Conjunto 4",
		"numero": 441,
		"bairro": "Samambaia Norte (Samambaia)",
		"cidade": "Brasília",
		"estado": "DF",
		"telefone_fixo": "(61) 3911-3732",
		"celular": "(61) 98466-7819",
		"altura": "1,94",
		"peso": 76,
		"tipo_sanguineo": "B-",
		"cor": "roxo"
	},
	{
		"nome": "Maitê Jéssica Kamilly Brito",
		"idade": 60,
		"cpf": "503.922.401-06",
		"rg": "16.514.937-1",
		"data_nasc": "07/02/1963",
		"sexo": "Feminino",
		"signo": "Aquário",
		"mae": "Vanessa Allana Ana",
		"pai": "Iago Fernando Henry Brito",
		"email": "maite_brito@quarttus.com.br",
		"senha": "SsUGMBJMmG",
		"cep": "72301-207",
		"endereco": "Quadra QR 107 Conjunto 7",
		"numero": 265,
		"bairro": "Samambaia Sul (Samambaia)",
		"cidade": "Brasília",
		"estado": "DF",
		"telefone_fixo": "(61) 3555-9926",
		"celular": "(61) 98681-5302",
		"altura": "1,77",
		"peso": 85,
		"tipo_sanguineo": "AB+",
		"cor": "laranja"
	},
	{
		"nome": "Thomas Sebastião Fernandes",
		"idade": 36,
		"cpf": "001.929.691-61",
		"rg": "22.180.294-0",
		"data_nasc": "05/02/1987",
		"sexo": "Masculino",
		"signo": "Aquário",
		"mae": "Larissa Vitória Bárbara",
		"pai": "Rafael Nathan Fernandes",
		"email": "thomas_sebastiao_fernandes@konzeption.com.br",
		"senha": "WE0Nn12KWq",
		"cep": "71536-360",
		"endereco": "Trecho Trecho 06",
		"numero": 192,
		"bairro": "Setor de Habitações Individuais Norte",
		"cidade": "Brasília",
		"estado": "DF",
		"telefone_fixo": "(61) 3851-1871",
		"celular": "(61) 98798-7039",
		"altura": "1,99",
		"peso": 56,
		"tipo_sanguineo": "A-",
		"cor": "vermelho"
	},
	{
		"nome": "Theo Tiago Carlos Eduardo Fogaça",
		"idade": 61,
		"cpf": "694.844.861-50",
		"rg": "10.277.429-8",
		"data_nasc": "08/01/1962",
		"sexo": "Masculino",
		"signo": "Capricórnio",
		"mae": "Ana Márcia Andrea",
		"pai": "Heitor Davi Fogaça",
		"email": "theo.tiago.fogaca@morada.com.br",
		"senha": "5DaI9wWwIq",
		"cep": "71715-013",
		"endereco": "Avenida Segunda Avenida Bloco 640",
		"numero": 562,
		"bairro": "Núcleo Bandeirante",
		"cidade": "Brasília",
		"estado": "DF",
		"telefone_fixo": "(61) 3630-6405",
		"celular": "(61) 98617-5593",
		"altura": "1,92",
		"peso": 106,
		"tipo_sanguineo": "B+",
		"cor": "preto"
	},
	{
		"nome": "Tomás Leandro Augusto Dias",
		"idade": 66,
		"cpf": "293.258.001-95",
		"rg": "27.172.676-3",
		"data_nasc": "01/02/1957",
		"sexo": "Masculino",
		"signo": "Aquário",
		"mae": "Ester Laura",
		"pai": "Caio Ian Pedro Henrique Dias",
		"email": "tomas_leandro_dias@aulicinobastos.com.br",
		"senha": "WFD1LEXZIC",
		"cep": "72242-159",
		"endereco": "Quadra QNP 27 Conjunto E",
		"numero": 817,
		"bairro": "Ceilândia Norte (Ceilândia)",
		"cidade": "Brasília",
		"estado": "DF",
		"telefone_fixo": "(61) 2563-2431",
		"celular": "(61) 99910-8107",
		"altura": "1,72",
		"peso": 93,
		"tipo_sanguineo": "A+",
		"cor": "azul"
	},
	{
		"nome": "Benedita Aline Natália Vieira",
		"idade": 39,
		"cpf": "479.222.161-73",
		"rg": "23.867.035-1",
		"data_nasc": "14/01/1984",
		"sexo": "Feminino",
		"signo": "Capricórnio",
		"mae": "Tereza Stella",
		"pai": "Gael Luan Vieira",
		"email": "beneditaalinevieira@dmcard.com.br",
		"senha": "aHKmWG15hX",
		"cep": "72583-450",
		"endereco": "Rua Rua 600 Lote 602",
		"numero": 396,
		"bairro": "Setor Meireles (Santa Maria)",
		"cidade": "Brasília",
		"estado": "DF",
		"telefone_fixo": "(61) 3609-3638",
		"celular": "(61) 99238-9091",
		"altura": "1,84",
		"peso": 56,
		"tipo_sanguineo": "AB-",
		"cor": "azul"
	}
]