[
	{
		"nome": "Enrico Cauã Osvaldo Dias",
		"idade": 56,
		"cpf": "551.861.831-05",
		"rg": "44.844.879-8",
		"data_nasc": "10/02/1967",
		"sexo": "Masculino",
		"signo": "Aquário",
		"mae": "Elza Julia Julia",
		"pai": "Kevin Bernardo Dias",
		"email": "enrico_dias@ddfnet.com.br",
		"senha": "rpKl8papLu",
		"cep": "72550-011",
		"endereco": "Conjunto 1ª Etapa Conjunto K",
		"numero": 514,
		"bairro": "Setor Habitacional Ribeirão (Santa Maria)",
		"cidade": "Brasília",
		"estado": "DF",
		"telefone_fixo": "(61) 2975-0217",
		"celular": "(61) 98647-5322",
		"altura": "1,76",
		"peso": 65,
		"tipo_sanguineo": "AB+",
		"cor": "vermelho"
	},
	{
		"nome": "Isabela Jaqueline Nina Jesus",
		"idade": 42,
		"cpf": "951.737.821-10",
		"rg": "14.325.457-1",
		"data_nasc": "04/01/1981",
		"sexo": "Feminino",
		"signo": "Capricórnio",
		"mae": "Rita Cláudia",
		"pai": "Jorge Leonardo Jesus",
		"email": "isabela.jaqueline.jesus@kof.com.mx",
		"senha": "4ZWUfKd9mq",
		"cep": "71090-435",
		"endereco": "Colônia Agrícola Águas Claras Chácara 36",
		"numero": 190,
		"bairro": "Guará I",
		"cidade": "Brasília",
		"estado": "DF",
		"telefone_fixo": "(61) 2955-1083",
		"celular": "(61) 98745-7200",
		"altura": "1,54",
		"peso": 83,
		"tipo_sanguineo": "O-",
		"cor": "amarelo"
	},
	{
		"nome": "Rosângela Josefa Simone Rezende",
		"idade": 71,
		"cpf": "953.390.851-39",
		"rg": "25.380.367-6",
		"data_nasc": "25/01/1952",
		"sexo": "Feminino",
		"signo": "Aquário",
		"mae": "Márcia Marcela",
		"pai": "Anderson Vicente Rezende",
		"email": "rosangela_josefa_rezende@dprf.gov.br",
		"senha": "kjTFnwNT5N",
		"cep": "72329-530",
		"endereco": "Quadra QS 429 Conjunto J",
		"numero": 870,
		"bairro": "Samambaia Norte (Samambaia)",
		"cidade": "Brasília",
		"estado": "DF",
		"telefone_fixo": "(61) 3776-6980",
		"celular": "(61) 99178-1769",
		"altura": "1,81",
		"peso": 89,
		"tipo_sanguineo": "B+",
		"cor": "vermelho"
	},
	{
		"nome": "Evelyn Carolina Carolina Baptista",
		"idade": 48,
		"cpf": "275.473.141-55",
		"rg": "23.852.580-6",
		"data_nasc": "05/02/1975",
		"sexo": "Feminino",
		"signo": "Aquário",
		"mae": "Ester Milena Isadora",
		"pai": "Davi André Leonardo Baptista",
		"email": "evelyn_carolina_baptista@unimedrio.com.br",
		"senha": "RgiPACE8MT",
		"cep": "72507-403",
		"endereco": "Quadra QR 207 Conjunto C",
		"numero": 943,
		"bairro": "Santa Maria",
		"cidade": "Brasília",
		"estado": "DF",
		"telefone_fixo": "(61) 3706-4547",
		"celular": "(61) 99577-6481",
		"altura": "1,60",
		"peso": 89,
		"tipo_sanguineo": "A-",
		"cor": "verde"
	},
	{
		"nome": "Luís Samuel Lima",
		"idade": 44,
		"cpf": "220.115.231-41",
		"rg": "19.012.214-6",
		"data_nasc": "03/01/1979",
		"sexo": "Masculino",
		"signo": "Capricórnio",
		"mae": "Camila Luciana",
		"pai": "Raul Arthur Lima",
		"email": "luis-lima84@51hotmail.com",
		"senha": "f3d7Nhc74d",
		"cep": "71828-314",
		"endereco": "Colônia Agrícola Riacho Fundo I",
		"numero": 166,
		"bairro": "Riacho Fundo I",
		"cidade": "Brasília",
		"estado": "DF",
		"telefone_fixo": "(61) 3647-3379",
		"celular": "(61) 99120-1826",
		"altura": "1,90",
		"peso": 50,
		"tipo_sanguineo": "O-",
		"cor": "roxo"
	},
	{
		"nome": "Laís Jéssica Aurora da Paz",
		"idade": 19,
		"cpf": "895.641.191-38",
		"rg": "13.770.035-0",
		"data_nasc": "15/01/2004",
		"sexo": "Feminino",
		"signo": "Capricórnio",
		"mae": "Sebastiana Luna Rita",
		"pai": "Benício Calebe Ruan da Paz",
		"email": "laisjessicadapaz@petrobrais.com.br",
		"senha": "ZcdYiRt353",
		"cep": "72311-001",
		"endereco": "Quadra QN 327 Conjunto A",
		"numero": 976,
		"bairro": "Samambaia Sul (Samambaia)",
		"cidade": "Brasília",
		"estado": "DF",
		"telefone_fixo": "(61) 3714-1141",
		"celular": "(61) 99821-8007",
		"altura": "1,85",
		"peso": 64,
		"tipo_sanguineo": "A-",
		"cor": "azul"
	},
	{
		"nome": "Alexandre Caio Gomes",
		"idade": 72,
		"cpf": "595.131.681-23",
		"rg": "34.383.659-2",
		"data_nasc": "11/02/1951",
		"sexo": "Masculino",
		"signo": "Aquário",
		"mae": "Ana Fernanda Sophie",
		"pai": "Fernando Tomás Gomes",
		"email": "alexandre.caio.gomes@ufscar.br",
		"senha": "7cp5zK3hQO",
		"cep": "72327-020",
		"endereco": "Quadra QR 425 Conjunto 20",
		"numero": 698,
		"bairro": "Samambaia Norte (Samambaia)",
		"cidade": "Brasília",
		"estado": "DF",
		"telefone_fixo": "(61) 3794-9377",
		"celular": "(61) 98440-0783",
		"altura": "1,87",
		"peso": 50,
		"tipo_sanguineo": "AB+",
		"cor": "roxo"
	},
	{
		"nome": "Isaac Benício Ferreira",
		"idade": 36,
		"cpf": "367.495.281-55",
		"rg": "41.375.852-7",
		"data_nasc": "12/01/1987",
		"sexo": "Masculino",
		"signo": "Capricórnio",
		"mae": "Nina Adriana",
		"pai": "Carlos Diogo Ferreira",
		"email": "isaac-ferreira84@iquattro.com.br",
		"senha": "nLEbnGagnD",
		"cep": "70730-545",
		"endereco": "Quadra EQN 504/505",
		"numero": 521,
		"bairro": "Asa Norte",
		"cidade": "Brasília",
		"estado": "DF",
		"telefone_fixo": "(61) 2791-7835",
		"celular": "(61) 99586-0033",
		"altura": "1,67",
		"peso": 71,
		"tipo_sanguineo": "O-",
		"cor": "preto"
	},
	{
		"nome": "Thales Benjamin Kevin Duarte",
		"idade": 42,
		"cpf": "436.356.411-38",
		"rg": "42.977.568-4",
		"data_nasc": "07/02/1981",
		"sexo": "Masculino",
		"signo": "Aquário",
		"mae": "Nina Gabriela Rayssa",
		"pai": "Breno Heitor Duarte",
		"email": "thales_duarte@marcossousa.com",
		"senha": "XgT0dJLdWp",
		"cep": "71551-120",
		"endereco": "Quadra Quadra 1 Conjunto 1",
		"numero": 364,
		"bairro": "Setor Habitacional Taquari (Lago Norte)",
		"cidade": "Brasília",
		"estado": "DF",
		"telefone_fixo": "(61) 2809-5515",
		"celular": "(61) 99134-0788",
		"altura": "1,69",
		"peso": 73,
		"tipo_sanguineo": "AB+",
		"cor": "preto"
	},
	{
		"nome": "Teresinha Yasmin Aline Silveira",
		"idade": 27,
		"cpf": "473.090.691-88",
		"rg": "33.873.937-3",
		"data_nasc": "10/02/1996",
		"sexo": "Feminino",
		"signo": "Aquário",
		"mae": "Antônia Luana Isabelly",
		"pai": "Arthur José Márcio Silveira",
		"email": "teresinha.yasmin.silveira@alphacandies.com.br",
		"senha": "k0eF6frsAP",
		"cep": "72610-627",
		"endereco": "Quadra Quadra 206 Área Especial 1",
		"numero": 920,
		"bairro": "Recanto das Emas",
		"cidade": "Brasília",
		"estado": "DF",
		"telefone_fixo": "(61) 3683-8088",
		"celular": "(61) 98629-5476",
		"altura": "1,69",
		"peso": 78,
		"tipo_sanguineo": "AB-",
		"cor": "roxo"
	},
	{
		"nome": "Jennifer Rebeca da Conceição",
		"idade": 75,
		"cpf": "548.375.761-09",
		"rg": "48.867.379-3",
		"data_nasc": "23/02/1948",
		"sexo": "Feminino",
		"signo": "Peixes",
		"mae": "Débora Emanuelly",
		"pai": "Murilo Enrico João da Conceição",
		"email": "jennifer_daconceicao@protenisbarra.com.br",
		"senha": "jJ2jzs1Jko",
		"cep": "71590-706",
		"endereco": "Quadra QL 6 Conjunto B",
		"numero": 956,
		"bairro": "Itapoã II",
		"cidade": "Brasília",
		"estado": "DF",
		"telefone_fixo": "(61) 2686-9046",
		"celular": "(61) 98807-5392",
		"altura": "1,61",
		"peso": 55,
		"tipo_sanguineo": "A-",
		"cor": "azul"
	},
	{
		"nome": "Manoel Renan Pereira",
		"idade": 24,
		"cpf": "211.957.281-07",
		"rg": "18.333.919-8",
		"data_nasc": "07/02/1999",
		"sexo": "Masculino",
		"signo": "Aquário",
		"mae": "Ester Yasmin",
		"pai": "Ruan Gabriel Bento Pereira",
		"email": "manoel_renan_pereira@tita.com.br",
		"senha": "wlTtaPexds",
		"cep": "71596-241",
		"endereco": "Quadra 2 Conjunto G",
		"numero": 418,
		"bairro": "Fazendinha (Itapoã)",
		"cidade": "Brasília",
		"estado": "DF",
		"telefone_fixo": "(61) 2595-0939",
		"celular": "(61) 98292-1968",
		"altura": "1,65",
		"peso": 62,
		"tipo_sanguineo": "B+",
		"cor": "vermelho"
	},
	{
		"nome": "João Mateus Ricardo da Mata",
		"idade": 33,
		"cpf": "651.018.801-59",
		"rg": "39.633.383-7",
		"data_nasc": "08/01/1990",
		"sexo": "Masculino",
		"signo": "Capricórnio",
		"mae": "Fátima Cláudia Cecília",
		"pai": "Arthur Sebastião da Mata",
		"email": "joao.mateus.damata@parkhotel.com.br",
		"senha": "CJiTUXwT89",
		"cep": "71978-370",
		"endereco": "Quadra QS 10 Conjunto 220C",
		"numero": 526,
		"bairro": "Areal (Águas Claras)",
		"cidade": "Brasília",
		"estado": "DF",
		"telefone_fixo": "(61) 2999-8731",
		"celular": "(61) 99621-9517",
		"altura": "1,90",
		"peso": 98,
		"tipo_sanguineo": "B-",
		"cor": "laranja"
	},
	{
		"nome": "Hadassa Elza da Rosa",
		"idade": 79,
		"cpf": "840.416.881-40",
		"rg": "12.999.230-6",
		"data_nasc": "16/01/1944",
		"sexo": "Feminino",
		"signo": "Capricórnio",
		"mae": "Esther Aurora",
		"pai": "Giovanni Lucca da Rosa",
		"email": "hadassa_darosa@cordeiromaquinas.com.br",
		"senha": "hoIJfzspBL",
		"cep": "72220-201",
		"endereco": "Quadra QNN 20 Conjunto A",
		"numero": 903,
		"bairro": "Ceilândia Sul (Ceilândia)",
		"cidade": "Brasília",
		"estado": "DF",
		"telefone_fixo": "(61) 3949-7727",
		"celular": "(61) 99517-1609",
		"altura": "1,72",
		"peso": 56,
		"tipo_sanguineo": "A-",
		"cor": "azul"
	},
	{
		"nome": "Isaac Eduardo Noah Barbosa",
		"idade": 29,
		"cpf": "900.794.731-13",
		"rg": "12.633.004-9",
		"data_nasc": "10/01/1994",
		"sexo": "Masculino",
		"signo": "Capricórnio",
		"mae": "Melissa Laura Fátima",
		"pai": "Samuel Isaac Barbosa",
		"email": "isaac_eduardo_barbosa@vegacon.com.br",
		"senha": "LOd6T9jo6C",
		"cep": "72316-522",
		"endereco": "Quadra QN 210 Conjunto B",
		"numero": 381,
		"bairro": "Samambaia Norte (Samambaia)",
		"cidade": "Brasília",
		"estado": "DF",
		"telefone_fixo": "(61) 2563-6366",
		"celular": "(61) 99293-6251",
		"altura": "1,92",
		"peso": 71,
		"tipo_sanguineo": "A-",
		"cor": "vermelho"
	},
	{
		"nome": "Bianca Luana Nascimento",
		"idade": 21,
		"cpf": "332.729.331-74",
		"rg": "13.548.776-6",
		"data_nasc": "15/01/2002",
		"sexo": "Feminino",
		"signo": "Capricórnio",
		"mae": "Liz Jennifer",
		"pai": "Hugo Marcos Vinicius Nascimento",
		"email": "bianca_luana_nascimento@casaarte.com.br",
		"senha": "FmQPHpJClE",
		"cep": "72492-120",
		"endereco": "Rua Hilário Ribeiro",
		"numero": 780,
		"bairro": "Engenho das Lages (Gama)",
		"cidade": "Brasília",
		"estado": "DF",
		"telefone_fixo": "(61) 3912-8399",
		"celular": "(61) 98731-8512",
		"altura": "1,57",
		"peso": 84,
		"tipo_sanguineo": "AB+",
		"cor": "roxo"
	},
	{
		"nome": "Matheus Eduardo das Neves",
		"idade": 54,
		"cpf": "978.949.351-74",
		"rg": "30.745.632-8",
		"data_nasc": "08/01/1969",
		"sexo": "Masculino",
		"signo": "Capricórnio",
		"mae": "Larissa Carolina Maitê",
		"pai": "Antonio Fábio Caio das Neves",
		"email": "matheuseduardodasneves@live.com.br",
		"senha": "yXi9yFOMLT",
		"cep": "72405-110",
		"endereco": "Quadra Quadra 11",
		"numero": 793,
		"bairro": "Setor Central (Gama)",
		"cidade": "Brasília",
		"estado": "DF",
		"telefone_fixo": "(61) 3916-1812",
		"celular": "(61) 98617-7393",
		"altura": "1,79",
		"peso": 87,
		"tipo_sanguineo": "B-",
		"cor": "vermelho"
	},
	{
		"nome": "Caio André Theo Moreira",
		"idade": 37,
		"cpf": "884.221.651-80",
		"rg": "38.983.732-5",
		"data_nasc": "16/01/1986",
		"sexo": "Masculino",
		"signo": "Capricórnio",
		"mae": "Patrícia Camila",
		"pai": "Bernardo Heitor Victor Moreira",
		"email": "caioandremoreira@omnibrasil.com.br",
		"senha": "4l2ed25pie",
		"cep": "71825-608",
		"endereco": "Quadra QS 16 Conjunto 8",
		"numero": 877,
		"bairro": "Riacho Fundo I",
		"cidade": "Brasília",
		"estado": "DF",
		"telefone_fixo": "(61) 2723-0786",
		"celular": "(61) 98182-7977",
		"altura": "1,68",
		"peso": 76,
		"tipo_sanguineo": "AB+",
		"cor": "vermelho"
	},
	{
		"nome": "Gabriel Cauê Marcelo da Costa",
		"idade": 43,
		"cpf": "672.734.451-50",
		"rg": "31.047.949-6",
		"data_nasc": "24/01/1980",
		"sexo": "Masculino",
		"signo": "Aquário",
		"mae": "Mariane Sara",
		"pai": "Daniel Davi Lucca da Costa",
		"email": "gabriel-dacosta99@orteca.com.br",
		"senha": "ne0qi02qbI",
		"cep": "71571-405",
		"endereco": "Quadra Quadra 14 Conjunto E",
		"numero": 123,
		"bairro": "Paranoá",
		"cidade": "Brasília",
		"estado": "DF",
		"telefone_fixo": "(61) 2899-7921",
		"celular": "(61) 99197-0457",
		"altura": "1,79",
		"peso": 64,
		"tipo_sanguineo": "B+",
		"cor": "vermelho"
	},
	{
		"nome": "Anthony Osvaldo Costa",
		"idade": 51,
		"cpf": "334.616.091-29",
		"rg": "23.303.815-2",
		"data_nasc": "14/01/1972",
		"sexo": "Masculino",
		"signo": "Capricórnio",
		"mae": "Camila Luiza Gabrielly",
		"pai": "Leandro Cauê Costa",
		"email": "anthony.osvaldo.costa@valdulion.com.br",
		"senha": "Dge3P3cH25",
		"cep": "72420-200",
		"endereco": "Quadra Quadra 20",
		"numero": 516,
		"bairro": "Setor Oeste (Gama)",
		"cidade": "Brasília",
		"estado": "DF",
		"telefone_fixo": "(61) 3613-7007",
		"celular": "(61) 99976-7897",
		"altura": "1,75",
		"peso": 52,
		"tipo_sanguineo": "AB+",
		"cor": "vermelho"
	},
	{
		"nome": "Theo Fábio Paulo Cavalcanti",
		"idade": 78,
		"cpf": "275.081.741-27",
		"rg": "48.414.186-7",
		"data_nasc": "14/01/1945",
		"sexo": "Masculino",
		"signo": "Capricórnio",
		"mae": "Analu Débora Renata",
		"pai": "João Miguel Breno Cavalcanti",
		"email": "theo-cavalcanti74@timbrasil.com.br",
		"senha": "ZrpWzkqdOh",
		"cep": "72327-014",
		"endereco": "Quadra QR 425 Conjunto 14",
		"numero": 647,
		"bairro": "Samambaia Norte (Samambaia)",
		"cidade": "Brasília",
		"estado": "DF",
		"telefone_fixo": "(61) 3933-3746",
		"celular": "(61) 98130-0949",
		"altura": "1,99",
		"peso": 98,
		"tipo_sanguineo": "AB-",
		"cor": "roxo"
	},
	{
		"nome": "Pedro Hugo Juan Almeida",
		"idade": 26,
		"cpf": "316.555.031-03",
		"rg": "39.452.487-1",
		"data_nasc": "21/02/1997",
		"sexo": "Masculino",
		"signo": "Peixes",
		"mae": "Benedita Emanuelly",
		"pai": "Guilherme Marcos Noah Almeida",
		"email": "pedrohugoalmeida@plaman.com.br",
		"senha": "FRcGNPXpJu",
		"cep": "73031-015",
		"endereco": "Quadra Quadra 3 Comércio Local 5",
		"numero": 860,
		"bairro": "Sobradinho",
		"cidade": "Brasília",
		"estado": "DF",
		"telefone_fixo": "(61) 3763-8168",
		"celular": "(61) 98890-0097",
		"altura": "1,92",
		"peso": 104,
		"tipo_sanguineo": "AB-",
		"cor": "laranja"
	},
	{
		"nome": "Lara Sarah Tânia Barros",
		"idade": 28,
		"cpf": "072.110.061-96",
		"rg": "26.769.810-0",
		"data_nasc": "22/01/1995",
		"sexo": "Feminino",
		"signo": "Aquário",
		"mae": "Elisa Clarice",
		"pai": "Samuel Otávio Barros",
		"email": "lara.sarah.barros@mantegassi.com",
		"senha": "5jZCZ2s9N4",
		"cep": "72150-305",
		"endereco": "Quadra QNL 3 Conjunto E",
		"numero": 401,
		"bairro": "Taguatinga Norte (Taguatinga)",
		"cidade": "Brasília",
		"estado": "DF",
		"telefone_fixo": "(61) 3514-1193",
		"celular": "(61) 99347-3123",
		"altura": "1,52",
		"peso": 90,
		"tipo_sanguineo": "O+",
		"cor": "preto"
	},
	{
		"nome": "Severino Raimundo Luís Drumond",
		"idade": 79,
		"cpf": "289.510.611-83",
		"rg": "37.450.692-9",
		"data_nasc": "07/01/1944",
		"sexo": "Masculino",
		"signo": "Capricórnio",
		"mae": "Marina Heloisa Sebastiana",
		"pai": "Anthony Matheus Drumond",
		"email": "severino.raimundo.drumond@fortlar.com.br",
		"senha": "u2x6iFdm9u",
		"cep": "72225-254",
		"endereco": "Quadra QNN 25 Conjunto D",
		"numero": 426,
		"bairro": "Ceilândia Norte (Ceilândia)",
		"cidade": "Brasília",
		"estado": "DF",
		"telefone_fixo": "(61) 3802-1678",
		"celular": "(61) 98801-7529",
		"altura": "1,77",
		"peso": 101,
		"tipo_sanguineo": "B+",
		"cor": "amarelo"
	},
	{
		"nome": "Heitor Cauê da Mota",
		"idade": 77,
		"cpf": "149.542.421-93",
		"rg": "38.572.479-2",
		"data_nasc": "08/01/1946",
		"sexo": "Masculino",
		"signo": "Capricórnio",
		"mae": "Mirella Gabriela Eliane",
		"pai": "Davi Thomas Nicolas da Mota",
		"email": "heitor_caue_damota@gmx.com",
		"senha": "5yBT3HSuBu",
		"cep": "72150-010",
		"endereco": "Quadra QNL Área Especial 1",
		"numero": 263,
		"bairro": "Taguatinga Norte (Taguatinga)",
		"cidade": "Brasília",
		"estado": "DF",
		"telefone_fixo": "(61) 2651-1606",
		"celular": "(61) 99821-0496",
		"altura": "2,00",
		"peso": 98,
		"tipo_sanguineo": "O+",
		"cor": "vermelho"
	},
	{
		"nome": "Lorenzo Joaquim Murilo Aparício",
		"idade": 42,
		"cpf": "660.438.671-68",
		"rg": "44.135.284-4",
		"data_nasc": "24/01/1981",
		"sexo": "Masculino",
		"signo": "Aquário",
		"mae": "Patrícia Marli Benedita",
		"pai": "Felipe Ruan Marcelo Aparício",
		"email": "lorenzo_joaquim_aparicio@ft.unicamp.br",
		"senha": "7cEEHKAcF6",
		"cep": "71692-519",
		"endereco": "Quadra Quadra 202 Conjunto 7",
		"numero": 252,
		"bairro": "Setor Residencial Oeste (São Sebastião)",
		"cidade": "Brasília",
		"estado": "DF",
		"telefone_fixo": "(61) 2888-7565",
		"celular": "(61) 99922-9296",
		"altura": "1,78",
		"peso": 73,
		"tipo_sanguineo": "B+",
		"cor": "vermelho"
	},
	{
		"nome": "Nathan Severino Melo",
		"idade": 36,
		"cpf": "069.884.121-23",
		"rg": "15.935.848-6",
		"data_nasc": "07/02/1987",
		"sexo": "Masculino",
		"signo": "Aquário",
		"mae": "Clarice Isabela Mariane",
		"pai": "Rodrigo Raimundo Melo",
		"email": "nathan_severino_melo@hotmaill.com",
		"senha": "IF1sIu8RQ2",
		"cep": "70070-921",
		"endereco": "SAUS Quadra 5 Bloco I Lotes 5/3a",
		"numero": 133,
		"bairro": "Asa Sul",
		"cidade": "Brasília",
		"estado": "DF",
		"telefone_fixo": "(61) 2924-3031",
		"celular": "(61) 99367-7516",
		"altura": "1,61",
		"peso": 63,
		"tipo_sanguineo": "B+",
		"cor": "vermelho"
	},
	{
		"nome": "Manuel Nathan Thomas Castro",
		"idade": 37,
		"cpf": "465.980.631-67",
		"rg": "17.736.782-9",
		"data_nasc": "24/02/1986",
		"sexo": "Masculino",
		"signo": "Peixes",
		"mae": "Caroline Carla",
		"pai": "Cauã Yago Castro",
		"email": "manuel.nathan.castro@globomail.com",
		"senha": "iwetNdmGj8",
		"cep": "73355-709",
		"endereco": "Quadra Quadra 17 Conjunto I",
		"numero": 301,
		"bairro": "Setor Residencial Leste (Planaltina)",
		"cidade": "Brasília",
		"estado": "DF",
		"telefone_fixo": "(61) 2759-0116",
		"celular": "(61) 98754-2388",
		"altura": "1,65",
		"peso": 60,
		"tipo_sanguineo": "AB-",
		"cor": "azul"
	},
	{
		"nome": "Raquel Andrea Caldeira",
		"idade": 31,
		"cpf": "760.991.131-34",
		"rg": "11.233.526-3",
		"data_nasc": "20/02/1992",
		"sexo": "Feminino",
		"signo": "Peixes",
		"mae": "Fátima Liz",
		"pai": "Ricardo Marcelo Caldeira",
		"email": "raquel-caldeira96@urbam.com.br",
		"senha": "ck5n5CYWW1",
		"cep": "71538-515",
		"endereco": "Núcleo Rural Córrego do Torto Trecho 3-C",
		"numero": 470,
		"bairro": "Setor de Habitações Individuais Norte",
		"cidade": "Brasília",
		"estado": "DF",
		"telefone_fixo": "(61) 3997-6298",
		"celular": "(61) 99612-5032",
		"altura": "1,69",
		"peso": 67,
		"tipo_sanguineo": "AB-",
		"cor": "verde"
	},
	{
		"nome": "Rodrigo Osvaldo Tomás Novaes",
		"idade": 19,
		"cpf": "946.257.791-97",
		"rg": "11.036.902-6",
		"data_nasc": "11/02/2004",
		"sexo": "Masculino",
		"signo": "Aquário",
		"mae": "Lívia Rita",
		"pai": "Daniel Roberto Renato Novaes",
		"email": "rodrigo_novaes@nokia.com",
		"senha": "fAplSyGU7J",
		"cep": "72415-602",
		"endereco": "Quadra Quadra 12 Conjunto B",
		"numero": 502,
		"bairro": "Setor Sul (Gama)",
		"cidade": "Brasília",
		"estado": "DF",
		"telefone_fixo": "(61) 2724-0684",
		"celular": "(61) 98113-8524",
		"altura": "1,73",
		"peso": 105,
		"tipo_sanguineo": "B-",
		"cor": "preto"
	}
]