[
	{
		"nome": "Mariana Laura Peixoto",
		"idade": 56,
		"cpf": "997.788.731-43",
		"rg": "50.813.505-9",
		"data_nasc": "10/01/1967",
		"sexo": "Feminino",
		"signo": "Capricórnio",
		"mae": "Luna Laís Louise",
		"pai": "Mário Pedro Henrique Peixoto",
		"email": "marianalaurapeixoto@gm.com",
		"senha": "56p1HfpoLB",
		"cep": "72304-506",
		"endereco": "Quadra QS 120 Conjunto 6",
		"numero": 374,
		"bairro": "Samambaia Sul (Samambaia)",
		"cidade": "Brasília",
		"estado": "DF",
		"telefone_fixo": "(61) 2565-2400",
		"celular": "(61) 98786-6650",
		"altura": "1,58",
		"peso": 85,
		"tipo_sanguineo": "O-",
		"cor": "preto"
	},
	{
		"nome": "Francisca Melissa Cristiane da Silva",
		"idade": 20,
		"cpf": "494.499.081-25",
		"rg": "46.448.668-3",
		"data_nasc": "27/01/2003",
		"sexo": "Feminino",
		"signo": "Aquário",
		"mae": "Regina Aparecida",
		"pai": "Benjamin Sérgio Noah da Silva",
		"email": "francisca_melissa_dasilva@mosman.com.br",
		"senha": "9Pfg0XA5HS",
		"cep": "72151-520",
		"endereco": "Quadra EQNL 17/19",
		"numero": 142,
		"bairro": "Taguatinga Norte (Taguatinga)",
		"cidade": "Brasília",
		"estado": "DF",
		"telefone_fixo": "(61) 2857-1963",
		"celular": "(61) 99276-4089",
		"altura": "1,70",
		"peso": 70,
		"tipo_sanguineo": "A-",
		"cor": "laranja"
	},
	{
		"nome": "Fábio Geraldo Lorenzo Farias",
		"idade": 30,
		"cpf": "426.086.611-73",
		"rg": "50.222.375-3",
		"data_nasc": "24/01/1993",
		"sexo": "Masculino",
		"signo": "Aquário",
		"mae": "Alessandra Josefa Bárbara",
		"pai": "Bryan Anthony Giovanni Farias",
		"email": "fabio_farias@corp.globo.com",
		"senha": "7fPMNc5hpn",
		"cep": "72500-406",
		"endereco": "Quadra QR 100 Conjunto C-1",
		"numero": 156,
		"bairro": "Santa Maria",
		"cidade": "Brasília",
		"estado": "DF",
		"telefone_fixo": "(61) 3830-7922",
		"celular": "(61) 99376-9454",
		"altura": "1,80",
		"peso": 89,
		"tipo_sanguineo": "A-",
		"cor": "vermelho"
	},
	{
		"nome": "Yasmin Isabella Pires",
		"idade": 37,
		"cpf": "001.284.601-56",
		"rg": "18.558.437-8",
		"data_nasc": "06/01/1986",
		"sexo": "Feminino",
		"signo": "Capricórnio",
		"mae": "Laura Clarice",
		"pai": "Lucca Kaique Paulo Pires",
		"email": "yasminisabellapires@icloud.com",
		"senha": "N2OpaSjjRo",
		"cep": "72317-206",
		"endereco": "Quadra QR 525 Conjunto 6",
		"numero": 415,
		"bairro": "Samambaia Sul (Samambaia)",
		"cidade": "Brasília",
		"estado": "DF",
		"telefone_fixo": "(61) 2914-6128",
		"celular": "(61) 99203-6574",
		"altura": "1,66",
		"peso": 58,
		"tipo_sanguineo": "O+",
		"cor": "preto"
	},
	{
		"nome": "Nathan Bento Cavalcanti",
		"idade": 49,
		"cpf": "537.239.561-30",
		"rg": "40.472.702-5",
		"data_nasc": "01/02/1974",
		"sexo": "Masculino",
		"signo": "Aquário",
		"mae": "Helena Milena",
		"pai": "Sebastião André Cavalcanti",
		"email": "nathan-cavalcanti89@cernizza.com.br",
		"senha": "Hpuj6o3ohZ",
		"cep": "73083-570",
		"endereco": "Quadra Comercial",
		"numero": 486,
		"bairro": "Serra Azul (Sobradinho)",
		"cidade": "Brasília",
		"estado": "DF",
		"telefone_fixo": "(61) 3951-4499",
		"celular": "(61) 99535-7251",
		"altura": "1,77",
		"peso": 104,
		"tipo_sanguineo": "A+",
		"cor": "amarelo"
	},
	{
		"nome": "Esther Malu Castro",
		"idade": 68,
		"cpf": "909.837.171-09",
		"rg": "24.175.492-6",
		"data_nasc": "17/01/1955",
		"sexo": "Feminino",
		"signo": "Capricórnio",
		"mae": "Mariah Teresinha",
		"pai": "Isaac Carlos Eduardo Kaique Castro",
		"email": "esthermalucastro@isometro.com.br",
		"senha": "4p6nmkdh4g",
		"cep": "71060-070",
		"endereco": "Quadra QE 24 Conjunto G",
		"numero": 800,
		"bairro": "Guará II",
		"cidade": "Brasília",
		"estado": "DF",
		"telefone_fixo": "(61) 3766-0328",
		"celular": "(61) 99216-9960",
		"altura": "1,75",
		"peso": 51,
		"tipo_sanguineo": "O+",
		"cor": "vermelho"
	},
	{
		"nome": "Ryan Davi Rodrigues",
		"idade": 53,
		"cpf": "283.858.911-37",
		"rg": "36.420.361-4",
		"data_nasc": "08/02/1970",
		"sexo": "Masculino",
		"signo": "Aquário",
		"mae": "Bruna Marlene",
		"pai": "Martin Caleb Enrico Rodrigues",
		"email": "ryan_davi_rodrigues@moppe.com.br",
		"senha": "lKWhmwowr6",
		"cep": "71261-825",
		"endereco": "Quadra Quadra 7",
		"numero": 196,
		"bairro": "Setor Leste (Vila Estrutural - Guará)",
		"cidade": "Brasília",
		"estado": "DF",
		"telefone_fixo": "(61) 2706-8906",
		"celular": "(61) 98323-0015",
		"altura": "1,61",
		"peso": 110,
		"tipo_sanguineo": "A-",
		"cor": "preto"
	},
	{
		"nome": "Fábio Luiz Nathan Barros",
		"idade": 58,
		"cpf": "509.129.591-77",
		"rg": "10.505.309-0",
		"data_nasc": "07/02/1965",
		"sexo": "Masculino",
		"signo": "Aquário",
		"mae": "Daiane Sebastiana Milena",
		"pai": "Joaquim Lucas Nathan Barros",
		"email": "fabio.luiz.barros@shimu.com.br",
		"senha": "dCaiTFpp5s",
		"cep": "72225-331",
		"endereco": "Quadra QNN 33 Área Especial A",
		"numero": 365,
		"bairro": "Ceilândia Norte (Ceilândia)",
		"cidade": "Brasília",
		"estado": "DF",
		"telefone_fixo": "(61) 2789-7360",
		"celular": "(61) 99419-8946",
		"altura": "1,83",
		"peso": 52,
		"tipo_sanguineo": "A-",
		"cor": "vermelho"
	},
	{
		"nome": "Rafael Mário Assunção",
		"idade": 46,
		"cpf": "796.272.711-01",
		"rg": "40.928.697-7",
		"data_nasc": "21/01/1977",
		"sexo": "Masculino",
		"signo": "Aquário",
		"mae": "Sônia Flávia Luna",
		"pai": "Carlos Eduardo Thales Erick Assunção",
		"email": "rafael.mario.assuncao@uol.com.br",
		"senha": "bX7ouadlGd",
		"cep": "73365-208",
		"endereco": "Quadra Quadra 67",
		"numero": 436,
		"bairro": "Nossa Senhora de Fátima (Planaltina)",
		"cidade": "Brasília",
		"estado": "DF",
		"telefone_fixo": "(61) 2894-2114",
		"celular": "(61) 99188-2471",
		"altura": "1,63",
		"peso": 52,
		"tipo_sanguineo": "A-",
		"cor": "vermelho"
	},
	{
		"nome": "Catarina Isabelly Marina Araújo",
		"idade": 71,
		"cpf": "069.517.371-50",
		"rg": "25.119.840-6",
		"data_nasc": "04/01/1952",
		"sexo": "Feminino",
		"signo": "Capricórnio",
		"mae": "Elaine Luiza",
		"pai": "Sérgio Juan Luan Araújo",
		"email": "catarina-araujo93@valeparaibano.com.br",
		"senha": "WIUU1zeXtT",
		"cep": "72622-408",
		"endereco": "Quadra Quadra 311 Conjunto 7",
		"numero": 408,
		"bairro": "Recanto das Emas",
		"cidade": "Brasília",
		"estado": "DF",
		"telefone_fixo": "(61) 3542-5634",
		"celular": "(61) 99657-4566",
		"altura": "1,67",
		"peso": 76,
		"tipo_sanguineo": "AB-",
		"cor": "amarelo"
	},
	{
		"nome": "Milena Bianca da Cunha",
		"idade": 80,
		"cpf": "439.099.161-20",
		"rg": "12.137.682-5",
		"data_nasc": "10/02/1943",
		"sexo": "Feminino",
		"signo": "Aquário",
		"mae": "Jennifer Isis Tatiane",
		"pai": "Lucca Bruno Anthony da Cunha",
		"email": "milena_bianca_dacunha@caesarbusiness.com.br",
		"senha": "JpWWpIe2oy",
		"cep": "73401-821",
		"endereco": "Módulo Módulo H",
		"numero": 768,
		"bairro": "Estância Mestre D'Armas II (Planaltina)",
		"cidade": "Brasília",
		"estado": "DF",
		"telefone_fixo": "(61) 3714-4259",
		"celular": "(61) 99521-3244",
		"altura": "1,69",
		"peso": 73,
		"tipo_sanguineo": "B+",
		"cor": "laranja"
	},
	{
		"nome": "Bryan Bento Paulo Caldeira",
		"idade": 58,
		"cpf": "487.565.691-22",
		"rg": "27.343.535-8",
		"data_nasc": "01/02/1965",
		"sexo": "Masculino",
		"signo": "Aquário",
		"mae": "Sônia Emanuelly Giovana",
		"pai": "Levi Gael Caldeira",
		"email": "bryan_bento_caldeira@dkcarmo.com",
		"senha": "cmY8cAA9Ph",
		"cep": "70658-495",
		"endereco": "Quadra SHCES Quadra 1409 Bloco E",
		"numero": 958,
		"bairro": "Cruzeiro Novo",
		"cidade": "Brasília",
		"estado": "DF",
		"telefone_fixo": "(61) 3560-5107",
		"celular": "(61) 98636-1406",
		"altura": "1,73",
		"peso": 66,
		"tipo_sanguineo": "AB-",
		"cor": "verde"
	},
	{
		"nome": "Marcos Renato Isaac Gonçalves",
		"idade": 41,
		"cpf": "165.870.541-61",
		"rg": "15.518.405-2",
		"data_nasc": "10/01/1982",
		"sexo": "Masculino",
		"signo": "Capricórnio",
		"mae": "Fabiana Nair Tatiane",
		"pai": "Nelson Pedro Henrique Gonçalves",
		"email": "marcos-goncalves90@doublemoore.com",
		"senha": "mzLxgPeRkF",
		"cep": "72301-302",
		"endereco": "Quadra QR 109 Conjunto 2",
		"numero": 792,
		"bairro": "Samambaia Sul (Samambaia)",
		"cidade": "Brasília",
		"estado": "DF",
		"telefone_fixo": "(61) 3878-1204",
		"celular": "(61) 99327-7407",
		"altura": "1,74",
		"peso": 56,
		"tipo_sanguineo": "O+",
		"cor": "vermelho"
	},
	{
		"nome": "Isabela Agatha de Paula",
		"idade": 42,
		"cpf": "247.999.211-00",
		"rg": "46.238.540-1",
		"data_nasc": "25/01/1981",
		"sexo": "Feminino",
		"signo": "Aquário",
		"mae": "Mariane Isabela Malu",
		"pai": "Otávio Rafael Calebe de Paula",
		"email": "isabela_agatha_depaula@ligananet.com.br",
		"senha": "g6x07q9oEZ",
		"cep": "72231-527",
		"endereco": "Quadra EQNP 12/16 Bloco G",
		"numero": 476,
		"bairro": "Ceilândia Sul (Ceilândia)",
		"cidade": "Brasília",
		"estado": "DF",
		"telefone_fixo": "(61) 2703-0439",
		"celular": "(61) 98510-6044",
		"altura": "1,75",
		"peso": 86,
		"tipo_sanguineo": "A+",
		"cor": "amarelo"
	},
	{
		"nome": "Vitória Lívia Lúcia da Paz",
		"idade": 66,
		"cpf": "878.745.811-05",
		"rg": "49.608.805-1",
		"data_nasc": "02/02/1957",
		"sexo": "Feminino",
		"signo": "Aquário",
		"mae": "Antonella Jennifer",
		"pai": "Tiago Henrique da Paz",
		"email": "vitoria_livia_dapaz@power.alstom.com",
		"senha": "9TrRiG4t80",
		"cep": "70712-020",
		"endereco": "Quadra SCN Quadra 2 Bloco B",
		"numero": 363,
		"bairro": "Asa Norte",
		"cidade": "Brasília",
		"estado": "DF",
		"telefone_fixo": "(61) 3738-3994",
		"celular": "(61) 99157-0653",
		"altura": "1,52",
		"peso": 51,
		"tipo_sanguineo": "AB-",
		"cor": "preto"
	},
	{
		"nome": "Simone Liz Francisca Mendes",
		"idade": 56,
		"cpf": "694.416.761-10",
		"rg": "26.899.213-7",
		"data_nasc": "04/02/1967",
		"sexo": "Feminino",
		"signo": "Aquário",
		"mae": "Raquel Nina Catarina",
		"pai": "Erick Marcos Vinicius Vinicius Mendes",
		"email": "simone.liz.mendes@megasurgical.com.br",
		"senha": "kDkKIpG4NB",
		"cep": "71995-635",
		"endereco": "Conjunto SHA Conjunto 5 Chácara 134A",
		"numero": 556,
		"bairro": "Setor Habitacional Arniqueira (Águas Claras)",
		"cidade": "Brasília",
		"estado": "DF",
		"telefone_fixo": "(61) 3702-8007",
		"celular": "(61) 98299-2954",
		"altura": "1,66",
		"peso": 48,
		"tipo_sanguineo": "A-",
		"cor": "azul"
	},
	{
		"nome": "Sophia Eliane Gomes",
		"idade": 43,
		"cpf": "300.442.851-24",
		"rg": "27.909.984-8",
		"data_nasc": "04/01/1980",
		"sexo": "Feminino",
		"signo": "Capricórnio",
		"mae": "Isadora Raquel",
		"pai": "Marcelo Kaique Mário Gomes",
		"email": "sophia_gomes@msaengenharia.com.br",
		"senha": "d4CuWsQ6f4",
		"cep": "72503-603",
		"endereco": "Quadra QR 303 Conjunto C",
		"numero": 219,
		"bairro": "Santa Maria",
		"cidade": "Brasília",
		"estado": "DF",
		"telefone_fixo": "(61) 3883-3492",
		"celular": "(61) 98597-7836",
		"altura": "1,52",
		"peso": 86,
		"tipo_sanguineo": "B+",
		"cor": "vermelho"
	},
	{
		"nome": "Severino Pietro da Luz",
		"idade": 57,
		"cpf": "349.985.231-47",
		"rg": "24.595.332-2",
		"data_nasc": "13/01/1966",
		"sexo": "Masculino",
		"signo": "Capricórnio",
		"mae": "Isadora Luna",
		"pai": "Edson Luiz Paulo da Luz",
		"email": "severino_daluz@mabeitex.com.br",
		"senha": "GqM7DJ8u6E",
		"cep": "70730-516",
		"endereco": "Quadra SCLRN 703 Bloco F",
		"numero": 932,
		"bairro": "Asa Norte",
		"cidade": "Brasília",
		"estado": "DF",
		"telefone_fixo": "(61) 3732-7166",
		"celular": "(61) 98714-8018",
		"altura": "1,87",
		"peso": 79,
		"tipo_sanguineo": "A+",
		"cor": "preto"
	},
	{
		"nome": "Nina Luzia Clarice da Mota",
		"idade": 73,
		"cpf": "212.510.871-24",
		"rg": "21.854.094-2",
		"data_nasc": "15/02/1950",
		"sexo": "Feminino",
		"signo": "Aquário",
		"mae": "Daniela Milena Débora",
		"pai": "Miguel Roberto da Mota",
		"email": "nina.luzia.damota@capgemini.com",
		"senha": "DFLhbmsxG0",
		"cep": "72238-033",
		"endereco": "Quadra SHPS Quadra 103 Conjunto 111",
		"numero": 832,
		"bairro": "Setor Habitacional Pôr do Sol (Ceilândia)",
		"cidade": "Brasília",
		"estado": "DF",
		"telefone_fixo": "(61) 3983-9257",
		"celular": "(61) 99390-8201",
		"altura": "1,80",
		"peso": 86,
		"tipo_sanguineo": "O+",
		"cor": "azul"
	},
	{
		"nome": "Elza Aparecida Lima",
		"idade": 69,
		"cpf": "544.663.351-25",
		"rg": "29.749.951-8",
		"data_nasc": "10/01/1954",
		"sexo": "Feminino",
		"signo": "Capricórnio",
		"mae": "Esther Adriana Olivia",
		"pai": "Geraldo José Lima",
		"email": "elza_lima@imagemeaudio.com.br",
		"senha": "25wUzdHDWm",
		"cep": "72548-836",
		"endereco": "Quadra CL 518 Bloco F",
		"numero": 891,
		"bairro": "Santa Maria",
		"cidade": "Brasília",
		"estado": "DF",
		"telefone_fixo": "(61) 2702-0281",
		"celular": "(61) 99773-2187",
		"altura": "1,61",
		"peso": 68,
		"tipo_sanguineo": "A+",
		"cor": "preto"
	},
	{
		"nome": "Thiago Levi Pereira",
		"idade": 55,
		"cpf": "430.120.161-04",
		"rg": "27.731.422-7",
		"data_nasc": "20/02/1968",
		"sexo": "Masculino",
		"signo": "Peixes",
		"mae": "Aparecida Hadassa Jennifer",
		"pai": "Bento Fernando César Pereira",
		"email": "thiago_pereira@daou.com.br",
		"senha": "QWLy0rRLka",
		"cep": "72261-006",
		"endereco": "Quadra QNO 19 Conjunto 6",
		"numero": 870,
		"bairro": "Ceilândia Norte (Ceilândia)",
		"cidade": "Brasília",
		"estado": "DF",
		"telefone_fixo": "(61) 3642-8292",
		"celular": "(61) 99773-7230",
		"altura": "1,89",
		"peso": 99,
		"tipo_sanguineo": "B-",
		"cor": "preto"
	},
	{
		"nome": "Cláudio Hugo dos Santos",
		"idade": 18,
		"cpf": "210.856.521-30",
		"rg": "27.385.041-6",
		"data_nasc": "08/01/2005",
		"sexo": "Masculino",
		"signo": "Capricórnio",
		"mae": "Fabiana Isis",
		"pai": "Diogo Anthony Martin dos Santos",
		"email": "claudiohugodossantos@netsite.com.br",
		"senha": "rb8aGLqye5",
		"cep": "72593-039",
		"endereco": "Quadra QBR 3 Bloco I",
		"numero": 489,
		"bairro": "Residencial Santos Dumont (Santa Maria)",
		"cidade": "Brasília",
		"estado": "DF",
		"telefone_fixo": "(61) 2586-6172",
		"celular": "(61) 99288-9562",
		"altura": "1,77",
		"peso": 80,
		"tipo_sanguineo": "A+",
		"cor": "roxo"
	},
	{
		"nome": "Betina Cláudia Bianca Drumond",
		"idade": 25,
		"cpf": "767.517.371-65",
		"rg": "21.394.423-6",
		"data_nasc": "18/01/1998",
		"sexo": "Feminino",
		"signo": "Capricórnio",
		"mae": "Mirella Vera Emilly",
		"pai": "Osvaldo Arthur Benedito Drumond",
		"email": "betina_claudia_drumond@oerlikon.com",
		"senha": "3n9cxL0X5c",
		"cep": "72275-478",
		"endereco": "Quadra QNR 4 Conjunto N",
		"numero": 435,
		"bairro": "Ceilândia Norte (Ceilândia)",
		"cidade": "Brasília",
		"estado": "DF",
		"telefone_fixo": "(61) 2658-7946",
		"celular": "(61) 98701-1299",
		"altura": "1,61",
		"peso": 86,
		"tipo_sanguineo": "AB+",
		"cor": "vermelho"
	},
	{
		"nome": "Ester Eduarda Ribeiro",
		"idade": 69,
		"cpf": "146.689.121-15",
		"rg": "25.634.518-1",
		"data_nasc": "17/02/1954",
		"sexo": "Feminino",
		"signo": "Aquário",
		"mae": "Sophia Vera Vera",
		"pai": "Osvaldo Leonardo Emanuel Ribeiro",
		"email": "ester_ribeiro@truckeixo.com.br",
		"senha": "1uaZes9ogh",
		"cep": "71525-220",
		"endereco": "Quadra SHIN QI 12 Conjunto 2",
		"numero": 987,
		"bairro": "Setor de Habitações Individuais Norte",
		"cidade": "Brasília",
		"estado": "DF",
		"telefone_fixo": "(61) 3537-7100",
		"celular": "(61) 98810-8665",
		"altura": "1,50",
		"peso": 64,
		"tipo_sanguineo": "AB-",
		"cor": "laranja"
	},
	{
		"nome": "Arthur Lucas Melo",
		"idade": 60,
		"cpf": "913.442.311-79",
		"rg": "30.295.551-3",
		"data_nasc": "12/01/1963",
		"sexo": "Masculino",
		"signo": "Capricórnio",
		"mae": "Giovanna Giovanna Hadassa",
		"pai": "Yuri Cláudio Melo",
		"email": "arthur-melo96@pisbrasil.com.br",
		"senha": "1rTN06Bq79",
		"cep": "71081-095",
		"endereco": "Setor Habitacional IAPI Chácara 8",
		"numero": 134,
		"bairro": "Guará II",
		"cidade": "Brasília",
		"estado": "DF",
		"telefone_fixo": "(61) 2710-1189",
		"celular": "(61) 99947-8989",
		"altura": "1,85",
		"peso": 87,
		"tipo_sanguineo": "AB+",
		"cor": "amarelo"
	},
	{
		"nome": "Sara Rosângela da Rosa",
		"idade": 25,
		"cpf": "237.774.221-18",
		"rg": "13.069.093-4",
		"data_nasc": "05/01/1998",
		"sexo": "Feminino",
		"signo": "Capricórnio",
		"mae": "Gabrielly Elza Daniela",
		"pai": "Nelson Bryan da Rosa",
		"email": "sara-darosa87@alkbrasil.com.br",
		"senha": "oGMiE1mmub",
		"cep": "72265-210",
		"endereco": "Quadra Quadra 21",
		"numero": 968,
		"bairro": "Setor Industrial (Ceilândia)",
		"cidade": "Brasília",
		"estado": "DF",
		"telefone_fixo": "(61) 2597-2568",
		"celular": "(61) 99882-5798",
		"altura": "1,61",
		"peso": 54,
		"tipo_sanguineo": "O-",
		"cor": "verde"
	},
	{
		"nome": "Ana Catarina Dias",
		"idade": 72,
		"cpf": "173.784.881-35",
		"rg": "37.737.325-4",
		"data_nasc": "04/01/1951",
		"sexo": "Feminino",
		"signo": "Capricórnio",
		"mae": "Malu Clara Luana",
		"pai": "Caio Thales Ruan Dias",
		"email": "anacatarinadias@bucaneiro.com.br",
		"senha": "ORIfWgxPp2",
		"cep": "73350-163",
		"endereco": "Conjunto Conjunto C",
		"numero": 526,
		"bairro": "Setor Residencial Norte (Planaltina)",
		"cidade": "Brasília",
		"estado": "DF",
		"telefone_fixo": "(61) 3781-9248",
		"celular": "(61) 98864-1942",
		"altura": "1,64",
		"peso": 46,
		"tipo_sanguineo": "O+",
		"cor": "vermelho"
	},
	{
		"nome": "Bruno Caio Lopes",
		"idade": 48,
		"cpf": "863.412.891-11",
		"rg": "41.041.027-5",
		"data_nasc": "23/02/1975",
		"sexo": "Masculino",
		"signo": "Peixes",
		"mae": "Tânia Evelyn",
		"pai": "João Eduardo Igor Lopes",
		"email": "bruno.caio.lopes@hospitalprovisao.org.br",
		"senha": "EuJ8dBixCw",
		"cep": "72280-276",
		"endereco": "Rua Rua 4 Módulo 13",
		"numero": 645,
		"bairro": "Condomínio Privê Lucena Roriz (Ceilândia)",
		"cidade": "Brasília",
		"estado": "DF",
		"telefone_fixo": "(61) 2627-9520",
		"celular": "(61) 99110-3941",
		"altura": "1,83",
		"peso": 70,
		"tipo_sanguineo": "O-",
		"cor": "roxo"
	},
	{
		"nome": "Gabriela Débora Nascimento",
		"idade": 40,
		"cpf": "063.255.401-07",
		"rg": "41.960.953-2",
		"data_nasc": "24/01/1983",
		"sexo": "Feminino",
		"signo": "Aquário",
		"mae": "Milena Malu",
		"pai": "Pedro Henrique Anderson Nascimento",
		"email": "gabrieladeboranascimento@ambarnet.com.br",
		"senha": "Z2pXrHMOrY",
		"cep": "72151-017",
		"endereco": "Quadra QNL 9 Bloco G",
		"numero": 165,
		"bairro": "Taguatinga Norte (Taguatinga)",
		"cidade": "Brasília",
		"estado": "DF",
		"telefone_fixo": "(61) 3829-7388",
		"celular": "(61) 98866-6401",
		"altura": "1,69",
		"peso": 62,
		"tipo_sanguineo": "AB-",
		"cor": "preto"
	},
	{
		"nome": "Benedito Erick Leandro Ferreira",
		"idade": 22,
		"cpf": "924.380.971-75",
		"rg": "20.760.038-7",
		"data_nasc": "15/02/2001",
		"sexo": "Masculino",
		"signo": "Aquário",
		"mae": "Heloise Nicole Silvana",
		"pai": "Gustavo Lucca Vinicius Ferreira",
		"email": "benedito_erick_ferreira@yaooll.com",
		"senha": "BFZxY81N2S",
		"cep": "70760-777",
		"endereco": "Quadra SHCGN 714 Bloco Q",
		"numero": 759,
		"bairro": "Asa Norte",
		"cidade": "Brasília",
		"estado": "DF",
		"telefone_fixo": "(61) 3998-8698",
		"celular": "(61) 98510-3107",
		"altura": "1,60",
		"peso": 59,
		"tipo_sanguineo": "O+",
		"cor": "preto"
	}
]