[
	{
		"nome": "Luan Paulo Osvaldo Aragão",
		"idade": 19,
		"cpf": "965.566.921-15",
		"rg": "22.112.482-2",
		"data_nasc": "03/01/2004",
		"sexo": "Masculino",
		"signo": "Capricórnio",
		"mae": "Elza Mariane",
		"pai": "Manuel Guilherme Aragão",
		"email": "luan.paulo.aragao@ieee.org",
		"senha": "8Sp3uoLt9X",
		"cep": "71996-590",
		"endereco": "Conjunto SHA Conjunto 7 Chácara 16A",
		"numero": 821,
		"bairro": "Setor Habitacional Arniqueira (Águas Claras)",
		"cidade": "Brasília",
		"estado": "DF",
		"telefone_fixo": "(61) 2884-1413",
		"celular": "(61) 99131-5699",
		"altura": "1,89",
		"peso": 79,
		"tipo_sanguineo": "B+",
		"cor": "preto"
	},
	{
		"nome": "Marina Raimunda Julia da Cruz",
		"idade": 38,
		"cpf": "415.917.731-05",
		"rg": "42.114.633-3",
		"data_nasc": "21/02/1985",
		"sexo": "Feminino",
		"signo": "Peixes",
		"mae": "Letícia Bárbara",
		"pai": "Fernando Leandro da Cruz",
		"email": "marina_raimunda_dacruz@carreira.com.br",
		"senha": "5KIsSOeeJK",
		"cep": "71596-229",
		"endereco": "Quadra 2 Conjunto C",
		"numero": 153,
		"bairro": "Fazendinha (Itapoã)",
		"cidade": "Brasília",
		"estado": "DF",
		"telefone_fixo": "(61) 2926-9349",
		"celular": "(61) 99797-5527",
		"altura": "1,68",
		"peso": 53,
		"tipo_sanguineo": "A-",
		"cor": "verde"
	},
	{
		"nome": "Pedro Julio Lima",
		"idade": 22,
		"cpf": "338.142.841-19",
		"rg": "16.309.743-4",
		"data_nasc": "05/02/2001",
		"sexo": "Masculino",
		"signo": "Aquário",
		"mae": "Kamilly Heloisa",
		"pai": "Paulo Samuel Lima",
		"email": "pedro_julio_lima@danielstrauch.com",
		"senha": "lZyD6dNt2m",
		"cep": "72231-520",
		"endereco": "Quadra EQNP 12/16",
		"numero": 925,
		"bairro": "Ceilândia Sul (Ceilândia)",
		"cidade": "Brasília",
		"estado": "DF",
		"telefone_fixo": "(61) 3972-2866",
		"celular": "(61) 98683-6281",
		"altura": "1,73",
		"peso": 107,
		"tipo_sanguineo": "AB-",
		"cor": "vermelho"
	},
	{
		"nome": "Tomás João Lucca Caldeira",
		"idade": 26,
		"cpf": "559.625.021-08",
		"rg": "49.640.544-5",
		"data_nasc": "19/01/1997",
		"sexo": "Masculino",
		"signo": "Capricórnio",
		"mae": "Laura Heloise Emily",
		"pai": "Ryan Calebe Vitor Caldeira",
		"email": "tomas-caldeira79@siexpress.com.br",
		"senha": "Sw70LJQMG6",
		"cep": "72210-254",
		"endereco": "Quadra QNM 24 Conjunto N",
		"numero": 700,
		"bairro": "Ceilândia Norte (Ceilândia)",
		"cidade": "Brasília",
		"estado": "DF",
		"telefone_fixo": "(61) 2747-6775",
		"celular": "(61) 98320-6287",
		"altura": "1,99",
		"peso": 67,
		"tipo_sanguineo": "AB-",
		"cor": "verde"
	},
	{
		"nome": "Juan Isaac Kaique Rocha",
		"idade": 52,
		"cpf": "264.292.251-00",
		"rg": "23.100.542-8",
		"data_nasc": "19/01/1971",
		"sexo": "Masculino",
		"signo": "Capricórnio",
		"mae": "Caroline Lorena Fernanda",
		"pai": "Fernando Thiago Lucas Rocha",
		"email": "juan_rocha@iahoo.com",
		"senha": "xHD343BXWR",
		"cep": "72545-505",
		"endereco": "Quadra QR 315 Conjunto E",
		"numero": 891,
		"bairro": "Santa Maria",
		"cidade": "Brasília",
		"estado": "DF",
		"telefone_fixo": "(61) 2687-8507",
		"celular": "(61) 99423-4968",
		"altura": "1,94",
		"peso": 74,
		"tipo_sanguineo": "O+",
		"cor": "vermelho"
	},
	{
		"nome": "Joaquim Noah Pinto",
		"idade": 42,
		"cpf": "268.859.061-82",
		"rg": "24.486.203-5",
		"data_nasc": "06/02/1981",
		"sexo": "Masculino",
		"signo": "Aquário",
		"mae": "Bárbara Heloisa",
		"pai": "Paulo Calebe Francisco Pinto",
		"email": "joaquim-pinto86@ahlstrom.com",
		"senha": "HCdPffAS1i",
		"cep": "72005-760",
		"endereco": "Rua Rua 3 Chácara 83",
		"numero": 919,
		"bairro": "Setor Habitacional Vicente Pires",
		"cidade": "Brasília",
		"estado": "DF",
		"telefone_fixo": "(61) 2553-0272",
		"celular": "(61) 98894-9857",
		"altura": "1,73",
		"peso": 76,
		"tipo_sanguineo": "AB-",
		"cor": "azul"
	},
	{
		"nome": "Márcio Augusto Thiago Dias",
		"idade": 42,
		"cpf": "059.979.061-08",
		"rg": "21.740.892-8",
		"data_nasc": "05/01/1981",
		"sexo": "Masculino",
		"signo": "Capricórnio",
		"mae": "Ayla Cláudia",
		"pai": "Márcio Theo Igor Dias",
		"email": "marcio_dias@novaes.me",
		"senha": "HLf2uA2ksB",
		"cep": "72145-402",
		"endereco": "Quadra QNM 34 Conjunto B",
		"numero": 683,
		"bairro": "Taguatinga Norte (Taguatinga)",
		"cidade": "Brasília",
		"estado": "DF",
		"telefone_fixo": "(61) 3995-3032",
		"celular": "(61) 99247-7832",
		"altura": "1,68",
		"peso": 99,
		"tipo_sanguineo": "B-",
		"cor": "azul"
	},
	{
		"nome": "Márcia Sarah Corte Real",
		"idade": 32,
		"cpf": "404.937.581-86",
		"rg": "33.305.968-2",
		"data_nasc": "09/01/1991",
		"sexo": "Feminino",
		"signo": "Capricórnio",
		"mae": "Maya Carolina",
		"pai": "Enzo Marcelo Igor Corte Real",
		"email": "marcia-cortereal93@rocketmail.com",
		"senha": "H1RmX7o4Zt",
		"cep": "70790-150",
		"endereco": "Quadra SGAN 915",
		"numero": 227,
		"bairro": "Asa Norte",
		"cidade": "Brasília",
		"estado": "DF",
		"telefone_fixo": "(61) 2917-8827",
		"celular": "(61) 99711-7177",
		"altura": "1,54",
		"peso": 82,
		"tipo_sanguineo": "A-",
		"cor": "vermelho"
	},
	{
		"nome": "Otávio Fernando Freitas",
		"idade": 39,
		"cpf": "009.124.391-22",
		"rg": "36.767.715-5",
		"data_nasc": "18/01/1984",
		"sexo": "Masculino",
		"signo": "Capricórnio",
		"mae": "Alana Ester Carla",
		"pai": "Renan Jorge Freitas",
		"email": "otavio_fernando_freitas@rogerstenis.com.br",
		"senha": "XluZippr7P",
		"cep": "71973-190",
		"endereco": "Quadra QS 8 Conjunto 210A",
		"numero": 566,
		"bairro": "Areal (Águas Claras)",
		"cidade": "Brasília",
		"estado": "DF",
		"telefone_fixo": "(61) 2926-9562",
		"celular": "(61) 99412-6986",
		"altura": "1,61",
		"peso": 61,
		"tipo_sanguineo": "O-",
		"cor": "preto"
	},
	{
		"nome": "Marlene Alícia Márcia Farias",
		"idade": 46,
		"cpf": "240.808.421-04",
		"rg": "21.381.638-6",
		"data_nasc": "16/02/1977",
		"sexo": "Feminino",
		"signo": "Aquário",
		"mae": "Nair Luana Vanessa",
		"pai": "Calebe Ruan Farias",
		"email": "marlene_farias@acmorgado.com.br",
		"senha": "eOUE9WlEhX",
		"cep": "71593-425",
		"endereco": "Quadra 340",
		"numero": 495,
		"bairro": "Del Lago II (Itapoã)",
		"cidade": "Brasília",
		"estado": "DF",
		"telefone_fixo": "(61) 3993-6053",
		"celular": "(61) 99904-5102",
		"altura": "1,68",
		"peso": 59,
		"tipo_sanguineo": "A+",
		"cor": "preto"
	},
	{
		"nome": "Carlos Eduardo Rodrigo Emanuel Novaes",
		"idade": 32,
		"cpf": "104.307.761-87",
		"rg": "43.547.086-3",
		"data_nasc": "09/02/1991",
		"sexo": "Masculino",
		"signo": "Aquário",
		"mae": "Elisa Rebeca",
		"pai": "Roberto Vinicius Novaes",
		"email": "carlos.eduardo.novaes@soupelli.com.br",
		"senha": "ufSYZgx7mJ",
		"cep": "70800-905",
		"endereco": "SCEN Trecho 2 Lote 4",
		"numero": 598,
		"bairro": "Asa Norte",
		"cidade": "Brasília",
		"estado": "DF",
		"telefone_fixo": "(61) 3857-3131",
		"celular": "(61) 98640-1526",
		"altura": "2,00",
		"peso": 92,
		"tipo_sanguineo": "O+",
		"cor": "azul"
	},
	{
		"nome": "Kamilly Cecília Giovanna da Paz",
		"idade": 46,
		"cpf": "711.022.261-65",
		"rg": "28.420.492-4",
		"data_nasc": "23/01/1977",
		"sexo": "Feminino",
		"signo": "Aquário",
		"mae": "Bianca Allana",
		"pai": "José Alexandre da Paz",
		"email": "kamilly_dapaz@vick1.com.br",
		"senha": "7Rzi7ZTo3Q",
		"cep": "70658-457",
		"endereco": "Quadra SHCES Quadra 1405 Bloco G",
		"numero": 243,
		"bairro": "Cruzeiro Novo",
		"cidade": "Brasília",
		"estado": "DF",
		"telefone_fixo": "(61) 2864-6351",
		"celular": "(61) 98901-8272",
		"altura": "1,67",
		"peso": 74,
		"tipo_sanguineo": "A+",
		"cor": "azul"
	},
	{
		"nome": "Jorge Miguel Porto",
		"idade": 22,
		"cpf": "356.003.521-07",
		"rg": "10.852.622-7",
		"data_nasc": "16/01/2001",
		"sexo": "Masculino",
		"signo": "Capricórnio",
		"mae": "Isabelle Maya",
		"pai": "Mateus Bryan Isaac Porto",
		"email": "jorgemiguelporto@expressotaubate.com.br",
		"senha": "w9hpS0WCte",
		"cep": "70655-740",
		"endereco": "Quadra SHCES Quadra 703 Bloco J",
		"numero": 244,
		"bairro": "Cruzeiro Novo",
		"cidade": "Brasília",
		"estado": "DF",
		"telefone_fixo": "(61) 2760-0800",
		"celular": "(61) 99901-6388",
		"altura": "1,89",
		"peso": 99,
		"tipo_sanguineo": "A+",
		"cor": "azul"
	},
	{
		"nome": "Sophie Emanuelly Aparício",
		"idade": 49,
		"cpf": "406.721.221-62",
		"rg": "20.656.100-3",
		"data_nasc": "05/01/1974",
		"sexo": "Feminino",
		"signo": "Capricórnio",
		"mae": "Hadassa Gabrielly",
		"pai": "Levi Benjamin Aparício",
		"email": "sophie_aparicio@bhcervejas.com.br",
		"senha": "FWJeke7kx7",
		"cep": "71660-310",
		"endereco": "Quadra SHIS QI 25 Conjunto 11",
		"numero": 570,
		"bairro": "Setor de Habitações Individuais Sul",
		"cidade": "Brasília",
		"estado": "DF",
		"telefone_fixo": "(61) 3521-0022",
		"celular": "(61) 98824-3843",
		"altura": "1,73",
		"peso": 54,
		"tipo_sanguineo": "O-",
		"cor": "amarelo"
	},
	{
		"nome": "Vanessa Josefa Nascimento",
		"idade": 64,
		"cpf": "750.215.131-17",
		"rg": "25.587.894-1",
		"data_nasc": "27/01/1959",
		"sexo": "Feminino",
		"signo": "Aquário",
		"mae": "Pietra Emilly Adriana",
		"pai": "Arthur Diogo Nascimento",
		"email": "vanessa-nascimento75@effem.com",
		"senha": "UloAnTjb3n",
		"cep": "72733-721",
		"endereco": "Quadra Quadra 33 Conjunto G",
		"numero": 288,
		"bairro": "Vila São José (Brazlândia)",
		"cidade": "Brasília",
		"estado": "DF",
		"telefone_fixo": "(61) 2799-8575",
		"celular": "(61) 99251-4606",
		"altura": "1,53",
		"peso": 58,
		"tipo_sanguineo": "AB+",
		"cor": "roxo"
	},
	{
		"nome": "Luís Felipe Ramos",
		"idade": 19,
		"cpf": "615.025.601-43",
		"rg": "31.305.134-3",
		"data_nasc": "20/02/2004",
		"sexo": "Masculino",
		"signo": "Peixes",
		"mae": "Tatiane Mariah Flávia",
		"pai": "Edson Francisco Ramos",
		"email": "luisfeliperamos@sandvik.com",
		"senha": "BoYqKDbPNE",
		"cep": "73369-112",
		"endereco": "Quadra 10 Conjunto M",
		"numero": 978,
		"bairro": "Arapoanga (Planaltina)",
		"cidade": "Brasília",
		"estado": "DF",
		"telefone_fixo": "(61) 3577-3494",
		"celular": "(61) 98937-1011",
		"altura": "1,83",
		"peso": 100,
		"tipo_sanguineo": "O+",
		"cor": "roxo"
	},
	{
		"nome": "José José Benedito das Neves",
		"idade": 32,
		"cpf": "311.238.081-98",
		"rg": "39.929.851-4",
		"data_nasc": "17/02/1991",
		"sexo": "Masculino",
		"signo": "Aquário",
		"mae": "Luiza Eloá Bárbara",
		"pai": "Diego Sebastião Edson das Neves",
		"email": "jose_dasneves@tcotecnologia.com.br",
		"senha": "irp2ttG7jn",
		"cep": "72460-320",
		"endereco": "Quadra Quadra 32",
		"numero": 969,
		"bairro": "Setor Leste (Gama)",
		"cidade": "Brasília",
		"estado": "DF",
		"telefone_fixo": "(61) 3986-2910",
		"celular": "(61) 99852-7685",
		"altura": "1,91",
		"peso": 82,
		"tipo_sanguineo": "AB-",
		"cor": "laranja"
	},
	{
		"nome": "Sueli Marina Ferreira",
		"idade": 75,
		"cpf": "833.517.061-46",
		"rg": "14.515.350-2",
		"data_nasc": "13/02/1948",
		"sexo": "Feminino",
		"signo": "Aquário",
		"mae": "Elza Ana Isabelle",
		"pai": "Manuel Theo Ferreira",
		"email": "sueli_marina_ferreira@alanamaral.com.br",
		"senha": "7gMEkBXCbh",
		"cep": "70660-044",
		"endereco": "Quadra AOS 4 Bloco D",
		"numero": 207,
		"bairro": "Área Octogonal",
		"cidade": "Brasília",
		"estado": "DF",
		"telefone_fixo": "(61) 2550-1503",
		"celular": "(61) 99917-5315",
		"altura": "1,69",
		"peso": 58,
		"tipo_sanguineo": "B+",
		"cor": "laranja"
	},
	{
		"nome": "Marcelo Kevin Leonardo Silva",
		"idade": 71,
		"cpf": "772.036.811-81",
		"rg": "12.065.931-1",
		"data_nasc": "07/02/1952",
		"sexo": "Masculino",
		"signo": "Aquário",
		"mae": "Priscila Elisa",
		"pai": "Nathan Alexandre Silva",
		"email": "marcelo-silva80@unimedara.com.br",
		"senha": "Er7JzH0RiB",
		"cep": "72306-508",
		"endereco": "Quadra QS 304 Conjunto 8",
		"numero": 331,
		"bairro": "Samambaia Sul (Samambaia)",
		"cidade": "Brasília",
		"estado": "DF",
		"telefone_fixo": "(61) 3639-1405",
		"celular": "(61) 98340-0579",
		"altura": "1,86",
		"peso": 88,
		"tipo_sanguineo": "A-",
		"cor": "vermelho"
	},
	{
		"nome": "Tatiane Marlene Caroline Peixoto",
		"idade": 37,
		"cpf": "762.111.431-25",
		"rg": "17.324.512-2",
		"data_nasc": "11/01/1986",
		"sexo": "Feminino",
		"signo": "Capricórnio",
		"mae": "Gabriela Sarah Lara",
		"pai": "Joaquim Giovanni Peixoto",
		"email": "tatiane_peixoto@celiosilva.com",
		"senha": "1yDXD8ZUx6",
		"cep": "71881-660",
		"endereco": "Quadra QN 16",
		"numero": 644,
		"bairro": "Riacho Fundo II",
		"cidade": "Brasília",
		"estado": "DF",
		"telefone_fixo": "(61) 2602-7956",
		"celular": "(61) 98725-9509",
		"altura": "1,76",
		"peso": 62,
		"tipo_sanguineo": "A-",
		"cor": "azul"
	},
	{
		"nome": "Julia Aurora da Conceição",
		"idade": 74,
		"cpf": "770.898.351-70",
		"rg": "32.260.731-0",
		"data_nasc": "27/01/1949",
		"sexo": "Feminino",
		"signo": "Aquário",
		"mae": "Bárbara Marli Lorena",
		"pai": "Juan Vicente Noah da Conceição",
		"email": "julia_daconceicao@lynce.com.br",
		"senha": "JjCdrmgWOG",
		"cep": "72735-022",
		"endereco": "Quadra Quadra 35 Área Especial 2",
		"numero": 446,
		"bairro": "Vila São José (Brazlândia)",
		"cidade": "Brasília",
		"estado": "DF",
		"telefone_fixo": "(61) 3945-0456",
		"celular": "(61) 99988-3156",
		"altura": "1,56",
		"peso": 70,
		"tipo_sanguineo": "O-",
		"cor": "verde"
	},
	{
		"nome": "Benedita Cecília Larissa Fernandes",
		"idade": 49,
		"cpf": "097.528.321-99",
		"rg": "28.051.371-9",
		"data_nasc": "09/01/1974",
		"sexo": "Feminino",
		"signo": "Capricórnio",
		"mae": "Isadora Elza",
		"pai": "Breno Enrico Fernandes",
		"email": "beneditaceciliafernandes@brws.com.br",
		"senha": "wKbBs38sMa",
		"cep": "70277-150",
		"endereco": "Quadra SQS 411 Bloco O",
		"numero": 250,
		"bairro": "Asa Sul",
		"cidade": "Brasília",
		"estado": "DF",
		"telefone_fixo": "(61) 3567-3712",
		"celular": "(61) 99274-8193",
		"altura": "1,72",
		"peso": 70,
		"tipo_sanguineo": "O+",
		"cor": "azul"
	},
	{
		"nome": "Fabiana Sabrina Mirella Gonçalves",
		"idade": 57,
		"cpf": "884.687.271-13",
		"rg": "25.060.568-5",
		"data_nasc": "03/01/1966",
		"sexo": "Feminino",
		"signo": "Capricórnio",
		"mae": "Renata Priscila Elisa",
		"pai": "Leonardo Bryan Vicente Gonçalves",
		"email": "fabianasabrinagoncalves@luxafit.com.br",
		"senha": "beFQCXQLpA",
		"cep": "72327-550",
		"endereco": "Quadra QS 427",
		"numero": 512,
		"bairro": "Samambaia Norte (Samambaia)",
		"cidade": "Brasília",
		"estado": "DF",
		"telefone_fixo": "(61) 3614-8407",
		"celular": "(61) 99691-9465",
		"altura": "1,85",
		"peso": 85,
		"tipo_sanguineo": "O-",
		"cor": "amarelo"
	},
	{
		"nome": "Carlos Sebastião Souza",
		"idade": 70,
		"cpf": "867.314.051-08",
		"rg": "29.014.674-4",
		"data_nasc": "03/01/1953",
		"sexo": "Masculino",
		"signo": "Capricórnio",
		"mae": "Giovanna Marlene",
		"pai": "Pedro Matheus Souza",
		"email": "carlos-souza92@aulicinobastos.com.br",
		"senha": "MfpdCz2QA7",
		"cep": "70867-170",
		"endereco": "Quadra SQN 412 Bloco Q",
		"numero": 938,
		"bairro": "Asa Norte",
		"cidade": "Brasília",
		"estado": "DF",
		"telefone_fixo": "(61) 2764-7211",
		"celular": "(61) 98688-7619",
		"altura": "1,92",
		"peso": 68,
		"tipo_sanguineo": "O+",
		"cor": "vermelho"
	},
	{
		"nome": "Benjamin Sérgio Calebe Rodrigues",
		"idade": 38,
		"cpf": "973.696.641-04",
		"rg": "27.011.493-2",
		"data_nasc": "03/02/1985",
		"sexo": "Masculino",
		"signo": "Aquário",
		"mae": "Pietra Ana Renata",
		"pai": "Lorenzo Pedro Rodrigues",
		"email": "benjamin.sergio.rodrigues@uninorte.com.br",
		"senha": "40OAUFJ6LH",
		"cep": "71070-606",
		"endereco": "Área Especial Área Especial 2",
		"numero": 162,
		"bairro": "Guará II",
		"cidade": "Brasília",
		"estado": "DF",
		"telefone_fixo": "(61) 3524-1266",
		"celular": "(61) 99237-5238",
		"altura": "1,78",
		"peso": 72,
		"tipo_sanguineo": "O-",
		"cor": "preto"
	},
	{
		"nome": "Edson Alexandre Costa",
		"idade": 69,
		"cpf": "371.345.991-67",
		"rg": "27.293.329-6",
		"data_nasc": "05/01/1954",
		"sexo": "Masculino",
		"signo": "Capricórnio",
		"mae": "Mariah Isabela",
		"pai": "Manuel Juan Costa",
		"email": "edson.alexandre.costa@fcfar.unesp.br",
		"senha": "7M6iBBp8ZS",
		"cep": "73355-001",
		"endereco": "Quadra Quadra 10 Conjunto A",
		"numero": 890,
		"bairro": "Setor Residencial Leste (Planaltina)",
		"cidade": "Brasília",
		"estado": "DF",
		"telefone_fixo": "(61) 3849-3377",
		"celular": "(61) 99526-7108",
		"altura": "1,88",
		"peso": 110,
		"tipo_sanguineo": "AB+",
		"cor": "laranja"
	},
	{
		"nome": "Ryan Luan Roberto Galvão",
		"idade": 27,
		"cpf": "034.587.401-39",
		"rg": "39.164.345-9",
		"data_nasc": "19/01/1996",
		"sexo": "Masculino",
		"signo": "Capricórnio",
		"mae": "Marcela Hadassa",
		"pai": "Leandro Leandro Galvão",
		"email": "ryan.luan.galvao@escribacontabil.com.br",
		"senha": "T2Ok5Em3OY",
		"cep": "72610-209",
		"endereco": "Quadra Quadra 202 Conjunto 9",
		"numero": 163,
		"bairro": "Recanto das Emas",
		"cidade": "Brasília",
		"estado": "DF",
		"telefone_fixo": "(61) 2930-5077",
		"celular": "(61) 98599-6708",
		"altura": "1,74",
		"peso": 64,
		"tipo_sanguineo": "B-",
		"cor": "roxo"
	},
	{
		"nome": "Marcos Henry da Luz",
		"idade": 28,
		"cpf": "902.607.501-40",
		"rg": "34.931.782-3",
		"data_nasc": "16/02/1995",
		"sexo": "Masculino",
		"signo": "Aquário",
		"mae": "Bianca Malu Marli",
		"pai": "Diogo Heitor Renato da Luz",
		"email": "marcos_henry_daluz@marcofaria.com",
		"senha": "7G6P0lR3eG",
		"cep": "72311-101",
		"endereco": "Quadra QR 327 Conjunto 1",
		"numero": 516,
		"bairro": "Samambaia Sul (Samambaia)",
		"cidade": "Brasília",
		"estado": "DF",
		"telefone_fixo": "(61) 2999-6949",
		"celular": "(61) 99153-3524",
		"altura": "1,92",
		"peso": 61,
		"tipo_sanguineo": "AB-",
		"cor": "amarelo"
	},
	{
		"nome": "Daiane Liz Carvalho",
		"idade": 24,
		"cpf": "476.667.511-84",
		"rg": "39.599.529-2",
		"data_nasc": "03/02/1999",
		"sexo": "Feminino",
		"signo": "Aquário",
		"mae": "Luana Luciana Rafaela",
		"pai": "Giovanni Pietro Carvalho",
		"email": "daiane-carvalho71@gsw.com.br",
		"senha": "bXzXoWpmbf",
		"cep": "72547-831",
		"endereco": "Quadra CL 517 Bloco A",
		"numero": 984,
		"bairro": "Santa Maria",
		"cidade": "Brasília",
		"estado": "DF",
		"telefone_fixo": "(61) 2736-4735",
		"celular": "(61) 98790-9545",
		"altura": "1,59",
		"peso": 71,
		"tipo_sanguineo": "O-",
		"cor": "roxo"
	},
	{
		"nome": "Isabelly Sandra Laís Barros",
		"idade": 31,
		"cpf": "945.031.951-07",
		"rg": "50.481.808-9",
		"data_nasc": "15/02/1992",
		"sexo": "Feminino",
		"signo": "Aquário",
		"mae": "Sophia Emilly",
		"pai": "Elias Gael Roberto Barros",
		"email": "isabelly_barros@aerobravo.com.br",
		"senha": "oCDTlhX6Ac",
		"cep": "72320-325",
		"endereco": "Quadra QI 416 Bloco O",
		"numero": 166,
		"bairro": "Samambaia Norte (Samambaia)",
		"cidade": "Brasília",
		"estado": "DF",
		"telefone_fixo": "(61) 2761-2974",
		"celular": "(61) 98993-8325",
		"altura": "1,67",
		"peso": 58,
		"tipo_sanguineo": "AB-",
		"cor": "laranja"
	}
]