[
	{
		"nome": "Sandra Rita da Paz",
		"idade": 23,
		"cpf": "847.625.781-34",
		"rg": "49.828.213-2",
		"data_nasc": "25/01/2000",
		"sexo": "Feminino",
		"signo": "Aquário",
		"mae": "Fernanda Elaine Fátima",
		"pai": "Leonardo Nelson Diogo da Paz",
		"email": "sandra_dapaz@akadnyx.com.br",
		"senha": "izuhB5UKH3",
		"cep": "72710-033",
		"endereco": "Área Especial 3 Conjunto B",
		"numero": 919,
		"bairro": "Setor Norte (Brazlândia)",
		"cidade": "Brasília",
		"estado": "DF",
		"telefone_fixo": "(61) 3622-3194",
		"celular": "(61) 99323-3224",
		"altura": "1,53",
		"peso": 46,
		"tipo_sanguineo": "O-",
		"cor": "azul"
	},
	{
		"nome": "Nelson Vinicius Nathan Nunes",
		"idade": 25,
		"cpf": "772.118.431-28",
		"rg": "41.715.068-4",
		"data_nasc": "03/01/1998",
		"sexo": "Masculino",
		"signo": "Capricórnio",
		"mae": "Emilly Tereza Rafaela",
		"pai": "Pedro Marcos Nunes",
		"email": "nelson_nunes@akaer.com.br",
		"senha": "sySuYLNBXy",
		"cep": "71901-120",
		"endereco": "Quadra 301 Rua D Conjunto 3",
		"numero": 224,
		"bairro": "Norte (Águas Claras)",
		"cidade": "Brasília",
		"estado": "DF",
		"telefone_fixo": "(61) 3920-3517",
		"celular": "(61) 99414-5711",
		"altura": "1,77",
		"peso": 58,
		"tipo_sanguineo": "A-",
		"cor": "vermelho"
	},
	{
		"nome": "Daiane Isis Stefany Drumond",
		"idade": 62,
		"cpf": "259.757.771-60",
		"rg": "16.669.060-0",
		"data_nasc": "01/01/1961",
		"sexo": "Feminino",
		"signo": "Capricórnio",
		"mae": "Josefa Milena Josefa",
		"pai": "Vicente Bento Drumond",
		"email": "daiane-drumond73@tuenkers.com.br",
		"senha": "pr10fWjGR4",
		"cep": "72420-230",
		"endereco": "Quadra Quadra 23",
		"numero": 793,
		"bairro": "Setor Oeste (Gama)",
		"cidade": "Brasília",
		"estado": "DF",
		"telefone_fixo": "(61) 3787-6420",
		"celular": "(61) 99651-2180",
		"altura": "1,58",
		"peso": 53,
		"tipo_sanguineo": "AB+",
		"cor": "roxo"
	},
	{
		"nome": "Marcos Vinicius Emanuel Teixeira",
		"idade": 32,
		"cpf": "408.315.041-61",
		"rg": "21.654.500-6",
		"data_nasc": "14/01/1991",
		"sexo": "Masculino",
		"signo": "Capricórnio",
		"mae": "Jéssica Sarah",
		"pai": "Danilo Manuel Teixeira",
		"email": "marcos_teixeira@panevale.com.br",
		"senha": "C1F11BFRIs",
		"cep": "72115-947",
		"endereco": "CNB 13 Lote 01",
		"numero": 150,
		"bairro": "Taguatinga Norte (Taguatinga)",
		"cidade": "Brasília",
		"estado": "DF",
		"telefone_fixo": "(61) 3885-2761",
		"celular": "(61) 98871-2437",
		"altura": "1,93",
		"peso": 101,
		"tipo_sanguineo": "O+",
		"cor": "amarelo"
	},
	{
		"nome": "Bento Hugo Mário Freitas",
		"idade": 40,
		"cpf": "406.298.991-34",
		"rg": "17.808.156-5",
		"data_nasc": "18/01/1983",
		"sexo": "Masculino",
		"signo": "Capricórnio",
		"mae": "Maitê Bárbara",
		"pai": "Bernardo Giovanni Freitas",
		"email": "bentohugofreitas@centroin.com.br",
		"senha": "ccK5mAmn9e",
		"cep": "72313-708",
		"endereco": "Quadra QR 511 Conjunto 8",
		"numero": 269,
		"bairro": "Samambaia Sul (Samambaia)",
		"cidade": "Brasília",
		"estado": "DF",
		"telefone_fixo": "(61) 2512-6535",
		"celular": "(61) 98625-9246",
		"altura": "1,72",
		"peso": 68,
		"tipo_sanguineo": "AB-",
		"cor": "verde"
	},
	{
		"nome": "Laura Maria Peixoto",
		"idade": 49,
		"cpf": "186.622.411-58",
		"rg": "29.048.817-5",
		"data_nasc": "14/02/1974",
		"sexo": "Feminino",
		"signo": "Aquário",
		"mae": "Alícia Isadora",
		"pai": "Giovanni Renato Peixoto",
		"email": "laura_peixoto@gap.com.br",
		"senha": "KjkPzGexyd",
		"cep": "72715-027",
		"endereco": "Quadra Quadra 2 Conjunto G",
		"numero": 508,
		"bairro": "Setor Sul (Brazlândia)",
		"cidade": "Brasília",
		"estado": "DF",
		"telefone_fixo": "(61) 2782-7016",
		"celular": "(61) 99782-4093",
		"altura": "1,67",
		"peso": 81,
		"tipo_sanguineo": "B-",
		"cor": "vermelho"
	},
	{
		"nome": "Gabrielly Elaine Santos",
		"idade": 40,
		"cpf": "300.636.921-12",
		"rg": "31.931.591-5",
		"data_nasc": "24/02/1983",
		"sexo": "Feminino",
		"signo": "Peixes",
		"mae": "Kamilly Regina Isabel",
		"pai": "Gabriel Lucca Tiago Santos",
		"email": "gabrielly_elaine_santos@konzeption.com.br",
		"senha": "Eo2O59i0Mi",
		"cep": "70752-520",
		"endereco": "Quadra CLN 109 Bloco B",
		"numero": 163,
		"bairro": "Asa Norte",
		"cidade": "Brasília",
		"estado": "DF",
		"telefone_fixo": "(61) 2666-5175",
		"celular": "(61) 99671-6246",
		"altura": "1,72",
		"peso": 70,
		"tipo_sanguineo": "AB+",
		"cor": "roxo"
	},
	{
		"nome": "Pietra Ester Cláudia Ramos",
		"idade": 23,
		"cpf": "518.908.881-25",
		"rg": "21.318.463-1",
		"data_nasc": "14/01/2000",
		"sexo": "Feminino",
		"signo": "Capricórnio",
		"mae": "Vitória Laura Raquel",
		"pai": "Heitor Thiago Nicolas Ramos",
		"email": "pietra-ramos84@fojsc.unesp.br",
		"senha": "xwySg0ynXi",
		"cep": "72535-060",
		"endereco": "Quadra QC 1 Conjunto F",
		"numero": 604,
		"bairro": "Santa Maria",
		"cidade": "Brasília",
		"estado": "DF",
		"telefone_fixo": "(61) 3786-3382",
		"celular": "(61) 99455-9397",
		"altura": "1,62",
		"peso": 86,
		"tipo_sanguineo": "AB+",
		"cor": "azul"
	},
	{
		"nome": "Jorge Benício Moura",
		"idade": 60,
		"cpf": "487.036.051-91",
		"rg": "22.358.805-2",
		"data_nasc": "05/02/1963",
		"sexo": "Masculino",
		"signo": "Aquário",
		"mae": "Valentina Mirella Laís",
		"pai": "Gabriel Pietro Thales Moura",
		"email": "jorgebeniciomoura@babo.adv.br",
		"senha": "7iGjtWYhfe",
		"cep": "72240-547",
		"endereco": "Quadra EQNP 7/11 Bloco G",
		"numero": 319,
		"bairro": "Ceilândia Norte (Ceilândia)",
		"cidade": "Brasília",
		"estado": "DF",
		"telefone_fixo": "(61) 2932-9270",
		"celular": "(61) 99387-7191",
		"altura": "1,63",
		"peso": 74,
		"tipo_sanguineo": "O-",
		"cor": "laranja"
	},
	{
		"nome": "Levi Henry Erick Vieira",
		"idade": 67,
		"cpf": "360.884.451-14",
		"rg": "23.865.698-6",
		"data_nasc": "05/01/1956",
		"sexo": "Masculino",
		"signo": "Capricórnio",
		"mae": "Alessandra Renata Eliane",
		"pai": "Bernardo Murilo Vieira",
		"email": "levi_henry_vieira@outlook.com.br",
		"senha": "p0GRrZ4aCR",
		"cep": "72235-500",
		"endereco": "Quadra EQNP 22/26",
		"numero": 973,
		"bairro": "Ceilândia Sul (Ceilândia)",
		"cidade": "Brasília",
		"estado": "DF",
		"telefone_fixo": "(61) 3889-3716",
		"celular": "(61) 99926-4783",
		"altura": "1,89",
		"peso": 74,
		"tipo_sanguineo": "B-",
		"cor": "amarelo"
	},
	{
		"nome": "Hugo Francisco Manoel Silva",
		"idade": 28,
		"cpf": "294.468.541-48",
		"rg": "20.148.506-0",
		"data_nasc": "15/01/1995",
		"sexo": "Masculino",
		"signo": "Capricórnio",
		"mae": "Pietra Maitê",
		"pai": "Julio Victor Silva",
		"email": "hugofranciscosilva@broutdoor.com.br",
		"senha": "DD25Ufxn7R",
		"cep": "72339-055",
		"endereco": "Quadra QS 1031 Conjunto 5",
		"numero": 430,
		"bairro": "Samambaia Norte (Samambaia)",
		"cidade": "Brasília",
		"estado": "DF",
		"telefone_fixo": "(61) 3528-9772",
		"celular": "(61) 99770-2080",
		"altura": "1,93",
		"peso": 107,
		"tipo_sanguineo": "AB-",
		"cor": "laranja"
	},
	{
		"nome": "Manuel Marcelo Rocha",
		"idade": 48,
		"cpf": "936.910.891-27",
		"rg": "38.691.617-2",
		"data_nasc": "22/02/1975",
		"sexo": "Masculino",
		"signo": "Peixes",
		"mae": "Carolina Sophie",
		"pai": "Ian Sebastião Yuri Rocha",
		"email": "manuel_rocha@transportadoratransdel.com.br",
		"senha": "uPzQepfqgZ",
		"cep": "70680-412",
		"endereco": "Quadra QMSW 4 Lote 4",
		"numero": 559,
		"bairro": "Setor Sudoeste",
		"cidade": "Brasília",
		"estado": "DF",
		"telefone_fixo": "(61) 2671-9365",
		"celular": "(61) 99726-3115",
		"altura": "1,93",
		"peso": 80,
		"tipo_sanguineo": "AB+",
		"cor": "preto"
	},
	{
		"nome": "Emanuel Joaquim Martins",
		"idade": 48,
		"cpf": "626.172.911-54",
		"rg": "12.183.311-2",
		"data_nasc": "14/01/1975",
		"sexo": "Masculino",
		"signo": "Capricórnio",
		"mae": "Camila Malu",
		"pai": "Samuel Diogo Martins",
		"email": "emanuel-martins91@thewishes.com.br",
		"senha": "TLPuLq5bka",
		"cep": "72255-524",
		"endereco": "Quadra EQNO 13/15 Bloco D",
		"numero": 192,
		"bairro": "Ceilândia Norte (Ceilândia)",
		"cidade": "Brasília",
		"estado": "DF",
		"telefone_fixo": "(61) 3718-8029",
		"celular": "(61) 99346-3250",
		"altura": "1,94",
		"peso": 70,
		"tipo_sanguineo": "A+",
		"cor": "vermelho"
	},
	{
		"nome": "Henry Leandro Moraes",
		"idade": 21,
		"cpf": "157.092.441-47",
		"rg": "30.633.170-6",
		"data_nasc": "09/01/2002",
		"sexo": "Masculino",
		"signo": "Capricórnio",
		"mae": "Alana Clarice Helena",
		"pai": "Marcos Vinicius Thomas Miguel Moraes",
		"email": "henry-moraes77@infolink.com.br",
		"senha": "OwuZtom4u0",
		"cep": "70670-513",
		"endereco": "Quadra CLSW 102 Bloco C",
		"numero": 892,
		"bairro": "Setor Sudoeste",
		"cidade": "Brasília",
		"estado": "DF",
		"telefone_fixo": "(61) 2809-0180",
		"celular": "(61) 98946-1760",
		"altura": "1,97",
		"peso": 68,
		"tipo_sanguineo": "O-",
		"cor": "amarelo"
	},
	{
		"nome": "Carlos Eduardo Murilo Lucca Assunção",
		"idade": 43,
		"cpf": "802.196.381-60",
		"rg": "30.187.624-1",
		"data_nasc": "15/02/1980",
		"sexo": "Masculino",
		"signo": "Aquário",
		"mae": "Sabrina Catarina Adriana",
		"pai": "Nicolas Augusto César Assunção",
		"email": "carlos.eduardo.assuncao@vick1.com.br",
		"senha": "cd2rrS7wsR",
		"cep": "71071-040",
		"endereco": "Quadra QE 50 Conjunto O",
		"numero": 492,
		"bairro": "Guará II",
		"cidade": "Brasília",
		"estado": "DF",
		"telefone_fixo": "(61) 3677-7700",
		"celular": "(61) 98949-3821",
		"altura": "1,86",
		"peso": 76,
		"tipo_sanguineo": "O-",
		"cor": "amarelo"
	},
	{
		"nome": "Geraldo Guilherme Castro",
		"idade": 73,
		"cpf": "249.496.921-27",
		"rg": "23.425.062-8",
		"data_nasc": "27/01/1950",
		"sexo": "Masculino",
		"signo": "Aquário",
		"mae": "Manuela Luna Maria",
		"pai": "Raul Anderson Igor Castro",
		"email": "geraldo_guilherme_castro@rotadasbandeiras.com.br",
		"senha": "XBztMSGFDD",
		"cep": "72549-530",
		"endereco": "Setor Polo de Desenvolvimento Juscelino Kubitschek Trecho 1 Conjunto 6",
		"numero": 146,
		"bairro": "Santa Maria",
		"cidade": "Brasília",
		"estado": "DF",
		"telefone_fixo": "(61) 3862-1083",
		"celular": "(61) 99322-5767",
		"altura": "1,77",
		"peso": 50,
		"tipo_sanguineo": "AB-",
		"cor": "preto"
	},
	{
		"nome": "Flávia Lavínia Pinto",
		"idade": 52,
		"cpf": "298.975.401-64",
		"rg": "28.617.398-0",
		"data_nasc": "21/02/1971",
		"sexo": "Feminino",
		"signo": "Peixes",
		"mae": "Aurora Raquel Vanessa",
		"pai": "Juan Luiz Manoel Pinto",
		"email": "flavialaviniapinto@oxiteno.com",
		"senha": "5wTBNXribo",
		"cep": "71015-180",
		"endereco": "Quadra QI 14 Conjunto R",
		"numero": 263,
		"bairro": "Guará I",
		"cidade": "Brasília",
		"estado": "DF",
		"telefone_fixo": "(61) 3574-0746",
		"celular": "(61) 99454-6535",
		"altura": "1,50",
		"peso": 64,
		"tipo_sanguineo": "B+",
		"cor": "roxo"
	},
	{
		"nome": "André Sérgio Ribeiro",
		"idade": 51,
		"cpf": "864.035.201-13",
		"rg": "41.472.272-3",
		"data_nasc": "18/02/1972",
		"sexo": "Masculino",
		"signo": "Aquário",
		"mae": "Liz Sandra",
		"pai": "Danilo Sebastião Juan Ribeiro",
		"email": "andre_sergio_ribeiro@soulcomunicacao.com.br",
		"senha": "DpPjCrCwBf",
		"cep": "72308-104",
		"endereco": "Quadra QR 312 Conjunto 4",
		"numero": 422,
		"bairro": "Samambaia Sul (Samambaia)",
		"cidade": "Brasília",
		"estado": "DF",
		"telefone_fixo": "(61) 3747-5559",
		"celular": "(61) 99726-7195",
		"altura": "1,72",
		"peso": 91,
		"tipo_sanguineo": "O+",
		"cor": "vermelho"
	},
	{
		"nome": "Isabel Sara Lúcia Duarte",
		"idade": 53,
		"cpf": "115.876.261-52",
		"rg": "24.399.520-9",
		"data_nasc": "24/01/1970",
		"sexo": "Feminino",
		"signo": "Aquário",
		"mae": "Andrea Lorena Fabiana",
		"pai": "Carlos Eduardo Yago Enrico Duarte",
		"email": "isabel_sara_duarte@portalpublicidade.com.br",
		"senha": "5g6EHOF1kz",
		"cep": "71881-313",
		"endereco": "Quadra QN 15A Conjunto 3",
		"numero": 239,
		"bairro": "Riacho Fundo II",
		"cidade": "Brasília",
		"estado": "DF",
		"telefone_fixo": "(61) 2671-8408",
		"celular": "(61) 98411-1258",
		"altura": "1,65",
		"peso": 69,
		"tipo_sanguineo": "A-",
		"cor": "vermelho"
	},
	{
		"nome": "Ruan Miguel Tiago Monteiro",
		"idade": 35,
		"cpf": "174.321.451-05",
		"rg": "18.141.169-6",
		"data_nasc": "09/02/1988",
		"sexo": "Masculino",
		"signo": "Aquário",
		"mae": "Stella Sophie",
		"pai": "João Manoel Monteiro",
		"email": "ruan.miguel.monteiro@gmaill.com",
		"senha": "hFxpegQbwB",
		"cep": "72002-365",
		"endereco": "Rua Rua 2 Chácara 93",
		"numero": 834,
		"bairro": "Setor Habitacional Samambaia (Vicente Pires)",
		"cidade": "Brasília",
		"estado": "DF",
		"telefone_fixo": "(61) 3606-3663",
		"celular": "(61) 99356-4099",
		"altura": "1,82",
		"peso": 100,
		"tipo_sanguineo": "A-",
		"cor": "amarelo"
	},
	{
		"nome": "Elza Joana Adriana Viana",
		"idade": 53,
		"cpf": "002.614.321-68",
		"rg": "18.903.559-6",
		"data_nasc": "11/02/1970",
		"sexo": "Feminino",
		"signo": "Aquário",
		"mae": "Brenda Esther",
		"pai": "Rafael Anderson Viana",
		"email": "elza-viana92@landovale.com.br",
		"senha": "dDXyHgsuMi",
		"cep": "70234-100",
		"endereco": "Quadra SQS 204 Bloco J",
		"numero": 113,
		"bairro": "Asa Sul",
		"cidade": "Brasília",
		"estado": "DF",
		"telefone_fixo": "(61) 3512-8217",
		"celular": "(61) 98848-8660",
		"altura": "1,64",
		"peso": 56,
		"tipo_sanguineo": "B+",
		"cor": "preto"
	},
	{
		"nome": "Analu Luana Baptista",
		"idade": 29,
		"cpf": "604.488.971-80",
		"rg": "20.721.728-2",
		"data_nasc": "19/01/1994",
		"sexo": "Feminino",
		"signo": "Capricórnio",
		"mae": "Vitória Laura Renata",
		"pai": "Leonardo Luiz Baptista",
		"email": "analu_luana_baptista@localiza.com",
		"senha": "2nLAhGcEGd",
		"cep": "73401-110",
		"endereco": "Módulo Módulo K",
		"numero": 763,
		"bairro": "Estância Mestre D'Armas I (Planaltina)",
		"cidade": "Brasília",
		"estado": "DF",
		"telefone_fixo": "(61) 2777-4037",
		"celular": "(61) 99693-9233",
		"altura": "1,70",
		"peso": 56,
		"tipo_sanguineo": "AB-",
		"cor": "amarelo"
	},
	{
		"nome": "Manoel Mário da Rosa",
		"idade": 65,
		"cpf": "158.009.411-22",
		"rg": "19.104.124-5",
		"data_nasc": "06/02/1958",
		"sexo": "Masculino",
		"signo": "Aquário",
		"mae": "Luana Jéssica Sônia",
		"pai": "Osvaldo Roberto da Rosa",
		"email": "manoel_mario_darosa@tetrapark.com",
		"senha": "AXbP4RikpK",
		"cep": "70383-530",
		"endereco": "Quadra CLS 314 Bloco C",
		"numero": 717,
		"bairro": "Asa Sul",
		"cidade": "Brasília",
		"estado": "DF",
		"telefone_fixo": "(61) 3694-0698",
		"celular": "(61) 99443-5368",
		"altura": "1,96",
		"peso": 88,
		"tipo_sanguineo": "O+",
		"cor": "azul"
	},
	{
		"nome": "Ricardo Samuel Eduardo Pires",
		"idade": 66,
		"cpf": "667.935.321-11",
		"rg": "21.728.905-8",
		"data_nasc": "05/01/1957",
		"sexo": "Masculino",
		"signo": "Capricórnio",
		"mae": "Aurora Vera",
		"pai": "Miguel Benedito Pires",
		"email": "ricardo.samuel.pires@origembr.com",
		"senha": "X7Hlf8OIK0",
		"cep": "70658-171",
		"endereco": "Quadra SHCES Quadra 1107 Bloco A",
		"numero": 389,
		"bairro": "Cruzeiro Novo",
		"cidade": "Brasília",
		"estado": "DF",
		"telefone_fixo": "(61) 3778-0384",
		"celular": "(61) 99364-3077",
		"altura": "1,91",
		"peso": 57,
		"tipo_sanguineo": "AB-",
		"cor": "vermelho"
	},
	{
		"nome": "Noah Caleb Figueiredo",
		"idade": 75,
		"cpf": "667.106.191-25",
		"rg": "23.885.370-6",
		"data_nasc": "22/01/1948",
		"sexo": "Masculino",
		"signo": "Aquário",
		"mae": "Fátima Simone",
		"pai": "Bernardo Lucas Figueiredo",
		"email": "noah_figueiredo@superigi.com.br",
		"senha": "QAefWnuepF",
		"cep": "70200-740",
		"endereco": "Quadra SGAS 614",
		"numero": 502,
		"bairro": "Asa Sul",
		"cidade": "Brasília",
		"estado": "DF",
		"telefone_fixo": "(61) 2898-5120",
		"celular": "(61) 99432-6379",
		"altura": "1,77",
		"peso": 103,
		"tipo_sanguineo": "A+",
		"cor": "roxo"
	},
	{
		"nome": "Maya Isabella Jesus",
		"idade": 58,
		"cpf": "680.490.221-10",
		"rg": "39.560.658-5",
		"data_nasc": "07/01/1965",
		"sexo": "Feminino",
		"signo": "Capricórnio",
		"mae": "Maya Lavínia",
		"pai": "Gabriel Daniel Jesus",
		"email": "maya.isabella.jesus@netservicos.com.br",
		"senha": "9BsJuHEyBn",
		"cep": "72705-015",
		"endereco": "Quadra Quadra 1 Rua E",
		"numero": 569,
		"bairro": "Setor Norte (Brazlândia)",
		"cidade": "Brasília",
		"estado": "DF",
		"telefone_fixo": "(61) 2639-8945",
		"celular": "(61) 98211-3646",
		"altura": "1,85",
		"peso": 78,
		"tipo_sanguineo": "O-",
		"cor": "amarelo"
	},
	{
		"nome": "Thiago Yago Silveira",
		"idade": 36,
		"cpf": "907.456.221-35",
		"rg": "24.675.404-7",
		"data_nasc": "01/01/1987",
		"sexo": "Masculino",
		"signo": "Capricórnio",
		"mae": "Nina Natália",
		"pai": "Carlos Tomás Silveira",
		"email": "thiago_yago_silveira@brunofaria.com",
		"senha": "SkUUlc2Hiy",
		"cep": "70390-115",
		"endereco": "Quadra SEPS 711/911",
		"numero": 986,
		"bairro": "Asa Sul",
		"cidade": "Brasília",
		"estado": "DF",
		"telefone_fixo": "(61) 3649-1201",
		"celular": "(61) 98785-9692",
		"altura": "1,67",
		"peso": 53,
		"tipo_sanguineo": "O-",
		"cor": "azul"
	},
	{
		"nome": "Leonardo Roberto Farias",
		"idade": 62,
		"cpf": "733.787.451-00",
		"rg": "14.397.518-3",
		"data_nasc": "02/02/1961",
		"sexo": "Masculino",
		"signo": "Aquário",
		"mae": "Lara Kamilly Maya",
		"pai": "Gustavo Diogo Paulo Farias",
		"email": "leonardo.roberto.farias@live.jp",
		"senha": "aBQEIuYsM6",
		"cep": "70832-110",
		"endereco": "Quadra SQN 202 Bloco K",
		"numero": 427,
		"bairro": "Asa Norte",
		"cidade": "Brasília",
		"estado": "DF",
		"telefone_fixo": "(61) 2563-1109",
		"celular": "(61) 98110-3887",
		"altura": "1,77",
		"peso": 56,
		"tipo_sanguineo": "O-",
		"cor": "vermelho"
	},
	{
		"nome": "Iago Igor Oliveira",
		"idade": 36,
		"cpf": "710.960.771-24",
		"rg": "29.676.192-8",
		"data_nasc": "09/01/1987",
		"sexo": "Masculino",
		"signo": "Capricórnio",
		"mae": "Vera Esther",
		"pai": "Emanuel Paulo Thales Oliveira",
		"email": "iago_oliveira@band.com.br",
		"senha": "F9Hk9HNlcA",
		"cep": "71590-000",
		"endereco": "Área Itapoã",
		"numero": 832,
		"bairro": "Itapoã I",
		"cidade": "Brasília",
		"estado": "DF",
		"telefone_fixo": "(61) 2820-1679",
		"celular": "(61) 98212-6567",
		"altura": "1,65",
		"peso": 51,
		"tipo_sanguineo": "AB-",
		"cor": "vermelho"
	},
	{
		"nome": "Manuel Leonardo Lucas Carvalho",
		"idade": 78,
		"cpf": "881.767.071-55",
		"rg": "43.871.296-1",
		"data_nasc": "10/01/1945",
		"sexo": "Masculino",
		"signo": "Capricórnio",
		"mae": "Esther Isabelly",
		"pai": "Benício Carlos Eduardo Heitor Carvalho",
		"email": "manuel.leonardo.carvalho@kantoferramentaria.com.br",
		"senha": "bRHzT4K3xe",
		"cep": "72594-013",
		"endereco": "Quadra QBR 7 Bloco M",
		"numero": 707,
		"bairro": "Residencial Santos Dumont (Santa Maria)",
		"cidade": "Brasília",
		"estado": "DF",
		"telefone_fixo": "(61) 3524-2845",
		"celular": "(61) 99899-7386",
		"altura": "1,81",
		"peso": 94,
		"tipo_sanguineo": "AB-",
		"cor": "laranja"
	}
]