[
	{
		"nome": "Esther Mirella Emilly Melo",
		"idade": 46,
		"cpf": "975.846.321-73",
		"rg": "28.329.381-0",
		"data_nasc": "10/01/1977",
		"sexo": "Feminino",
		"signo": "Capricórnio",
		"mae": "Sarah Rafaela",
		"pai": "Sérgio Samuel Henry Melo",
		"email": "esther_mirella_melo@fortlar.com.br",
		"senha": "bHFFr4YZIZ",
		"cep": "72306-700",
		"endereco": "Quadra QN 310",
		"numero": 535,
		"bairro": "Samambaia Sul (Samambaia)",
		"cidade": "Brasília",
		"estado": "DF",
		"telefone_fixo": "(61) 2796-3851",
		"celular": "(61) 98955-7801",
		"altura": "1,76",
		"peso": 57,
		"tipo_sanguineo": "AB+",
		"cor": "amarelo"
	},
	{
		"nome": "Luiz Matheus Tiago Assis",
		"idade": 63,
		"cpf": "591.636.691-45",
		"rg": "28.038.779-9",
		"data_nasc": "22/02/1960",
		"sexo": "Masculino",
		"signo": "Peixes",
		"mae": "Letícia Giovanna",
		"pai": "Iago Pietro Assis",
		"email": "luizmatheusassis@ambarnet.com.br",
		"senha": "gS739Z9IDT",
		"cep": "70680-174",
		"endereco": "Quadra CCSW 1 Lote 4 Bloco A",
		"numero": 888,
		"bairro": "Setor Sudoeste",
		"cidade": "Brasília",
		"estado": "DF",
		"telefone_fixo": "(61) 2952-8459",
		"celular": "(61) 99465-5091",
		"altura": "1,93",
		"peso": 82,
		"tipo_sanguineo": "B-",
		"cor": "laranja"
	},
	{
		"nome": "Victor Kaique Hugo Rocha",
		"idade": 44,
		"cpf": "215.974.661-40",
		"rg": "40.778.685-5",
		"data_nasc": "21/01/1979",
		"sexo": "Masculino",
		"signo": "Aquário",
		"mae": "Josefa Melissa",
		"pai": "Rafael Ryan Luiz Rocha",
		"email": "victor-rocha89@cotamtambores.com.br",
		"senha": "04Ea2BP53G",
		"cep": "70730-711",
		"endereco": "Quadra SHCGN 703 Bloco K",
		"numero": 659,
		"bairro": "Asa Norte",
		"cidade": "Brasília",
		"estado": "DF",
		"telefone_fixo": "(61) 3756-8531",
		"celular": "(61) 99404-7639",
		"altura": "1,60",
		"peso": 91,
		"tipo_sanguineo": "O-",
		"cor": "vermelho"
	},
	{
		"nome": "Kamilly Milena Jesus",
		"idade": 24,
		"cpf": "149.857.771-70",
		"rg": "17.794.082-7",
		"data_nasc": "16/01/1999",
		"sexo": "Feminino",
		"signo": "Capricórnio",
		"mae": "Louise Daniela Francisca",
		"pai": "Erick Anthony Jesus",
		"email": "kamilly-jesus90@greenbikeshop.com.br",
		"senha": "uZ2CdKd3WG",
		"cep": "70308-900",
		"endereco": "SCS Quadra 1 Bloco B Lote 16/18",
		"numero": 717,
		"bairro": "Asa Sul",
		"cidade": "Brasília",
		"estado": "DF",
		"telefone_fixo": "(61) 2724-0788",
		"celular": "(61) 99834-6360",
		"altura": "1,68",
		"peso": 56,
		"tipo_sanguineo": "A+",
		"cor": "laranja"
	},
	{
		"nome": "Guilherme Kaique Aparício",
		"idade": 38,
		"cpf": "904.746.081-23",
		"rg": "31.841.152-0",
		"data_nasc": "17/02/1985",
		"sexo": "Masculino",
		"signo": "Aquário",
		"mae": "Rafaela Isabela",
		"pai": "Pedro Heitor Carlos Eduardo Aparício",
		"email": "guilhermekaiqueaparicio@almaquinas.com.br",
		"senha": "G87ImcHOKG",
		"cep": "71745-400",
		"endereco": "Quadra SMPW Quadra 24",
		"numero": 945,
		"bairro": "Setor de Mansões Park Way",
		"cidade": "Brasília",
		"estado": "DF",
		"telefone_fixo": "(61) 2887-8323",
		"celular": "(61) 99954-4551",
		"altura": "1,62",
		"peso": 78,
		"tipo_sanguineo": "B+",
		"cor": "roxo"
	},
	{
		"nome": "Isis Rosa Elaine Pinto",
		"idade": 28,
		"cpf": "201.779.081-81",
		"rg": "31.382.746-1",
		"data_nasc": "22/01/1995",
		"sexo": "Feminino",
		"signo": "Aquário",
		"mae": "Isadora Larissa",
		"pai": "Sebastião Henry Pinto",
		"email": "isisrosapinto@tribunadeindaia.com.br",
		"senha": "5E3kNjqEPU",
		"cep": "72746-003",
		"endereco": "Quadra Quadra 46 Conjunto C",
		"numero": 973,
		"bairro": "Vila São José (Brazlândia)",
		"cidade": "Brasília",
		"estado": "DF",
		"telefone_fixo": "(61) 3843-6421",
		"celular": "(61) 98715-7790",
		"altura": "1,56",
		"peso": 56,
		"tipo_sanguineo": "AB+",
		"cor": "vermelho"
	},
	{
		"nome": "Raul Iago Galvão",
		"idade": 34,
		"cpf": "451.185.941-89",
		"rg": "16.380.280-4",
		"data_nasc": "05/01/1989",
		"sexo": "Masculino",
		"signo": "Capricórnio",
		"mae": "Sarah Camila",
		"pai": "Eduardo Matheus Galvão",
		"email": "raul_galvao@qualita.srv.br",
		"senha": "UidED42BDa",
		"cep": "73358-490",
		"endereco": "Quadra Quadra 23 Área Especial 4",
		"numero": 250,
		"bairro": "Setor Residencial Leste (Planaltina)",
		"cidade": "Brasília",
		"estado": "DF",
		"telefone_fixo": "(61) 2787-6174",
		"celular": "(61) 99294-8835",
		"altura": "1,79",
		"peso": 87,
		"tipo_sanguineo": "A+",
		"cor": "laranja"
	},
	{
		"nome": "Daniel Anderson Corte Real",
		"idade": 75,
		"cpf": "991.602.531-26",
		"rg": "45.519.163-3",
		"data_nasc": "10/02/1948",
		"sexo": "Masculino",
		"signo": "Aquário",
		"mae": "Fabiana Maitê Betina",
		"pai": "Martin Yuri Otávio Corte Real",
		"email": "danielandersoncortereal@homail.com",
		"senha": "wFhwE0YLAO",
		"cep": "73090-145",
		"endereco": "Condomínio Residencial Sobradinho III Conjunto D",
		"numero": 952,
		"bairro": "Setor Habitacional Contagem (Sobradinho)",
		"cidade": "Brasília",
		"estado": "DF",
		"telefone_fixo": "(61) 3960-7468",
		"celular": "(61) 98854-3090",
		"altura": "1,83",
		"peso": 85,
		"tipo_sanguineo": "A+",
		"cor": "preto"
	},
	{
		"nome": "Luan Caleb Mendes",
		"idade": 73,
		"cpf": "871.198.151-21",
		"rg": "14.660.826-4",
		"data_nasc": "18/02/1950",
		"sexo": "Masculino",
		"signo": "Aquário",
		"mae": "Isabella Lorena Nicole",
		"pai": "Kevin Edson Cauã Mendes",
		"email": "luan_mendes@artedaserra.com.br",
		"senha": "uZiEu5b3gy",
		"cep": "71261-710",
		"endereco": "Quadra Quadra 6 Conjunto 2",
		"numero": 866,
		"bairro": "Setor Leste (Vila Estrutural - Guará)",
		"cidade": "Brasília",
		"estado": "DF",
		"telefone_fixo": "(61) 2891-6646",
		"celular": "(61) 98885-6961",
		"altura": "1,74",
		"peso": 106,
		"tipo_sanguineo": "O+",
		"cor": "verde"
	},
	{
		"nome": "Sebastiana Daiane Silva",
		"idade": 22,
		"cpf": "058.232.951-54",
		"rg": "37.085.006-3",
		"data_nasc": "24/02/2001",
		"sexo": "Feminino",
		"signo": "Peixes",
		"mae": "Bianca Tânia",
		"pai": "Roberto Roberto Julio Silva",
		"email": "sebastiana.daiane.silva@bmalaw.com.br",
		"senha": "jBXiWqyusX",
		"cep": "70770-741",
		"endereco": "Quadra SHCGN 716 Bloco K",
		"numero": 327,
		"bairro": "Asa Norte",
		"cidade": "Brasília",
		"estado": "DF",
		"telefone_fixo": "(61) 2949-1153",
		"celular": "(61) 99807-6916",
		"altura": "1,56",
		"peso": 66,
		"tipo_sanguineo": "B-",
		"cor": "amarelo"
	},
	{
		"nome": "Rayssa Milena Dias",
		"idade": 30,
		"cpf": "100.458.161-07",
		"rg": "14.884.626-9",
		"data_nasc": "01/01/1993",
		"sexo": "Feminino",
		"signo": "Capricórnio",
		"mae": "Fátima Heloise Marina",
		"pai": "Diego Antonio Anthony Dias",
		"email": "rayssa.milena.dias@gabrielresende.com",
		"senha": "6SE5zA4osk",
		"cep": "71805-702",
		"endereco": "Quadra QN 7 Conjunto 2",
		"numero": 291,
		"bairro": "Riacho Fundo I",
		"cidade": "Brasília",
		"estado": "DF",
		"telefone_fixo": "(61) 2775-7015",
		"celular": "(61) 99812-4468",
		"altura": "1,84",
		"peso": 84,
		"tipo_sanguineo": "O+",
		"cor": "vermelho"
	},
	{
		"nome": "Marcela Patrícia Fogaça",
		"idade": 48,
		"cpf": "516.223.391-93",
		"rg": "11.917.756-0",
		"data_nasc": "12/01/1975",
		"sexo": "Feminino",
		"signo": "Capricórnio",
		"mae": "Emanuelly Raquel",
		"pai": "Erick Otávio Lucca Fogaça",
		"email": "marcela.patricia.fogaca@thacconstrutora.com.br",
		"senha": "hrxCLURsAN",
		"cep": "70620-000",
		"endereco": "Setor SAM",
		"numero": 300,
		"bairro": "Setores Complementares",
		"cidade": "Brasília",
		"estado": "DF",
		"telefone_fixo": "(61) 3740-1953",
		"celular": "(61) 99256-7375",
		"altura": "1,76",
		"peso": 48,
		"tipo_sanguineo": "A+",
		"cor": "roxo"
	},
	{
		"nome": "Pedro Henrique Kaique Souza",
		"idade": 46,
		"cpf": "165.708.031-58",
		"rg": "26.240.264-6",
		"data_nasc": "06/01/1977",
		"sexo": "Masculino",
		"signo": "Capricórnio",
		"mae": "Simone Maya Nicole",
		"pai": "Tomás Vinicius Kauê Souza",
		"email": "pedro.henrique.souza@desari.com.br",
		"senha": "QccjOWlQD4",
		"cep": "71995-440",
		"endereco": "Conjunto SHA Conjunto 5 Chácara 108A",
		"numero": 279,
		"bairro": "Setor Habitacional Arniqueira (Águas Claras)",
		"cidade": "Brasília",
		"estado": "DF",
		"telefone_fixo": "(61) 3997-6927",
		"celular": "(61) 98273-5319",
		"altura": "1,61",
		"peso": 104,
		"tipo_sanguineo": "O+",
		"cor": "laranja"
	},
	{
		"nome": "Tomás Lucas Lucas Araújo",
		"idade": 58,
		"cpf": "767.741.131-25",
		"rg": "44.730.418-5",
		"data_nasc": "16/02/1965",
		"sexo": "Masculino",
		"signo": "Aquário",
		"mae": "Gabrielly Teresinha",
		"pai": "Fábio Joaquim Araújo",
		"email": "tomas_araujo@supracolor.com.br",
		"senha": "UKUMZ6kFhZ",
		"cep": "72502-240",
		"endereco": "Quadra CL 402",
		"numero": 669,
		"bairro": "Santa Maria",
		"cidade": "Brasília",
		"estado": "DF",
		"telefone_fixo": "(61) 3854-4124",
		"celular": "(61) 99241-9850",
		"altura": "1,85",
		"peso": 109,
		"tipo_sanguineo": "O-",
		"cor": "verde"
	},
	{
		"nome": "Leonardo Renan Matheus Assunção",
		"idade": 67,
		"cpf": "366.881.951-35",
		"rg": "11.573.110-6",
		"data_nasc": "10/02/1956",
		"sexo": "Masculino",
		"signo": "Aquário",
		"mae": "Carolina Laura Marcela",
		"pai": "Benício Ruan Bruno Assunção",
		"email": "leonardo-assuncao84@rebecacometerra.com.br",
		"senha": "KUB9zNNHAW",
		"cep": "70750-502",
		"endereco": "Quadra SEPN 509 Bloco B",
		"numero": 541,
		"bairro": "Asa Norte",
		"cidade": "Brasília",
		"estado": "DF",
		"telefone_fixo": "(61) 2892-4430",
		"celular": "(61) 99294-4765",
		"altura": "1,69",
		"peso": 90,
		"tipo_sanguineo": "B+",
		"cor": "laranja"
	},
	{
		"nome": "Caio Lorenzo Calebe Brito",
		"idade": 70,
		"cpf": "188.266.541-40",
		"rg": "15.643.267-5",
		"data_nasc": "21/02/1953",
		"sexo": "Masculino",
		"signo": "Peixes",
		"mae": "Marli Rayssa",
		"pai": "Pedro Ricardo Brito",
		"email": "caio_lorenzo_brito@outlook.com.br",
		"senha": "YnYK4Xg3ww",
		"cep": "72325-116",
		"endereco": "Quadra QR 421 Conjunto 14",
		"numero": 236,
		"bairro": "Samambaia Norte (Samambaia)",
		"cidade": "Brasília",
		"estado": "DF",
		"telefone_fixo": "(61) 3660-0040",
		"celular": "(61) 98460-7911",
		"altura": "1,67",
		"peso": 60,
		"tipo_sanguineo": "O+",
		"cor": "roxo"
	},
	{
		"nome": "Benedito Luiz Kaique Moura",
		"idade": 59,
		"cpf": "437.063.651-54",
		"rg": "24.847.788-2",
		"data_nasc": "12/02/1964",
		"sexo": "Masculino",
		"signo": "Aquário",
		"mae": "Rafaela Brenda",
		"pai": "Luan Leonardo Moura",
		"email": "benedito_moura@hersa.com.br",
		"senha": "SGurXb57sq",
		"cep": "71530-070",
		"endereco": "Quadra SHIN QI 14 Conjunto 7",
		"numero": 604,
		"bairro": "Setor de Habitações Individuais Norte",
		"cidade": "Brasília",
		"estado": "DF",
		"telefone_fixo": "(61) 3860-5534",
		"celular": "(61) 98465-7468",
		"altura": "1,71",
		"peso": 107,
		"tipo_sanguineo": "B-",
		"cor": "preto"
	},
	{
		"nome": "Juliana Isis Almada",
		"idade": 33,
		"cpf": "396.659.761-68",
		"rg": "41.701.270-6",
		"data_nasc": "18/02/1990",
		"sexo": "Feminino",
		"signo": "Aquário",
		"mae": "Nair Eloá Juliana",
		"pai": "Danilo Bruno Almada",
		"email": "juliana-almada78@kantoferramentaria.com.br",
		"senha": "lQ3fdA811H",
		"cep": "71995-380",
		"endereco": "Conjunto SHA Conjunto 5 Chácara 97B",
		"numero": 438,
		"bairro": "Setor Habitacional Arniqueira (Águas Claras)",
		"cidade": "Brasília",
		"estado": "DF",
		"telefone_fixo": "(61) 3651-2085",
		"celular": "(61) 98683-9835",
		"altura": "1,75",
		"peso": 54,
		"tipo_sanguineo": "B-",
		"cor": "preto"
	},
	{
		"nome": "Silvana Stella da Cruz",
		"idade": 57,
		"cpf": "384.683.681-80",
		"rg": "43.744.924-5",
		"data_nasc": "09/01/1966",
		"sexo": "Feminino",
		"signo": "Capricórnio",
		"mae": "Silvana Heloisa",
		"pai": "Rodrigo Manoel Thiago da Cruz",
		"email": "silvana-dacruz76@marramoncks.com.br",
		"senha": "3qQz84zLht",
		"cep": "71884-001",
		"endereco": "Quadra QS 1 Conjunto 1",
		"numero": 624,
		"bairro": "Riacho Fundo II",
		"cidade": "Brasília",
		"estado": "DF",
		"telefone_fixo": "(61) 3908-1844",
		"celular": "(61) 98690-6250",
		"altura": "1,65",
		"peso": 81,
		"tipo_sanguineo": "B-",
		"cor": "roxo"
	},
	{
		"nome": "Sandra Analu Caldeira",
		"idade": 48,
		"cpf": "488.955.541-24",
		"rg": "50.006.330-8",
		"data_nasc": "15/02/1975",
		"sexo": "Feminino",
		"signo": "Aquário",
		"mae": "Isabelly Valentina Melissa",
		"pai": "Luís Geraldo Vicente Caldeira",
		"email": "sandra.analu.caldeira@pronursing.com.br",
		"senha": "hkx4OPkLkr",
		"cep": "70675-623",
		"endereco": "Quadra QRSW 6 Bloco B-3",
		"numero": 955,
		"bairro": "Setor Sudoeste",
		"cidade": "Brasília",
		"estado": "DF",
		"telefone_fixo": "(61) 2981-9782",
		"celular": "(61) 98611-1592",
		"altura": "1,53",
		"peso": 73,
		"tipo_sanguineo": "AB-",
		"cor": "roxo"
	},
	{
		"nome": "Jéssica Luana Mirella Castro",
		"idade": 64,
		"cpf": "337.408.511-39",
		"rg": "29.246.930-5",
		"data_nasc": "19/01/1959",
		"sexo": "Feminino",
		"signo": "Capricórnio",
		"mae": "Marina Bárbara",
		"pai": "Thiago Pietro Castro",
		"email": "jessica-castro74@myself.com",
		"senha": "ixOEkmb8wq",
		"cep": "72581-150",
		"endereco": "Chácara Chácara 11",
		"numero": 144,
		"bairro": "Núcleo Rural Santa Maria",
		"cidade": "Brasília",
		"estado": "DF",
		"telefone_fixo": "(61) 3509-1622",
		"celular": "(61) 98179-6213",
		"altura": "1,79",
		"peso": 68,
		"tipo_sanguineo": "O-",
		"cor": "vermelho"
	},
	{
		"nome": "Lucca Kevin Silveira",
		"idade": 29,
		"cpf": "053.457.951-50",
		"rg": "18.185.229-9",
		"data_nasc": "18/02/1994",
		"sexo": "Masculino",
		"signo": "Aquário",
		"mae": "Isabelly Rebeca",
		"pai": "Thales Bruno Silveira",
		"email": "lucca_silveira@brunofaria.com",
		"senha": "YRSqN4sUZE",
		"cep": "71020-010",
		"endereco": "Quadra QI 1 Bloco A",
		"numero": 207,
		"bairro": "Guará I",
		"cidade": "Brasília",
		"estado": "DF",
		"telefone_fixo": "(61) 2593-5447",
		"celular": "(61) 99884-0968",
		"altura": "1,68",
		"peso": 71,
		"tipo_sanguineo": "O-",
		"cor": "vermelho"
	},
	{
		"nome": "Tatiane Fátima Ramos",
		"idade": 67,
		"cpf": "864.191.911-22",
		"rg": "25.107.797-4",
		"data_nasc": "20/01/1956",
		"sexo": "Feminino",
		"signo": "Capricórnio",
		"mae": "Sara Daniela Alessandra",
		"pai": "Vinicius Luiz Ramos",
		"email": "tatiane_ramos@yoma.com.br",
		"senha": "KYoFn35Qjm",
		"cep": "71884-300",
		"endereco": "Núcleo CAUB II",
		"numero": 675,
		"bairro": "Riacho Fundo II",
		"cidade": "Brasília",
		"estado": "DF",
		"telefone_fixo": "(61) 2648-4386",
		"celular": "(61) 98377-9396",
		"altura": "1,72",
		"peso": 90,
		"tipo_sanguineo": "A-",
		"cor": "azul"
	},
	{
		"nome": "Cláudia Laura Analu Vieira",
		"idade": 35,
		"cpf": "019.201.941-42",
		"rg": "42.530.802-9",
		"data_nasc": "19/02/1988",
		"sexo": "Feminino",
		"signo": "Aquário",
		"mae": "Mariana Natália Eliane",
		"pai": "Kaique Martin Enrico Vieira",
		"email": "claudia_laura_vieira@acaoi.com.br",
		"senha": "kGa3QysSj4",
		"cep": "71993-573",
		"endereco": "Conjunto SHA Conjunto 3 Chácara 40A",
		"numero": 155,
		"bairro": "Setor Habitacional Arniqueira (Águas Claras)",
		"cidade": "Brasília",
		"estado": "DF",
		"telefone_fixo": "(61) 3666-2698",
		"celular": "(61) 98915-8243",
		"altura": "1,62",
		"peso": 57,
		"tipo_sanguineo": "A+",
		"cor": "vermelho"
	},
	{
		"nome": "Regina Fernanda Teixeira",
		"idade": 25,
		"cpf": "827.145.871-00",
		"rg": "38.484.855-2",
		"data_nasc": "08/02/1998",
		"sexo": "Feminino",
		"signo": "Aquário",
		"mae": "Sabrina Stefany",
		"pai": "Thales Anderson Teixeira",
		"email": "reginafernandateixeira@schon.com.br",
		"senha": "APHLIZJY0j",
		"cep": "73016-045",
		"endereco": "Quadra Quadra 2 Comércio Local 17",
		"numero": 861,
		"bairro": "Sobradinho",
		"cidade": "Brasília",
		"estado": "DF",
		"telefone_fixo": "(61) 2827-3617",
		"celular": "(61) 98831-0447",
		"altura": "1,72",
		"peso": 54,
		"tipo_sanguineo": "A+",
		"cor": "roxo"
	},
	{
		"nome": "Pedro Henry Rodrigo Sales",
		"idade": 48,
		"cpf": "099.340.221-68",
		"rg": "42.214.889-1",
		"data_nasc": "20/02/1975",
		"sexo": "Masculino",
		"signo": "Peixes",
		"mae": "Allana Cláudia",
		"pai": "Daniel Julio Sales",
		"email": "pedrohenrysales@carreira.com.br",
		"senha": "r3oUwEtW8o",
		"cep": "72225-201",
		"endereco": "Quadra QNN 19 Conjunto K",
		"numero": 648,
		"bairro": "Ceilândia Norte (Ceilândia)",
		"cidade": "Brasília",
		"estado": "DF",
		"telefone_fixo": "(61) 2839-2341",
		"celular": "(61) 99974-7033",
		"altura": "1,75",
		"peso": 69,
		"tipo_sanguineo": "B-",
		"cor": "verde"
	},
	{
		"nome": "Carolina Pietra Rodrigues",
		"idade": 38,
		"cpf": "321.223.391-52",
		"rg": "35.318.197-3",
		"data_nasc": "20/01/1985",
		"sexo": "Feminino",
		"signo": "Capricórnio",
		"mae": "Evelyn Benedita",
		"pai": "Kevin Hugo Emanuel Rodrigues",
		"email": "carolina.pietra.rodrigues@hotmail.de",
		"senha": "t3oBMXR3jB",
		"cep": "72146-206",
		"endereco": "Quadra QNM 42 Conjunto F",
		"numero": 512,
		"bairro": "Taguatinga Norte (Taguatinga)",
		"cidade": "Brasília",
		"estado": "DF",
		"telefone_fixo": "(61) 3794-0006",
		"celular": "(61) 99628-1007",
		"altura": "1,57",
		"peso": 82,
		"tipo_sanguineo": "O-",
		"cor": "verde"
	},
	{
		"nome": "Fabiana Bruna Nair Monteiro",
		"idade": 31,
		"cpf": "087.612.811-82",
		"rg": "37.830.462-8",
		"data_nasc": "15/02/1992",
		"sexo": "Feminino",
		"signo": "Aquário",
		"mae": "Brenda Andrea",
		"pai": "Ruan Roberto Monteiro",
		"email": "fabiana-monteiro98@libero.it",
		"senha": "q7jM3pMzL8",
		"cep": "72155-805",
		"endereco": "Quadra QNL 8 Conjunto E",
		"numero": 113,
		"bairro": "Taguatinga Norte (Taguatinga)",
		"cidade": "Brasília",
		"estado": "DF",
		"telefone_fixo": "(61) 3713-4940",
		"celular": "(61) 99712-1934",
		"altura": "1,73",
		"peso": 64,
		"tipo_sanguineo": "AB-",
		"cor": "azul"
	},
	{
		"nome": "Thales Oliver da Silva",
		"idade": 79,
		"cpf": "904.958.771-23",
		"rg": "35.142.904-9",
		"data_nasc": "21/01/1944",
		"sexo": "Masculino",
		"signo": "Aquário",
		"mae": "Rita Elza",
		"pai": "Carlos Luan da Silva",
		"email": "thalesoliverdasilva@hydropowermc.com.br",
		"senha": "pN7xN6yagN",
		"cep": "72303-111",
		"endereco": "Quadra QR 125 Área Especial 1",
		"numero": 178,
		"bairro": "Samambaia Sul (Samambaia)",
		"cidade": "Brasília",
		"estado": "DF",
		"telefone_fixo": "(61) 2707-0449",
		"celular": "(61) 99674-1958",
		"altura": "1,85",
		"peso": 110,
		"tipo_sanguineo": "AB-",
		"cor": "laranja"
	},
	{
		"nome": "Catarina Sarah Isabella Farias",
		"idade": 65,
		"cpf": "724.149.161-09",
		"rg": "17.506.377-1",
		"data_nasc": "03/02/1958",
		"sexo": "Feminino",
		"signo": "Aquário",
		"mae": "Cristiane Silvana",
		"pai": "Nelson Calebe Farias",
		"email": "catarina_sarah_farias@accardoso.com.br",
		"senha": "t3L0zml5qM",
		"cep": "72504-101",
		"endereco": "Quadra AC 104 Bloco A",
		"numero": 470,
		"bairro": "Santa Maria",
		"cidade": "Brasília",
		"estado": "DF",
		"telefone_fixo": "(61) 3679-9720",
		"celular": "(61) 98961-5577",
		"altura": "1,66",
		"peso": 76,
		"tipo_sanguineo": "B+",
		"cor": "laranja"
	}
]