[
	{
		"nome": "Luana Jaqueline Lívia Mendes",
		"idade": 59,
		"cpf": "052.793.491-78",
		"rg": "34.867.855-1",
		"data_nasc": "12/02/1964",
		"sexo": "Feminino",
		"signo": "Aquário",
		"mae": "Gabrielly Laís Natália",
		"pai": "Ryan Eduardo Rafael Mendes",
		"email": "luana.jaqueline.mendes@franciscofilho.adv.br",
		"senha": "SKCYXDh3IC",
		"cep": "71741-003",
		"endereco": "Quadra SMPW Quadra 9 Conjunto 3",
		"numero": 268,
		"bairro": "Setor de Mansões Park Way",
		"cidade": "Brasília",
		"estado": "DF",
		"telefone_fixo": "(61) 2742-6313",
		"celular": "(61) 99249-0749",
		"altura": "1,54",
		"peso": 49,
		"tipo_sanguineo": "O+",
		"cor": "vermelho"
	},
	{
		"nome": "Vanessa Carolina Julia da Silva",
		"idade": 51,
		"cpf": "625.057.431-00",
		"rg": "13.636.690-9",
		"data_nasc": "10/02/1972",
		"sexo": "Feminino",
		"signo": "Aquário",
		"mae": "Eduarda Brenda",
		"pai": "João Arthur Murilo da Silva",
		"email": "vanessacarolinadasilva@senioraereo.com.br",
		"senha": "JlluPT0DgD",
		"cep": "73365-460",
		"endereco": "Chácara 10",
		"numero": 937,
		"bairro": "Fazenda Mestre D'Armas (Etapa II - Planaltina)",
		"cidade": "Brasília",
		"estado": "DF",
		"telefone_fixo": "(61) 2978-2109",
		"celular": "(61) 98900-0309",
		"altura": "1,56",
		"peso": 46,
		"tipo_sanguineo": "A+",
		"cor": "verde"
	},
	{
		"nome": "Lavínia Pietra Maya da Conceição",
		"idade": 55,
		"cpf": "220.355.741-96",
		"rg": "34.914.060-1",
		"data_nasc": "25/02/1968",
		"sexo": "Feminino",
		"signo": "Peixes",
		"mae": "Marlene Ester Isadora",
		"pai": "Raimundo Igor Edson da Conceição",
		"email": "lavinia.pietra.daconceicao@directnet.com.br",
		"senha": "TRq0OumuC2",
		"cep": "71615-350",
		"endereco": "Quadra SHIS QI 7 Conjunto 15",
		"numero": 431,
		"bairro": "Setor de Habitações Individuais Sul",
		"cidade": "Brasília",
		"estado": "DF",
		"telefone_fixo": "(61) 2524-7698",
		"celular": "(61) 98558-1489",
		"altura": "1,73",
		"peso": 88,
		"tipo_sanguineo": "O-",
		"cor": "laranja"
	},
	{
		"nome": "Alessandra Letícia Novaes",
		"idade": 43,
		"cpf": "718.799.561-01",
		"rg": "45.169.111-8",
		"data_nasc": "18/01/1980",
		"sexo": "Feminino",
		"signo": "Capricórnio",
		"mae": "Natália Antônia Eduarda",
		"pai": "Arthur Guilherme Francisco Novaes",
		"email": "alessandra-novaes96@novaequipem.com.br",
		"senha": "kT1fTIa1Be",
		"cep": "71805-129",
		"endereco": "Quadra QN 1 Conjunto 29",
		"numero": 440,
		"bairro": "Riacho Fundo I",
		"cidade": "Brasília",
		"estado": "DF",
		"telefone_fixo": "(61) 3789-5095",
		"celular": "(61) 99331-5583",
		"altura": "1,54",
		"peso": 86,
		"tipo_sanguineo": "B-",
		"cor": "laranja"
	},
	{
		"nome": "Melissa Yasmin Moura",
		"idade": 56,
		"cpf": "897.414.911-74",
		"rg": "23.377.205-4",
		"data_nasc": "15/02/1967",
		"sexo": "Feminino",
		"signo": "Aquário",
		"mae": "Analu Sandra",
		"pai": "Francisco Vitor Yago Moura",
		"email": "melissayasminmoura@lonax.net",
		"senha": "jQTpJPsu9W",
		"cep": "72760-170",
		"endereco": "Quadra Quadra 17",
		"numero": 190,
		"bairro": "Incra 8 (Brazlândia)",
		"cidade": "Brasília",
		"estado": "DF",
		"telefone_fixo": "(61) 2611-5479",
		"celular": "(61) 99473-6169",
		"altura": "1,83",
		"peso": 85,
		"tipo_sanguineo": "B-",
		"cor": "azul"
	},
	{
		"nome": "Caroline Evelyn Bernardes",
		"idade": 62,
		"cpf": "088.785.331-57",
		"rg": "31.160.830-9",
		"data_nasc": "01/02/1961",
		"sexo": "Feminino",
		"signo": "Aquário",
		"mae": "Mariana Patrícia Marlene",
		"pai": "Márcio Nathan Heitor Bernardes",
		"email": "caroline-bernardes89@sabesp.com.br",
		"senha": "DzOfpNhqPu",
		"cep": "72241-542",
		"endereco": "Quadra EQNP 13/17 Bloco B",
		"numero": 295,
		"bairro": "Ceilândia Norte (Ceilândia)",
		"cidade": "Brasília",
		"estado": "DF",
		"telefone_fixo": "(61) 2960-2759",
		"celular": "(61) 98451-5388",
		"altura": "1,69",
		"peso": 84,
		"tipo_sanguineo": "O-",
		"cor": "amarelo"
	},
	{
		"nome": "Isabella Francisca Isabelle da Paz",
		"idade": 37,
		"cpf": "072.660.301-53",
		"rg": "17.239.998-1",
		"data_nasc": "20/01/1986",
		"sexo": "Feminino",
		"signo": "Capricórnio",
		"mae": "Beatriz Maria",
		"pai": "Murilo Augusto Raimundo da Paz",
		"email": "isabella_dapaz@andrelam.com.br",
		"senha": "tgGO8J49Bb",
		"cep": "71920-046",
		"endereco": "Alameda dos Eucaliptos Quadra 107 Área Especial 13",
		"numero": 819,
		"bairro": "Norte (Águas Claras)",
		"cidade": "Brasília",
		"estado": "DF",
		"telefone_fixo": "(61) 3648-5270",
		"celular": "(61) 98902-4985",
		"altura": "1,76",
		"peso": 85,
		"tipo_sanguineo": "AB+",
		"cor": "azul"
	},
	{
		"nome": "Francisca Carolina Benedita Corte Real",
		"idade": 53,
		"cpf": "344.536.921-61",
		"rg": "13.311.887-3",
		"data_nasc": "16/02/1970",
		"sexo": "Feminino",
		"signo": "Aquário",
		"mae": "Malu Sarah Vitória",
		"pai": "Geraldo Breno Corte Real",
		"email": "francisca-cortereal94@creativeinteriores.com.br",
		"senha": "0UjQNeIoAs",
		"cep": "70855-550",
		"endereco": "Quadra CLN 407 Bloco E",
		"numero": 346,
		"bairro": "Asa Norte",
		"cidade": "Brasília",
		"estado": "DF",
		"telefone_fixo": "(61) 3631-4814",
		"celular": "(61) 98315-9085",
		"altura": "1,66",
		"peso": 46,
		"tipo_sanguineo": "O+",
		"cor": "vermelho"
	},
	{
		"nome": "Osvaldo Ruan Ramos",
		"idade": 80,
		"cpf": "078.907.061-89",
		"rg": "27.918.095-0",
		"data_nasc": "26/01/1943",
		"sexo": "Masculino",
		"signo": "Aquário",
		"mae": "Ayla Renata Camila",
		"pai": "Alexandre Roberto Ramos",
		"email": "osvaldoruanramos@jci.com",
		"senha": "EiDDjzsWa3",
		"cep": "71915-000",
		"endereco": "Rua Rua 19 Norte",
		"numero": 797,
		"bairro": "Norte (Águas Claras)",
		"cidade": "Brasília",
		"estado": "DF",
		"telefone_fixo": "(61) 3642-2909",
		"celular": "(61) 98636-1723",
		"altura": "1,81",
		"peso": 71,
		"tipo_sanguineo": "B-",
		"cor": "vermelho"
	},
	{
		"nome": "André Martin Moraes",
		"idade": 68,
		"cpf": "447.703.321-49",
		"rg": "30.370.915-7",
		"data_nasc": "23/02/1955",
		"sexo": "Masculino",
		"signo": "Peixes",
		"mae": "Mariana Sophia Lívia",
		"pai": "Luís Marcelo Bernardo Moraes",
		"email": "andremartinmoraes@prestec.com.br",
		"senha": "y4UG5FLAWH",
		"cep": "70274-510",
		"endereco": "Quadra CLS 211 Bloco A",
		"numero": 923,
		"bairro": "Asa Sul",
		"cidade": "Brasília",
		"estado": "DF",
		"telefone_fixo": "(61) 2777-6144",
		"celular": "(61) 99862-1215",
		"altura": "1,88",
		"peso": 99,
		"tipo_sanguineo": "AB-",
		"cor": "azul"
	},
	{
		"nome": "Anderson Benjamin Kaique Viana",
		"idade": 37,
		"cpf": "007.952.931-35",
		"rg": "50.025.027-3",
		"data_nasc": "21/01/1986",
		"sexo": "Masculino",
		"signo": "Aquário",
		"mae": "Antonella Heloise",
		"pai": "Miguel Caio Juan Viana",
		"email": "anderson-viana78@valparaibaimoveis.com.br",
		"senha": "aCb5JffKcW",
		"cep": "71070-657",
		"endereco": "Área Especial Área Especial 8 Módulo E",
		"numero": 829,
		"bairro": "Guará II",
		"cidade": "Brasília",
		"estado": "DF",
		"telefone_fixo": "(61) 3778-0691",
		"celular": "(61) 98636-1636",
		"altura": "1,84",
		"peso": 55,
		"tipo_sanguineo": "O+",
		"cor": "roxo"
	},
	{
		"nome": "Tatiane Isabella Regina Pereira",
		"idade": 22,
		"cpf": "885.363.371-92",
		"rg": "27.016.864-3",
		"data_nasc": "05/02/2001",
		"sexo": "Feminino",
		"signo": "Aquário",
		"mae": "Elisa Cecília",
		"pai": "Pedro Ian Pereira",
		"email": "tatiane-pereira90@albap.com.br",
		"senha": "Nyi03QFcNp",
		"cep": "70297-000",
		"endereco": "Quadra SQS 414",
		"numero": 104,
		"bairro": "Asa Sul",
		"cidade": "Brasília",
		"estado": "DF",
		"telefone_fixo": "(61) 2976-1377",
		"celular": "(61) 98821-8054",
		"altura": "1,62",
		"peso": 75,
		"tipo_sanguineo": "O-",
		"cor": "vermelho"
	},
	{
		"nome": "Manoel Carlos César Rezende",
		"idade": 50,
		"cpf": "555.923.951-83",
		"rg": "26.931.477-5",
		"data_nasc": "12/02/1973",
		"sexo": "Masculino",
		"signo": "Aquário",
		"mae": "Josefa Fátima",
		"pai": "Sebastião Diogo Lorenzo Rezende",
		"email": "manoel.carlos.rezende@gradu.if.ufrj.br",
		"senha": "hkp2aHrgGb",
		"cep": "71805-548",
		"endereco": "Quadra CLN 7 Bloco H",
		"numero": 692,
		"bairro": "Riacho Fundo I",
		"cidade": "Brasília",
		"estado": "DF",
		"telefone_fixo": "(61) 3716-4854",
		"celular": "(61) 98649-0635",
		"altura": "1,94",
		"peso": 96,
		"tipo_sanguineo": "O-",
		"cor": "vermelho"
	},
	{
		"nome": "Vinicius Marcos Vinicius Bernardo Ferreira",
		"idade": 38,
		"cpf": "973.969.751-82",
		"rg": "34.553.283-1",
		"data_nasc": "21/01/1985",
		"sexo": "Masculino",
		"signo": "Aquário",
		"mae": "Helena Giovanna",
		"pai": "Manuel Enzo André Ferreira",
		"email": "vinicius-ferreira92@mpeventos.com.br",
		"senha": "aUOyP4GifP",
		"cep": "72252-500",
		"endereco": "Quadra EQNO 9/11",
		"numero": 976,
		"bairro": "Ceilândia Norte (Ceilândia)",
		"cidade": "Brasília",
		"estado": "DF",
		"telefone_fixo": "(61) 2910-9670",
		"celular": "(61) 99719-3586",
		"altura": "1,88",
		"peso": 61,
		"tipo_sanguineo": "O+",
		"cor": "verde"
	},
	{
		"nome": "Thiago Fábio Sebastião Assis",
		"idade": 79,
		"cpf": "079.830.711-08",
		"rg": "26.434.130-2",
		"data_nasc": "14/01/1944",
		"sexo": "Masculino",
		"signo": "Capricórnio",
		"mae": "Francisca Ester",
		"pai": "Joaquim Geraldo Renato Assis",
		"email": "thiago.fabio.assis@defensoria.sp.gov.br",
		"senha": "AiBb5SzIBn",
		"cep": "71727-120",
		"endereco": "Quadra QR 1-A Conjunto T",
		"numero": 234,
		"bairro": "Candangolândia",
		"cidade": "Brasília",
		"estado": "DF",
		"telefone_fixo": "(61) 2868-8579",
		"celular": "(61) 98517-6654",
		"altura": "1,99",
		"peso": 69,
		"tipo_sanguineo": "O-",
		"cor": "vermelho"
	},
	{
		"nome": "Iago Breno Araújo",
		"idade": 54,
		"cpf": "181.474.041-40",
		"rg": "38.343.471-3",
		"data_nasc": "17/01/1969",
		"sexo": "Masculino",
		"signo": "Capricórnio",
		"mae": "Louise Cláudia",
		"pai": "Márcio Calebe Erick Araújo",
		"email": "iago_araujo@teofilorezende.com.br",
		"senha": "5BAswjXsok",
		"cep": "70770-739",
		"endereco": "Quadra SHCGN 716 Bloco I",
		"numero": 437,
		"bairro": "Asa Norte",
		"cidade": "Brasília",
		"estado": "DF",
		"telefone_fixo": "(61) 2897-8966",
		"celular": "(61) 99417-8437",
		"altura": "1,81",
		"peso": 91,
		"tipo_sanguineo": "B+",
		"cor": "roxo"
	},
	{
		"nome": "Carlos Eduardo Tomás Bruno Rodrigues",
		"idade": 63,
		"cpf": "386.363.901-41",
		"rg": "47.808.681-7",
		"data_nasc": "03/02/1960",
		"sexo": "Masculino",
		"signo": "Aquário",
		"mae": "Jaqueline Valentina",
		"pai": "Nicolas Manoel Rodrigues",
		"email": "carloseduardorodrigues@emitec.com.br",
		"senha": "54TGEdNUIN",
		"cep": "72581-340",
		"endereco": "Chácara Chácara 30",
		"numero": 664,
		"bairro": "Núcleo Rural Santa Maria",
		"cidade": "Brasília",
		"estado": "DF",
		"telefone_fixo": "(61) 2799-4583",
		"celular": "(61) 98808-5295",
		"altura": "1,81",
		"peso": 107,
		"tipo_sanguineo": "A-",
		"cor": "roxo"
	},
	{
		"nome": "Gael Severino Aparício",
		"idade": 66,
		"cpf": "839.569.121-10",
		"rg": "30.143.245-4",
		"data_nasc": "25/02/1957",
		"sexo": "Masculino",
		"signo": "Peixes",
		"mae": "Gabrielly Cristiane",
		"pai": "Oliver Ruan Danilo Aparício",
		"email": "gael_aparicio@realweb.com.br",
		"senha": "LXwOimqTRT",
		"cep": "72501-220",
		"endereco": "Quadra CL 201",
		"numero": 637,
		"bairro": "Santa Maria",
		"cidade": "Brasília",
		"estado": "DF",
		"telefone_fixo": "(61) 3565-9489",
		"celular": "(61) 98687-0494",
		"altura": "1,89",
		"peso": 95,
		"tipo_sanguineo": "A+",
		"cor": "laranja"
	},
	{
		"nome": "Carla Melissa Moreira",
		"idade": 26,
		"cpf": "327.391.301-04",
		"rg": "29.850.561-7",
		"data_nasc": "05/01/1997",
		"sexo": "Feminino",
		"signo": "Capricórnio",
		"mae": "Agatha Amanda Lívia",
		"pai": "Mário Raul Moreira",
		"email": "carla_melissa_moreira@macroengenharia.com",
		"senha": "ymSnFGZzan",
		"cep": "72005-120",
		"endereco": "Rua Rua 1 Chácara 4",
		"numero": 682,
		"bairro": "Setor Habitacional Vicente Pires",
		"cidade": "Brasília",
		"estado": "DF",
		"telefone_fixo": "(61) 2942-4555",
		"celular": "(61) 98155-2277",
		"altura": "1,82",
		"peso": 78,
		"tipo_sanguineo": "O-",
		"cor": "preto"
	},
	{
		"nome": "Felipe Manoel Breno Sales",
		"idade": 53,
		"cpf": "910.146.681-07",
		"rg": "50.571.334-2",
		"data_nasc": "13/02/1970",
		"sexo": "Masculino",
		"signo": "Aquário",
		"mae": "Simone Andreia Nina",
		"pai": "Hugo Raimundo Sales",
		"email": "felipemanoelsales@gmapst.com",
		"senha": "IIc7jmN0MH",
		"cep": "70740-704",
		"endereco": "Quadra SHCGN 706 Bloco D",
		"numero": 258,
		"bairro": "Asa Norte",
		"cidade": "Brasília",
		"estado": "DF",
		"telefone_fixo": "(61) 2504-9799",
		"celular": "(61) 99192-8041",
		"altura": "1,75",
		"peso": 66,
		"tipo_sanguineo": "A+",
		"cor": "vermelho"
	},
	{
		"nome": "Manuel Cauã Baptista",
		"idade": 23,
		"cpf": "001.160.971-08",
		"rg": "25.163.298-2",
		"data_nasc": "17/02/2000",
		"sexo": "Masculino",
		"signo": "Aquário",
		"mae": "Priscila Marli",
		"pai": "Giovanni Ryan Fernando Baptista",
		"email": "manuel-baptista88@hotmailo.com",
		"senha": "jZrEQWlfsF",
		"cep": "72547-225",
		"endereco": "Quadra CL 217 Bloco E",
		"numero": 254,
		"bairro": "Santa Maria",
		"cidade": "Brasília",
		"estado": "DF",
		"telefone_fixo": "(61) 2600-6973",
		"celular": "(61) 99897-7461",
		"altura": "1,82",
		"peso": 51,
		"tipo_sanguineo": "AB-",
		"cor": "vermelho"
	},
	{
		"nome": "César Caleb da Rosa",
		"idade": 49,
		"cpf": "919.612.651-50",
		"rg": "17.718.042-0",
		"data_nasc": "01/02/1974",
		"sexo": "Masculino",
		"signo": "Aquário",
		"mae": "Benedita Maria",
		"pai": "Breno Thales da Rosa",
		"email": "cesar-darosa87@carreira.com.br",
		"senha": "qC7Zg0opDa",
		"cep": "73062-110",
		"endereco": "Conjunto AR 10 Conjunto 10",
		"numero": 189,
		"bairro": "Setor Oeste (Sobradinho II)",
		"cidade": "Brasília",
		"estado": "DF",
		"telefone_fixo": "(61) 3858-9004",
		"celular": "(61) 99708-7671",
		"altura": "1,61",
		"peso": 79,
		"tipo_sanguineo": "O+",
		"cor": "vermelho"
	},
	{
		"nome": "Cauã Otávio Oliver da Cunha",
		"idade": 54,
		"cpf": "681.109.371-44",
		"rg": "27.494.445-5",
		"data_nasc": "08/01/1969",
		"sexo": "Masculino",
		"signo": "Capricórnio",
		"mae": "Laura Daniela Brenda",
		"pai": "Felipe Breno Felipe da Cunha",
		"email": "caua_dacunha@fundamentos.com.br",
		"senha": "nM7EpjGId9",
		"cep": "70650-472",
		"endereco": "Quadra SHCES Quadra 407 Bloco B",
		"numero": 412,
		"bairro": "Cruzeiro Novo",
		"cidade": "Brasília",
		"estado": "DF",
		"telefone_fixo": "(61) 2851-3404",
		"celular": "(61) 98391-4352",
		"altura": "1,83",
		"peso": 54,
		"tipo_sanguineo": "AB-",
		"cor": "preto"
	},
	{
		"nome": "Augusto Renan Nascimento",
		"idade": 64,
		"cpf": "437.651.191-99",
		"rg": "26.932.152-4",
		"data_nasc": "26/01/1959",
		"sexo": "Masculino",
		"signo": "Aquário",
		"mae": "Emily Maria Renata",
		"pai": "Antonio Fábio Anthony Nascimento",
		"email": "augusto-nascimento94@microdoc.com.br",
		"senha": "spDFzJi04W",
		"cep": "70274-500",
		"endereco": "Quadra CLS 211",
		"numero": 129,
		"bairro": "Asa Sul",
		"cidade": "Brasília",
		"estado": "DF",
		"telefone_fixo": "(61) 2802-9774",
		"celular": "(61) 98425-9054",
		"altura": "1,78",
		"peso": 83,
		"tipo_sanguineo": "B+",
		"cor": "vermelho"
	},
	{
		"nome": "Nathan Henrique Sérgio Porto",
		"idade": 69,
		"cpf": "412.582.921-73",
		"rg": "33.180.737-3",
		"data_nasc": "12/01/1954",
		"sexo": "Masculino",
		"signo": "Capricórnio",
		"mae": "Eliane Heloise Cláudia",
		"pai": "Lucca Vitor Porto",
		"email": "nathan.henrique.porto@cordeiromaquinas.com.br",
		"senha": "6mC7XpEnN6",
		"cep": "71535-285",
		"endereco": "Quadra SHIN QL 15 Conjunto 8",
		"numero": 122,
		"bairro": "Setor de Habitações Individuais Norte",
		"cidade": "Brasília",
		"estado": "DF",
		"telefone_fixo": "(61) 3931-5336",
		"celular": "(61) 98306-6412",
		"altura": "1,77",
		"peso": 95,
		"tipo_sanguineo": "O+",
		"cor": "roxo"
	},
	{
		"nome": "Simone Rayssa Cavalcanti",
		"idade": 34,
		"cpf": "096.136.091-72",
		"rg": "43.263.794-1",
		"data_nasc": "01/01/1989",
		"sexo": "Feminino",
		"signo": "Capricórnio",
		"mae": "Elaine Carla Sara",
		"pai": "Bruno Nelson José Cavalcanti",
		"email": "simone-cavalcanti86@marketingvale.com.br",
		"senha": "wyJDE3GqKg",
		"cep": "71570-702",
		"endereco": "Quadra Quadra 7 Conjunto B",
		"numero": 657,
		"bairro": "Paranoá",
		"cidade": "Brasília",
		"estado": "DF",
		"telefone_fixo": "(61) 3730-5863",
		"celular": "(61) 98571-4688",
		"altura": "1,50",
		"peso": 78,
		"tipo_sanguineo": "A+",
		"cor": "azul"
	},
	{
		"nome": "Bernardo Lucca Silveira",
		"idade": 55,
		"cpf": "572.338.781-29",
		"rg": "46.451.291-8",
		"data_nasc": "23/02/1968",
		"sexo": "Masculino",
		"signo": "Peixes",
		"mae": "Luana Isabelly Lorena",
		"pai": "Osvaldo Lucas Silveira",
		"email": "bernardo_silveira@bidoul.eng.br",
		"senha": "kIGU7LU2i9",
		"cep": "72120-970",
		"endereco": "CND 1 Área Especial s/n Lote B",
		"numero": 666,
		"bairro": "Taguatinga Norte (Taguatinga)",
		"cidade": "Brasília",
		"estado": "DF",
		"telefone_fixo": "(61) 3827-5317",
		"celular": "(61) 98345-1630",
		"altura": "1,68",
		"peso": 61,
		"tipo_sanguineo": "B-",
		"cor": "azul"
	},
	{
		"nome": "Geraldo Felipe Gustavo Pinto",
		"idade": 26,
		"cpf": "293.723.181-08",
		"rg": "34.286.203-0",
		"data_nasc": "13/02/1997",
		"sexo": "Masculino",
		"signo": "Aquário",
		"mae": "Clara Bianca Simone",
		"pai": "Davi Geraldo Pinto",
		"email": "geraldo_pinto@gabrielresende.com",
		"senha": "tBiGZWCrza",
		"cep": "70200-670",
		"endereco": "Quadra SGAS 607",
		"numero": 946,
		"bairro": "Asa Sul",
		"cidade": "Brasília",
		"estado": "DF",
		"telefone_fixo": "(61) 3779-3595",
		"celular": "(61) 98301-3696",
		"altura": "1,84",
		"peso": 101,
		"tipo_sanguineo": "A-",
		"cor": "verde"
	},
	{
		"nome": "Benício Gabriel Davi Dias",
		"idade": 22,
		"cpf": "098.043.621-47",
		"rg": "30.910.469-5",
		"data_nasc": "21/02/2001",
		"sexo": "Masculino",
		"signo": "Peixes",
		"mae": "Vanessa Mariah Isis",
		"pai": "Mário Gabriel Breno Dias",
		"email": "benicio-dias76@kof.com.mx",
		"senha": "RRax0LGpu5",
		"cep": "72255-014",
		"endereco": "Quadra QNO 10 Área Especial N",
		"numero": 747,
		"bairro": "Ceilândia Norte (Ceilândia)",
		"cidade": "Brasília",
		"estado": "DF",
		"telefone_fixo": "(61) 2828-4169",
		"celular": "(61) 99883-2906",
		"altura": "1,97",
		"peso": 71,
		"tipo_sanguineo": "A+",
		"cor": "vermelho"
	},
	{
		"nome": "Rosângela Heloisa Caroline Assunção",
		"idade": 39,
		"cpf": "412.465.971-79",
		"rg": "14.857.505-5",
		"data_nasc": "24/02/1984",
		"sexo": "Feminino",
		"signo": "Peixes",
		"mae": "Milena Allana",
		"pai": "Diogo Nicolas Luiz Assunção",
		"email": "rosangela_heloisa_assuncao@technew.ind.br",
		"senha": "wHXfNz6r8k",
		"cep": "72302-116",
		"endereco": "Quadra QR 106 Conjunto 15-A",
		"numero": 773,
		"bairro": "Samambaia Sul (Samambaia)",
		"cidade": "Brasília",
		"estado": "DF",
		"telefone_fixo": "(61) 2901-0389",
		"celular": "(61) 99508-5136",
		"altura": "1,78",
		"peso": 65,
		"tipo_sanguineo": "A-",
		"cor": "vermelho"
	}
]