[
	{
		"nome": "Paulo Marcelo Pereira",
		"idade": 46,
		"cpf": "234.546.051-21",
		"rg": "43.524.171-0",
		"data_nasc": "02/02/1977",
		"sexo": "Masculino",
		"signo": "Aquário",
		"mae": "Tatiane Rosângela",
		"pai": "Nathan Breno Kevin Pereira",
		"email": "paulo_pereira@yogoothies.com.br",
		"senha": "8RnHcRyoud",
		"cep": "72323-573",
		"endereco": "Quadra QS 417 Conjunto M",
		"numero": 879,
		"bairro": "Samambaia Norte (Samambaia)",
		"cidade": "Brasília",
		"estado": "DF",
		"telefone_fixo": "(61) 3623-7649",
		"celular": "(61) 99150-1790",
		"altura": "1,93",
		"peso": 91,
		"tipo_sanguineo": "A-",
		"cor": "amarelo"
	},
	{
		"nome": "Carlos Samuel Pinto",
		"idade": 25,
		"cpf": "929.337.701-21",
		"rg": "11.093.181-6",
		"data_nasc": "21/02/1998",
		"sexo": "Masculino",
		"signo": "Peixes",
		"mae": "Alana Elza",
		"pai": "Cláudio Renato Pedro Pinto",
		"email": "carlossamuelpinto@power.alstom.com",
		"senha": "l381CqqJgu",
		"cep": "71572-802",
		"endereco": "Quadra Quadra 28 Conjunto B",
		"numero": 716,
		"bairro": "Paranoá",
		"cidade": "Brasília",
		"estado": "DF",
		"telefone_fixo": "(61) 2792-1394",
		"celular": "(61) 99506-2022",
		"altura": "1,77",
		"peso": 62,
		"tipo_sanguineo": "B+",
		"cor": "verde"
	},
	{
		"nome": "Sérgio Gustavo Nascimento",
		"idade": 44,
		"cpf": "692.254.131-65",
		"rg": "15.841.588-7",
		"data_nasc": "12/02/1979",
		"sexo": "Masculino",
		"signo": "Aquário",
		"mae": "Ayla Renata Carolina",
		"pai": "Márcio Cauê André Nascimento",
		"email": "sergio_gustavo_nascimento@solutionimoveis.com.br",
		"senha": "uo5Xl7iZWa",
		"cep": "70276-510",
		"endereco": "Quadra CLS 410 Bloco A",
		"numero": 301,
		"bairro": "Asa Sul",
		"cidade": "Brasília",
		"estado": "DF",
		"telefone_fixo": "(61) 2956-6252",
		"celular": "(61) 98744-8598",
		"altura": "1,70",
		"peso": 64,
		"tipo_sanguineo": "O-",
		"cor": "preto"
	},
	{
		"nome": "Carlos Vicente Drumond",
		"idade": 77,
		"cpf": "597.217.371-94",
		"rg": "40.983.191-8",
		"data_nasc": "03/02/1946",
		"sexo": "Masculino",
		"signo": "Aquário",
		"mae": "Sophia Isabelly Nicole",
		"pai": "Sérgio José Drumond",
		"email": "carlos.vicente.drumond@marketingvale.com.br",
		"senha": "DODlU8gRrM",
		"cep": "73006-060",
		"endereco": "Quadra Quadra 8 Comércio Local 23",
		"numero": 995,
		"bairro": "Sobradinho",
		"cidade": "Brasília",
		"estado": "DF",
		"telefone_fixo": "(61) 3930-0031",
		"celular": "(61) 99506-0963",
		"altura": "1,69",
		"peso": 63,
		"tipo_sanguineo": "O-",
		"cor": "vermelho"
	},
	{
		"nome": "Raul Matheus Silva",
		"idade": 24,
		"cpf": "876.138.771-16",
		"rg": "27.020.715-6",
		"data_nasc": "07/02/1999",
		"sexo": "Masculino",
		"signo": "Aquário",
		"mae": "Ana Tereza Aparecida",
		"pai": "Pietro Enrico Pedro Henrique Silva",
		"email": "raul.matheus.silva@pig.com.br",
		"senha": "rPxC4onQCk",
		"cep": "73402-583",
		"endereco": "Chácara 13",
		"numero": 745,
		"bairro": "Setor de Mansões Mestre D'Armas (Planaltina)",
		"cidade": "Brasília",
		"estado": "DF",
		"telefone_fixo": "(61) 3721-9804",
		"celular": "(61) 99102-6190",
		"altura": "1,88",
		"peso": 86,
		"tipo_sanguineo": "A+",
		"cor": "azul"
	},
	{
		"nome": "Felipe Bento Iago Baptista",
		"idade": 24,
		"cpf": "207.959.461-39",
		"rg": "41.584.629-8",
		"data_nasc": "22/02/1999",
		"sexo": "Masculino",
		"signo": "Peixes",
		"mae": "Vanessa Maitê Hadassa",
		"pai": "Geraldo Nathan Baptista",
		"email": "felipe_bento_baptista@racml.com.br",
		"senha": "80gzoTA8hz",
		"cep": "73031-574",
		"endereco": "Quadra Quadra 5 Área Especial 05",
		"numero": 256,
		"bairro": "Sobradinho",
		"cidade": "Brasília",
		"estado": "DF",
		"telefone_fixo": "(61) 2738-4976",
		"celular": "(61) 99778-7307",
		"altura": "1,97",
		"peso": 57,
		"tipo_sanguineo": "O-",
		"cor": "azul"
	},
	{
		"nome": "Cláudia Stefany Jéssica Moura",
		"idade": 79,
		"cpf": "771.900.891-01",
		"rg": "12.615.299-8",
		"data_nasc": "27/01/1944",
		"sexo": "Feminino",
		"signo": "Aquário",
		"mae": "Luciana Ayla Natália",
		"pai": "Rodrigo Benedito Tiago Moura",
		"email": "claudia_moura@claro.com.br",
		"senha": "6phS2KMFUu",
		"cep": "72319-555",
		"endereco": "Quadra QS 403 Conjunto E",
		"numero": 996,
		"bairro": "Samambaia Norte (Samambaia)",
		"cidade": "Brasília",
		"estado": "DF",
		"telefone_fixo": "(61) 2710-5303",
		"celular": "(61) 99198-4269",
		"altura": "1,64",
		"peso": 77,
		"tipo_sanguineo": "AB-",
		"cor": "vermelho"
	},
	{
		"nome": "Ayla Pietra Sebastiana Silveira",
		"idade": 44,
		"cpf": "281.154.751-73",
		"rg": "10.703.062-7",
		"data_nasc": "24/02/1979",
		"sexo": "Feminino",
		"signo": "Peixes",
		"mae": "Alice Márcia Alice",
		"pai": "Caio Márcio Marcos Vinicius Silveira",
		"email": "ayla_silveira@imail.com",
		"senha": "euhCC3bxdX",
		"cep": "70680-562",
		"endereco": "Quadra CCSW 5 Lote 2 Bloco 2",
		"numero": 200,
		"bairro": "Setor Sudoeste",
		"cidade": "Brasília",
		"estado": "DF",
		"telefone_fixo": "(61) 2502-5150",
		"celular": "(61) 98184-1224",
		"altura": "1,54",
		"peso": 74,
		"tipo_sanguineo": "AB-",
		"cor": "preto"
	},
	{
		"nome": "Luzia Stefany Carvalho",
		"idade": 20,
		"cpf": "051.189.771-50",
		"rg": "40.503.042-3",
		"data_nasc": "13/01/2003",
		"sexo": "Feminino",
		"signo": "Capricórnio",
		"mae": "Josefa Brenda",
		"pai": "Ruan Cauê Pedro Carvalho",
		"email": "luzia_stefany_carvalho@lifefp.com.br",
		"senha": "fmnqHRXJz3",
		"cep": "70382-050",
		"endereco": "Quadra SQS 313 Bloco E",
		"numero": 953,
		"bairro": "Asa Sul",
		"cidade": "Brasília",
		"estado": "DF",
		"telefone_fixo": "(61) 2652-0850",
		"celular": "(61) 98265-4343",
		"altura": "1,61",
		"peso": 72,
		"tipo_sanguineo": "AB+",
		"cor": "amarelo"
	},
	{
		"nome": "Marcos Vinicius Carlos Benjamin Assis",
		"idade": 78,
		"cpf": "872.353.281-50",
		"rg": "40.069.439-6",
		"data_nasc": "17/02/1945",
		"sexo": "Masculino",
		"signo": "Aquário",
		"mae": "Olivia Isabelly",
		"pai": "Anthony Yuri Assis",
		"email": "marcos_vinicius_assis@wizardararaquara.com.br",
		"senha": "MklrhfH7Dl",
		"cep": "70722-530",
		"endereco": "Quadra CLN 102 Bloco C",
		"numero": 316,
		"bairro": "Asa Norte",
		"cidade": "Brasília",
		"estado": "DF",
		"telefone_fixo": "(61) 2655-1770",
		"celular": "(61) 98642-3798",
		"altura": "1,81",
		"peso": 55,
		"tipo_sanguineo": "B-",
		"cor": "vermelho"
	},
	{
		"nome": "Roberto Calebe Benjamin Cardoso",
		"idade": 72,
		"cpf": "066.321.091-79",
		"rg": "35.556.756-8",
		"data_nasc": "06/02/1951",
		"sexo": "Masculino",
		"signo": "Aquário",
		"mae": "Jennifer Sueli",
		"pai": "Luís Renato Cardoso",
		"email": "roberto_calebe_cardoso@mcpsolucoesgraficas.com.br",
		"senha": "NYMOo5l49T",
		"cep": "72261-042",
		"endereco": "Quadra QNO 19 Conjunto 42",
		"numero": 246,
		"bairro": "Ceilândia Norte (Ceilândia)",
		"cidade": "Brasília",
		"estado": "DF",
		"telefone_fixo": "(61) 2712-7447",
		"celular": "(61) 98161-1980",
		"altura": "1,85",
		"peso": 89,
		"tipo_sanguineo": "O+",
		"cor": "vermelho"
	},
	{
		"nome": "Letícia Alessandra Eduarda Barros",
		"idade": 60,
		"cpf": "390.646.841-03",
		"rg": "32.570.011-4",
		"data_nasc": "15/01/1963",
		"sexo": "Feminino",
		"signo": "Capricórnio",
		"mae": "Sophia Lavínia Rayssa",
		"pai": "Renan Carlos Eduardo Severino Barros",
		"email": "leticiaalessandrabarros@inepar.com.br",
		"senha": "YxGk2AJz3m",
		"cep": "72725-408",
		"endereco": "Quadra Quadra 4 Conjunto H",
		"numero": 612,
		"bairro": "Veredas (Brazlândia)",
		"cidade": "Brasília",
		"estado": "DF",
		"telefone_fixo": "(61) 2952-0895",
		"celular": "(61) 99260-0614",
		"altura": "1,71",
		"peso": 56,
		"tipo_sanguineo": "AB-",
		"cor": "laranja"
	},
	{
		"nome": "Gabriel Danilo Guilherme Farias",
		"idade": 57,
		"cpf": "339.641.871-94",
		"rg": "46.382.482-9",
		"data_nasc": "22/01/1966",
		"sexo": "Masculino",
		"signo": "Aquário",
		"mae": "Marli Antônia Tereza",
		"pai": "Thomas Thales Farias",
		"email": "gabriel-farias88@zian.com.br",
		"senha": "fy1bBHoc8Q",
		"cep": "73369-044",
		"endereco": "Quadra 6 Conjunto L",
		"numero": 700,
		"bairro": "Arapoanga (Planaltina)",
		"cidade": "Brasília",
		"estado": "DF",
		"telefone_fixo": "(61) 3899-7152",
		"celular": "(61) 99900-8915",
		"altura": "1,76",
		"peso": 90,
		"tipo_sanguineo": "AB+",
		"cor": "preto"
	},
	{
		"nome": "Sérgio Osvaldo Nicolas da Costa",
		"idade": 42,
		"cpf": "167.411.781-71",
		"rg": "35.427.347-4",
		"data_nasc": "21/02/1981",
		"sexo": "Masculino",
		"signo": "Peixes",
		"mae": "Giovanna Francisca",
		"pai": "Ricardo Edson da Costa",
		"email": "sergio-dacosta97@lonza.com",
		"senha": "SWkTQkd962",
		"cep": "71694-049",
		"endereco": "Área Especial CEF",
		"numero": 644,
		"bairro": "Residencial do Bosque (São Sebastião)",
		"cidade": "Brasília",
		"estado": "DF",
		"telefone_fixo": "(61) 3711-3895",
		"celular": "(61) 99191-4804",
		"altura": "1,76",
		"peso": 73,
		"tipo_sanguineo": "A+",
		"cor": "preto"
	},
	{
		"nome": "Analu Benedita da Silva",
		"idade": 64,
		"cpf": "411.506.201-02",
		"rg": "25.086.878-7",
		"data_nasc": "24/01/1959",
		"sexo": "Feminino",
		"signo": "Aquário",
		"mae": "Rosângela Maria Sebastiana",
		"pai": "Manuel Enrico Raul da Silva",
		"email": "analu_dasilva@hotmail.de",
		"senha": "wgifDOZF8K",
		"cep": "72735-502",
		"endereco": "Quadra Quadra 35 Bloco B",
		"numero": 652,
		"bairro": "Vila São José (Brazlândia)",
		"cidade": "Brasília",
		"estado": "DF",
		"telefone_fixo": "(61) 2864-8583",
		"celular": "(61) 99943-7553",
		"altura": "1,74",
		"peso": 70,
		"tipo_sanguineo": "AB+",
		"cor": "vermelho"
	},
	{
		"nome": "Lucas Nelson da Mata",
		"idade": 52,
		"cpf": "505.570.941-35",
		"rg": "28.657.660-0",
		"data_nasc": "06/02/1971",
		"sexo": "Masculino",
		"signo": "Aquário",
		"mae": "Louise Rita Carla",
		"pai": "Augusto Enrico Miguel da Mata",
		"email": "lucas_nelson_damata@baltico.com.br",
		"senha": "RIF86jG3hi",
		"cep": "72546-205",
		"endereco": "Quadra CL 116 Bloco E",
		"numero": 260,
		"bairro": "Santa Maria",
		"cidade": "Brasília",
		"estado": "DF",
		"telefone_fixo": "(61) 2631-1258",
		"celular": "(61) 99551-9210",
		"altura": "1,70",
		"peso": 77,
		"tipo_sanguineo": "AB+",
		"cor": "amarelo"
	},
	{
		"nome": "Valentina Louise Mendes",
		"idade": 76,
		"cpf": "670.614.221-22",
		"rg": "34.521.284-8",
		"data_nasc": "13/01/1947",
		"sexo": "Feminino",
		"signo": "Capricórnio",
		"mae": "Amanda Emilly",
		"pai": "Thomas Marcos Vinicius Mendes",
		"email": "valentina.louise.mendes@orteca.com.br",
		"senha": "GZdU3Gj9WS",
		"cep": "72125-530",
		"endereco": "Quadra QNF 3",
		"numero": 164,
		"bairro": "Taguatinga Norte (Taguatinga)",
		"cidade": "Brasília",
		"estado": "DF",
		"telefone_fixo": "(61) 2909-9438",
		"celular": "(61) 98608-1956",
		"altura": "1,51",
		"peso": 52,
		"tipo_sanguineo": "AB-",
		"cor": "vermelho"
	},
	{
		"nome": "Matheus Martin Bernardes",
		"idade": 27,
		"cpf": "009.395.271-62",
		"rg": "47.516.588-3",
		"data_nasc": "07/01/1996",
		"sexo": "Masculino",
		"signo": "Capricórnio",
		"mae": "Fabiana Allana",
		"pai": "Heitor Vinicius Bernardes",
		"email": "matheus_bernardes@cbsdobrasil.com.br",
		"senha": "lkl3eoTESz",
		"cep": "71884-293",
		"endereco": "Quadra QS 7",
		"numero": 785,
		"bairro": "Riacho Fundo II",
		"cidade": "Brasília",
		"estado": "DF",
		"telefone_fixo": "(61) 2719-3093",
		"celular": "(61) 99374-9423",
		"altura": "1,74",
		"peso": 82,
		"tipo_sanguineo": "A-",
		"cor": "azul"
	},
	{
		"nome": "Ana Tereza Mariah da Rosa",
		"idade": 33,
		"cpf": "935.553.341-15",
		"rg": "13.582.096-0",
		"data_nasc": "16/02/1990",
		"sexo": "Feminino",
		"signo": "Aquário",
		"mae": "Aurora Alice",
		"pai": "Anderson Benício Renan da Rosa",
		"email": "ana.tereza.darosa@br.pwc.com",
		"senha": "9Bz9FgkH8l",
		"cep": "72620-210",
		"endereco": "Quadra Quadra 301 Conjunto 10",
		"numero": 189,
		"bairro": "Recanto das Emas",
		"cidade": "Brasília",
		"estado": "DF",
		"telefone_fixo": "(61) 3719-0765",
		"celular": "(61) 99959-8737",
		"altura": "1,50",
		"peso": 68,
		"tipo_sanguineo": "O-",
		"cor": "amarelo"
	},
	{
		"nome": "Isabelle Lúcia Isabelly Aparício",
		"idade": 80,
		"cpf": "766.195.741-81",
		"rg": "29.276.122-3",
		"data_nasc": "03/02/1943",
		"sexo": "Feminino",
		"signo": "Aquário",
		"mae": "Beatriz Sebastiana",
		"pai": "Breno Manoel Aparício",
		"email": "isabelle-aparicio93@wnetrj.com.br",
		"senha": "NBC6h0NBub",
		"cep": "73365-148",
		"endereco": "Quadra Quadra 47",
		"numero": 625,
		"bairro": "Nossa Senhora de Fátima (Planaltina)",
		"cidade": "Brasília",
		"estado": "DF",
		"telefone_fixo": "(61) 3720-0262",
		"celular": "(61) 98687-5063",
		"altura": "1,63",
		"peso": 85,
		"tipo_sanguineo": "A-",
		"cor": "verde"
	},
	{
		"nome": "Murilo Otávio Gabriel Freitas",
		"idade": 79,
		"cpf": "554.470.521-65",
		"rg": "15.449.403-3",
		"data_nasc": "04/02/1944",
		"sexo": "Masculino",
		"signo": "Aquário",
		"mae": "Marli Sara Rosa",
		"pai": "Alexandre Henrique Freitas",
		"email": "murilo-freitas83@andradecamara.com.br",
		"senha": "CWCG3LGfrY",
		"cep": "70740-712",
		"endereco": "Quadra SHCGN 706 Bloco L",
		"numero": 762,
		"bairro": "Asa Norte",
		"cidade": "Brasília",
		"estado": "DF",
		"telefone_fixo": "(61) 3901-0022",
		"celular": "(61) 98882-7549",
		"altura": "1,95",
		"peso": 93,
		"tipo_sanguineo": "O+",
		"cor": "roxo"
	},
	{
		"nome": "Thales Lucca Leandro Viana",
		"idade": 21,
		"cpf": "096.423.431-93",
		"rg": "13.189.248-4",
		"data_nasc": "05/01/2002",
		"sexo": "Masculino",
		"signo": "Capricórnio",
		"mae": "Catarina Agatha",
		"pai": "Yago Francisco Augusto Viana",
		"email": "thales_lucca_viana@plenamenterh.com.br",
		"senha": "dfjDLasqIY",
		"cep": "72323-102",
		"endereco": "Quadra QR 417 Conjunto 2",
		"numero": 306,
		"bairro": "Samambaia Norte (Samambaia)",
		"cidade": "Brasília",
		"estado": "DF",
		"telefone_fixo": "(61) 3849-2731",
		"celular": "(61) 98190-1519",
		"altura": "1,79",
		"peso": 89,
		"tipo_sanguineo": "AB+",
		"cor": "preto"
	},
	{
		"nome": "Mateus Edson Eduardo Souza",
		"idade": 71,
		"cpf": "425.529.901-34",
		"rg": "16.948.894-9",
		"data_nasc": "08/01/1952",
		"sexo": "Masculino",
		"signo": "Capricórnio",
		"mae": "Betina Mariana Mariah",
		"pai": "Oliver Nicolas João Souza",
		"email": "mateus-souza87@cenia.com.br",
		"senha": "gSEzKFQtIo",
		"cep": "71692-701",
		"endereco": "Quadra Quadra 301 Conjunto 1",
		"numero": 947,
		"bairro": "Setor Residencial Oeste (São Sebastião)",
		"cidade": "Brasília",
		"estado": "DF",
		"telefone_fixo": "(61) 3573-7485",
		"celular": "(61) 98159-3404",
		"altura": "2,00",
		"peso": 85,
		"tipo_sanguineo": "O-",
		"cor": "roxo"
	},
	{
		"nome": "Bruna Olivia Gonçalves",
		"idade": 54,
		"cpf": "179.868.371-79",
		"rg": "42.498.061-7",
		"data_nasc": "22/01/1969",
		"sexo": "Feminino",
		"signo": "Aquário",
		"mae": "Rosa Stella Regina",
		"pai": "Thiago Oliver Gonçalves",
		"email": "brunaoliviagoncalves@comercialmendes.net",
		"senha": "OOYsN5e2EU",
		"cep": "70750-702",
		"endereco": "Quadra SHCGN 709 Bloco B",
		"numero": 331,
		"bairro": "Asa Norte",
		"cidade": "Brasília",
		"estado": "DF",
		"telefone_fixo": "(61) 3834-1270",
		"celular": "(61) 98303-7504",
		"altura": "1,63",
		"peso": 70,
		"tipo_sanguineo": "A+",
		"cor": "vermelho"
	},
	{
		"nome": "Letícia Jéssica Corte Real",
		"idade": 80,
		"cpf": "382.165.581-04",
		"rg": "18.414.166-7",
		"data_nasc": "02/01/1943",
		"sexo": "Feminino",
		"signo": "Capricórnio",
		"mae": "Sophie Sônia Larissa",
		"pai": "Otávio Benjamin Yuri Corte Real",
		"email": "leticia_jessica_cortereal@contabilidaderangel.com.br",
		"senha": "yUEyowSiHo",
		"cep": "70830-010",
		"endereco": "Quadra SGAN 601",
		"numero": 828,
		"bairro": "Asa Norte",
		"cidade": "Brasília",
		"estado": "DF",
		"telefone_fixo": "(61) 2908-5333",
		"celular": "(61) 98269-5317",
		"altura": "1,64",
		"peso": 73,
		"tipo_sanguineo": "B+",
		"cor": "verde"
	},
	{
		"nome": "Cecília Antônia Elisa Lopes",
		"idade": 80,
		"cpf": "714.256.961-12",
		"rg": "33.956.269-9",
		"data_nasc": "05/02/1943",
		"sexo": "Feminino",
		"signo": "Aquário",
		"mae": "Nicole Marli",
		"pai": "Sérgio Murilo Anderson Lopes",
		"email": "ceciliaantonialopes@bucaneiro.com.br",
		"senha": "DJkMOguOAr",
		"cep": "72220-574",
		"endereco": "Quadra EQNN 22/24 Bloco D",
		"numero": 406,
		"bairro": "Ceilândia Sul (Ceilândia)",
		"cidade": "Brasília",
		"estado": "DF",
		"telefone_fixo": "(61) 2515-5541",
		"celular": "(61) 98841-6594",
		"altura": "1,76",
		"peso": 80,
		"tipo_sanguineo": "A+",
		"cor": "vermelho"
	},
	{
		"nome": "Paulo Benedito Tiago Dias",
		"idade": 64,
		"cpf": "219.550.171-58",
		"rg": "18.534.454-9",
		"data_nasc": "07/02/1959",
		"sexo": "Masculino",
		"signo": "Aquário",
		"mae": "Raquel Sophia",
		"pai": "Bryan Raul Pedro Dias",
		"email": "paulo_dias@hormail.com",
		"senha": "5zoZJU4yNa",
		"cep": "71050-011",
		"endereco": "Quadra QE 13 Conjunto A",
		"numero": 794,
		"bairro": "Guará II",
		"cidade": "Brasília",
		"estado": "DF",
		"telefone_fixo": "(61) 2941-5397",
		"celular": "(61) 99881-4656",
		"altura": "1,96",
		"peso": 101,
		"tipo_sanguineo": "A-",
		"cor": "azul"
	},
	{
		"nome": "Bryan Heitor Hugo Rodrigues",
		"idade": 42,
		"cpf": "598.337.051-03",
		"rg": "31.131.635-9",
		"data_nasc": "09/02/1981",
		"sexo": "Masculino",
		"signo": "Aquário",
		"mae": "Camila Bárbara Nina",
		"pai": "Nathan Rafael Rodrigues",
		"email": "bryan.heitor.rodrigues@jeffersonbarroso.com.br",
		"senha": "45FkYApDtE",
		"cep": "70083-900",
		"endereco": "Praça dos Três Poderes Anexo II",
		"numero": 287,
		"bairro": "Zona Cívico-Administrativa",
		"cidade": "Brasília",
		"estado": "DF",
		"telefone_fixo": "(61) 3713-2078",
		"celular": "(61) 99451-4568",
		"altura": "1,73",
		"peso": 96,
		"tipo_sanguineo": "B-",
		"cor": "azul"
	},
	{
		"nome": "Benjamin Victor Cavalcanti",
		"idade": 27,
		"cpf": "846.229.841-56",
		"rg": "18.043.994-7",
		"data_nasc": "09/01/1996",
		"sexo": "Masculino",
		"signo": "Capricórnio",
		"mae": "Nair Yasmin Josefa",
		"pai": "Leandro Arthur Cavalcanti",
		"email": "benjamin.victor.cavalcanti@abcautoservice.net",
		"senha": "5Ncsecd6QO",
		"cep": "73391-156",
		"endereco": "Conjunto Conjunto B",
		"numero": 281,
		"bairro": "Residencial Samauma (Planaltina)",
		"cidade": "Brasília",
		"estado": "DF",
		"telefone_fixo": "(61) 2852-1770",
		"celular": "(61) 98302-3041",
		"altura": "1,97",
		"peso": 92,
		"tipo_sanguineo": "A-",
		"cor": "preto"
	},
	{
		"nome": "Isabel Fernanda Elaine Martins",
		"idade": 75,
		"cpf": "494.775.391-98",
		"rg": "45.467.121-0",
		"data_nasc": "03/02/1948",
		"sexo": "Feminino",
		"signo": "Aquário",
		"mae": "Cristiane Isabelly Lúcia",
		"pai": "Theo Kauê Raul Martins",
		"email": "isabel.fernanda.martins@yoma.com.br",
		"senha": "RWkf9Z3FDz",
		"cep": "70683-205",
		"endereco": "Quadra CLNW 2/3 Lote K",
		"numero": 703,
		"bairro": "Setor Noroeste",
		"cidade": "Brasília",
		"estado": "DF",
		"telefone_fixo": "(61) 2874-4318",
		"celular": "(61) 99178-8704",
		"altura": "1,80",
		"peso": 79,
		"tipo_sanguineo": "AB+",
		"cor": "azul"
	}
]