[
	{
		"nome": "Cláudia Emanuelly Amanda Melo",
		"idade": 70,
		"cpf": "583.959.311-74",
		"rg": "25.693.834-9",
		"data_nasc": "19/01/1953",
		"sexo": "Feminino",
		"signo": "Capricórnio",
		"mae": "Alana Isabela Márcia",
		"pai": "Marcelo Thiago Noah Melo",
		"email": "claudia_emanuelly_melo@lordello.com.br",
		"senha": "DjN03Wkka7",
		"cep": "73031-145",
		"endereco": "Quadra Quadra 3 Comércio Local 18",
		"numero": 403,
		"bairro": "Sobradinho",
		"cidade": "Brasília",
		"estado": "DF",
		"telefone_fixo": "(61) 3653-1833",
		"celular": "(61) 98615-0355",
		"altura": "1,52",
		"peso": 62,
		"tipo_sanguineo": "O-",
		"cor": "amarelo"
	},
	{
		"nome": "Sabrina Nicole Sarah Novaes",
		"idade": 61,
		"cpf": "039.381.871-31",
		"rg": "33.013.254-4",
		"data_nasc": "04/01/1962",
		"sexo": "Feminino",
		"signo": "Capricórnio",
		"mae": "Marli Rosângela Juliana",
		"pai": "Renan Isaac Diogo Novaes",
		"email": "sabrina.nicole.novaes@lexos.com.br",
		"senha": "jL8gnHT9Nh",
		"cep": "70373-040",
		"endereco": "Quadra SQS 110 Bloco D",
		"numero": 404,
		"bairro": "Asa Sul",
		"cidade": "Brasília",
		"estado": "DF",
		"telefone_fixo": "(61) 3911-2828",
		"celular": "(61) 99916-4058",
		"altura": "1,81",
		"peso": 57,
		"tipo_sanguineo": "AB-",
		"cor": "roxo"
	},
	{
		"nome": "Emilly Natália Campos",
		"idade": 24,
		"cpf": "873.581.681-35",
		"rg": "23.143.673-7",
		"data_nasc": "16/02/1999",
		"sexo": "Feminino",
		"signo": "Aquário",
		"mae": "Vanessa Vanessa",
		"pai": "Bento Samuel Gabriel Campos",
		"email": "emillynataliacampos@mucoucah.com.br",
		"senha": "5xLUmib833",
		"cep": "71225-000",
		"endereco": "Setor SIN",
		"numero": 936,
		"bairro": "Zona Industrial (Guará)",
		"cidade": "Brasília",
		"estado": "DF",
		"telefone_fixo": "(61) 2777-2189",
		"celular": "(61) 98899-4853",
		"altura": "1,56",
		"peso": 74,
		"tipo_sanguineo": "A-",
		"cor": "vermelho"
	},
	{
		"nome": "Vicente Manuel Sales",
		"idade": 43,
		"cpf": "331.903.391-39",
		"rg": "30.389.515-9",
		"data_nasc": "09/01/1980",
		"sexo": "Masculino",
		"signo": "Capricórnio",
		"mae": "Eloá Andrea Caroline",
		"pai": "Enzo Alexandre Sales",
		"email": "vicente_manuel_sales@right.com.br",
		"senha": "7itF0kTtHu",
		"cep": "72140-618",
		"endereco": "Quadra QNJ Área Especial 18",
		"numero": 377,
		"bairro": "Taguatinga Norte (Taguatinga)",
		"cidade": "Brasília",
		"estado": "DF",
		"telefone_fixo": "(61) 3760-3493",
		"celular": "(61) 99992-5038",
		"altura": "1,97",
		"peso": 77,
		"tipo_sanguineo": "B-",
		"cor": "vermelho"
	},
	{
		"nome": "Renato Sérgio Nogueira",
		"idade": 26,
		"cpf": "145.774.561-50",
		"rg": "46.541.748-6",
		"data_nasc": "06/01/1997",
		"sexo": "Masculino",
		"signo": "Capricórnio",
		"mae": "Sueli Aline",
		"pai": "Jorge Yago Nogueira",
		"email": "renato.sergio.nogueira@alphacandies.com.br",
		"senha": "MuQ6mzuD7p",
		"cep": "71025-020",
		"endereco": "Parque Ecológico Ezechias Heringer Gleba 1",
		"numero": 407,
		"bairro": "Guará II",
		"cidade": "Brasília",
		"estado": "DF",
		"telefone_fixo": "(61) 3975-0450",
		"celular": "(61) 99878-6041",
		"altura": "1,68",
		"peso": 50,
		"tipo_sanguineo": "A-",
		"cor": "azul"
	},
	{
		"nome": "Isaac Alexandre Tomás da Costa",
		"idade": 42,
		"cpf": "756.959.221-27",
		"rg": "32.515.333-4",
		"data_nasc": "13/01/1981",
		"sexo": "Masculino",
		"signo": "Capricórnio",
		"mae": "Eliane Olivia",
		"pai": "Manuel Yuri Iago da Costa",
		"email": "isaac.alexandre.dacosta@fcacomputers.com.br",
		"senha": "CHtu6HlL47",
		"cep": "71020-234",
		"endereco": "Quadra QI 5 Conjunto X",
		"numero": 518,
		"bairro": "Guará I",
		"cidade": "Brasília",
		"estado": "DF",
		"telefone_fixo": "(61) 3686-5309",
		"celular": "(61) 99270-8915",
		"altura": "1,72",
		"peso": 65,
		"tipo_sanguineo": "O-",
		"cor": "preto"
	},
	{
		"nome": "Bruno Benedito Mário Corte Real",
		"idade": 57,
		"cpf": "390.734.901-62",
		"rg": "17.217.682-7",
		"data_nasc": "04/02/1966",
		"sexo": "Masculino",
		"signo": "Aquário",
		"mae": "Clarice Mariane Aurora",
		"pai": "Lucca Miguel Pietro Corte Real",
		"email": "bruno.benedito.cortereal@azevedoalves.com.br",
		"senha": "yynbW1UQ2K",
		"cep": "72145-801",
		"endereco": "Quadra QNM 38 Conjunto A",
		"numero": 927,
		"bairro": "Taguatinga Norte (Taguatinga)",
		"cidade": "Brasília",
		"estado": "DF",
		"telefone_fixo": "(61) 3670-1275",
		"celular": "(61) 98917-8341",
		"altura": "1,60",
		"peso": 64,
		"tipo_sanguineo": "AB-",
		"cor": "laranja"
	},
	{
		"nome": "Kevin Alexandre Alves",
		"idade": 70,
		"cpf": "165.069.941-77",
		"rg": "45.407.284-3",
		"data_nasc": "24/02/1953",
		"sexo": "Masculino",
		"signo": "Peixes",
		"mae": "Fabiana Milena",
		"pai": "Manuel Alexandre Gael Alves",
		"email": "kevin_alves@haldex.com",
		"senha": "IACB2JymfW",
		"cep": "72305-709",
		"endereco": "Quadra QN 309 Conjunto 9",
		"numero": 997,
		"bairro": "Samambaia Sul (Samambaia)",
		"cidade": "Brasília",
		"estado": "DF",
		"telefone_fixo": "(61) 3886-3047",
		"celular": "(61) 99757-3419",
		"altura": "1,86",
		"peso": 60,
		"tipo_sanguineo": "O+",
		"cor": "roxo"
	},
	{
		"nome": "Nelson Vicente Giovanni Silveira",
		"idade": 46,
		"cpf": "970.538.861-07",
		"rg": "16.096.732-6",
		"data_nasc": "13/02/1977",
		"sexo": "Masculino",
		"signo": "Aquário",
		"mae": "Clara Heloise Mariana",
		"pai": "Luiz André Silveira",
		"email": "nelsonvicentesilveira@fluxioneventos.com.br",
		"senha": "cpFt7owF8N",
		"cep": "71725-032",
		"endereco": "Condomínio Residencial",
		"numero": 897,
		"bairro": "Candangolândia",
		"cidade": "Brasília",
		"estado": "DF",
		"telefone_fixo": "(61) 2803-6662",
		"celular": "(61) 99718-4159",
		"altura": "1,63",
		"peso": 107,
		"tipo_sanguineo": "A-",
		"cor": "roxo"
	},
	{
		"nome": "Calebe Arthur Arthur Rocha",
		"idade": 52,
		"cpf": "973.772.971-40",
		"rg": "23.945.847-3",
		"data_nasc": "06/01/1971",
		"sexo": "Masculino",
		"signo": "Capricórnio",
		"mae": "Antonella Heloisa",
		"pai": "Joaquim Murilo Carlos Rocha",
		"email": "calebe.arthur.rocha@huios.com.br",
		"senha": "MLyB9l8Ldl",
		"cep": "71727-140",
		"endereco": "Quadra QR 1-A Conjunto RT",
		"numero": 115,
		"bairro": "Candangolândia",
		"cidade": "Brasília",
		"estado": "DF",
		"telefone_fixo": "(61) 3961-6932",
		"celular": "(61) 98668-4853",
		"altura": "1,76",
		"peso": 98,
		"tipo_sanguineo": "AB+",
		"cor": "vermelho"
	},
	{
		"nome": "Cláudio Geraldo de Paula",
		"idade": 80,
		"cpf": "741.972.711-23",
		"rg": "20.183.447-9",
		"data_nasc": "02/01/1943",
		"sexo": "Masculino",
		"signo": "Capricórnio",
		"mae": "Jennifer Letícia",
		"pai": "Thiago Roberto César de Paula",
		"email": "claudio_geraldo_depaula@lnaa.com.br",
		"senha": "QJiArLBjKc",
		"cep": "70873-500",
		"endereco": "Quadra CLN 214",
		"numero": 253,
		"bairro": "Asa Norte",
		"cidade": "Brasília",
		"estado": "DF",
		"telefone_fixo": "(61) 2796-6192",
		"celular": "(61) 99902-6669",
		"altura": "1,86",
		"peso": 99,
		"tipo_sanguineo": "B-",
		"cor": "verde"
	},
	{
		"nome": "Cláudio Rodrigo Nascimento",
		"idade": 51,
		"cpf": "326.771.881-39",
		"rg": "29.788.225-9",
		"data_nasc": "15/01/1972",
		"sexo": "Masculino",
		"signo": "Capricórnio",
		"mae": "Analu Amanda Fabiana",
		"pai": "Gabriel Sebastião Nascimento",
		"email": "claudio.rodrigo.nascimento@ambarnet.com.br",
		"senha": "y8kWwPtx7m",
		"cep": "71880-772",
		"endereco": "Quadra QN 34 Conjunto 2",
		"numero": 663,
		"bairro": "Riacho Fundo II",
		"cidade": "Brasília",
		"estado": "DF",
		"telefone_fixo": "(61) 3652-0028",
		"celular": "(61) 99248-0540",
		"altura": "1,67",
		"peso": 71,
		"tipo_sanguineo": "AB+",
		"cor": "laranja"
	},
	{
		"nome": "Vinicius Martin Teixeira",
		"idade": 18,
		"cpf": "270.924.771-23",
		"rg": "10.966.278-7",
		"data_nasc": "18/01/2005",
		"sexo": "Masculino",
		"signo": "Capricórnio",
		"mae": "Benedita Natália",
		"pai": "Edson Luiz Teixeira",
		"email": "vinicius_martin_teixeira@portalpublicidade.com.br",
		"senha": "Ih1sWNBM7O",
		"cep": "73060-659",
		"endereco": "Rua 9",
		"numero": 282,
		"bairro": "Setor Oeste (Sobradinho II)",
		"cidade": "Brasília",
		"estado": "DF",
		"telefone_fixo": "(61) 3842-5318",
		"celular": "(61) 99936-2597",
		"altura": "1,97",
		"peso": 98,
		"tipo_sanguineo": "O-",
		"cor": "amarelo"
	},
	{
		"nome": "Nicolas Breno Matheus da Rocha",
		"idade": 60,
		"cpf": "699.837.891-24",
		"rg": "13.323.902-0",
		"data_nasc": "24/01/1963",
		"sexo": "Masculino",
		"signo": "Aquário",
		"mae": "Isabela Lavínia",
		"pai": "Oliver Enzo Edson da Rocha",
		"email": "nicolas.breno.darocha@live.com.br",
		"senha": "1xJG73LYiS",
		"cep": "72151-100",
		"endereco": "Quadra QNL 11",
		"numero": 812,
		"bairro": "Taguatinga Norte (Taguatinga)",
		"cidade": "Brasília",
		"estado": "DF",
		"telefone_fixo": "(61) 3704-7735",
		"celular": "(61) 98578-3100",
		"altura": "1,85",
		"peso": 79,
		"tipo_sanguineo": "B+",
		"cor": "azul"
	},
	{
		"nome": "Noah Manuel Benedito Dias",
		"idade": 23,
		"cpf": "750.460.131-42",
		"rg": "13.272.233-1",
		"data_nasc": "23/01/2000",
		"sexo": "Masculino",
		"signo": "Aquário",
		"mae": "Nina Carla Teresinha",
		"pai": "Geraldo Daniel Bento Dias",
		"email": "noahmanueldias@planicoop.com.br",
		"senha": "1qYOhkLMY6",
		"cep": "71256-405",
		"endereco": "Quadra Quadra 6 Conjunto 20",
		"numero": 770,
		"bairro": "Setor Oeste (Vila Estrutural - Guará)",
		"cidade": "Brasília",
		"estado": "DF",
		"telefone_fixo": "(61) 2756-3659",
		"celular": "(61) 99688-5415",
		"altura": "1,92",
		"peso": 67,
		"tipo_sanguineo": "A+",
		"cor": "azul"
	},
	{
		"nome": "Marlene Stefany Ramos",
		"idade": 42,
		"cpf": "088.401.681-17",
		"rg": "47.065.636-0",
		"data_nasc": "24/02/1981",
		"sexo": "Feminino",
		"signo": "Peixes",
		"mae": "Daiane Fabiana",
		"pai": "Breno Noah Carlos Ramos",
		"email": "marlene.stefany.ramos@madhause.com.br",
		"senha": "fQdwiK414S",
		"cep": "72593-011",
		"endereco": "Quadra QBR 2 Bloco A",
		"numero": 334,
		"bairro": "Residencial Santos Dumont (Santa Maria)",
		"cidade": "Brasília",
		"estado": "DF",
		"telefone_fixo": "(61) 3820-1448",
		"celular": "(61) 99684-2271",
		"altura": "1,67",
		"peso": 62,
		"tipo_sanguineo": "AB+",
		"cor": "laranja"
	},
	{
		"nome": "Marcela Débora Galvão",
		"idade": 79,
		"cpf": "368.244.171-90",
		"rg": "32.673.396-6",
		"data_nasc": "09/02/1944",
		"sexo": "Feminino",
		"signo": "Aquário",
		"mae": "Valentina Luna Heloise",
		"pai": "Igor Yago Galvão",
		"email": "marcela_galvao@globo.com",
		"senha": "8i68oP6Bux",
		"cep": "73036-115",
		"endereco": "Quadra Quadra 7 Comércio Local 6",
		"numero": 205,
		"bairro": "Sobradinho",
		"cidade": "Brasília",
		"estado": "DF",
		"telefone_fixo": "(61) 2937-5563",
		"celular": "(61) 98307-6737",
		"altura": "1,79",
		"peso": 51,
		"tipo_sanguineo": "A+",
		"cor": "roxo"
	},
	{
		"nome": "Marli Patrícia Kamilly da Rosa",
		"idade": 43,
		"cpf": "859.481.151-94",
		"rg": "32.592.051-5",
		"data_nasc": "26/01/1980",
		"sexo": "Feminino",
		"signo": "Aquário",
		"mae": "Laís Ester",
		"pai": "Mário Rafael da Rosa",
		"email": "marli-darosa71@supercleanlav.com.br",
		"senha": "F6MI2HWpbE",
		"cep": "72236-222",
		"endereco": "Quadra QNP 32 Conjunto V",
		"numero": 587,
		"bairro": "Ceilândia Sul (Ceilândia)",
		"cidade": "Brasília",
		"estado": "DF",
		"telefone_fixo": "(61) 3776-0155",
		"celular": "(61) 99745-4570",
		"altura": "1,85",
		"peso": 50,
		"tipo_sanguineo": "A+",
		"cor": "vermelho"
	},
	{
		"nome": "Roberto Francisco Murilo Cavalcanti",
		"idade": 55,
		"cpf": "145.028.841-38",
		"rg": "39.068.647-5",
		"data_nasc": "21/01/1968",
		"sexo": "Masculino",
		"signo": "Aquário",
		"mae": "Brenda Vitória Daiane",
		"pai": "Marcos Vinicius Eduardo Cavalcanti",
		"email": "roberto.francisco.cavalcanti@mirafactoring.com.br",
		"senha": "zIy1b447Nq",
		"cep": "72255-007",
		"endereco": "Quadra QNO 10 Área Especial G",
		"numero": 157,
		"bairro": "Ceilândia Norte (Ceilândia)",
		"cidade": "Brasília",
		"estado": "DF",
		"telefone_fixo": "(61) 3896-7332",
		"celular": "(61) 98271-5381",
		"altura": "1,62",
		"peso": 104,
		"tipo_sanguineo": "O+",
		"cor": "laranja"
	},
	{
		"nome": "Cristiane Eduarda Fernandes",
		"idade": 33,
		"cpf": "399.588.781-35",
		"rg": "17.478.523-9",
		"data_nasc": "27/01/1990",
		"sexo": "Feminino",
		"signo": "Aquário",
		"mae": "Kamilly Joana",
		"pai": "Julio Severino Luís Fernandes",
		"email": "cristiane.eduarda.fernandes@guiamaritimo.com.br",
		"senha": "aePEMcKlbD",
		"cep": "70675-722",
		"endereco": "Quadra QRSW 7 Bloco B-2",
		"numero": 559,
		"bairro": "Setor Sudoeste",
		"cidade": "Brasília",
		"estado": "DF",
		"telefone_fixo": "(61) 2926-8215",
		"celular": "(61) 99311-6000",
		"altura": "1,72",
		"peso": 61,
		"tipo_sanguineo": "B-",
		"cor": "azul"
	},
	{
		"nome": "Alice Heloisa Araújo",
		"idade": 54,
		"cpf": "248.867.491-51",
		"rg": "17.501.225-8",
		"data_nasc": "26/01/1969",
		"sexo": "Feminino",
		"signo": "Aquário",
		"mae": "Carolina Giovanna",
		"pai": "José Filipe Thales Araújo",
		"email": "alice_heloisa_araujo@laramjeirabaumann.com.br",
		"senha": "5CKaqtHw43",
		"cep": "71715-048",
		"endereco": "Avenida Segunda Avenida Bloco 1540",
		"numero": 833,
		"bairro": "Núcleo Bandeirante",
		"cidade": "Brasília",
		"estado": "DF",
		"telefone_fixo": "(61) 3561-0101",
		"celular": "(61) 98974-4192",
		"altura": "1,73",
		"peso": 54,
		"tipo_sanguineo": "AB-",
		"cor": "vermelho"
	},
	{
		"nome": "Erick Diogo Cauã Cardoso",
		"idade": 39,
		"cpf": "448.968.471-13",
		"rg": "39.070.405-2",
		"data_nasc": "17/01/1984",
		"sexo": "Masculino",
		"signo": "Capricórnio",
		"mae": "Julia Jaqueline",
		"pai": "César Marcos Vinicius Isaac Cardoso",
		"email": "erick-cardoso92@ortovip.com.br",
		"senha": "qoO8t3mSoY",
		"cep": "72318-119",
		"endereco": "Quadra QR 404 Conjunto 17",
		"numero": 301,
		"bairro": "Samambaia Norte (Samambaia)",
		"cidade": "Brasília",
		"estado": "DF",
		"telefone_fixo": "(61) 3681-1645",
		"celular": "(61) 99473-4771",
		"altura": "1,72",
		"peso": 84,
		"tipo_sanguineo": "O-",
		"cor": "verde"
	},
	{
		"nome": "Antônia Valentina Analu Viana",
		"idade": 66,
		"cpf": "964.374.471-09",
		"rg": "44.118.092-9",
		"data_nasc": "24/01/1957",
		"sexo": "Feminino",
		"signo": "Aquário",
		"mae": "Flávia Regina Raquel",
		"pai": "Carlos Pedro Henrique Viana",
		"email": "antonia-viana76@enox.com.br",
		"senha": "PcWEaPjGuz",
		"cep": "72542-220",
		"endereco": "Quadra CL 212",
		"numero": 347,
		"bairro": "Santa Maria",
		"cidade": "Brasília",
		"estado": "DF",
		"telefone_fixo": "(61) 3642-7355",
		"celular": "(61) 99904-6152",
		"altura": "1,75",
		"peso": 45,
		"tipo_sanguineo": "AB-",
		"cor": "vermelho"
	},
	{
		"nome": "Lívia Alessandra Andreia da Luz",
		"idade": 77,
		"cpf": "773.201.531-22",
		"rg": "15.975.670-4",
		"data_nasc": "05/02/1946",
		"sexo": "Feminino",
		"signo": "Aquário",
		"mae": "Mirella Clarice",
		"pai": "Gael Mário Danilo da Luz",
		"email": "livia_daluz@lognat.com.br",
		"senha": "Lx9wxrTfe7",
		"cep": "70740-630",
		"endereco": "Quadra SCRN 706/707 Bloco C",
		"numero": 165,
		"bairro": "Asa Norte",
		"cidade": "Brasília",
		"estado": "DF",
		"telefone_fixo": "(61) 2993-6749",
		"celular": "(61) 98973-9708",
		"altura": "1,85",
		"peso": 86,
		"tipo_sanguineo": "O+",
		"cor": "laranja"
	},
	{
		"nome": "Silvana Yasmin Lopes",
		"idade": 18,
		"cpf": "434.753.381-06",
		"rg": "10.394.663-9",
		"data_nasc": "09/01/2005",
		"sexo": "Feminino",
		"signo": "Capricórnio",
		"mae": "Luana Milena",
		"pai": "Otávio Guilherme Yago Lopes",
		"email": "silvana_lopes@capgemini.com",
		"senha": "C35hak7DUs",
		"cep": "70680-541",
		"endereco": "Quadra QMSW 5 Lote 10 Bloco A",
		"numero": 725,
		"bairro": "Setor Sudoeste",
		"cidade": "Brasília",
		"estado": "DF",
		"telefone_fixo": "(61) 2513-0257",
		"celular": "(61) 98642-6155",
		"altura": "1,72",
		"peso": 66,
		"tipo_sanguineo": "B+",
		"cor": "preto"
	},
	{
		"nome": "Antonio Vicente da Paz",
		"idade": 36,
		"cpf": "695.296.151-83",
		"rg": "44.583.939-9",
		"data_nasc": "25/01/1987",
		"sexo": "Masculino",
		"signo": "Aquário",
		"mae": "Gabrielly Jennifer Mariane",
		"pai": "Fernando Breno da Paz",
		"email": "antonio.vicente.dapaz@pierproj.com.br",
		"senha": "coqefF1idy",
		"cep": "73330-154",
		"endereco": "Rua JK",
		"numero": 685,
		"bairro": "Setor Tradicional (Planaltina)",
		"cidade": "Brasília",
		"estado": "DF",
		"telefone_fixo": "(61) 2909-2443",
		"celular": "(61) 99814-2535",
		"altura": "1,83",
		"peso": 97,
		"tipo_sanguineo": "AB-",
		"cor": "vermelho"
	},
	{
		"nome": "Eliane Jennifer Hadassa Porto",
		"idade": 32,
		"cpf": "996.009.601-78",
		"rg": "49.040.560-5",
		"data_nasc": "03/02/1991",
		"sexo": "Feminino",
		"signo": "Aquário",
		"mae": "Larissa Raimunda Alana",
		"pai": "Leandro Elias Lorenzo Porto",
		"email": "eliane_porto@slb.com",
		"senha": "1f9N8xdT1k",
		"cep": "72303-510",
		"endereco": "Quadra QS 125",
		"numero": 732,
		"bairro": "Samambaia Sul (Samambaia)",
		"cidade": "Brasília",
		"estado": "DF",
		"telefone_fixo": "(61) 3813-4300",
		"celular": "(61) 98389-7561",
		"altura": "1,76",
		"peso": 77,
		"tipo_sanguineo": "AB+",
		"cor": "vermelho"
	},
	{
		"nome": "Eduardo Gabriel Juan Freitas",
		"idade": 50,
		"cpf": "848.806.661-90",
		"rg": "27.447.285-5",
		"data_nasc": "06/01/1973",
		"sexo": "Masculino",
		"signo": "Capricórnio",
		"mae": "Isis Bruna",
		"pai": "Calebe Anderson Freitas",
		"email": "eduardo_freitas@freitas.net.br",
		"senha": "QOwGwOmBNL",
		"cep": "72578-760",
		"endereco": "Chácara Chácaras 66",
		"numero": 136,
		"bairro": "Núcleo Rural Hortigranjeiro de Santa Maria",
		"cidade": "Brasília",
		"estado": "DF",
		"telefone_fixo": "(61) 3568-4125",
		"celular": "(61) 99267-0817",
		"altura": "1,94",
		"peso": 96,
		"tipo_sanguineo": "AB+",
		"cor": "vermelho"
	},
	{
		"nome": "Elias Julio Moura",
		"idade": 75,
		"cpf": "448.542.871-01",
		"rg": "36.443.718-2",
		"data_nasc": "01/02/1948",
		"sexo": "Masculino",
		"signo": "Aquário",
		"mae": "Laís Malu Mariah",
		"pai": "Benjamin Ryan Levi Moura",
		"email": "eliasjuliomoura@br.pwc.com",
		"senha": "xSURaLgxFz",
		"cep": "72306-704",
		"endereco": "Quadra QN 310 Conjunto 4",
		"numero": 154,
		"bairro": "Samambaia Sul (Samambaia)",
		"cidade": "Brasília",
		"estado": "DF",
		"telefone_fixo": "(61) 3687-1975",
		"celular": "(61) 99505-2290",
		"altura": "1,72",
		"peso": 84,
		"tipo_sanguineo": "B-",
		"cor": "amarelo"
	},
	{
		"nome": "Maya Ayla Castro",
		"idade": 40,
		"cpf": "343.398.441-79",
		"rg": "20.888.279-0",
		"data_nasc": "04/01/1983",
		"sexo": "Feminino",
		"signo": "Capricórnio",
		"mae": "Silvana Sandra",
		"pai": "Juan Elias Castro",
		"email": "maya_castro@hpelzer.com.br",
		"senha": "FBml10xWOC",
		"cep": "70687-240",
		"endereco": "Quadra SQNW 310 Bloco H",
		"numero": 175,
		"bairro": "Setor Noroeste",
		"cidade": "Brasília",
		"estado": "DF",
		"telefone_fixo": "(61) 3583-0046",
		"celular": "(61) 99198-5361",
		"altura": "1,61",
		"peso": 47,
		"tipo_sanguineo": "A+",
		"cor": "preto"
	}
]