[
	{
		"nome": "Melissa Bianca Aragão",
		"idade": 79,
		"cpf": "905.918.041-07",
		"rg": "36.216.841-6",
		"data_nasc": "02/02/1944",
		"sexo": "Feminino",
		"signo": "Aquário",
		"mae": "Tatiane Luzia",
		"pai": "Kauê Joaquim Fábio Aragão",
		"email": "melissabiancaaragao@focoreducao.com.br",
		"senha": "OKdedHswdQ",
		"cep": "72329-209",
		"endereco": "Quadra QR 433 Conjunto 7-A",
		"numero": 307,
		"bairro": "Samambaia Norte (Samambaia)",
		"cidade": "Brasília",
		"estado": "DF",
		"telefone_fixo": "(61) 3535-7276",
		"celular": "(61) 99302-3185",
		"altura": "1,79",
		"peso": 68,
		"tipo_sanguineo": "A+",
		"cor": "laranja"
	},
	{
		"nome": "Guilherme Cauê Ramos",
		"idade": 39,
		"cpf": "499.295.921-05",
		"rg": "28.363.538-1",
		"data_nasc": "03/02/1984",
		"sexo": "Masculino",
		"signo": "Aquário",
		"mae": "Bianca Aparecida Louise",
		"pai": "Daniel Nathan Edson Ramos",
		"email": "guilherme_caue_ramos@jonasmartinez.com",
		"senha": "OWXhE19qog",
		"cep": "72001-775",
		"endereco": "Chácara Chácara 125B",
		"numero": 176,
		"bairro": "Setor Habitacional Samambaia (Vicente Pires)",
		"cidade": "Brasília",
		"estado": "DF",
		"telefone_fixo": "(61) 3838-0363",
		"celular": "(61) 99533-6856",
		"altura": "1,64",
		"peso": 103,
		"tipo_sanguineo": "A+",
		"cor": "roxo"
	},
	{
		"nome": "Anthony Victor Enrico Alves",
		"idade": 24,
		"cpf": "373.375.171-06",
		"rg": "40.784.030-8",
		"data_nasc": "15/02/1999",
		"sexo": "Masculino",
		"signo": "Aquário",
		"mae": "Eliane Natália Maria",
		"pai": "Caleb César Filipe Alves",
		"email": "anthony_alves@clinicamedicofacil.com.br",
		"senha": "b57jgTlETL",
		"cep": "72210-054",
		"endereco": "Quadra QNM 4 Conjunto N",
		"numero": 376,
		"bairro": "Ceilândia Norte (Ceilândia)",
		"cidade": "Brasília",
		"estado": "DF",
		"telefone_fixo": "(61) 3543-1631",
		"celular": "(61) 99379-3108",
		"altura": "1,90",
		"peso": 74,
		"tipo_sanguineo": "A+",
		"cor": "vermelho"
	},
	{
		"nome": "Marli Eloá Vitória Novaes",
		"idade": 21,
		"cpf": "104.931.661-49",
		"rg": "16.480.375-0",
		"data_nasc": "23/02/2002",
		"sexo": "Feminino",
		"signo": "Peixes",
		"mae": "Emilly Luna",
		"pai": "Pietro Francisco Novaes",
		"email": "marli.eloa.novaes@dvdja.com.br",
		"senha": "J0Sc8R4Md6",
		"cep": "70331-550",
		"endereco": "Quadra CRS 504",
		"numero": 223,
		"bairro": "Asa Sul",
		"cidade": "Brasília",
		"estado": "DF",
		"telefone_fixo": "(61) 2597-7249",
		"celular": "(61) 98330-5447",
		"altura": "1,74",
		"peso": 89,
		"tipo_sanguineo": "O+",
		"cor": "azul"
	},
	{
		"nome": "Brenda Luna Dias",
		"idade": 27,
		"cpf": "657.878.291-58",
		"rg": "36.861.890-0",
		"data_nasc": "15/02/1996",
		"sexo": "Feminino",
		"signo": "Aquário",
		"mae": "Elisa Hadassa",
		"pai": "Renato Rodrigo Dias",
		"email": "brendalunadias@editorazap.com.br",
		"senha": "aqryb00z8N",
		"cep": "70863-020",
		"endereco": "Quadra SQN 211 Bloco B",
		"numero": 152,
		"bairro": "Asa Norte",
		"cidade": "Brasília",
		"estado": "DF",
		"telefone_fixo": "(61) 3604-5563",
		"celular": "(61) 98562-7682",
		"altura": "1,59",
		"peso": 61,
		"tipo_sanguineo": "O+",
		"cor": "preto"
	},
	{
		"nome": "Aurora Raquel Brenda Souza",
		"idade": 59,
		"cpf": "496.748.131-01",
		"rg": "36.898.449-7",
		"data_nasc": "06/01/1964",
		"sexo": "Feminino",
		"signo": "Capricórnio",
		"mae": "Mariana Fabiana Jaqueline",
		"pai": "Renato Iago Souza",
		"email": "aurora_raquel_souza@soulcomunicacao.com.br",
		"senha": "kDsQBKwXIP",
		"cep": "72602-222",
		"endereco": "Quadra Quadra 110 Área Especial 3",
		"numero": 172,
		"bairro": "Recanto das Emas",
		"cidade": "Brasília",
		"estado": "DF",
		"telefone_fixo": "(61) 2697-8407",
		"celular": "(61) 99417-0057",
		"altura": "1,84",
		"peso": 54,
		"tipo_sanguineo": "A-",
		"cor": "vermelho"
	},
	{
		"nome": "Vitória Raquel Barros",
		"idade": 22,
		"cpf": "901.770.181-19",
		"rg": "32.638.880-1",
		"data_nasc": "25/01/2001",
		"sexo": "Feminino",
		"signo": "Aquário",
		"mae": "Andreia Alícia",
		"pai": "Thiago Julio Barros",
		"email": "vitoria-barros97@2014fwcao.com",
		"senha": "1gf2ftA9Td",
		"cep": "71993-045",
		"endereco": "Conjunto SHA Conjunto 1 Chácara 7",
		"numero": 692,
		"bairro": "Setor Habitacional Arniqueira (Águas Claras)",
		"cidade": "Brasília",
		"estado": "DF",
		"telefone_fixo": "(61) 2715-3730",
		"celular": "(61) 99227-3619",
		"altura": "1,62",
		"peso": 60,
		"tipo_sanguineo": "B-",
		"cor": "vermelho"
	},
	{
		"nome": "Isabela Gabrielly Emily Araújo",
		"idade": 78,
		"cpf": "121.898.811-88",
		"rg": "37.177.041-5",
		"data_nasc": "25/01/1945",
		"sexo": "Feminino",
		"signo": "Aquário",
		"mae": "Alessandra Maria Tatiane",
		"pai": "Vicente Julio Araújo",
		"email": "isabela-araujo87@starmidia.tv",
		"senha": "BsOwhga9eg",
		"cep": "71805-542",
		"endereco": "Quadra CLN 7 Bloco B",
		"numero": 890,
		"bairro": "Riacho Fundo I",
		"cidade": "Brasília",
		"estado": "DF",
		"telefone_fixo": "(61) 2744-1519",
		"celular": "(61) 98827-9701",
		"altura": "1,53",
		"peso": 51,
		"tipo_sanguineo": "B+",
		"cor": "preto"
	},
	{
		"nome": "Breno Iago de Paula",
		"idade": 56,
		"cpf": "561.950.541-35",
		"rg": "50.557.700-8",
		"data_nasc": "20/02/1967",
		"sexo": "Masculino",
		"signo": "Peixes",
		"mae": "Tatiane Sueli",
		"pai": "Manuel Roberto de Paula",
		"email": "breno_depaula@w3ag.com",
		"senha": "8osiMKxyDG",
		"cep": "71590-678",
		"endereco": "Quadra QL 5 Conjunto F",
		"numero": 219,
		"bairro": "Itapoã II",
		"cidade": "Brasília",
		"estado": "DF",
		"telefone_fixo": "(61) 2805-0648",
		"celular": "(61) 99121-2350",
		"altura": "1,90",
		"peso": 79,
		"tipo_sanguineo": "B-",
		"cor": "vermelho"
	},
	{
		"nome": "Luís Carlos João Corte Real",
		"idade": 52,
		"cpf": "392.430.911-66",
		"rg": "16.781.696-2",
		"data_nasc": "09/01/1971",
		"sexo": "Masculino",
		"signo": "Capricórnio",
		"mae": "Andrea Sara",
		"pai": "Bryan Davi Corte Real",
		"email": "luis.carlos.cortereal@fernandesfilpi.com.br",
		"senha": "zNwBJnq2rG",
		"cep": "72321-503",
		"endereco": "Quadra QN 407 Conjunto C",
		"numero": 167,
		"bairro": "Samambaia Norte (Samambaia)",
		"cidade": "Brasília",
		"estado": "DF",
		"telefone_fixo": "(61) 2723-0914",
		"celular": "(61) 99226-0818",
		"altura": "1,92",
		"peso": 82,
		"tipo_sanguineo": "A+",
		"cor": "amarelo"
	},
	{
		"nome": "Gustavo Kauê Rocha",
		"idade": 58,
		"cpf": "719.006.671-34",
		"rg": "25.276.784-6",
		"data_nasc": "19/02/1965",
		"sexo": "Masculino",
		"signo": "Aquário",
		"mae": "Valentina Gabriela Maitê",
		"pai": "Bryan Rafael Thiago Rocha",
		"email": "gustavokauerocha@arganet.com.br",
		"senha": "Wsny6qIlOj",
		"cep": "72320-581",
		"endereco": "Quadra QS 414 Conjunto A",
		"numero": 117,
		"bairro": "Samambaia Norte (Samambaia)",
		"cidade": "Brasília",
		"estado": "DF",
		"telefone_fixo": "(61) 2723-0064",
		"celular": "(61) 99705-5259",
		"altura": "1,75",
		"peso": 88,
		"tipo_sanguineo": "A-",
		"cor": "laranja"
	},
	{
		"nome": "Ricardo Leandro Renan Drumond",
		"idade": 63,
		"cpf": "878.498.831-28",
		"rg": "37.320.142-4",
		"data_nasc": "13/01/1960",
		"sexo": "Masculino",
		"signo": "Capricórnio",
		"mae": "Agatha Raquel",
		"pai": "Leonardo Guilherme Marcos Drumond",
		"email": "ricardo-drumond94@juliosimoes.com.br",
		"senha": "Ria8e3gd1G",
		"cep": "72220-581",
		"endereco": "Quadra EQNN 24/26 Bloco A",
		"numero": 927,
		"bairro": "Ceilândia Sul (Ceilândia)",
		"cidade": "Brasília",
		"estado": "DF",
		"telefone_fixo": "(61) 2814-8454",
		"celular": "(61) 99101-5373",
		"altura": "1,87",
		"peso": 53,
		"tipo_sanguineo": "B+",
		"cor": "verde"
	},
	{
		"nome": "Eliane Isabela Lopes",
		"idade": 30,
		"cpf": "067.002.911-43",
		"rg": "40.730.909-3",
		"data_nasc": "23/02/1993",
		"sexo": "Feminino",
		"signo": "Peixes",
		"mae": "Bárbara Analu Sophia",
		"pai": "Breno Thomas Lopes",
		"email": "eliane_isabela_lopes@outlock.com.br",
		"senha": "eXsjhoNXJ3",
		"cep": "72251-701",
		"endereco": "Quadra QNO 7 Conjunto A",
		"numero": 765,
		"bairro": "Ceilândia Norte (Ceilândia)",
		"cidade": "Brasília",
		"estado": "DF",
		"telefone_fixo": "(61) 2752-0065",
		"celular": "(61) 99218-4805",
		"altura": "1,55",
		"peso": 47,
		"tipo_sanguineo": "O-",
		"cor": "azul"
	},
	{
		"nome": "Leandro Carlos Eduardo Luan Gonçalves",
		"idade": 22,
		"cpf": "095.225.601-03",
		"rg": "19.028.693-3",
		"data_nasc": "23/01/2001",
		"sexo": "Masculino",
		"signo": "Aquário",
		"mae": "Andrea Vanessa",
		"pai": "Breno Yago Nathan Gonçalves",
		"email": "leandro.carlos.goncalves@goldenhotel.com.br",
		"senha": "NkTDwYeXx4",
		"cep": "73150-080",
		"endereco": "Setor Alto da Bela Vista Quadra 16",
		"numero": 106,
		"bairro": "Setor Habitacional Fercal (Sobradinho)",
		"cidade": "Brasília",
		"estado": "DF",
		"telefone_fixo": "(61) 3752-6188",
		"celular": "(61) 98810-5645",
		"altura": "1,63",
		"peso": 67,
		"tipo_sanguineo": "AB+",
		"cor": "vermelho"
	},
	{
		"nome": "Diego Raul Márcio Pinto",
		"idade": 67,
		"cpf": "072.262.731-95",
		"rg": "22.363.932-1",
		"data_nasc": "10/01/1956",
		"sexo": "Masculino",
		"signo": "Capricórnio",
		"mae": "Elaine Julia Francisca",
		"pai": "Carlos Nelson Raul Pinto",
		"email": "diego_pinto@mciimoveis.com.br",
		"senha": "yPzYBzaIHn",
		"cep": "72405-270",
		"endereco": "Quadra Quadra 27",
		"numero": 485,
		"bairro": "Setor Central (Gama)",
		"cidade": "Brasília",
		"estado": "DF",
		"telefone_fixo": "(61) 3613-9812",
		"celular": "(61) 98165-2874",
		"altura": "1,90",
		"peso": 91,
		"tipo_sanguineo": "O-",
		"cor": "azul"
	},
	{
		"nome": "Sônia Bruna Cardoso",
		"idade": 56,
		"cpf": "923.288.101-28",
		"rg": "41.888.717-2",
		"data_nasc": "10/02/1967",
		"sexo": "Feminino",
		"signo": "Aquário",
		"mae": "Sandra Marli Andrea",
		"pai": "Pedro Henrique Edson Cardoso",
		"email": "sonia-cardoso71@gaviola.com",
		"senha": "trm07FmU37",
		"cep": "73360-516",
		"endereco": "Quadra Quadra 5 Conjunto P",
		"numero": 339,
		"bairro": "Setor Residencial Leste (Planaltina)",
		"cidade": "Brasília",
		"estado": "DF",
		"telefone_fixo": "(61) 2665-5027",
		"celular": "(61) 98856-1393",
		"altura": "1,64",
		"peso": 78,
		"tipo_sanguineo": "AB+",
		"cor": "laranja"
	},
	{
		"nome": "Olivia Nicole Alice Assunção",
		"idade": 80,
		"cpf": "091.834.361-54",
		"rg": "48.550.924-6",
		"data_nasc": "05/02/1943",
		"sexo": "Feminino",
		"signo": "Aquário",
		"mae": "Carolina Gabriela Isabel",
		"pai": "Henry Nathan Erick Assunção",
		"email": "olivianicoleassuncao@asconinternet.com.br",
		"senha": "rD1rYQj6q5",
		"cep": "73270-050",
		"endereco": "Setor Colina Nova Diguinea I Conjunto A",
		"numero": 514,
		"bairro": "Nova Colina (Sobradinho)",
		"cidade": "Brasília",
		"estado": "DF",
		"telefone_fixo": "(61) 2624-3309",
		"celular": "(61) 98525-1155",
		"altura": "1,64",
		"peso": 55,
		"tipo_sanguineo": "B-",
		"cor": "laranja"
	},
	{
		"nome": "Geraldo Luís Galvão",
		"idade": 54,
		"cpf": "580.166.051-84",
		"rg": "11.179.014-1",
		"data_nasc": "03/01/1969",
		"sexo": "Masculino",
		"signo": "Capricórnio",
		"mae": "Antônia Giovanna",
		"pai": "Vicente Paulo Galvão",
		"email": "geraldo_galvao@transportesflores.com.br",
		"senha": "1j4Wu2spGo",
		"cep": "71536-208",
		"endereco": "Trecho Trecho 03 Chácara 141",
		"numero": 151,
		"bairro": "Setor de Habitações Individuais Norte",
		"cidade": "Brasília",
		"estado": "DF",
		"telefone_fixo": "(61) 3610-7868",
		"celular": "(61) 98395-2373",
		"altura": "1,69",
		"peso": 77,
		"tipo_sanguineo": "O-",
		"cor": "verde"
	},
	{
		"nome": "Henrique Henry da Paz",
		"idade": 35,
		"cpf": "335.346.961-31",
		"rg": "30.174.844-5",
		"data_nasc": "19/02/1988",
		"sexo": "Masculino",
		"signo": "Aquário",
		"mae": "Isis Letícia",
		"pai": "Elias Marcelo da Paz",
		"email": "henrique_henry_dapaz@plaman.com.br",
		"senha": "oontmJKCKh",
		"cep": "72535-080",
		"endereco": "Quadra QC 1 Conjunto H",
		"numero": 802,
		"bairro": "Santa Maria",
		"cidade": "Brasília",
		"estado": "DF",
		"telefone_fixo": "(61) 2850-6352",
		"celular": "(61) 99740-9725",
		"altura": "1,92",
		"peso": 56,
		"tipo_sanguineo": "AB+",
		"cor": "roxo"
	},
	{
		"nome": "Igor Arthur Heitor Baptista",
		"idade": 38,
		"cpf": "524.723.501-04",
		"rg": "14.341.607-8",
		"data_nasc": "19/01/1985",
		"sexo": "Masculino",
		"signo": "Capricórnio",
		"mae": "Raimunda Mariana Mariana",
		"pai": "Juan Mateus Baptista",
		"email": "igor-baptista88@hormail.com",
		"senha": "PtkusWXJZ5",
		"cep": "71539-305",
		"endereco": "Condomínio Privê I Quadra 3 Conjunto A",
		"numero": 917,
		"bairro": "Setor de Mansões do Lago Norte",
		"cidade": "Brasília",
		"estado": "DF",
		"telefone_fixo": "(61) 3968-8015",
		"celular": "(61) 98557-0363",
		"altura": "1,67",
		"peso": 85,
		"tipo_sanguineo": "O+",
		"cor": "verde"
	},
	{
		"nome": "Silvana Sebastiana Fátima Monteiro",
		"idade": 35,
		"cpf": "469.403.211-95",
		"rg": "12.442.939-7",
		"data_nasc": "16/01/1988",
		"sexo": "Feminino",
		"signo": "Capricórnio",
		"mae": "Isabelle Vanessa",
		"pai": "Leandro Kaique Victor Monteiro",
		"email": "silvana-monteiro80@camarasjc.sp.gov.br",
		"senha": "0gTpO7HyNH",
		"cep": "71660-190",
		"endereco": "Quadra SHIS QI 23 Conjunto 19",
		"numero": 156,
		"bairro": "Setor de Habitações Individuais Sul",
		"cidade": "Brasília",
		"estado": "DF",
		"telefone_fixo": "(61) 2842-5714",
		"celular": "(61) 99424-8500",
		"altura": "1,57",
		"peso": 49,
		"tipo_sanguineo": "B+",
		"cor": "roxo"
	},
	{
		"nome": "Isabel Pietra Pires",
		"idade": 37,
		"cpf": "952.746.211-80",
		"rg": "16.707.501-9",
		"data_nasc": "23/02/1986",
		"sexo": "Feminino",
		"signo": "Peixes",
		"mae": "Mariane Sophie Letícia",
		"pai": "Julio Tomás Pires",
		"email": "isabelpietrapires@callan.com.br",
		"senha": "Q1x1G2GujL",
		"cep": "71681-245",
		"endereco": "Quadra 6 Lote I",
		"numero": 554,
		"bairro": "Setor Habitacional Jardim Botânico (Lago Sul)",
		"cidade": "Brasília",
		"estado": "DF",
		"telefone_fixo": "(61) 2877-8310",
		"celular": "(61) 98892-4262",
		"altura": "1,79",
		"peso": 73,
		"tipo_sanguineo": "O+",
		"cor": "laranja"
	},
	{
		"nome": "Aline Sueli Analu Campos",
		"idade": 71,
		"cpf": "656.876.961-48",
		"rg": "48.681.481-6",
		"data_nasc": "19/01/1952",
		"sexo": "Feminino",
		"signo": "Capricórnio",
		"mae": "Analu Gabriela",
		"pai": "Bento Oliver Campos",
		"email": "alinesuelicampos@mpcnet.com.br",
		"senha": "hGJfT4oDxm",
		"cep": "70350-763",
		"endereco": "Quadra SHIGS 706 Bloco M",
		"numero": 114,
		"bairro": "Asa Sul",
		"cidade": "Brasília",
		"estado": "DF",
		"telefone_fixo": "(61) 2911-7768",
		"celular": "(61) 98442-9276",
		"altura": "1,77",
		"peso": 77,
		"tipo_sanguineo": "AB+",
		"cor": "roxo"
	},
	{
		"nome": "Giovanna Rebeca Tereza Freitas",
		"idade": 70,
		"cpf": "699.707.851-68",
		"rg": "12.795.231-7",
		"data_nasc": "02/01/1953",
		"sexo": "Feminino",
		"signo": "Capricórnio",
		"mae": "Liz Heloise",
		"pai": "Julio Pietro Raimundo Freitas",
		"email": "giovanna.rebeca.freitas@grupoprovac.com.br",
		"senha": "aLReWQB0R3",
		"cep": "72130-520",
		"endereco": "Setor QNH 2",
		"numero": 330,
		"bairro": "Taguatinga Norte (Taguatinga)",
		"cidade": "Brasília",
		"estado": "DF",
		"telefone_fixo": "(61) 2966-4132",
		"celular": "(61) 99858-9452",
		"altura": "1,84",
		"peso": 63,
		"tipo_sanguineo": "A+",
		"cor": "azul"
	},
	{
		"nome": "Marcos Vinicius Vinicius Joaquim Nunes",
		"idade": 39,
		"cpf": "509.272.271-18",
		"rg": "23.781.615-5",
		"data_nasc": "16/01/1984",
		"sexo": "Masculino",
		"signo": "Capricórnio",
		"mae": "Elaine Larissa",
		"pai": "Yago Ryan Nunes",
		"email": "marcos.vinicius.nunes@renoveseuseguro.com",
		"senha": "cJ0Gz9wXPa",
		"cep": "72320-008",
		"endereco": "Quadra QR 410 Conjunto 7",
		"numero": 526,
		"bairro": "Samambaia Norte (Samambaia)",
		"cidade": "Brasília",
		"estado": "DF",
		"telefone_fixo": "(61) 3751-6150",
		"celular": "(61) 98816-5423",
		"altura": "1,77",
		"peso": 75,
		"tipo_sanguineo": "O-",
		"cor": "vermelho"
	},
	{
		"nome": "Maya Gabriela Allana Teixeira",
		"idade": 44,
		"cpf": "535.252.341-12",
		"rg": "47.023.214-6",
		"data_nasc": "25/01/1979",
		"sexo": "Feminino",
		"signo": "Aquário",
		"mae": "Fabiana Valentina Fabiana",
		"pai": "Francisco Gabriel Teixeira",
		"email": "maya_teixeira@moppe.com.br",
		"senha": "EgUGTOf7XC",
		"cep": "72593-304",
		"endereco": "Quadra QC 4",
		"numero": 439,
		"bairro": "Residencial Santos Dumont (Santa Maria)",
		"cidade": "Brasília",
		"estado": "DF",
		"telefone_fixo": "(61) 2785-7493",
		"celular": "(61) 98745-5301",
		"altura": "1,74",
		"peso": 90,
		"tipo_sanguineo": "A+",
		"cor": "vermelho"
	},
	{
		"nome": "Alice Cláudia Carolina Rezende",
		"idade": 78,
		"cpf": "023.139.371-78",
		"rg": "50.589.916-4",
		"data_nasc": "18/01/1945",
		"sexo": "Feminino",
		"signo": "Capricórnio",
		"mae": "Mariane Sebastiana Patrícia",
		"pai": "Marcos Vinicius Benício Nathan Rezende",
		"email": "alice_claudia_rezende@hotmaill.com",
		"senha": "u4cNuPrwD4",
		"cep": "71571-806",
		"endereco": "Quadra Quadra 18 Conjunto F",
		"numero": 774,
		"bairro": "Paranoá",
		"cidade": "Brasília",
		"estado": "DF",
		"telefone_fixo": "(61) 2837-7420",
		"celular": "(61) 99937-8188",
		"altura": "1,78",
		"peso": 82,
		"tipo_sanguineo": "B-",
		"cor": "azul"
	},
	{
		"nome": "Nathan Hugo Paulo Nogueira",
		"idade": 62,
		"cpf": "556.326.311-84",
		"rg": "45.383.264-7",
		"data_nasc": "03/02/1961",
		"sexo": "Masculino",
		"signo": "Aquário",
		"mae": "Nair Olivia",
		"pai": "Osvaldo Luiz Lucas Nogueira",
		"email": "nathan.hugo.nogueira@tjrj.jus.br",
		"senha": "rGjxe2Jjpr",
		"cep": "71555-130",
		"endereco": "Quadra Quadra 5",
		"numero": 917,
		"bairro": "Varjão",
		"cidade": "Brasília",
		"estado": "DF",
		"telefone_fixo": "(61) 2584-2474",
		"celular": "(61) 99684-7123",
		"altura": "1,79",
		"peso": 65,
		"tipo_sanguineo": "AB+",
		"cor": "preto"
	},
	{
		"nome": "Andrea Tatiane Silvana Castro",
		"idade": 41,
		"cpf": "902.297.471-59",
		"rg": "31.299.009-1",
		"data_nasc": "11/01/1982",
		"sexo": "Feminino",
		"signo": "Capricórnio",
		"mae": "Rosa Eliane Isabelle",
		"pai": "Henry Cauê Geraldo Castro",
		"email": "andrea_castro@wwlimpador.com.br",
		"senha": "2QNEDPOxi1",
		"cep": "72319-000",
		"endereco": "Quadra QR 401",
		"numero": 881,
		"bairro": "Samambaia Norte (Samambaia)",
		"cidade": "Brasília",
		"estado": "DF",
		"telefone_fixo": "(61) 2883-0391",
		"celular": "(61) 98542-7460",
		"altura": "1,78",
		"peso": 56,
		"tipo_sanguineo": "B+",
		"cor": "vermelho"
	},
	{
		"nome": "Davi Sebastião Duarte",
		"idade": 31,
		"cpf": "779.198.201-38",
		"rg": "28.756.153-7",
		"data_nasc": "26/01/1992",
		"sexo": "Masculino",
		"signo": "Aquário",
		"mae": "Analu Daiane Amanda",
		"pai": "Noah Rafael Duarte",
		"email": "davi_sebastiao_duarte@alemponte.com.br",
		"senha": "QyMqyXHCk9",
		"cep": "73330-033",
		"endereco": "Avenida Hugo Lobo",
		"numero": 926,
		"bairro": "Setor Tradicional (Planaltina)",
		"cidade": "Brasília",
		"estado": "DF",
		"telefone_fixo": "(61) 2886-5028",
		"celular": "(61) 99350-5799",
		"altura": "1,93",
		"peso": 81,
		"tipo_sanguineo": "AB+",
		"cor": "preto"
	}
]