[
	{
		"nome": "José José Costa",
		"idade": 42,
		"cpf": "379.650.241-52",
		"rg": "34.046.068-4",
		"data_nasc": "20/01/1981",
		"sexo": "Masculino",
		"signo": "Capricórnio",
		"mae": "Caroline Marlene",
		"pai": "Kaique Enzo Anthony Costa",
		"email": "jose_jose_costa@vbrasildigital.net",
		"senha": "9pHSwh5cXO",
		"cep": "71655-030",
		"endereco": "Quadra SHIS QI 19 Conjunto 3",
		"numero": 964,
		"bairro": "Setor de Habitações Individuais Sul",
		"cidade": "Brasília",
		"estado": "DF",
		"telefone_fixo": "(61) 3695-3397",
		"celular": "(61) 98975-6389",
		"altura": "1,60",
		"peso": 110,
		"tipo_sanguineo": "A+",
		"cor": "preto"
	},
	{
		"nome": "Sophia Isabelly da Mata",
		"idade": 62,
		"cpf": "322.672.711-76",
		"rg": "21.536.527-6",
		"data_nasc": "06/01/1961",
		"sexo": "Feminino",
		"signo": "Capricórnio",
		"mae": "Débora Andreia Rafaela",
		"pai": "Francisco Carlos da Mata",
		"email": "sophia.isabelly.damata@steadyoffice.com.br",
		"senha": "29nRR5tBOw",
		"cep": "72155-000",
		"endereco": "Área de Chácaras",
		"numero": 163,
		"bairro": "Taguatinga Norte (Taguatinga)",
		"cidade": "Brasília",
		"estado": "DF",
		"telefone_fixo": "(61) 2508-6690",
		"celular": "(61) 98849-5672",
		"altura": "1,65",
		"peso": 46,
		"tipo_sanguineo": "O-",
		"cor": "verde"
	},
	{
		"nome": "Bruno Samuel Tomás Porto",
		"idade": 34,
		"cpf": "846.458.061-49",
		"rg": "48.339.044-6",
		"data_nasc": "16/01/1989",
		"sexo": "Masculino",
		"signo": "Capricórnio",
		"mae": "Louise Juliana Fabiana",
		"pai": "Henry Kauê Lucas Porto",
		"email": "bruno_samuel_porto@hitmail.com",
		"senha": "RMSQSqqDHj",
		"cep": "71575-400",
		"endereco": "Quadra Quadra 39",
		"numero": 210,
		"bairro": "Paranoá",
		"cidade": "Brasília",
		"estado": "DF",
		"telefone_fixo": "(61) 3912-9714",
		"celular": "(61) 99600-6434",
		"altura": "1,76",
		"peso": 74,
		"tipo_sanguineo": "AB+",
		"cor": "vermelho"
	},
	{
		"nome": "Raimundo Giovanni Carlos da Paz",
		"idade": 38,
		"cpf": "944.885.361-07",
		"rg": "36.321.501-3",
		"data_nasc": "16/02/1985",
		"sexo": "Masculino",
		"signo": "Aquário",
		"mae": "Milena Isabela",
		"pai": "Gabriel Eduardo da Paz",
		"email": "raimundogiovannidapaz@torrez.com.br",
		"senha": "fCyAARksEo",
		"cep": "70734-080",
		"endereco": "Quadra SQN 105 Bloco H",
		"numero": 503,
		"bairro": "Asa Norte",
		"cidade": "Brasília",
		"estado": "DF",
		"telefone_fixo": "(61) 2607-3025",
		"celular": "(61) 99523-1630",
		"altura": "1,66",
		"peso": 73,
		"tipo_sanguineo": "B+",
		"cor": "amarelo"
	},
	{
		"nome": "Emilly Julia Drumond",
		"idade": 57,
		"cpf": "883.894.341-99",
		"rg": "46.865.605-4",
		"data_nasc": "23/02/1966",
		"sexo": "Feminino",
		"signo": "Peixes",
		"mae": "Emanuelly Alice Isabela",
		"pai": "Kaique Marcelo Drumond",
		"email": "emilly.julia.drumond@startingfitness.com.br",
		"senha": "wOpDxMe5Gk",
		"cep": "72587-170",
		"endereco": "Conjunto P Quadra 14",
		"numero": 329,
		"bairro": "Área Alfa (Santa Maria)",
		"cidade": "Brasília",
		"estado": "DF",
		"telefone_fixo": "(61) 3776-2999",
		"celular": "(61) 99279-0206",
		"altura": "1,68",
		"peso": 84,
		"tipo_sanguineo": "A-",
		"cor": "vermelho"
	},
	{
		"nome": "Vitória Rosa Assunção",
		"idade": 18,
		"cpf": "063.010.671-18",
		"rg": "25.780.093-1",
		"data_nasc": "20/02/2005",
		"sexo": "Feminino",
		"signo": "Peixes",
		"mae": "Eduarda Sarah",
		"pai": "Bruno Sérgio Assunção",
		"email": "vitoria_rosa_assuncao@aprimor.com",
		"senha": "9BGztEyA7K",
		"cep": "71250-720",
		"endereco": "Setor SCIA Quadra 8 Conjunto 10",
		"numero": 636,
		"bairro": "Zona Industrial (Guará)",
		"cidade": "Brasília",
		"estado": "DF",
		"telefone_fixo": "(61) 2696-6710",
		"celular": "(61) 99974-7921",
		"altura": "1,61",
		"peso": 76,
		"tipo_sanguineo": "A-",
		"cor": "roxo"
	},
	{
		"nome": "Sophia Camila da Cunha",
		"idade": 31,
		"cpf": "498.754.531-45",
		"rg": "10.193.923-1",
		"data_nasc": "19/02/1992",
		"sexo": "Feminino",
		"signo": "Aquário",
		"mae": "Fabiana Carolina Isabelly",
		"pai": "Felipe Igor Thiago da Cunha",
		"email": "sophia-dacunha78@lctour.com.br",
		"senha": "HiBx48ZtKS",
		"cep": "72322-216",
		"endereco": "Quadra QR 606 Conjunto 14-A",
		"numero": 204,
		"bairro": "Samambaia Norte (Samambaia)",
		"cidade": "Brasília",
		"estado": "DF",
		"telefone_fixo": "(61) 3596-3089",
		"celular": "(61) 99290-8639",
		"altura": "1,51",
		"peso": 87,
		"tipo_sanguineo": "B-",
		"cor": "laranja"
	},
	{
		"nome": "Felipe Yago Gabriel Cardoso",
		"idade": 20,
		"cpf": "945.923.191-84",
		"rg": "30.798.141-1",
		"data_nasc": "06/02/2003",
		"sexo": "Masculino",
		"signo": "Aquário",
		"mae": "Olivia Heloise Isadora",
		"pai": "Kaique Fernando Cardoso",
		"email": "felipe_cardoso@dhl.com",
		"senha": "oDHY5dnEua",
		"cep": "72331-008",
		"endereco": "Quadra QR 601 Conjunto 8",
		"numero": 561,
		"bairro": "Samambaia Norte (Samambaia)",
		"cidade": "Brasília",
		"estado": "DF",
		"telefone_fixo": "(61) 2781-6322",
		"celular": "(61) 99635-1463",
		"altura": "1,63",
		"peso": 86,
		"tipo_sanguineo": "O+",
		"cor": "vermelho"
	},
	{
		"nome": "Rodrigo Cauê da Mota",
		"idade": 50,
		"cpf": "879.818.661-20",
		"rg": "37.271.020-7",
		"data_nasc": "03/02/1973",
		"sexo": "Masculino",
		"signo": "Aquário",
		"mae": "Natália Lavínia Juliana",
		"pai": "Bernardo Augusto da Mota",
		"email": "rodrigo_caue_damota@flexchange.com.br",
		"senha": "OFyyCOq4tG",
		"cep": "71530-080",
		"endereco": "Quadra SHIN QI 14 Conjunto 8",
		"numero": 751,
		"bairro": "Setor de Habitações Individuais Norte",
		"cidade": "Brasília",
		"estado": "DF",
		"telefone_fixo": "(61) 3875-8800",
		"celular": "(61) 99835-0416",
		"altura": "1,87",
		"peso": 87,
		"tipo_sanguineo": "B-",
		"cor": "vermelho"
	},
	{
		"nome": "Marina Vera Isabelle Pinto",
		"idade": 24,
		"cpf": "444.270.611-50",
		"rg": "30.836.161-1",
		"data_nasc": "09/02/1999",
		"sexo": "Feminino",
		"signo": "Aquário",
		"mae": "Tatiane Regina Rebeca",
		"pai": "Miguel Augusto Filipe Pinto",
		"email": "marina_pinto@hawk.com.br",
		"senha": "cMJ4hbKrYm",
		"cep": "72140-615",
		"endereco": "Quadra QNJ Área Especial 15",
		"numero": 642,
		"bairro": "Taguatinga Norte (Taguatinga)",
		"cidade": "Brasília",
		"estado": "DF",
		"telefone_fixo": "(61) 3938-6089",
		"celular": "(61) 99341-9450",
		"altura": "1,56",
		"peso": 64,
		"tipo_sanguineo": "B-",
		"cor": "verde"
	},
	{
		"nome": "Stefany Sarah Cecília da Cruz",
		"idade": 70,
		"cpf": "070.728.781-22",
		"rg": "44.013.435-3",
		"data_nasc": "06/01/1953",
		"sexo": "Feminino",
		"signo": "Capricórnio",
		"mae": "Lívia Cristiane",
		"pai": "Manoel Diego Raimundo da Cruz",
		"email": "stefany_dacruz@right.com.br",
		"senha": "sqDY3TnShy",
		"cep": "72405-380",
		"endereco": "Quadra Quadra 38",
		"numero": 281,
		"bairro": "Setor Central (Gama)",
		"cidade": "Brasília",
		"estado": "DF",
		"telefone_fixo": "(61) 2919-6762",
		"celular": "(61) 98526-1359",
		"altura": "1,61",
		"peso": 89,
		"tipo_sanguineo": "A-",
		"cor": "amarelo"
	},
	{
		"nome": "Jaqueline Amanda Sueli Fogaça",
		"idade": 53,
		"cpf": "543.865.551-02",
		"rg": "20.373.677-1",
		"data_nasc": "15/01/1970",
		"sexo": "Feminino",
		"signo": "Capricórnio",
		"mae": "Lavínia Sandra Helena",
		"pai": "Diogo Geraldo Carlos Eduardo Fogaça",
		"email": "jaqueline_fogaca@transicao.com",
		"senha": "CBHnpBYzSL",
		"cep": "70770-734",
		"endereco": "Quadra SHCGN 716 Bloco D",
		"numero": 936,
		"bairro": "Asa Norte",
		"cidade": "Brasília",
		"estado": "DF",
		"telefone_fixo": "(61) 3526-3847",
		"celular": "(61) 99278-7088",
		"altura": "1,54",
		"peso": 52,
		"tipo_sanguineo": "O+",
		"cor": "roxo"
	},
	{
		"nome": "Anderson Benício Fernando da Silva",
		"idade": 35,
		"cpf": "406.612.441-05",
		"rg": "38.315.941-6",
		"data_nasc": "16/02/1988",
		"sexo": "Masculino",
		"signo": "Aquário",
		"mae": "Antônia Elaine Olivia",
		"pai": "Pietro Renan da Silva",
		"email": "andersonbeniciodasilva@ntiequipamentos.com.br",
		"senha": "FeBZEROW8S",
		"cep": "71571-400",
		"endereco": "Quadra Quadra 14",
		"numero": 123,
		"bairro": "Paranoá",
		"cidade": "Brasília",
		"estado": "DF",
		"telefone_fixo": "(61) 2579-1856",
		"celular": "(61) 99617-7343",
		"altura": "1,83",
		"peso": 69,
		"tipo_sanguineo": "AB-",
		"cor": "verde"
	},
	{
		"nome": "Emanuel Calebe dos Santos",
		"idade": 68,
		"cpf": "291.317.631-38",
		"rg": "32.694.447-3",
		"data_nasc": "05/01/1955",
		"sexo": "Masculino",
		"signo": "Capricórnio",
		"mae": "Silvana Lorena Mirella",
		"pai": "Carlos Cláudio Caleb dos Santos",
		"email": "emanuelcalebedossantos@ymail.com",
		"senha": "nfm8YATKPz",
		"cep": "72600-325",
		"endereco": "Quadra Quadra 103 Conjunto 19",
		"numero": 454,
		"bairro": "Recanto das Emas",
		"cidade": "Brasília",
		"estado": "DF",
		"telefone_fixo": "(61) 3798-8626",
		"celular": "(61) 99463-9859",
		"altura": "1,64",
		"peso": 106,
		"tipo_sanguineo": "AB+",
		"cor": "preto"
	},
	{
		"nome": "Oliver Bryan Sérgio Ferreira",
		"idade": 63,
		"cpf": "457.250.791-04",
		"rg": "26.830.567-5",
		"data_nasc": "12/02/1960",
		"sexo": "Masculino",
		"signo": "Aquário",
		"mae": "Elza Evelyn Luana",
		"pai": "Luan Benedito Ferreira",
		"email": "oliverbryanferreira@glaudeimar.com.br",
		"senha": "jzr57ssaey",
		"cep": "71693-330",
		"endereco": "Rua 17",
		"numero": 993,
		"bairro": "São Francisco (São Sebastião)",
		"cidade": "Brasília",
		"estado": "DF",
		"telefone_fixo": "(61) 2569-9996",
		"celular": "(61) 99953-1242",
		"altura": "1,65",
		"peso": 108,
		"tipo_sanguineo": "B-",
		"cor": "vermelho"
	},
	{
		"nome": "Adriana Débora Olivia Lima",
		"idade": 27,
		"cpf": "526.530.201-81",
		"rg": "10.775.059-4",
		"data_nasc": "16/01/1996",
		"sexo": "Feminino",
		"signo": "Capricórnio",
		"mae": "Evelyn Esther Fernanda",
		"pai": "Bruno André Lima",
		"email": "adrianadeboralima@brastek.com.br",
		"senha": "YlSdSDYmtR",
		"cep": "71060-235",
		"endereco": "Quadra EQ 23/25",
		"numero": 257,
		"bairro": "Guará II",
		"cidade": "Brasília",
		"estado": "DF",
		"telefone_fixo": "(61) 2588-5255",
		"celular": "(61) 98946-4155",
		"altura": "1,69",
		"peso": 47,
		"tipo_sanguineo": "AB-",
		"cor": "vermelho"
	},
	{
		"nome": "Gabriela Flávia Nunes",
		"idade": 60,
		"cpf": "929.932.431-01",
		"rg": "19.979.638-5",
		"data_nasc": "24/02/1963",
		"sexo": "Feminino",
		"signo": "Peixes",
		"mae": "Bianca Tânia Julia",
		"pai": "Manuel Ian Nunes",
		"email": "gabriela_nunes@resource.com.br",
		"senha": "p0tNxZjHfE",
		"cep": "72622-113",
		"endereco": "Quadra Quadra 308 Conjunto 13",
		"numero": 368,
		"bairro": "Recanto das Emas",
		"cidade": "Brasília",
		"estado": "DF",
		"telefone_fixo": "(61) 2695-7873",
		"celular": "(61) 98757-9793",
		"altura": "1,57",
		"peso": 74,
		"tipo_sanguineo": "B-",
		"cor": "amarelo"
	},
	{
		"nome": "Bento Felipe Sales",
		"idade": 33,
		"cpf": "182.440.181-78",
		"rg": "26.598.506-7",
		"data_nasc": "07/02/1990",
		"sexo": "Masculino",
		"signo": "Aquário",
		"mae": "Yasmin Silvana",
		"pai": "Caio Cauã Sales",
		"email": "bento_sales@gamil.com",
		"senha": "LlrcshHi4h",
		"cep": "72260-685",
		"endereco": "Quadra QNO 16 Conjunto E",
		"numero": 530,
		"bairro": "Ceilândia Norte (Ceilândia)",
		"cidade": "Brasília",
		"estado": "DF",
		"telefone_fixo": "(61) 3820-9071",
		"celular": "(61) 99369-7394",
		"altura": "1,81",
		"peso": 59,
		"tipo_sanguineo": "B-",
		"cor": "laranja"
	},
	{
		"nome": "Tatiane Luana Natália Corte Real",
		"idade": 65,
		"cpf": "731.655.241-73",
		"rg": "43.920.635-2",
		"data_nasc": "13/02/1958",
		"sexo": "Feminino",
		"signo": "Aquário",
		"mae": "Fátima Eliane Mariah",
		"pai": "Tiago Hugo Lucas Corte Real",
		"email": "tatianeluanacortereal@consultoriosjc.com.br",
		"senha": "kxkidjkkSC",
		"cep": "72310-007",
		"endereco": "Quadra QN 320 Conjunto 7",
		"numero": 116,
		"bairro": "Samambaia Sul (Samambaia)",
		"cidade": "Brasília",
		"estado": "DF",
		"telefone_fixo": "(61) 3951-3743",
		"celular": "(61) 98776-5061",
		"altura": "1,72",
		"peso": 90,
		"tipo_sanguineo": "A+",
		"cor": "vermelho"
	},
	{
		"nome": "Vitor José Assis",
		"idade": 68,
		"cpf": "332.474.761-99",
		"rg": "16.986.552-6",
		"data_nasc": "22/01/1955",
		"sexo": "Masculino",
		"signo": "Aquário",
		"mae": "Alícia Maitê",
		"pai": "Rodrigo Eduardo Francisco Assis",
		"email": "vitor.jose.assis@laramjeirabaumann.com.br",
		"senha": "7cBfc8GfeG",
		"cep": "71630-120",
		"endereco": "Quadra SHIS QL 12",
		"numero": 731,
		"bairro": "Setor de Habitações Individuais Sul",
		"cidade": "Brasília",
		"estado": "DF",
		"telefone_fixo": "(61) 2854-6870",
		"celular": "(61) 98710-2460",
		"altura": "1,84",
		"peso": 68,
		"tipo_sanguineo": "O-",
		"cor": "laranja"
	},
	{
		"nome": "Mário Giovanni Barbosa",
		"idade": 74,
		"cpf": "758.019.191-12",
		"rg": "37.437.474-0",
		"data_nasc": "15/02/1949",
		"sexo": "Masculino",
		"signo": "Aquário",
		"mae": "Rebeca Carolina Mariah",
		"pai": "Heitor Vitor Kauê Barbosa",
		"email": "mario.giovanni.barbosa@ativa.inf.br",
		"senha": "esuxwyTMjm",
		"cep": "73020-650",
		"endereco": "Área Especial Área Especial para Indústria 2 Lote 1",
		"numero": 275,
		"bairro": "Sobradinho",
		"cidade": "Brasília",
		"estado": "DF",
		"telefone_fixo": "(61) 2855-2152",
		"celular": "(61) 98424-9124",
		"altura": "1,99",
		"peso": 94,
		"tipo_sanguineo": "O+",
		"cor": "roxo"
	},
	{
		"nome": "Nina Fátima de Paula",
		"idade": 24,
		"cpf": "097.646.621-02",
		"rg": "47.275.650-3",
		"data_nasc": "12/01/1999",
		"sexo": "Feminino",
		"signo": "Capricórnio",
		"mae": "Raimunda Cristiane Silvana",
		"pai": "Cauê Anderson Julio de Paula",
		"email": "nina.fatima.depaula@credendio.com.br",
		"senha": "7eRNIljGhU",
		"cep": "72241-605",
		"endereco": "Quadra QNP 15 Conjunto E",
		"numero": 411,
		"bairro": "Ceilândia Norte (Ceilândia)",
		"cidade": "Brasília",
		"estado": "DF",
		"telefone_fixo": "(61) 3988-3380",
		"celular": "(61) 99359-0665",
		"altura": "1,68",
		"peso": 87,
		"tipo_sanguineo": "A-",
		"cor": "preto"
	},
	{
		"nome": "Cláudio Benício João das Neves",
		"idade": 36,
		"cpf": "167.487.011-63",
		"rg": "28.702.241-9",
		"data_nasc": "09/01/1987",
		"sexo": "Masculino",
		"signo": "Capricórnio",
		"mae": "Liz Luzia",
		"pai": "César Luan das Neves",
		"email": "claudio_benicio_dasneves@evolink.com.br",
		"senha": "0EE1HN07nA",
		"cep": "71010-155",
		"endereco": "Quadra QI 8 Bloco O",
		"numero": 629,
		"bairro": "Guará I",
		"cidade": "Brasília",
		"estado": "DF",
		"telefone_fixo": "(61) 2736-9430",
		"celular": "(61) 99341-3019",
		"altura": "1,78",
		"peso": 97,
		"tipo_sanguineo": "A+",
		"cor": "vermelho"
	},
	{
		"nome": "Marcos Vinicius Nelson Nelson Farias",
		"idade": 26,
		"cpf": "305.228.321-99",
		"rg": "15.910.295-9",
		"data_nasc": "17/02/1997",
		"sexo": "Masculino",
		"signo": "Aquário",
		"mae": "Marina Milena",
		"pai": "Victor Samuel Farias",
		"email": "marcos_vinicius_farias@outershoes.com.br",
		"senha": "T2a9dan24D",
		"cep": "71993-075",
		"endereco": "Conjunto SHA Conjunto 1 Chácara 13",
		"numero": 819,
		"bairro": "Setor Habitacional Arniqueira (Águas Claras)",
		"cidade": "Brasília",
		"estado": "DF",
		"telefone_fixo": "(61) 3629-9536",
		"celular": "(61) 98514-3056",
		"altura": "1,92",
		"peso": 67,
		"tipo_sanguineo": "O-",
		"cor": "laranja"
	},
	{
		"nome": "Marcela Isis Adriana Jesus",
		"idade": 68,
		"cpf": "344.737.351-25",
		"rg": "12.560.608-4",
		"data_nasc": "15/01/1955",
		"sexo": "Feminino",
		"signo": "Capricórnio",
		"mae": "Liz Rebeca Maria",
		"pai": "Renato Davi Jesus",
		"email": "marcela_isis_jesus@kascher.com.br",
		"senha": "CIfbxMRieY",
		"cep": "72231-553",
		"endereco": "Quadra EQNP 14/18 Módulo C",
		"numero": 452,
		"bairro": "Ceilândia Sul (Ceilândia)",
		"cidade": "Brasília",
		"estado": "DF",
		"telefone_fixo": "(61) 3918-3911",
		"celular": "(61) 98408-2162",
		"altura": "1,84",
		"peso": 52,
		"tipo_sanguineo": "A-",
		"cor": "verde"
	},
	{
		"nome": "Bryan João Carlos Eduardo Souza",
		"idade": 54,
		"cpf": "120.890.841-38",
		"rg": "40.980.666-3",
		"data_nasc": "21/01/1969",
		"sexo": "Masculino",
		"signo": "Aquário",
		"mae": "Sophie Mirella Marcela",
		"pai": "Yago Carlos Eduardo Souza",
		"email": "bryan_souza@inglesasset.com.br",
		"senha": "2oS64nmQw6",
		"cep": "72405-160",
		"endereco": "Quadra Quadra 16",
		"numero": 270,
		"bairro": "Setor Central (Gama)",
		"cidade": "Brasília",
		"estado": "DF",
		"telefone_fixo": "(61) 3853-7876",
		"celular": "(61) 98378-5088",
		"altura": "1,98",
		"peso": 109,
		"tipo_sanguineo": "B+",
		"cor": "amarelo"
	},
	{
		"nome": "Tatiane Betina Gonçalves",
		"idade": 61,
		"cpf": "205.102.531-21",
		"rg": "47.148.543-3",
		"data_nasc": "20/01/1962",
		"sexo": "Feminino",
		"signo": "Capricórnio",
		"mae": "Sara Emanuelly Fernanda",
		"pai": "Benício Elias Lucca Gonçalves",
		"email": "tatianebetinagoncalves@marramoncks.com.br",
		"senha": "dSrHSl9KKk",
		"cep": "72410-855",
		"endereco": "Quadra Quadra 17 Conjunto E",
		"numero": 270,
		"bairro": "Setor Sul (Gama)",
		"cidade": "Brasília",
		"estado": "DF",
		"telefone_fixo": "(61) 3803-9858",
		"celular": "(61) 99502-8361",
		"altura": "1,72",
		"peso": 79,
		"tipo_sanguineo": "AB-",
		"cor": "vermelho"
	},
	{
		"nome": "Valentina Ayla Aparecida Santos",
		"idade": 31,
		"cpf": "211.449.821-20",
		"rg": "35.209.489-8",
		"data_nasc": "25/01/1992",
		"sexo": "Feminino",
		"signo": "Aquário",
		"mae": "Sabrina Sabrina",
		"pai": "Nicolas Enzo Santos",
		"email": "valentina_santos@otlokk.com",
		"senha": "q3cYnKp88p",
		"cep": "73062-319",
		"endereco": "Conjunto AR 13 Conjunto 19",
		"numero": 978,
		"bairro": "Setor Oeste (Sobradinho II)",
		"cidade": "Brasília",
		"estado": "DF",
		"telefone_fixo": "(61) 2651-1295",
		"celular": "(61) 99111-5541",
		"altura": "1,63",
		"peso": 72,
		"tipo_sanguineo": "O+",
		"cor": "vermelho"
	},
	{
		"nome": "André Matheus Marcos Freitas",
		"idade": 46,
		"cpf": "728.280.751-50",
		"rg": "46.760.839-8",
		"data_nasc": "07/01/1977",
		"sexo": "Masculino",
		"signo": "Capricórnio",
		"mae": "Lavínia Fátima Bruna",
		"pai": "Raimundo Pedro Nicolas Freitas",
		"email": "andre-freitas76@qmagico.com.br",
		"senha": "alNjt7aXMC",
		"cep": "71010-634",
		"endereco": "Quadra QE 6 Área Especial C",
		"numero": 473,
		"bairro": "Guará I",
		"cidade": "Brasília",
		"estado": "DF",
		"telefone_fixo": "(61) 2990-6605",
		"celular": "(61) 99568-9198",
		"altura": "1,67",
		"peso": 56,
		"tipo_sanguineo": "B-",
		"cor": "preto"
	},
	{
		"nome": "Tiago Nicolas Brito",
		"idade": 26,
		"cpf": "600.549.821-54",
		"rg": "10.168.771-0",
		"data_nasc": "05/01/1997",
		"sexo": "Masculino",
		"signo": "Capricórnio",
		"mae": "Luciana Emanuelly",
		"pai": "Felipe Roberto Brito",
		"email": "tiagonicolasbrito@ftcomercial.com.br",
		"senha": "Zz6NPy0pzx",
		"cep": "70752-500",
		"endereco": "Quadra CLN 109",
		"numero": 593,
		"bairro": "Asa Norte",
		"cidade": "Brasília",
		"estado": "DF",
		"telefone_fixo": "(61) 3734-9239",
		"celular": "(61) 99773-6913",
		"altura": "1,84",
		"peso": 59,
		"tipo_sanguineo": "O-",
		"cor": "azul"
	}
]