[
	{
		"nome": "Sophie Sophia Mirella Figueiredo",
		"idade": 51,
		"cpf": "248.086.221-65",
		"rg": "17.073.971-5",
		"data_nasc": "05/02/1972",
		"sexo": "Feminino",
		"signo": "Aquário",
		"mae": "Gabrielly Nair",
		"pai": "Sérgio Luan Figueiredo",
		"email": "sophie_sophia_figueiredo@devuono.com.br",
		"senha": "JzB7yTHhad",
		"cep": "72236-006",
		"endereco": "Quadra QNP 30 Conjunto F",
		"numero": 320,
		"bairro": "Ceilândia Sul (Ceilândia)",
		"cidade": "Brasília",
		"estado": "DF",
		"telefone_fixo": "(61) 2758-7757",
		"celular": "(61) 99701-4875",
		"altura": "1,68",
		"peso": 88,
		"tipo_sanguineo": "A+",
		"cor": "laranja"
	},
	{
		"nome": "Liz Marina Martins",
		"idade": 26,
		"cpf": "712.679.551-39",
		"rg": "32.518.590-6",
		"data_nasc": "16/02/1997",
		"sexo": "Feminino",
		"signo": "Aquário",
		"mae": "Pietra Mariane Isadora",
		"pai": "Bernardo Bryan Martins",
		"email": "liz_marina_martins@solarisbrasil.com.br",
		"senha": "ZZUEZBT2PT",
		"cep": "72545-226",
		"endereco": "Quadra CL 215 Bloco F",
		"numero": 588,
		"bairro": "Santa Maria",
		"cidade": "Brasília",
		"estado": "DF",
		"telefone_fixo": "(61) 2965-5702",
		"celular": "(61) 99520-4579",
		"altura": "1,50",
		"peso": 77,
		"tipo_sanguineo": "A-",
		"cor": "preto"
	},
	{
		"nome": "Lavínia Luiza Barbosa",
		"idade": 61,
		"cpf": "001.816.381-50",
		"rg": "45.774.855-2",
		"data_nasc": "09/01/1962",
		"sexo": "Feminino",
		"signo": "Capricórnio",
		"mae": "Renata Aurora",
		"pai": "Fernando Cauã Fernando Barbosa",
		"email": "lavinia_luiza_barbosa@gabrielresende.com",
		"senha": "mrIPsaBzO0",
		"cep": "72161-204",
		"endereco": "Quadra QNL 22 Conjunto D",
		"numero": 550,
		"bairro": "Taguatinga Norte (Taguatinga)",
		"cidade": "Brasília",
		"estado": "DF",
		"telefone_fixo": "(61) 2700-1935",
		"celular": "(61) 98155-3060",
		"altura": "1,68",
		"peso": 78,
		"tipo_sanguineo": "AB+",
		"cor": "vermelho"
	},
	{
		"nome": "Thiago Severino Monteiro",
		"idade": 27,
		"cpf": "929.123.051-01",
		"rg": "12.854.648-7",
		"data_nasc": "24/02/1996",
		"sexo": "Masculino",
		"signo": "Peixes",
		"mae": "Bárbara Hadassa",
		"pai": "Renato Mateus Monteiro",
		"email": "thiago.severino.monteiro@expressotaubate.com.br",
		"senha": "KbLrnz4Tfw",
		"cep": "72302-705",
		"endereco": "Quadra QR 116 Conjunto 4-A",
		"numero": 170,
		"bairro": "Samambaia Sul (Samambaia)",
		"cidade": "Brasília",
		"estado": "DF",
		"telefone_fixo": "(61) 2574-2849",
		"celular": "(61) 99868-0086",
		"altura": "1,65",
		"peso": 102,
		"tipo_sanguineo": "AB-",
		"cor": "preto"
	},
	{
		"nome": "Aline Silvana Baptista",
		"idade": 31,
		"cpf": "871.044.851-98",
		"rg": "17.158.127-1",
		"data_nasc": "27/01/1992",
		"sexo": "Feminino",
		"signo": "Aquário",
		"mae": "Fernanda Mariane",
		"pai": "Leandro Caleb Baptista",
		"email": "alinesilvanabaptista@dep.ufscar.br",
		"senha": "ByGXrrdPXp",
		"cep": "71880-140",
		"endereco": "Quadra QN 8D",
		"numero": 254,
		"bairro": "Riacho Fundo II",
		"cidade": "Brasília",
		"estado": "DF",
		"telefone_fixo": "(61) 3667-5632",
		"celular": "(61) 98239-2860",
		"altura": "1,60",
		"peso": 50,
		"tipo_sanguineo": "O-",
		"cor": "vermelho"
	},
	{
		"nome": "Edson Murilo Melo",
		"idade": 61,
		"cpf": "995.948.641-92",
		"rg": "24.655.612-2",
		"data_nasc": "26/01/1962",
		"sexo": "Masculino",
		"signo": "Aquário",
		"mae": "Sophia Caroline",
		"pai": "Daniel Heitor Ian Melo",
		"email": "edson_murilo_melo@optovac.com.br",
		"senha": "8fcPux9XUi",
		"cep": "71615-205",
		"endereco": "Quadra SHIS QI 7",
		"numero": 361,
		"bairro": "Setor de Habitações Individuais Sul",
		"cidade": "Brasília",
		"estado": "DF",
		"telefone_fixo": "(61) 2749-5144",
		"celular": "(61) 99122-1086",
		"altura": "1,71",
		"peso": 57,
		"tipo_sanguineo": "O-",
		"cor": "verde"
	},
	{
		"nome": "Ryan Fernando Lorenzo Santos",
		"idade": 33,
		"cpf": "643.768.811-47",
		"rg": "13.609.855-1",
		"data_nasc": "14/01/1990",
		"sexo": "Masculino",
		"signo": "Capricórnio",
		"mae": "Silvana Ana Emanuelly",
		"pai": "Vinicius Bento Cláudio Santos",
		"email": "ryan_fernando_santos@senhorasdaarte.com.br",
		"senha": "MwynauoHZz",
		"cep": "72265-200",
		"endereco": "Quadra Quadra 20",
		"numero": 673,
		"bairro": "Setor Industrial (Ceilândia)",
		"cidade": "Brasília",
		"estado": "DF",
		"telefone_fixo": "(61) 2808-3518",
		"celular": "(61) 98777-6321",
		"altura": "1,66",
		"peso": 102,
		"tipo_sanguineo": "A+",
		"cor": "verde"
	},
	{
		"nome": "Enzo Martin Bento Mendes",
		"idade": 41,
		"cpf": "009.094.791-60",
		"rg": "48.839.583-5",
		"data_nasc": "03/01/1982",
		"sexo": "Masculino",
		"signo": "Capricórnio",
		"mae": "Cecília Lívia",
		"pai": "Márcio Anderson Isaac Mendes",
		"email": "enzo_martin_mendes@naressi.com.br",
		"senha": "ABySKXj43B",
		"cep": "71881-150",
		"endereco": "Quadra QN 14E",
		"numero": 632,
		"bairro": "Riacho Fundo II",
		"cidade": "Brasília",
		"estado": "DF",
		"telefone_fixo": "(61) 2732-3716",
		"celular": "(61) 99224-2251",
		"altura": "1,81",
		"peso": 94,
		"tipo_sanguineo": "O-",
		"cor": "laranja"
	},
	{
		"nome": "Raul Murilo Cavalcanti",
		"idade": 35,
		"cpf": "053.418.531-21",
		"rg": "31.823.559-6",
		"data_nasc": "08/01/1988",
		"sexo": "Masculino",
		"signo": "Capricórnio",
		"mae": "Yasmin Carla Elisa",
		"pai": "Alexandre Roberto José Cavalcanti",
		"email": "raulmurilocavalcanti@id.uff.br",
		"senha": "3xNFfA5iXL",
		"cep": "71692-705",
		"endereco": "Quadra Quadra 301 Conjunto 2",
		"numero": 409,
		"bairro": "Setor Residencial Oeste (São Sebastião)",
		"cidade": "Brasília",
		"estado": "DF",
		"telefone_fixo": "(61) 2855-9290",
		"celular": "(61) 98711-3024",
		"altura": "1,90",
		"peso": 110,
		"tipo_sanguineo": "B-",
		"cor": "vermelho"
	},
	{
		"nome": "Isabelly Lavínia Costa",
		"idade": 45,
		"cpf": "961.917.061-03",
		"rg": "30.176.142-5",
		"data_nasc": "22/02/1978",
		"sexo": "Feminino",
		"signo": "Peixes",
		"mae": "Luciana Melissa Isabelly",
		"pai": "Nicolas Luiz Costa",
		"email": "isabelly_lavinia_costa@munhozengenharia.com.br",
		"senha": "axgLParf23",
		"cep": "70630-318",
		"endereco": "Quadra QRS Conjunto 6",
		"numero": 945,
		"bairro": "Setor Militar Urbano",
		"cidade": "Brasília",
		"estado": "DF",
		"telefone_fixo": "(61) 2622-9049",
		"celular": "(61) 99607-3287",
		"altura": "1,59",
		"peso": 76,
		"tipo_sanguineo": "A+",
		"cor": "verde"
	},
	{
		"nome": "Adriana Raquel da Rosa",
		"idade": 80,
		"cpf": "268.496.421-11",
		"rg": "27.751.825-8",
		"data_nasc": "20/02/1943",
		"sexo": "Feminino",
		"signo": "Peixes",
		"mae": "Beatriz Aline",
		"pai": "Carlos Eduardo Ricardo da Rosa",
		"email": "adriana_raquel_darosa@muvacademia.com.br",
		"senha": "6D1HO3xDlW",
		"cep": "72311-312",
		"endereco": "Quadra QR 501 Conjunto 12",
		"numero": 400,
		"bairro": "Samambaia Sul (Samambaia)",
		"cidade": "Brasília",
		"estado": "DF",
		"telefone_fixo": "(61) 2668-5272",
		"celular": "(61) 99186-5436",
		"altura": "1,60",
		"peso": 46,
		"tipo_sanguineo": "B-",
		"cor": "roxo"
	},
	{
		"nome": "Igor Thiago Geraldo da Mota",
		"idade": 66,
		"cpf": "880.330.251-40",
		"rg": "50.019.962-0",
		"data_nasc": "23/02/1957",
		"sexo": "Masculino",
		"signo": "Peixes",
		"mae": "Marlene Flávia",
		"pai": "Matheus Marcos Guilherme da Mota",
		"email": "igor-damota72@soelegancia.com.br",
		"senha": "2y88eM4TgP",
		"cep": "70298-540",
		"endereco": "Quadra CLS 415 Bloco D",
		"numero": 230,
		"bairro": "Asa Sul",
		"cidade": "Brasília",
		"estado": "DF",
		"telefone_fixo": "(61) 2824-2693",
		"celular": "(61) 98873-0389",
		"altura": "1,63",
		"peso": 98,
		"tipo_sanguineo": "AB-",
		"cor": "amarelo"
	},
	{
		"nome": "Sara Alessandra Freitas",
		"idade": 40,
		"cpf": "487.426.041-17",
		"rg": "49.156.535-5",
		"data_nasc": "19/02/1983",
		"sexo": "Feminino",
		"signo": "Aquário",
		"mae": "Alícia Manuela",
		"pai": "Cauê Elias Augusto Freitas",
		"email": "sara.alessandra.freitas@santacasasjc.com.br",
		"senha": "YbZbMPRLli",
		"cep": "72415-404",
		"endereco": "Quadra Quadra 8 Conjunto D",
		"numero": 144,
		"bairro": "Setor Sul (Gama)",
		"cidade": "Brasília",
		"estado": "DF",
		"telefone_fixo": "(61) 3759-7412",
		"celular": "(61) 99291-4937",
		"altura": "1,75",
		"peso": 56,
		"tipo_sanguineo": "B+",
		"cor": "roxo"
	},
	{
		"nome": "Melissa Sabrina Lima",
		"idade": 80,
		"cpf": "224.980.431-10",
		"rg": "35.366.107-7",
		"data_nasc": "01/01/1943",
		"sexo": "Feminino",
		"signo": "Capricórnio",
		"mae": "Sabrina Bianca Tatiane",
		"pai": "Igor Enzo Felipe Lima",
		"email": "melissa_lima@grupoaguaviva.com.br",
		"senha": "ASMw6hJJWF",
		"cep": "70354-080",
		"endereco": "Quadra SQS 307 Bloco H",
		"numero": 622,
		"bairro": "Asa Sul",
		"cidade": "Brasília",
		"estado": "DF",
		"telefone_fixo": "(61) 3505-3890",
		"celular": "(61) 98506-1997",
		"altura": "1,50",
		"peso": 59,
		"tipo_sanguineo": "B-",
		"cor": "vermelho"
	},
	{
		"nome": "Jéssica Marcela Nogueira",
		"idade": 39,
		"cpf": "724.578.311-05",
		"rg": "11.103.025-0",
		"data_nasc": "21/02/1984",
		"sexo": "Feminino",
		"signo": "Peixes",
		"mae": "Raimunda Rayssa",
		"pai": "Marcos Vinicius José Nogueira",
		"email": "jessica-nogueira75@toysbrasil.com.br",
		"senha": "H8i4RA4llp",
		"cep": "70655-658",
		"endereco": "Quadra SHCES Quadra 605 Bloco H",
		"numero": 929,
		"bairro": "Cruzeiro Novo",
		"cidade": "Brasília",
		"estado": "DF",
		"telefone_fixo": "(61) 2860-0882",
		"celular": "(61) 99415-5427",
		"altura": "1,64",
		"peso": 82,
		"tipo_sanguineo": "O-",
		"cor": "azul"
	},
	{
		"nome": "Carla Gabriela Fátima Pinto",
		"idade": 20,
		"cpf": "046.264.171-67",
		"rg": "36.850.480-3",
		"data_nasc": "21/02/2003",
		"sexo": "Feminino",
		"signo": "Peixes",
		"mae": "Francisca Rayssa",
		"pai": "Kaique Carlos Giovanni Pinto",
		"email": "carla-pinto70@rotadasbandeiras.com.br",
		"senha": "FtKysUC7p9",
		"cep": "72140-130",
		"endereco": "Quadra QNJ 13",
		"numero": 802,
		"bairro": "Taguatinga Norte (Taguatinga)",
		"cidade": "Brasília",
		"estado": "DF",
		"telefone_fixo": "(61) 2946-3133",
		"celular": "(61) 99307-9271",
		"altura": "1,69",
		"peso": 85,
		"tipo_sanguineo": "O+",
		"cor": "verde"
	},
	{
		"nome": "Marcela Malu Carolina da Cunha",
		"idade": 79,
		"cpf": "057.031.251-54",
		"rg": "33.062.213-4",
		"data_nasc": "14/01/1944",
		"sexo": "Feminino",
		"signo": "Capricórnio",
		"mae": "Luiza Isadora",
		"pai": "Martin Miguel da Cunha",
		"email": "marcela.malu.dacunha@santosdumonthospital.com",
		"senha": "9fbLiEzOXG",
		"cep": "72726-601",
		"endereco": "Quadra Quadra 6 Conjunto A",
		"numero": 429,
		"bairro": "Veredas (Brazlândia)",
		"cidade": "Brasília",
		"estado": "DF",
		"telefone_fixo": "(61) 2619-5114",
		"celular": "(61) 98961-0132",
		"altura": "1,85",
		"peso": 70,
		"tipo_sanguineo": "O-",
		"cor": "preto"
	},
	{
		"nome": "Larissa Milena Joana Teixeira",
		"idade": 28,
		"cpf": "511.652.051-06",
		"rg": "12.202.678-0",
		"data_nasc": "14/01/1995",
		"sexo": "Feminino",
		"signo": "Capricórnio",
		"mae": "Esther Catarina",
		"pai": "Cauã Luiz José Teixeira",
		"email": "larissa_milena_teixeira@br.rhodia.com",
		"senha": "fcefT8XPSc",
		"cep": "73368-650",
		"endereco": "Quadra 4 Conjunto I",
		"numero": 954,
		"bairro": "Arapoanga (Planaltina)",
		"cidade": "Brasília",
		"estado": "DF",
		"telefone_fixo": "(61) 2526-2537",
		"celular": "(61) 98901-3341",
		"altura": "1,70",
		"peso": 63,
		"tipo_sanguineo": "AB-",
		"cor": "verde"
	},
	{
		"nome": "Matheus Nathan Rodrigo Nunes",
		"idade": 29,
		"cpf": "214.117.961-01",
		"rg": "49.084.563-0",
		"data_nasc": "14/01/1994",
		"sexo": "Masculino",
		"signo": "Capricórnio",
		"mae": "Tereza Teresinha Marcela",
		"pai": "Roberto Severino Mateus Nunes",
		"email": "matheus_nunes@tadex.com.br",
		"senha": "Gyi1xXOSRW",
		"cep": "73368-170",
		"endereco": "Quadra 5B Conjunto B",
		"numero": 500,
		"bairro": "Arapoanga (Planaltina)",
		"cidade": "Brasília",
		"estado": "DF",
		"telefone_fixo": "(61) 2878-4183",
		"celular": "(61) 99792-9132",
		"altura": "1,75",
		"peso": 92,
		"tipo_sanguineo": "B-",
		"cor": "verde"
	},
	{
		"nome": "Lucca Renato Duarte",
		"idade": 23,
		"cpf": "454.444.491-88",
		"rg": "35.376.899-6",
		"data_nasc": "24/02/2000",
		"sexo": "Masculino",
		"signo": "Peixes",
		"mae": "Renata Maria",
		"pai": "José Geraldo Paulo Duarte",
		"email": "lucca.renato.duarte@betti.com.br",
		"senha": "pnCxRb8xuY",
		"cep": "72640-115",
		"endereco": "Quadra Quadra 601 Conjunto 15",
		"numero": 509,
		"bairro": "Recanto das Emas",
		"cidade": "Brasília",
		"estado": "DF",
		"telefone_fixo": "(61) 2872-3826",
		"celular": "(61) 98728-2063",
		"altura": "1,98",
		"peso": 86,
		"tipo_sanguineo": "B+",
		"cor": "roxo"
	},
	{
		"nome": "Cecília Simone Daniela Ramos",
		"idade": 23,
		"cpf": "847.750.561-66",
		"rg": "41.023.061-3",
		"data_nasc": "24/01/2000",
		"sexo": "Feminino",
		"signo": "Aquário",
		"mae": "Márcia Isabela",
		"pai": "Noah Roberto Bernardo Ramos",
		"email": "cecilia_simone_ramos@tintasvalecores.com.br",
		"senha": "nzxyQf3eqU",
		"cep": "71884-794",
		"endereco": "Quadra QS 25 Área Especial 1",
		"numero": 656,
		"bairro": "Riacho Fundo II",
		"cidade": "Brasília",
		"estado": "DF",
		"telefone_fixo": "(61) 3601-0540",
		"celular": "(61) 98215-8499",
		"altura": "1,73",
		"peso": 52,
		"tipo_sanguineo": "B+",
		"cor": "azul"
	},
	{
		"nome": "Ruan Leandro Drumond",
		"idade": 72,
		"cpf": "659.475.651-61",
		"rg": "30.144.967-3",
		"data_nasc": "05/01/1951",
		"sexo": "Masculino",
		"signo": "Capricórnio",
		"mae": "Sarah Priscila",
		"pai": "Rodrigo Theo Carlos Eduardo Drumond",
		"email": "ruan-drumond95@htmail.com",
		"senha": "KQ8Fq8s7Si",
		"cep": "70274-100",
		"endereco": "Quadra SQS 211 Bloco J",
		"numero": 960,
		"bairro": "Asa Sul",
		"cidade": "Brasília",
		"estado": "DF",
		"telefone_fixo": "(61) 2945-7425",
		"celular": "(61) 99656-6434",
		"altura": "1,96",
		"peso": 107,
		"tipo_sanguineo": "B+",
		"cor": "roxo"
	},
	{
		"nome": "Sophia Natália da Costa",
		"idade": 66,
		"cpf": "269.606.951-47",
		"rg": "43.012.125-8",
		"data_nasc": "01/02/1957",
		"sexo": "Feminino",
		"signo": "Aquário",
		"mae": "Vera Maya Heloisa",
		"pai": "Gael Mário da Costa",
		"email": "sophianataliadacosta@unifesp.br",
		"senha": "1wcfEM7GH5",
		"cep": "72546-506",
		"endereco": "Quadra QR 216 Conjunto F",
		"numero": 550,
		"bairro": "Santa Maria",
		"cidade": "Brasília",
		"estado": "DF",
		"telefone_fixo": "(61) 3893-4088",
		"celular": "(61) 99962-2801",
		"altura": "1,76",
		"peso": 59,
		"tipo_sanguineo": "AB-",
		"cor": "amarelo"
	},
	{
		"nome": "Augusto Victor Gomes",
		"idade": 20,
		"cpf": "132.132.161-94",
		"rg": "48.792.337-6",
		"data_nasc": "04/01/2003",
		"sexo": "Masculino",
		"signo": "Capricórnio",
		"mae": "Lorena Kamilly",
		"pai": "Carlos Eduardo Severino Gomes",
		"email": "augusto-gomes81@dedicasa.com.br",
		"senha": "SznS5YHFKG",
		"cep": "72602-303",
		"endereco": "Quadra Quadra 111 Conjunto 3",
		"numero": 449,
		"bairro": "Recanto das Emas",
		"cidade": "Brasília",
		"estado": "DF",
		"telefone_fixo": "(61) 3995-9911",
		"celular": "(61) 98951-6442",
		"altura": "1,90",
		"peso": 58,
		"tipo_sanguineo": "O-",
		"cor": "preto"
	},
	{
		"nome": "Jéssica Ana Ferreira",
		"idade": 39,
		"cpf": "581.748.641-56",
		"rg": "34.283.421-6",
		"data_nasc": "21/01/1984",
		"sexo": "Feminino",
		"signo": "Aquário",
		"mae": "Isabelly Larissa Tânia",
		"pai": "Pietro Kauê Yuri Ferreira",
		"email": "jessica_ferreira@liv.com",
		"senha": "yXhboLo0O9",
		"cep": "71993-065",
		"endereco": "Conjunto SHA Conjunto 1 Chácara 11",
		"numero": 929,
		"bairro": "Setor Habitacional Arniqueira (Águas Claras)",
		"cidade": "Brasília",
		"estado": "DF",
		"telefone_fixo": "(61) 3603-1904",
		"celular": "(61) 99784-7102",
		"altura": "1,75",
		"peso": 67,
		"tipo_sanguineo": "AB+",
		"cor": "amarelo"
	},
	{
		"nome": "Cauã Calebe Castro",
		"idade": 48,
		"cpf": "168.475.331-70",
		"rg": "46.548.600-9",
		"data_nasc": "17/01/1975",
		"sexo": "Masculino",
		"signo": "Capricórnio",
		"mae": "Esther Fabiana",
		"pai": "Ryan Luan Manoel Castro",
		"email": "caua_castro@ynail.com.br",
		"senha": "euryWN2EOy",
		"cep": "72015-520",
		"endereco": "Quadra QSB 2",
		"numero": 808,
		"bairro": "Taguatinga Sul (Taguatinga)",
		"cidade": "Brasília",
		"estado": "DF",
		"telefone_fixo": "(61) 3851-8102",
		"celular": "(61) 99521-5889",
		"altura": "1,63",
		"peso": 50,
		"tipo_sanguineo": "A+",
		"cor": "verde"
	},
	{
		"nome": "Samuel Igor Porto",
		"idade": 63,
		"cpf": "477.063.011-50",
		"rg": "11.698.444-2",
		"data_nasc": "08/02/1960",
		"sexo": "Masculino",
		"signo": "Aquário",
		"mae": "Sebastiana Daiane",
		"pai": "Yago Martin Porto",
		"email": "samuel_igor_porto@starmidia.tv",
		"senha": "p9laaBhCtJ",
		"cep": "72240-551",
		"endereco": "Quadra EQNP 7/11 Módulo A",
		"numero": 190,
		"bairro": "Ceilândia Norte (Ceilândia)",
		"cidade": "Brasília",
		"estado": "DF",
		"telefone_fixo": "(61) 3958-2220",
		"celular": "(61) 98326-9012",
		"altura": "1,75",
		"peso": 73,
		"tipo_sanguineo": "A-",
		"cor": "azul"
	},
	{
		"nome": "Alessandra Sophia Alves",
		"idade": 75,
		"cpf": "902.678.501-15",
		"rg": "12.465.732-1",
		"data_nasc": "15/02/1948",
		"sexo": "Feminino",
		"signo": "Aquário",
		"mae": "Allana Liz",
		"pai": "Miguel Sérgio Alves",
		"email": "alessandra_sophia_alves@indaiamidias.com.br",
		"senha": "RDHmgCLPr4",
		"cep": "72275-110",
		"endereco": "Quadra QNR 1 Conjunto J",
		"numero": 618,
		"bairro": "Ceilândia Norte (Ceilândia)",
		"cidade": "Brasília",
		"estado": "DF",
		"telefone_fixo": "(61) 2674-3076",
		"celular": "(61) 98944-1818",
		"altura": "1,54",
		"peso": 82,
		"tipo_sanguineo": "A-",
		"cor": "verde"
	},
	{
		"nome": "Olivia Nina Melissa Pereira",
		"idade": 79,
		"cpf": "070.853.401-50",
		"rg": "23.584.573-5",
		"data_nasc": "03/02/1944",
		"sexo": "Feminino",
		"signo": "Aquário",
		"mae": "Joana Fátima Fernanda",
		"pai": "Renato Kaique Pereira",
		"email": "olivianinapereira@nipbr.com.br",
		"senha": "T6ACylXOZd",
		"cep": "72308-806",
		"endereco": "Quadra QR 318 Conjunto 6",
		"numero": 213,
		"bairro": "Samambaia Sul (Samambaia)",
		"cidade": "Brasília",
		"estado": "DF",
		"telefone_fixo": "(61) 2587-2722",
		"celular": "(61) 98347-8667",
		"altura": "1,74",
		"peso": 62,
		"tipo_sanguineo": "A-",
		"cor": "vermelho"
	},
	{
		"nome": "Benjamin Elias Raul da Conceição",
		"idade": 76,
		"cpf": "564.617.491-01",
		"rg": "30.042.900-9",
		"data_nasc": "03/01/1947",
		"sexo": "Masculino",
		"signo": "Capricórnio",
		"mae": "Bruna Laura Analu",
		"pai": "Marcelo Carlos da Conceição",
		"email": "benjamin.elias.daconceicao@carlosalbertoleite.com.br",
		"senha": "SLWWq1fafD",
		"cep": "72596-828",
		"endereco": "Travessa Iguaçu",
		"numero": 441,
		"bairro": "Condomínio Residencial Santa Mônica (Santa Maria)",
		"cidade": "Brasília",
		"estado": "DF",
		"telefone_fixo": "(61) 2531-7909",
		"celular": "(61) 98550-1730",
		"altura": "1,96",
		"peso": 76,
		"tipo_sanguineo": "O+",
		"cor": "vermelho"
	}
]