[
	{
		"nome": "Diego Alexandre Pereira",
		"idade": 37,
		"cpf": "766.866.591-93",
		"rg": "44.769.352-9",
		"data_nasc": "16/01/1986",
		"sexo": "Masculino",
		"signo": "Capricórnio",
		"mae": "Aline Camila",
		"pai": "Filipe Felipe Pereira",
		"email": "diego_alexandre_pereira@royalplas.com.br",
		"senha": "AHB9HstreM",
		"cep": "72235-542",
		"endereco": "Quadra EQNP 26/30 Bloco B",
		"numero": 329,
		"bairro": "Ceilândia Sul (Ceilândia)",
		"cidade": "Brasília",
		"estado": "DF",
		"telefone_fixo": "(61) 2631-0958",
		"celular": "(61) 99891-3807",
		"altura": "1,95",
		"peso": 57,
		"tipo_sanguineo": "A+",
		"cor": "amarelo"
	},
	{
		"nome": "Antonio Geraldo Henrique Teixeira",
		"idade": 29,
		"cpf": "149.081.221-05",
		"rg": "13.880.677-9",
		"data_nasc": "23/02/1994",
		"sexo": "Masculino",
		"signo": "Peixes",
		"mae": "Patrícia Stefany Silvana",
		"pai": "Ruan Iago Teixeira",
		"email": "antonio_geraldo_teixeira@bernardino.co",
		"senha": "nl1XF0Ce9U",
		"cep": "70856-080",
		"endereco": "Quadra SQN 408 Bloco H",
		"numero": 647,
		"bairro": "Asa Norte",
		"cidade": "Brasília",
		"estado": "DF",
		"telefone_fixo": "(61) 2548-2309",
		"celular": "(61) 98656-4300",
		"altura": "1,72",
		"peso": 75,
		"tipo_sanguineo": "A-",
		"cor": "vermelho"
	},
	{
		"nome": "Heloisa Renata Bernardes",
		"idade": 48,
		"cpf": "893.292.451-10",
		"rg": "11.325.570-6",
		"data_nasc": "24/02/1975",
		"sexo": "Feminino",
		"signo": "Peixes",
		"mae": "Elisa Isadora",
		"pai": "Lorenzo Pedro Henrique Bernardes",
		"email": "heloisa.renata.bernardes@belaggiovini.com.br",
		"senha": "f7DOntHHhC",
		"cep": "71015-022",
		"endereco": "Quadra QI 16 Conjunto B",
		"numero": 123,
		"bairro": "Guará I",
		"cidade": "Brasília",
		"estado": "DF",
		"telefone_fixo": "(61) 3879-6071",
		"celular": "(61) 98425-1646",
		"altura": "1,71",
		"peso": 66,
		"tipo_sanguineo": "O-",
		"cor": "laranja"
	},
	{
		"nome": "Emanuelly Marli Gonçalves",
		"idade": 55,
		"cpf": "839.251.901-98",
		"rg": "20.425.325-1",
		"data_nasc": "03/01/1968",
		"sexo": "Feminino",
		"signo": "Capricórnio",
		"mae": "Marcela Tatiane",
		"pai": "Daniel Daniel Benedito Gonçalves",
		"email": "emanuelly_goncalves@modus.com.br",
		"senha": "Gu4xUDT58X",
		"cep": "73062-110",
		"endereco": "Conjunto AR 10 Conjunto 10",
		"numero": 533,
		"bairro": "Setor Oeste (Sobradinho II)",
		"cidade": "Brasília",
		"estado": "DF",
		"telefone_fixo": "(61) 2767-3990",
		"celular": "(61) 98617-6261",
		"altura": "1,51",
		"peso": 60,
		"tipo_sanguineo": "O+",
		"cor": "azul"
	},
	{
		"nome": "Raimundo Ricardo Diogo Alves",
		"idade": 21,
		"cpf": "438.801.251-39",
		"rg": "42.685.873-6",
		"data_nasc": "01/02/2002",
		"sexo": "Masculino",
		"signo": "Aquário",
		"mae": "Rita Esther",
		"pai": "Fábio Nelson Marcelo Alves",
		"email": "raimundoricardoalves@previeweventos.com.br",
		"senha": "PjCIUhawIG",
		"cep": "72420-625",
		"endereco": "Setor de Chácaras Chácara 06",
		"numero": 881,
		"bairro": "Setor Oeste (Gama)",
		"cidade": "Brasília",
		"estado": "DF",
		"telefone_fixo": "(61) 2922-4941",
		"celular": "(61) 99795-0844",
		"altura": "2,00",
		"peso": 95,
		"tipo_sanguineo": "O-",
		"cor": "verde"
	},
	{
		"nome": "Filipe Severino Almeida",
		"idade": 61,
		"cpf": "252.406.021-74",
		"rg": "47.828.837-2",
		"data_nasc": "04/02/1962",
		"sexo": "Masculino",
		"signo": "Aquário",
		"mae": "Carla Aline Vera",
		"pai": "Luan Benedito Almeida",
		"email": "filipe_severino_almeida@power.alstom.com",
		"senha": "leMBEr47Ki",
		"cep": "72016-220",
		"endereco": "Quadra QSC 22",
		"numero": 917,
		"bairro": "Taguatinga Sul (Taguatinga)",
		"cidade": "Brasília",
		"estado": "DF",
		"telefone_fixo": "(61) 3854-5032",
		"celular": "(61) 99651-6926",
		"altura": "1,99",
		"peso": 78,
		"tipo_sanguineo": "AB+",
		"cor": "azul"
	},
	{
		"nome": "Juan Miguel Barros",
		"idade": 44,
		"cpf": "087.113.611-23",
		"rg": "40.508.507-2",
		"data_nasc": "23/02/1979",
		"sexo": "Masculino",
		"signo": "Peixes",
		"mae": "Jéssica Analu Cecília",
		"pai": "Julio Lucca Elias Barros",
		"email": "juan_barros@terapeutaholistica.com.br",
		"senha": "jMmsrG7PJD",
		"cep": "70390-120",
		"endereco": "Quadra SGAS 912",
		"numero": 757,
		"bairro": "Asa Sul",
		"cidade": "Brasília",
		"estado": "DF",
		"telefone_fixo": "(61) 3820-4853",
		"celular": "(61) 98354-1204",
		"altura": "1,87",
		"peso": 59,
		"tipo_sanguineo": "O-",
		"cor": "amarelo"
	},
	{
		"nome": "Levi Marcos Vinicius Davi Cardoso",
		"idade": 75,
		"cpf": "460.740.621-02",
		"rg": "39.677.142-7",
		"data_nasc": "05/01/1948",
		"sexo": "Masculino",
		"signo": "Capricórnio",
		"mae": "Lívia Benedita Lorena",
		"pai": "Guilherme Rafael Bryan Cardoso",
		"email": "levi_cardoso@agsolve.com.br",
		"senha": "Txfj0Yza2R",
		"cep": "72025-075",
		"endereco": "Quadra CSE 7",
		"numero": 970,
		"bairro": "Taguatinga Sul (Taguatinga)",
		"cidade": "Brasília",
		"estado": "DF",
		"telefone_fixo": "(61) 2634-1548",
		"celular": "(61) 98293-6570",
		"altura": "2,00",
		"peso": 82,
		"tipo_sanguineo": "B-",
		"cor": "azul"
	},
	{
		"nome": "Priscila Mariana Julia Rezende",
		"idade": 49,
		"cpf": "659.787.141-34",
		"rg": "18.507.502-2",
		"data_nasc": "05/02/1974",
		"sexo": "Feminino",
		"signo": "Aquário",
		"mae": "Marli Giovana Tatiane",
		"pai": "Heitor Bento Rezende",
		"email": "priscilamarianarezende@vasconcelosdias.com",
		"senha": "tDBHKsxWye",
		"cep": "72726-600",
		"endereco": "Quadra Quadra 6",
		"numero": 942,
		"bairro": "Veredas (Brazlândia)",
		"cidade": "Brasília",
		"estado": "DF",
		"telefone_fixo": "(61) 3665-1568",
		"celular": "(61) 99223-2513",
		"altura": "1,68",
		"peso": 78,
		"tipo_sanguineo": "O-",
		"cor": "preto"
	},
	{
		"nome": "Carlos Ian Isaac Fogaça",
		"idade": 20,
		"cpf": "437.224.321-97",
		"rg": "22.861.540-9",
		"data_nasc": "21/01/2003",
		"sexo": "Masculino",
		"signo": "Aquário",
		"mae": "Andreia Flávia Louise",
		"pai": "Cauã Alexandre Fogaça",
		"email": "carlos_ian_fogaca@comercialmendes.net",
		"senha": "U9pHZpBfyF",
		"cep": "71884-830",
		"endereco": "Quadra QS 30",
		"numero": 727,
		"bairro": "Riacho Fundo II",
		"cidade": "Brasília",
		"estado": "DF",
		"telefone_fixo": "(61) 2893-4277",
		"celular": "(61) 99381-7099",
		"altura": "1,73",
		"peso": 89,
		"tipo_sanguineo": "O-",
		"cor": "vermelho"
	},
	{
		"nome": "Nathan Yago Filipe Vieira",
		"idade": 63,
		"cpf": "030.809.441-78",
		"rg": "36.349.106-5",
		"data_nasc": "08/01/1960",
		"sexo": "Masculino",
		"signo": "Capricórnio",
		"mae": "Fabiana Isadora Alessandra",
		"pai": "Calebe Rodrigo Vieira",
		"email": "nathan_yago_vieira@flexchange.com.br",
		"senha": "CHRPDE93IJ",
		"cep": "73050-620",
		"endereco": "Área Especial Área Especial para Indústria 11 Lote 10",
		"numero": 387,
		"bairro": "Sobradinho",
		"cidade": "Brasília",
		"estado": "DF",
		"telefone_fixo": "(61) 3813-7349",
		"celular": "(61) 98847-0078",
		"altura": "1,97",
		"peso": 75,
		"tipo_sanguineo": "AB-",
		"cor": "verde"
	},
	{
		"nome": "Cláudio Gustavo da Conceição",
		"idade": 51,
		"cpf": "388.704.421-52",
		"rg": "47.354.936-0",
		"data_nasc": "24/01/1972",
		"sexo": "Masculino",
		"signo": "Aquário",
		"mae": "Fabiana Patrícia Gabriela",
		"pai": "Kevin Martin Kaique da Conceição",
		"email": "claudio_daconceicao@pronursing.com.br",
		"senha": "zBUMMtsa1P",
		"cep": "72505-413",
		"endereco": "Quadra QR 205 Área Especial 1",
		"numero": 370,
		"bairro": "Santa Maria",
		"cidade": "Brasília",
		"estado": "DF",
		"telefone_fixo": "(61) 3653-4425",
		"celular": "(61) 98162-9103",
		"altura": "1,71",
		"peso": 110,
		"tipo_sanguineo": "B-",
		"cor": "roxo"
	},
	{
		"nome": "Marlene Regina Costa",
		"idade": 80,
		"cpf": "912.033.681-00",
		"rg": "48.037.938-5",
		"data_nasc": "21/01/1943",
		"sexo": "Feminino",
		"signo": "Aquário",
		"mae": "Sara Isabelly Sônia",
		"pai": "Yuri Thiago Costa",
		"email": "marlenereginacosta@acramisper.com",
		"senha": "uHy2Dn9Hrq",
		"cep": "71825-105",
		"endereco": "Quadra QS 10 Conjunto 5A",
		"numero": 743,
		"bairro": "Riacho Fundo I",
		"cidade": "Brasília",
		"estado": "DF",
		"telefone_fixo": "(61) 3777-0354",
		"celular": "(61) 99224-4485",
		"altura": "1,50",
		"peso": 77,
		"tipo_sanguineo": "O-",
		"cor": "vermelho"
	},
	{
		"nome": "Renato Manuel Nogueira",
		"idade": 51,
		"cpf": "883.218.881-35",
		"rg": "16.988.491-0",
		"data_nasc": "18/02/1972",
		"sexo": "Masculino",
		"signo": "Aquário",
		"mae": "Esther Rosângela",
		"pai": "Tiago Roberto Fernando Nogueira",
		"email": "renato.manuel.nogueira@lucaslima.com",
		"senha": "IosWihxUTA",
		"cep": "72660-215",
		"endereco": "Quadra Quadra 510 Conjunto 5",
		"numero": 514,
		"bairro": "Recanto das Emas",
		"cidade": "Brasília",
		"estado": "DF",
		"telefone_fixo": "(61) 2651-5829",
		"celular": "(61) 98269-3222",
		"altura": "1,83",
		"peso": 50,
		"tipo_sanguineo": "O-",
		"cor": "verde"
	},
	{
		"nome": "Cecília Yasmin Fernanda da Mota",
		"idade": 43,
		"cpf": "986.815.531-27",
		"rg": "36.188.501-5",
		"data_nasc": "21/02/1980",
		"sexo": "Feminino",
		"signo": "Peixes",
		"mae": "Bruna Vera",
		"pai": "Elias Gael Bento da Mota",
		"email": "cecilia_yasmin_damota@vigaconstrucao.com.br",
		"senha": "LGfKYtB9HI",
		"cep": "70867-100",
		"endereco": "Quadra SQN 412 Bloco J",
		"numero": 741,
		"bairro": "Asa Norte",
		"cidade": "Brasília",
		"estado": "DF",
		"telefone_fixo": "(61) 3739-0096",
		"celular": "(61) 98350-9993",
		"altura": "1,67",
		"peso": 75,
		"tipo_sanguineo": "A+",
		"cor": "vermelho"
	},
	{
		"nome": "Marcos Vinicius Julio da Luz",
		"idade": 26,
		"cpf": "937.332.861-11",
		"rg": "36.515.736-3",
		"data_nasc": "04/01/1997",
		"sexo": "Masculino",
		"signo": "Capricórnio",
		"mae": "Sophia Andreia",
		"pai": "Augusto Caio Lucca da Luz",
		"email": "marcos_daluz@uniube.br",
		"senha": "OhYQOl9Wh0",
		"cep": "72145-620",
		"endereco": "Quadra QNM 36 Conjunto T",
		"numero": 590,
		"bairro": "Taguatinga Norte (Taguatinga)",
		"cidade": "Brasília",
		"estado": "DF",
		"telefone_fixo": "(61) 2893-1731",
		"celular": "(61) 98187-5168",
		"altura": "1,78",
		"peso": 98,
		"tipo_sanguineo": "AB-",
		"cor": "laranja"
	},
	{
		"nome": "Eliane Sandra Benedita da Silva",
		"idade": 61,
		"cpf": "183.456.441-71",
		"rg": "44.838.306-8",
		"data_nasc": "19/02/1962",
		"sexo": "Feminino",
		"signo": "Aquário",
		"mae": "Louise Maria",
		"pai": "Henrique Diogo da Silva",
		"email": "elianesandradasilva@sha.com.br",
		"senha": "kXaBLer2kx",
		"cep": "72508-248",
		"endereco": "Quadra CL 408 Bloco H",
		"numero": 768,
		"bairro": "Santa Maria",
		"cidade": "Brasília",
		"estado": "DF",
		"telefone_fixo": "(61) 2696-5659",
		"celular": "(61) 98615-0898",
		"altura": "1,58",
		"peso": 65,
		"tipo_sanguineo": "B-",
		"cor": "verde"
	},
	{
		"nome": "Eloá Francisca Aragão",
		"idade": 55,
		"cpf": "994.764.361-15",
		"rg": "34.414.614-5",
		"data_nasc": "02/02/1968",
		"sexo": "Feminino",
		"signo": "Aquário",
		"mae": "Tânia Silvana Rosângela",
		"pai": "Theo Benedito Pedro Aragão",
		"email": "eloa_francisca_aragao@yahoo.ie",
		"senha": "wPe41ii2NY",
		"cep": "71256-320",
		"endereco": "Quadra Quadra 6 Conjunto 4",
		"numero": 368,
		"bairro": "Setor Oeste (Vila Estrutural - Guará)",
		"cidade": "Brasília",
		"estado": "DF",
		"telefone_fixo": "(61) 3953-6373",
		"celular": "(61) 99233-5095",
		"altura": "1,74",
		"peso": 67,
		"tipo_sanguineo": "A-",
		"cor": "amarelo"
	},
	{
		"nome": "Larissa Bruna Isabel Caldeira",
		"idade": 57,
		"cpf": "634.261.511-03",
		"rg": "15.835.040-6",
		"data_nasc": "12/02/1966",
		"sexo": "Feminino",
		"signo": "Aquário",
		"mae": "Isabella Cecília Liz",
		"pai": "Benício Alexandre Julio Caldeira",
		"email": "larissa-caldeira92@uzgames.com",
		"senha": "J9Ng5FsnI5",
		"cep": "73350-307",
		"endereco": "Quadra Quadra 3 Conjunto G",
		"numero": 510,
		"bairro": "Setor Residencial Leste (Planaltina)",
		"cidade": "Brasília",
		"estado": "DF",
		"telefone_fixo": "(61) 3625-0070",
		"celular": "(61) 99389-7256",
		"altura": "1,54",
		"peso": 59,
		"tipo_sanguineo": "B-",
		"cor": "preto"
	},
	{
		"nome": "Maria Maria Fernandes",
		"idade": 60,
		"cpf": "105.402.261-57",
		"rg": "28.621.441-6",
		"data_nasc": "18/02/1963",
		"sexo": "Feminino",
		"signo": "Aquário",
		"mae": "Vera Letícia Vanessa",
		"pai": "Cauã Renato Fernandes",
		"email": "mariamariafernandes@dgh.com.br",
		"senha": "QIilQ79UQD",
		"cep": "71740-049",
		"endereco": "Quadra SMPW Quadra 12 Conjunto 1",
		"numero": 677,
		"bairro": "Setor de Mansões Park Way",
		"cidade": "Brasília",
		"estado": "DF",
		"telefone_fixo": "(61) 2684-8838",
		"celular": "(61) 99789-3654",
		"altura": "1,84",
		"peso": 85,
		"tipo_sanguineo": "B+",
		"cor": "preto"
	},
	{
		"nome": "Daiane Marcela das Neves",
		"idade": 33,
		"cpf": "217.443.101-73",
		"rg": "32.619.687-0",
		"data_nasc": "16/02/1990",
		"sexo": "Feminino",
		"signo": "Aquário",
		"mae": "Rayssa Giovanna Vera",
		"pai": "Felipe Pietro Luís das Neves",
		"email": "daiane-dasneves90@policiamilitar.sp.gov.br",
		"senha": "gc5LhSK5mi",
		"cep": "72748-006",
		"endereco": "Quadra Quadra 48 Conjunto F",
		"numero": 918,
		"bairro": "Vila São José (Brazlândia)",
		"cidade": "Brasília",
		"estado": "DF",
		"telefone_fixo": "(61) 2869-7908",
		"celular": "(61) 98800-7768",
		"altura": "1,59",
		"peso": 76,
		"tipo_sanguineo": "AB-",
		"cor": "vermelho"
	},
	{
		"nome": "Jennifer Sophie Analu Rocha",
		"idade": 37,
		"cpf": "183.270.891-88",
		"rg": "49.512.585-4",
		"data_nasc": "09/02/1986",
		"sexo": "Feminino",
		"signo": "Aquário",
		"mae": "Melissa Julia Isabelly",
		"pai": "Francisco Leandro Rocha",
		"email": "jennifersophierocha@oxiteno.com",
		"senha": "64YchLi0U5",
		"cep": "72507-508",
		"endereco": "Quadra QR 307 Conjunto H",
		"numero": 509,
		"bairro": "Santa Maria",
		"cidade": "Brasília",
		"estado": "DF",
		"telefone_fixo": "(61) 3588-5422",
		"celular": "(61) 98823-1810",
		"altura": "1,51",
		"peso": 89,
		"tipo_sanguineo": "AB+",
		"cor": "vermelho"
	},
	{
		"nome": "Gabrielly Emilly da Rosa",
		"idade": 58,
		"cpf": "199.551.191-95",
		"rg": "36.624.774-8",
		"data_nasc": "13/02/1965",
		"sexo": "Feminino",
		"signo": "Aquário",
		"mae": "Jaqueline Daiane Sebastiana",
		"pai": "Cauã André Márcio da Rosa",
		"email": "gabriellyemillydarosa@ruilacos.com.br",
		"senha": "dcz2pHjZ2g",
		"cep": "72314-321",
		"endereco": "Quadra QR 516 Conjunto 18",
		"numero": 259,
		"bairro": "Samambaia Sul (Samambaia)",
		"cidade": "Brasília",
		"estado": "DF",
		"telefone_fixo": "(61) 2784-7628",
		"celular": "(61) 99817-9018",
		"altura": "1,60",
		"peso": 46,
		"tipo_sanguineo": "O+",
		"cor": "roxo"
	},
	{
		"nome": "Cristiane Antonella Eloá Pires",
		"idade": 19,
		"cpf": "054.968.791-24",
		"rg": "15.824.229-4",
		"data_nasc": "12/01/2004",
		"sexo": "Feminino",
		"signo": "Capricórnio",
		"mae": "Aparecida Mariana Raimunda",
		"pai": "Diego Vinicius Bernardo Pires",
		"email": "cristiane_pires@absoluta.med.br",
		"senha": "9pFTMq8iIB",
		"cep": "70760-730",
		"endereco": "Quadra SHCGN 713",
		"numero": 999,
		"bairro": "Asa Norte",
		"cidade": "Brasília",
		"estado": "DF",
		"telefone_fixo": "(61) 2683-2528",
		"celular": "(61) 98946-8124",
		"altura": "1,82",
		"peso": 75,
		"tipo_sanguineo": "B+",
		"cor": "laranja"
	},
	{
		"nome": "Juliana Fátima Moura",
		"idade": 73,
		"cpf": "902.991.361-40",
		"rg": "40.551.576-5",
		"data_nasc": "15/01/1950",
		"sexo": "Feminino",
		"signo": "Capricórnio",
		"mae": "Manuela Rosa Andrea",
		"pai": "Renan Ricardo Moura",
		"email": "juliana.fatima.moura@origembr.com",
		"senha": "I2xuuba7yg",
		"cep": "72265-505",
		"endereco": "Bloco QCS Bloco E",
		"numero": 706,
		"bairro": "Setor Industrial (Ceilândia)",
		"cidade": "Brasília",
		"estado": "DF",
		"telefone_fixo": "(61) 2883-6273",
		"celular": "(61) 98694-8740",
		"altura": "1,62",
		"peso": 67,
		"tipo_sanguineo": "AB+",
		"cor": "verde"
	},
	{
		"nome": "Malu Beatriz Gabrielly Porto",
		"idade": 37,
		"cpf": "096.615.131-39",
		"rg": "19.756.626-1",
		"data_nasc": "06/01/1986",
		"sexo": "Feminino",
		"signo": "Capricórnio",
		"mae": "Cecília Isabelly Vera",
		"pai": "Gael Pietro Porto",
		"email": "malubeatrizporto@lonax.net",
		"senha": "qfmCILXGuQ",
		"cep": "71720-016",
		"endereco": "Avenida Terceira Avenida Bloco 1400",
		"numero": 669,
		"bairro": "Núcleo Bandeirante",
		"cidade": "Brasília",
		"estado": "DF",
		"telefone_fixo": "(61) 2508-8769",
		"celular": "(61) 99614-2539",
		"altura": "1,79",
		"peso": 45,
		"tipo_sanguineo": "O-",
		"cor": "amarelo"
	},
	{
		"nome": "Larissa Ayla Eloá Farias",
		"idade": 40,
		"cpf": "776.757.481-40",
		"rg": "43.899.909-5",
		"data_nasc": "05/02/1983",
		"sexo": "Feminino",
		"signo": "Aquário",
		"mae": "Marcela Catarina Tereza",
		"pai": "Felipe Davi Farias",
		"email": "larissa_ayla_farias@malosti.com.br",
		"senha": "CsjIy9KL28",
		"cep": "71884-618",
		"endereco": "Quadra QS 16 Área Especial 1",
		"numero": 443,
		"bairro": "Riacho Fundo II",
		"cidade": "Brasília",
		"estado": "DF",
		"telefone_fixo": "(61) 2530-2686",
		"celular": "(61) 98482-5832",
		"altura": "1,72",
		"peso": 72,
		"tipo_sanguineo": "O+",
		"cor": "preto"
	},
	{
		"nome": "Erick Diogo Raul Lopes",
		"idade": 73,
		"cpf": "204.747.771-97",
		"rg": "47.157.489-2",
		"data_nasc": "11/02/1950",
		"sexo": "Masculino",
		"signo": "Aquário",
		"mae": "Antonella Analu Cecília",
		"pai": "Márcio Thiago Lopes",
		"email": "erick_diogo_lopes@humanfit.com.br",
		"senha": "2928txBynU",
		"cep": "73330-105",
		"endereco": "Rua Balduíno de Oliveira",
		"numero": 478,
		"bairro": "Setor Sul (Planaltina)",
		"cidade": "Brasília",
		"estado": "DF",
		"telefone_fixo": "(61) 2688-7899",
		"celular": "(61) 99423-9713",
		"altura": "1,99",
		"peso": 100,
		"tipo_sanguineo": "B-",
		"cor": "vermelho"
	},
	{
		"nome": "Iago Gustavo da Cunha",
		"idade": 67,
		"cpf": "190.133.451-15",
		"rg": "39.230.105-2",
		"data_nasc": "03/02/1956",
		"sexo": "Masculino",
		"signo": "Aquário",
		"mae": "Márcia Jennifer Eliane",
		"pai": "Igor Gabriel da Cunha",
		"email": "iago-dacunha76@guiamaritimo.com.br",
		"senha": "QZUX8FN6pg",
		"cep": "72318-030",
		"endereco": "Quadra QR 402 Conjunto 29",
		"numero": 446,
		"bairro": "Samambaia Norte (Samambaia)",
		"cidade": "Brasília",
		"estado": "DF",
		"telefone_fixo": "(61) 3808-6757",
		"celular": "(61) 98724-9096",
		"altura": "1,84",
		"peso": 71,
		"tipo_sanguineo": "B+",
		"cor": "verde"
	},
	{
		"nome": "Laura Larissa Castro",
		"idade": 74,
		"cpf": "439.432.921-34",
		"rg": "40.420.331-0",
		"data_nasc": "14/01/1949",
		"sexo": "Feminino",
		"signo": "Capricórnio",
		"mae": "Carla Raquel",
		"pai": "Iago Ruan Castro",
		"email": "laura_larissa_castro@psq.med.br",
		"senha": "lnTOOb6q1E",
		"cep": "72501-100",
		"endereco": "Quadra AC 101",
		"numero": 978,
		"bairro": "Santa Maria",
		"cidade": "Brasília",
		"estado": "DF",
		"telefone_fixo": "(61) 3995-5983",
		"celular": "(61) 99113-0409",
		"altura": "1,71",
		"peso": 47,
		"tipo_sanguineo": "AB+",
		"cor": "vermelho"
	}
]