[
	{
		"nome": "Silvana Ana Ayla Almeida",
		"idade": 78,
		"cpf": "921.878.131-69",
		"rg": "22.454.991-1",
		"data_nasc": "01/02/1945",
		"sexo": "Feminino",
		"signo": "Aquário",
		"mae": "Nicole Betina",
		"pai": "Enrico Caio Almeida",
		"email": "silvana_almeida@gabiaatelier.com.br",
		"senha": "7QnlXHDK7o",
		"cep": "70740-772",
		"endereco": "Quadra SHCGN 708 Bloco L",
		"numero": 555,
		"bairro": "Asa Norte",
		"cidade": "Brasília",
		"estado": "DF",
		"telefone_fixo": "(61) 2535-8267",
		"celular": "(61) 99885-7536",
		"altura": "1,59",
		"peso": 84,
		"tipo_sanguineo": "AB+",
		"cor": "verde"
	},
	{
		"nome": "Noah Erick Farias",
		"idade": 78,
		"cpf": "392.207.581-99",
		"rg": "37.558.570-9",
		"data_nasc": "13/01/1945",
		"sexo": "Masculino",
		"signo": "Capricórnio",
		"mae": "Márcia Márcia",
		"pai": "Geraldo Lorenzo Luan Farias",
		"email": "noah-farias78@icloud.con",
		"senha": "fOSFOFsYkn",
		"cep": "73050-603",
		"endereco": "Área Especial Área Especial para Indústria 10 Lote 4",
		"numero": 813,
		"bairro": "Sobradinho",
		"cidade": "Brasília",
		"estado": "DF",
		"telefone_fixo": "(61) 3617-2452",
		"celular": "(61) 98182-3484",
		"altura": "1,78",
		"peso": 70,
		"tipo_sanguineo": "AB-",
		"cor": "vermelho"
	},
	{
		"nome": "Luna Elisa Marlene Costa",
		"idade": 72,
		"cpf": "585.471.721-22",
		"rg": "15.870.586-5",
		"data_nasc": "11/02/1951",
		"sexo": "Feminino",
		"signo": "Aquário",
		"mae": "Heloise Amanda",
		"pai": "Alexandre Ricardo Costa",
		"email": "luna-costa91@grupoitamaraty.com.br",
		"senha": "nuRf6BHwdB",
		"cep": "71215-271",
		"endereco": "Quadra SOF Sul Quadra 14 Conjunto A",
		"numero": 913,
		"bairro": "Zona Industrial (Guará)",
		"cidade": "Brasília",
		"estado": "DF",
		"telefone_fixo": "(61) 2553-8945",
		"celular": "(61) 98253-2667",
		"altura": "1,55",
		"peso": 68,
		"tipo_sanguineo": "A-",
		"cor": "azul"
	},
	{
		"nome": "Luana Brenda Ferreira",
		"idade": 58,
		"cpf": "997.356.971-73",
		"rg": "45.816.913-4",
		"data_nasc": "15/01/1965",
		"sexo": "Feminino",
		"signo": "Capricórnio",
		"mae": "Eduarda Emanuelly",
		"pai": "Felipe Luís Sérgio Ferreira",
		"email": "luana_ferreira@vivalle.com.br",
		"senha": "GD0A4rLqLp",
		"cep": "71884-570",
		"endereco": "Quadra QS 16",
		"numero": 400,
		"bairro": "Riacho Fundo II",
		"cidade": "Brasília",
		"estado": "DF",
		"telefone_fixo": "(61) 2617-6958",
		"celular": "(61) 98373-5114",
		"altura": "1,62",
		"peso": 60,
		"tipo_sanguineo": "B-",
		"cor": "amarelo"
	},
	{
		"nome": "Eduarda Stella Marlene Rezende",
		"idade": 35,
		"cpf": "322.306.731-06",
		"rg": "49.397.795-8",
		"data_nasc": "20/02/1988",
		"sexo": "Feminino",
		"signo": "Peixes",
		"mae": "Tereza Isabel Antonella",
		"pai": "Anderson Carlos Francisco Rezende",
		"email": "eduarda_stella_rezende@tokiomarine.com.br",
		"senha": "CnkD2TPZLQ",
		"cep": "70238-180",
		"endereco": "Quadra SQS 404 Bloco R",
		"numero": 685,
		"bairro": "Asa Sul",
		"cidade": "Brasília",
		"estado": "DF",
		"telefone_fixo": "(61) 2923-3943",
		"celular": "(61) 99757-7133",
		"altura": "1,64",
		"peso": 90,
		"tipo_sanguineo": "A-",
		"cor": "verde"
	},
	{
		"nome": "Carolina Aparecida Carvalho",
		"idade": 23,
		"cpf": "855.123.791-86",
		"rg": "37.490.128-4",
		"data_nasc": "13/02/2000",
		"sexo": "Feminino",
		"signo": "Aquário",
		"mae": "Tereza Maya Manuela",
		"pai": "Severino Enzo Carvalho",
		"email": "carolinaaparecidacarvalho@agaxtur.com.br",
		"senha": "njI5xmJ7AT",
		"cep": "73355-710",
		"endereco": "Quadra Quadra 17 Conjunto J",
		"numero": 483,
		"bairro": "Setor Residencial Leste (Planaltina)",
		"cidade": "Brasília",
		"estado": "DF",
		"telefone_fixo": "(61) 3678-0432",
		"celular": "(61) 98356-2428",
		"altura": "1,54",
		"peso": 75,
		"tipo_sanguineo": "O+",
		"cor": "vermelho"
	},
	{
		"nome": "Vinicius Elias Bryan Assunção",
		"idade": 50,
		"cpf": "981.264.951-46",
		"rg": "38.090.757-4",
		"data_nasc": "21/01/1973",
		"sexo": "Masculino",
		"signo": "Aquário",
		"mae": "Josefa Regina",
		"pai": "Kauê Luiz Assunção",
		"email": "vinicius_elias_assuncao@aprimor.com",
		"senha": "uJ1wdlqepx",
		"cep": "70655-753",
		"endereco": "Quadra SHCES Quadra 705 Bloco C",
		"numero": 827,
		"bairro": "Cruzeiro Novo",
		"cidade": "Brasília",
		"estado": "DF",
		"telefone_fixo": "(61) 3860-7245",
		"celular": "(61) 99746-3783",
		"altura": "1,84",
		"peso": 98,
		"tipo_sanguineo": "B-",
		"cor": "laranja"
	},
	{
		"nome": "Geraldo Benjamin Araújo",
		"idade": 52,
		"cpf": "377.943.921-28",
		"rg": "37.563.496-4",
		"data_nasc": "14/01/1971",
		"sexo": "Masculino",
		"signo": "Capricórnio",
		"mae": "Lavínia Marli",
		"pai": "Samuel Erick Danilo Araújo",
		"email": "geraldo_araujo@agreonoma.eng.br",
		"senha": "AUqQnAGcfP",
		"cep": "73050-152",
		"endereco": "Quadra Quadra 16 Área Especial 02",
		"numero": 846,
		"bairro": "Sobradinho",
		"cidade": "Brasília",
		"estado": "DF",
		"telefone_fixo": "(61) 2941-5958",
		"celular": "(61) 98834-1696",
		"altura": "1,85",
		"peso": 89,
		"tipo_sanguineo": "AB+",
		"cor": "roxo"
	},
	{
		"nome": "Emanuel Julio Ribeiro",
		"idade": 55,
		"cpf": "368.620.921-70",
		"rg": "32.087.037-6",
		"data_nasc": "22/01/1968",
		"sexo": "Masculino",
		"signo": "Aquário",
		"mae": "Lavínia Isabelle Laís",
		"pai": "Benício Márcio Theo Ribeiro",
		"email": "emanueljulioribeiro@cuppari.com.br",
		"senha": "ypiF8uiIOO",
		"cep": "72745-006",
		"endereco": "Quadra Quadra 45 Conjunto F",
		"numero": 431,
		"bairro": "Vila São José (Brazlândia)",
		"cidade": "Brasília",
		"estado": "DF",
		"telefone_fixo": "(61) 3964-9054",
		"celular": "(61) 98944-5555",
		"altura": "1,64",
		"peso": 81,
		"tipo_sanguineo": "O-",
		"cor": "verde"
	},
	{
		"nome": "Yasmin Tânia Cardoso",
		"idade": 63,
		"cpf": "902.956.631-03",
		"rg": "17.007.561-8",
		"data_nasc": "17/02/1960",
		"sexo": "Feminino",
		"signo": "Aquário",
		"mae": "Vera Jennifer Elza",
		"pai": "Tiago Marcos Marcos Cardoso",
		"email": "yasmin-cardoso72@yoma.com.br",
		"senha": "7i4DsTG1oe",
		"cep": "70790-123",
		"endereco": "Quadra SGAN 912 Módulo C",
		"numero": 331,
		"bairro": "Asa Norte",
		"cidade": "Brasília",
		"estado": "DF",
		"telefone_fixo": "(61) 2992-4355",
		"celular": "(61) 98459-5376",
		"altura": "1,71",
		"peso": 47,
		"tipo_sanguineo": "A-",
		"cor": "preto"
	},
	{
		"nome": "Luan Joaquim Pereira",
		"idade": 38,
		"cpf": "806.768.971-77",
		"rg": "22.284.385-8",
		"data_nasc": "02/01/1985",
		"sexo": "Masculino",
		"signo": "Capricórnio",
		"mae": "Isadora Gabrielly Daniela",
		"pai": "Leonardo Bernardo Vicente Pereira",
		"email": "luan_pereira@associate.com.br",
		"senha": "QtwqM9CTaJ",
		"cep": "72306-613",
		"endereco": "Quadra QR 308 Conjunto 13",
		"numero": 584,
		"bairro": "Samambaia Sul (Samambaia)",
		"cidade": "Brasília",
		"estado": "DF",
		"telefone_fixo": "(61) 2506-2397",
		"celular": "(61) 99569-0139",
		"altura": "1,94",
		"peso": 77,
		"tipo_sanguineo": "O+",
		"cor": "amarelo"
	},
	{
		"nome": "Gustavo Diego Sérgio Caldeira",
		"idade": 37,
		"cpf": "842.760.161-18",
		"rg": "43.287.652-2",
		"data_nasc": "22/02/1986",
		"sexo": "Masculino",
		"signo": "Peixes",
		"mae": "Camila Renata Renata",
		"pai": "Francisco Eduardo Caldeira",
		"email": "gustavodiegocaldeira@apso.org.br",
		"senha": "DxiE31ob3s",
		"cep": "72548-521",
		"endereco": "Quadra QR 118 Área Especial 1",
		"numero": 265,
		"bairro": "Santa Maria",
		"cidade": "Brasília",
		"estado": "DF",
		"telefone_fixo": "(61) 3713-7371",
		"celular": "(61) 98874-0474",
		"altura": "1,63",
		"peso": 90,
		"tipo_sanguineo": "O+",
		"cor": "preto"
	},
	{
		"nome": "Rafael Fábio Juan da Rocha",
		"idade": 49,
		"cpf": "478.944.041-95",
		"rg": "36.204.215-9",
		"data_nasc": "25/01/1974",
		"sexo": "Masculino",
		"signo": "Aquário",
		"mae": "Tânia Carolina",
		"pai": "Tiago Nelson Pedro da Rocha",
		"email": "rafael-darocha75@virtualcriativa.com.br",
		"senha": "4e58S9MxnH",
		"cep": "72007-810",
		"endereco": "Rua Rua 12 Chácara 319",
		"numero": 782,
		"bairro": "Setor Habitacional Vicente Pires",
		"cidade": "Brasília",
		"estado": "DF",
		"telefone_fixo": "(61) 3779-7865",
		"celular": "(61) 99707-4729",
		"altura": "1,67",
		"peso": 59,
		"tipo_sanguineo": "AB-",
		"cor": "verde"
	},
	{
		"nome": "Marcos Pedro Henrique Barbosa",
		"idade": 27,
		"cpf": "929.896.851-54",
		"rg": "26.768.107-0",
		"data_nasc": "09/02/1996",
		"sexo": "Masculino",
		"signo": "Aquário",
		"mae": "Rita Luana",
		"pai": "Pedro Henrique Gael Henrique Barbosa",
		"email": "marcos_pedro_barbosa@inepar.com.br",
		"senha": "T72aeP5d6B",
		"cep": "72640-423",
		"endereco": "Quadra Quadra 604 Conjunto 23",
		"numero": 329,
		"bairro": "Recanto das Emas",
		"cidade": "Brasília",
		"estado": "DF",
		"telefone_fixo": "(61) 3563-7579",
		"celular": "(61) 99331-0831",
		"altura": "1,95",
		"peso": 106,
		"tipo_sanguineo": "B+",
		"cor": "vermelho"
	},
	{
		"nome": "Otávio Cláudio Carlos Vieira",
		"idade": 76,
		"cpf": "650.968.521-30",
		"rg": "44.136.751-3",
		"data_nasc": "07/01/1947",
		"sexo": "Masculino",
		"signo": "Capricórnio",
		"mae": "Louise Patrícia",
		"pai": "Murilo Cauã Cauã Vieira",
		"email": "otavio_claudio_vieira@yahoo.com",
		"senha": "StF27COHE0",
		"cep": "73355-054",
		"endereco": "Quadra EQ 10/20 Conjunto D",
		"numero": 527,
		"bairro": "Setor Residencial Leste (Planaltina)",
		"cidade": "Brasília",
		"estado": "DF",
		"telefone_fixo": "(61) 2529-7542",
		"celular": "(61) 98648-3529",
		"altura": "1,98",
		"peso": 109,
		"tipo_sanguineo": "O-",
		"cor": "vermelho"
	},
	{
		"nome": "Elaine Emilly Patrícia Martins",
		"idade": 46,
		"cpf": "894.158.451-55",
		"rg": "32.227.071-6",
		"data_nasc": "13/02/1977",
		"sexo": "Feminino",
		"signo": "Aquário",
		"mae": "Stella Gabriela Louise",
		"pai": "Kaique Pietro Danilo Martins",
		"email": "elaine_emilly_martins@franciscofilho.adv.br",
		"senha": "n1O1U1ElxS",
		"cep": "72320-563",
		"endereco": "Quadra QN 414 Conjunto C",
		"numero": 381,
		"bairro": "Samambaia Norte (Samambaia)",
		"cidade": "Brasília",
		"estado": "DF",
		"telefone_fixo": "(61) 3750-0791",
		"celular": "(61) 98949-9653",
		"altura": "1,81",
		"peso": 75,
		"tipo_sanguineo": "B+",
		"cor": "verde"
	},
	{
		"nome": "Bárbara Olivia Sarah Jesus",
		"idade": 27,
		"cpf": "512.358.101-43",
		"rg": "22.818.335-2",
		"data_nasc": "02/01/1996",
		"sexo": "Feminino",
		"signo": "Capricórnio",
		"mae": "Jaqueline Allana Elisa",
		"pai": "Ryan José Gustavo Jesus",
		"email": "barbara_jesus@modus.com.br",
		"senha": "wW5pWS6hZI",
		"cep": "72725-305",
		"endereco": "Quadra Quadra 3 Conjunto E",
		"numero": 935,
		"bairro": "Veredas (Brazlândia)",
		"cidade": "Brasília",
		"estado": "DF",
		"telefone_fixo": "(61) 3732-0779",
		"celular": "(61) 99195-8928",
		"altura": "1,50",
		"peso": 66,
		"tipo_sanguineo": "A+",
		"cor": "amarelo"
	},
	{
		"nome": "Caio Bryan Bryan Pinto",
		"idade": 66,
		"cpf": "212.348.511-05",
		"rg": "10.952.578-4",
		"data_nasc": "08/02/1957",
		"sexo": "Masculino",
		"signo": "Aquário",
		"mae": "Eloá Evelyn Nair",
		"pai": "Anthony Lorenzo Otávio Pinto",
		"email": "caio_pinto@centrooleo.com.br",
		"senha": "G9mLoW6OZJ",
		"cep": "70278-100",
		"endereco": "Quadra SQS 412 Bloco J",
		"numero": 326,
		"bairro": "Asa Sul",
		"cidade": "Brasília",
		"estado": "DF",
		"telefone_fixo": "(61) 3827-6069",
		"celular": "(61) 98221-0073",
		"altura": "1,99",
		"peso": 59,
		"tipo_sanguineo": "B-",
		"cor": "verde"
	},
	{
		"nome": "Diogo Noah Vicente Gonçalves",
		"idade": 28,
		"cpf": "453.255.951-05",
		"rg": "22.656.092-2",
		"data_nasc": "20/02/1995",
		"sexo": "Masculino",
		"signo": "Peixes",
		"mae": "Fátima Fernanda",
		"pai": "Cauã Daniel Cauê Gonçalves",
		"email": "diogo_goncalves@dpi.indl.com.br",
		"senha": "rGE5uzIJdf",
		"cep": "71071-226",
		"endereco": "Quadra QE 54 Comércio Local s/n",
		"numero": 299,
		"bairro": "Guará II",
		"cidade": "Brasília",
		"estado": "DF",
		"telefone_fixo": "(61) 3963-3632",
		"celular": "(61) 98279-5101",
		"altura": "1,98",
		"peso": 97,
		"tipo_sanguineo": "O+",
		"cor": "roxo"
	},
	{
		"nome": "Emily Ana Lopes",
		"idade": 24,
		"cpf": "909.477.881-58",
		"rg": "12.558.850-1",
		"data_nasc": "05/01/1999",
		"sexo": "Feminino",
		"signo": "Capricórnio",
		"mae": "Adriana Benedita",
		"pai": "Diogo Hugo Gustavo Lopes",
		"email": "emilyanalopes@panfletosecia.com",
		"senha": "EZn3wLuodZ",
		"cep": "73368-420",
		"endereco": "Quadra 1E Conjunto A",
		"numero": 760,
		"bairro": "Arapoanga (Planaltina)",
		"cidade": "Brasília",
		"estado": "DF",
		"telefone_fixo": "(61) 3851-1840",
		"celular": "(61) 99747-4737",
		"altura": "1,52",
		"peso": 52,
		"tipo_sanguineo": "A+",
		"cor": "vermelho"
	},
	{
		"nome": "Aline Beatriz Campos",
		"idade": 52,
		"cpf": "183.379.141-06",
		"rg": "27.294.594-8",
		"data_nasc": "12/01/1971",
		"sexo": "Feminino",
		"signo": "Capricórnio",
		"mae": "Alana Aline Isabelly",
		"pai": "Calebe Carlos Eduardo Campos",
		"email": "aline.beatriz.campos@iq.unesp.br",
		"senha": "FEmr9Yo35e",
		"cep": "72420-200",
		"endereco": "Quadra Quadra 20",
		"numero": 874,
		"bairro": "Setor Oeste (Gama)",
		"cidade": "Brasília",
		"estado": "DF",
		"telefone_fixo": "(61) 2812-4259",
		"celular": "(61) 99228-5368",
		"altura": "1,65",
		"peso": 85,
		"tipo_sanguineo": "B-",
		"cor": "azul"
	},
	{
		"nome": "César Nathan Lima",
		"idade": 69,
		"cpf": "737.342.101-60",
		"rg": "12.428.505-3",
		"data_nasc": "07/02/1954",
		"sexo": "Masculino",
		"signo": "Aquário",
		"mae": "Daiane Elza",
		"pai": "Márcio Ruan Lucas Lima",
		"email": "cesar.nathan.lima@pgpci.com.br",
		"senha": "7uNP5C8xGj",
		"cep": "72316-095",
		"endereco": "Quadra QR 204 Conjunto 15",
		"numero": 356,
		"bairro": "Samambaia Norte (Samambaia)",
		"cidade": "Brasília",
		"estado": "DF",
		"telefone_fixo": "(61) 2892-3334",
		"celular": "(61) 98871-0692",
		"altura": "1,78",
		"peso": 92,
		"tipo_sanguineo": "AB-",
		"cor": "roxo"
	},
	{
		"nome": "Fábio Thales Brito",
		"idade": 48,
		"cpf": "934.329.341-06",
		"rg": "48.273.928-9",
		"data_nasc": "08/01/1975",
		"sexo": "Masculino",
		"signo": "Capricórnio",
		"mae": "Ana Cristiane Benedita",
		"pai": "Benício Sebastião Severino Brito",
		"email": "fabio_thales_brito@focusnetworks.com.br",
		"senha": "T0uFEBBeIg",
		"cep": "71805-731",
		"endereco": "Quadra QN 7 Área Especial 1",
		"numero": 509,
		"bairro": "Riacho Fundo I",
		"cidade": "Brasília",
		"estado": "DF",
		"telefone_fixo": "(61) 3794-7954",
		"celular": "(61) 98403-8290",
		"altura": "1,93",
		"peso": 67,
		"tipo_sanguineo": "AB-",
		"cor": "vermelho"
	},
	{
		"nome": "Julia Laura Jaqueline das Neves",
		"idade": 46,
		"cpf": "981.745.381-27",
		"rg": "37.510.658-3",
		"data_nasc": "11/01/1977",
		"sexo": "Feminino",
		"signo": "Capricórnio",
		"mae": "Letícia Tatiane Beatriz",
		"pai": "Lucca Hugo das Neves",
		"email": "julia.laura.dasneves@papayacomunicacao.com.br",
		"senha": "7M89Npz4qA",
		"cep": "72317-103",
		"endereco": "Quadra QR 523 Conjunto 3",
		"numero": 554,
		"bairro": "Samambaia Sul (Samambaia)",
		"cidade": "Brasília",
		"estado": "DF",
		"telefone_fixo": "(61) 3757-6278",
		"celular": "(61) 99909-4280",
		"altura": "1,62",
		"peso": 73,
		"tipo_sanguineo": "B-",
		"cor": "verde"
	},
	{
		"nome": "Juan Rodrigo Duarte",
		"idade": 64,
		"cpf": "626.117.801-10",
		"rg": "16.082.043-1",
		"data_nasc": "13/02/1959",
		"sexo": "Masculino",
		"signo": "Aquário",
		"mae": "Josefa Bárbara Carolina",
		"pai": "Diogo Bernardo Luís Duarte",
		"email": "juan_rodrigo_duarte@recatec.com.br",
		"senha": "tfwjunsarw",
		"cep": "73350-153",
		"endereco": "Quadra EQ 1/2 Bloco C",
		"numero": 199,
		"bairro": "Setor Residencial Leste (Planaltina)",
		"cidade": "Brasília",
		"estado": "DF",
		"telefone_fixo": "(61) 3620-1636",
		"celular": "(61) 98506-0823",
		"altura": "1,89",
		"peso": 104,
		"tipo_sanguineo": "O+",
		"cor": "vermelho"
	},
	{
		"nome": "Arthur Caleb Moraes",
		"idade": 29,
		"cpf": "876.929.901-31",
		"rg": "32.568.951-9",
		"data_nasc": "12/02/1994",
		"sexo": "Masculino",
		"signo": "Aquário",
		"mae": "Olivia Lorena",
		"pai": "Yago Enrico Diogo Moraes",
		"email": "arthur-moraes83@cielo.com.br",
		"senha": "iD6HHyaqmr",
		"cep": "71010-044",
		"endereco": "Quadra QI 6 Conjunto D",
		"numero": 673,
		"bairro": "Guará I",
		"cidade": "Brasília",
		"estado": "DF",
		"telefone_fixo": "(61) 3922-7962",
		"celular": "(61) 98294-4774",
		"altura": "1,93",
		"peso": 107,
		"tipo_sanguineo": "AB+",
		"cor": "amarelo"
	},
	{
		"nome": "Camila Teresinha da Rosa",
		"idade": 54,
		"cpf": "683.320.641-47",
		"rg": "46.471.783-8",
		"data_nasc": "21/01/1969",
		"sexo": "Feminino",
		"signo": "Aquário",
		"mae": "Elaine Nair Andrea",
		"pai": "Pietro Murilo Ruan da Rosa",
		"email": "camila-darosa97@gerdal.com.br",
		"senha": "qgKEcY64QB",
		"cep": "72547-204",
		"endereco": "Quadra CL 117 Bloco D",
		"numero": 703,
		"bairro": "Santa Maria",
		"cidade": "Brasília",
		"estado": "DF",
		"telefone_fixo": "(61) 3862-6158",
		"celular": "(61) 98738-9942",
		"altura": "1,75",
		"peso": 68,
		"tipo_sanguineo": "A+",
		"cor": "laranja"
	},
	{
		"nome": "Filipe Breno Felipe Gomes",
		"idade": 68,
		"cpf": "612.562.831-00",
		"rg": "46.710.646-0",
		"data_nasc": "25/01/1955",
		"sexo": "Masculino",
		"signo": "Aquário",
		"mae": "Sophie Laura Bárbara",
		"pai": "Diogo Miguel Gomes",
		"email": "filipe_breno_gomes@agsolve.com.br",
		"senha": "Jp8XNdzPpR",
		"cep": "70746-540",
		"endereco": "Quadra CLN 307 Bloco D",
		"numero": 684,
		"bairro": "Asa Norte",
		"cidade": "Brasília",
		"estado": "DF",
		"telefone_fixo": "(61) 3879-1113",
		"celular": "(61) 98711-5369",
		"altura": "1,75",
		"peso": 79,
		"tipo_sanguineo": "AB-",
		"cor": "preto"
	},
	{
		"nome": "Fernanda Vanessa Fogaça",
		"idade": 77,
		"cpf": "007.163.871-74",
		"rg": "11.841.017-9",
		"data_nasc": "24/02/1946",
		"sexo": "Feminino",
		"signo": "Peixes",
		"mae": "Alice Rafaela Cláudia",
		"pai": "Cauã Kevin Thomas Fogaça",
		"email": "fernanda_fogaca@eletrotex.com.br",
		"senha": "XClJopells",
		"cep": "72631-122",
		"endereco": "Quadra Quadra 405 Conjunto 22",
		"numero": 818,
		"bairro": "Recanto das Emas",
		"cidade": "Brasília",
		"estado": "DF",
		"telefone_fixo": "(61) 3731-9352",
		"celular": "(61) 99743-2362",
		"altura": "1,56",
		"peso": 60,
		"tipo_sanguineo": "O-",
		"cor": "preto"
	},
	{
		"nome": "Renato Cauê Cavalcanti",
		"idade": 55,
		"cpf": "607.118.791-50",
		"rg": "11.134.079-2",
		"data_nasc": "21/01/1968",
		"sexo": "Masculino",
		"signo": "Aquário",
		"mae": "Isabella Milena",
		"pai": "Thiago Martin Cavalcanti",
		"email": "renato_cavalcanti@vemter.com.br",
		"senha": "MzoM3b9658",
		"cep": "71607-900",
		"endereco": "Área Militar do Aeroporto único",
		"numero": 100,
		"bairro": "Setor de Habitações Individuais Sul",
		"cidade": "Brasília",
		"estado": "DF",
		"telefone_fixo": "(61) 2724-2082",
		"celular": "(61) 98876-8607",
		"altura": "1,65",
		"peso": 60,
		"tipo_sanguineo": "O-",
		"cor": "preto"
	}
]