[
	{
		"nome": "Manuel André Antonio Fogaça",
		"idade": 49,
		"cpf": "724.386.591-73",
		"rg": "23.362.208-1",
		"data_nasc": "12/02/1974",
		"sexo": "Masculino",
		"signo": "Aquário",
		"mae": "Isadora Larissa Malu",
		"pai": "Cláudio Noah Fogaça",
		"email": "manuel-fogaca92@dominatto.ind.br",
		"senha": "n1CfABoNSS",
		"cep": "72548-815",
		"endereco": "Quadra QR 518 Conjunto O",
		"numero": 675,
		"bairro": "Santa Maria",
		"cidade": "Brasília",
		"estado": "DF",
		"telefone_fixo": "(61) 3722-4729",
		"celular": "(61) 99418-3369",
		"altura": "1,88",
		"peso": 96,
		"tipo_sanguineo": "B+",
		"cor": "preto"
	},
	{
		"nome": "Augusto Julio Caleb Martins",
		"idade": 52,
		"cpf": "909.086.031-26",
		"rg": "14.708.317-5",
		"data_nasc": "02/02/1971",
		"sexo": "Masculino",
		"signo": "Aquário",
		"mae": "Cecília Lavínia",
		"pai": "Lucas Osvaldo Igor Martins",
		"email": "augusto.julio.martins@dep.ufscar.br",
		"senha": "qN0SiaN9YP",
		"cep": "73270-900",
		"endereco": "Rodovia BR-020 Km 12",
		"numero": 545,
		"bairro": "Nova Colina (Sobradinho)",
		"cidade": "Brasília",
		"estado": "DF",
		"telefone_fixo": "(61) 2670-6538",
		"celular": "(61) 98427-3827",
		"altura": "1,70",
		"peso": 71,
		"tipo_sanguineo": "A-",
		"cor": "preto"
	},
	{
		"nome": "Lucas Vitor Bruno Silva",
		"idade": 73,
		"cpf": "682.918.461-46",
		"rg": "22.690.103-8",
		"data_nasc": "18/02/1950",
		"sexo": "Masculino",
		"signo": "Aquário",
		"mae": "Alana Isabella Tereza",
		"pai": "Igor Sebastião Silva",
		"email": "lucas_silva@lexos.com.br",
		"senha": "YJSdWgdpIW",
		"cep": "72017-329",
		"endereco": "Quadra QSC 19 Chácara 27 Conjunto C",
		"numero": 439,
		"bairro": "Taguatinga Sul (Taguatinga)",
		"cidade": "Brasília",
		"estado": "DF",
		"telefone_fixo": "(61) 2603-7585",
		"celular": "(61) 98514-9111",
		"altura": "1,83",
		"peso": 53,
		"tipo_sanguineo": "AB-",
		"cor": "azul"
	},
	{
		"nome": "Eduardo Otávio Rafael Gomes",
		"idade": 28,
		"cpf": "113.302.691-52",
		"rg": "45.536.562-3",
		"data_nasc": "13/01/1995",
		"sexo": "Masculino",
		"signo": "Capricórnio",
		"mae": "Esther Andrea Clara",
		"pai": "Benedito Edson Gomes",
		"email": "eduardo.otavio.gomes@oralcamp.com.br",
		"senha": "MG69NsTr4F",
		"cep": "72405-380",
		"endereco": "Quadra Quadra 38",
		"numero": 312,
		"bairro": "Setor Central (Gama)",
		"cidade": "Brasília",
		"estado": "DF",
		"telefone_fixo": "(61) 3600-6623",
		"celular": "(61) 98485-9714",
		"altura": "1,83",
		"peso": 107,
		"tipo_sanguineo": "O+",
		"cor": "preto"
	},
	{
		"nome": "Joaquim Cauã Corte Real",
		"idade": 46,
		"cpf": "056.497.151-06",
		"rg": "20.092.269-5",
		"data_nasc": "14/01/1977",
		"sexo": "Masculino",
		"signo": "Capricórnio",
		"mae": "Eduarda Renata Esther",
		"pai": "Kauê Renan Nicolas Corte Real",
		"email": "joaquim.caua.cortereal@grupoblackout.com.br",
		"senha": "GuodqzeMyO",
		"cep": "72610-318",
		"endereco": "Quadra Quadra 203 Conjunto 18",
		"numero": 801,
		"bairro": "Recanto das Emas",
		"cidade": "Brasília",
		"estado": "DF",
		"telefone_fixo": "(61) 2578-1618",
		"celular": "(61) 99809-6235",
		"altura": "1,79",
		"peso": 70,
		"tipo_sanguineo": "B-",
		"cor": "amarelo"
	},
	{
		"nome": "Miguel Tomás Fernando Cavalcanti",
		"idade": 45,
		"cpf": "566.320.371-00",
		"rg": "21.155.331-1",
		"data_nasc": "26/01/1978",
		"sexo": "Masculino",
		"signo": "Aquário",
		"mae": "Patrícia Isis Sônia",
		"pai": "Luís César Cavalcanti",
		"email": "miguel.tomas.cavalcanti@desir.com.br",
		"senha": "xiWcUcJK4E",
		"cep": "72650-095",
		"endereco": "Quadra Quadra 801 Conjunto 18",
		"numero": 959,
		"bairro": "Recanto das Emas",
		"cidade": "Brasília",
		"estado": "DF",
		"telefone_fixo": "(61) 2802-5378",
		"celular": "(61) 99148-9728",
		"altura": "1,72",
		"peso": 77,
		"tipo_sanguineo": "AB-",
		"cor": "amarelo"
	},
	{
		"nome": "Guilherme Ruan Thiago Barros",
		"idade": 39,
		"cpf": "703.207.581-92",
		"rg": "44.335.719-5",
		"data_nasc": "13/01/1984",
		"sexo": "Masculino",
		"signo": "Capricórnio",
		"mae": "Alana Gabriela",
		"pai": "Yuri Calebe Barros",
		"email": "guilherme_barros@tokiomarine.com.br",
		"senha": "uqOumGFCeP",
		"cep": "71215-550",
		"endereco": "Setor SGCV Lote 5",
		"numero": 157,
		"bairro": "Zona Industrial (Guará)",
		"cidade": "Brasília",
		"estado": "DF",
		"telefone_fixo": "(61) 2649-6220",
		"celular": "(61) 99478-8526",
		"altura": "1,85",
		"peso": 104,
		"tipo_sanguineo": "B-",
		"cor": "vermelho"
	},
	{
		"nome": "Bernardo Ian Bernardes",
		"idade": 51,
		"cpf": "835.489.321-93",
		"rg": "24.603.572-9",
		"data_nasc": "25/01/1972",
		"sexo": "Masculino",
		"signo": "Aquário",
		"mae": "Luzia Rayssa Catarina",
		"pai": "Vinicius João Bernardes",
		"email": "bernardo_bernardes@fertau.com.br",
		"senha": "Y8JmZxrkZR",
		"cep": "70380-728",
		"endereco": "Quadra SHIGS 713 Bloco P-1",
		"numero": 575,
		"bairro": "Asa Sul",
		"cidade": "Brasília",
		"estado": "DF",
		"telefone_fixo": "(61) 3694-0141",
		"celular": "(61) 98558-7807",
		"altura": "1,62",
		"peso": 53,
		"tipo_sanguineo": "B+",
		"cor": "preto"
	},
	{
		"nome": "Luan Iago de Paula",
		"idade": 41,
		"cpf": "374.067.441-53",
		"rg": "21.905.340-6",
		"data_nasc": "25/02/1982",
		"sexo": "Masculino",
		"signo": "Peixes",
		"mae": "Vanessa Emilly",
		"pai": "Eduardo Ruan Paulo de Paula",
		"email": "luan-depaula73@transportesflores.com.br",
		"senha": "xXx5shc3aq",
		"cep": "71693-207",
		"endereco": "Rua 7",
		"numero": 468,
		"bairro": "João Cândido (São Sebastião)",
		"cidade": "Brasília",
		"estado": "DF",
		"telefone_fixo": "(61) 3590-0407",
		"celular": "(61) 99424-4150",
		"altura": "1,91",
		"peso": 74,
		"tipo_sanguineo": "AB-",
		"cor": "azul"
	},
	{
		"nome": "Elias Augusto José da Rosa",
		"idade": 57,
		"cpf": "287.441.081-09",
		"rg": "14.960.698-9",
		"data_nasc": "14/01/1966",
		"sexo": "Masculino",
		"signo": "Capricórnio",
		"mae": "Laís Laura Manuela",
		"pai": "Alexandre Vicente da Rosa",
		"email": "elias.augusto.darosa@gaviola.com",
		"senha": "LAiRpPzron",
		"cep": "70296-030",
		"endereco": "Quadra SQS 413 Bloco C",
		"numero": 904,
		"bairro": "Asa Sul",
		"cidade": "Brasília",
		"estado": "DF",
		"telefone_fixo": "(61) 2985-5210",
		"celular": "(61) 98656-9875",
		"altura": "1,65",
		"peso": 109,
		"tipo_sanguineo": "O-",
		"cor": "verde"
	},
	{
		"nome": "Daniel Nelson Raul Peixoto",
		"idade": 80,
		"cpf": "109.663.401-59",
		"rg": "26.805.827-1",
		"data_nasc": "17/01/1943",
		"sexo": "Masculino",
		"signo": "Capricórnio",
		"mae": "Nina Raimunda Maya",
		"pai": "Marcos Vinicius Fernando Otávio Peixoto",
		"email": "daniel.nelson.peixoto@dmarquivo.com.br",
		"senha": "xKxkyk66KY",
		"cep": "72005-395",
		"endereco": "Chácara EPTG Chácara 77",
		"numero": 975,
		"bairro": "Setor Habitacional Vicente Pires",
		"cidade": "Brasília",
		"estado": "DF",
		"telefone_fixo": "(61) 2906-4901",
		"celular": "(61) 98224-6907",
		"altura": "1,96",
		"peso": 57,
		"tipo_sanguineo": "A+",
		"cor": "amarelo"
	},
	{
		"nome": "Beatriz Larissa da Cunha",
		"idade": 36,
		"cpf": "740.715.601-85",
		"rg": "17.723.486-6",
		"data_nasc": "20/02/1987",
		"sexo": "Feminino",
		"signo": "Peixes",
		"mae": "Rebeca Louise Larissa",
		"pai": "Caleb Caleb da Cunha",
		"email": "beatrizlarissadacunha@sandvik.com",
		"senha": "qCE8QHAXoz",
		"cep": "72503-420",
		"endereco": "Quadra QR 103 Conjunto T",
		"numero": 615,
		"bairro": "Santa Maria",
		"cidade": "Brasília",
		"estado": "DF",
		"telefone_fixo": "(61) 2931-3725",
		"celular": "(61) 98265-8411",
		"altura": "1,69",
		"peso": 83,
		"tipo_sanguineo": "AB-",
		"cor": "azul"
	},
	{
		"nome": "Antonio Renan André Rezende",
		"idade": 78,
		"cpf": "867.352.391-56",
		"rg": "14.928.249-7",
		"data_nasc": "25/02/1945",
		"sexo": "Masculino",
		"signo": "Peixes",
		"mae": "Brenda Giovanna Rita",
		"pai": "Diogo Iago Rezende",
		"email": "antonio_rezende@oticascarol.com.br",
		"senha": "aSspQHRfDz",
		"cep": "72319-022",
		"endereco": "Quadra QR 401 Conjunto 22",
		"numero": 126,
		"bairro": "Samambaia Norte (Samambaia)",
		"cidade": "Brasília",
		"estado": "DF",
		"telefone_fixo": "(61) 2760-3237",
		"celular": "(61) 99171-7799",
		"altura": "1,66",
		"peso": 86,
		"tipo_sanguineo": "A+",
		"cor": "verde"
	},
	{
		"nome": "Giovanni Osvaldo Gabriel da Mota",
		"idade": 45,
		"cpf": "911.158.211-13",
		"rg": "16.064.758-7",
		"data_nasc": "11/02/1978",
		"sexo": "Masculino",
		"signo": "Aquário",
		"mae": "Fabiana Teresinha Daniela",
		"pai": "Pietro Lucas da Mota",
		"email": "giovanni.osvaldo.damota@mail.com",
		"senha": "MA6SCpLzJz",
		"cep": "72631-220",
		"endereco": "Quadra Quadra 406 Conjunto T",
		"numero": 827,
		"bairro": "Recanto das Emas",
		"cidade": "Brasília",
		"estado": "DF",
		"telefone_fixo": "(61) 2998-7562",
		"celular": "(61) 99323-1117",
		"altura": "1,60",
		"peso": 74,
		"tipo_sanguineo": "B+",
		"cor": "amarelo"
	},
	{
		"nome": "Natália Louise Galvão",
		"idade": 69,
		"cpf": "229.208.961-05",
		"rg": "46.989.689-9",
		"data_nasc": "15/01/1954",
		"sexo": "Feminino",
		"signo": "Capricórnio",
		"mae": "Stefany Hadassa",
		"pai": "Luan Leonardo Galvão",
		"email": "natalia-galvao98@hotmail.fr",
		"senha": "y779LoPSey",
		"cep": "72621-218",
		"endereco": "Avenida Recanto Quadra 305",
		"numero": 214,
		"bairro": "Recanto das Emas",
		"cidade": "Brasília",
		"estado": "DF",
		"telefone_fixo": "(61) 2792-1508",
		"celular": "(61) 98446-0043",
		"altura": "1,70",
		"peso": 77,
		"tipo_sanguineo": "B+",
		"cor": "laranja"
	},
	{
		"nome": "Bruno Danilo Almada",
		"idade": 68,
		"cpf": "662.855.221-70",
		"rg": "30.242.690-5",
		"data_nasc": "10/01/1955",
		"sexo": "Masculino",
		"signo": "Capricórnio",
		"mae": "Tânia Isabelly Raimunda",
		"pai": "Bento Carlos Eduardo Almada",
		"email": "bruno_danilo_almada@uninorte.com.br",
		"senha": "5Kcx6Py11w",
		"cep": "72007-135",
		"endereco": "Rua Rua 8 Chácara 333",
		"numero": 935,
		"bairro": "Setor Habitacional Vicente Pires",
		"cidade": "Brasília",
		"estado": "DF",
		"telefone_fixo": "(61) 3631-9057",
		"celular": "(61) 99711-7198",
		"altura": "1,81",
		"peso": 92,
		"tipo_sanguineo": "AB-",
		"cor": "preto"
	},
	{
		"nome": "Vitória Luna Moreira",
		"idade": 42,
		"cpf": "197.259.091-00",
		"rg": "17.240.150-1",
		"data_nasc": "26/01/1981",
		"sexo": "Feminino",
		"signo": "Aquário",
		"mae": "Helena Stella",
		"pai": "Kauê Breno Renato Moreira",
		"email": "vitoria.luna.moreira@band.com.br",
		"senha": "Sy5p6AYlX8",
		"cep": "71256-040",
		"endereco": "Quadra Quadra 4 Conjunto 6",
		"numero": 672,
		"bairro": "Setor Oeste (Vila Estrutural - Guará)",
		"cidade": "Brasília",
		"estado": "DF",
		"telefone_fixo": "(61) 2763-7606",
		"celular": "(61) 98474-3199",
		"altura": "1,65",
		"peso": 86,
		"tipo_sanguineo": "B+",
		"cor": "laranja"
	},
	{
		"nome": "Francisco Henry das Neves",
		"idade": 31,
		"cpf": "479.654.011-34",
		"rg": "21.046.444-6",
		"data_nasc": "22/02/1992",
		"sexo": "Masculino",
		"signo": "Peixes",
		"mae": "Melissa Juliana",
		"pai": "Paulo João Luís das Neves",
		"email": "francisco_dasneves@land.com.br",
		"senha": "1yf1bisx2Z",
		"cep": "72006-535",
		"endereco": "Rua Rua 6 Chácara 261",
		"numero": 506,
		"bairro": "Setor Habitacional Vicente Pires",
		"cidade": "Brasília",
		"estado": "DF",
		"telefone_fixo": "(61) 3510-1885",
		"celular": "(61) 98704-0958",
		"altura": "1,74",
		"peso": 92,
		"tipo_sanguineo": "B+",
		"cor": "vermelho"
	},
	{
		"nome": "Heloise Gabriela Figueiredo",
		"idade": 49,
		"cpf": "274.317.181-28",
		"rg": "45.710.134-9",
		"data_nasc": "10/01/1974",
		"sexo": "Feminino",
		"signo": "Capricórnio",
		"mae": "Eloá Valentina",
		"pai": "Joaquim Thomas Jorge Figueiredo",
		"email": "heloise-figueiredo78@wikimetal.com.br",
		"senha": "A23dOXrRT4",
		"cep": "72255-521",
		"endereco": "Quadra EQNO 13/15 Bloco A",
		"numero": 667,
		"bairro": "Ceilândia Norte (Ceilândia)",
		"cidade": "Brasília",
		"estado": "DF",
		"telefone_fixo": "(61) 2797-3114",
		"celular": "(61) 98184-8696",
		"altura": "1,59",
		"peso": 63,
		"tipo_sanguineo": "O-",
		"cor": "roxo"
	},
	{
		"nome": "Agatha Vitória Moraes",
		"idade": 20,
		"cpf": "579.398.021-00",
		"rg": "23.674.258-9",
		"data_nasc": "01/01/2003",
		"sexo": "Feminino",
		"signo": "Capricórnio",
		"mae": "Alana Heloise",
		"pai": "Gael Vicente Oliver Moraes",
		"email": "agatha.vitoria.moraes@corp.inf.br",
		"senha": "xR5JmDIBt8",
		"cep": "72319-527",
		"endereco": "Quadra QS 401 Conjunto G",
		"numero": 576,
		"bairro": "Samambaia Norte (Samambaia)",
		"cidade": "Brasília",
		"estado": "DF",
		"telefone_fixo": "(61) 2810-1124",
		"celular": "(61) 98149-3696",
		"altura": "1,60",
		"peso": 76,
		"tipo_sanguineo": "B+",
		"cor": "preto"
	},
	{
		"nome": "Sara Emily Isabela Castro",
		"idade": 55,
		"cpf": "275.301.481-76",
		"rg": "42.985.135-2",
		"data_nasc": "23/02/1968",
		"sexo": "Feminino",
		"signo": "Peixes",
		"mae": "Laís Valentina Esther",
		"pai": "Heitor Rafael Castro",
		"email": "sara_emily_castro@patriciagrillo.adv.br",
		"senha": "ggCoDhURfB",
		"cep": "71681-694",
		"endereco": "Quadra 12 Conjunto H",
		"numero": 864,
		"bairro": "Setor Habitacional Jardim Botânico (Lago Sul)",
		"cidade": "Brasília",
		"estado": "DF",
		"telefone_fixo": "(61) 2661-0173",
		"celular": "(61) 99105-6908",
		"altura": "1,71",
		"peso": 72,
		"tipo_sanguineo": "O-",
		"cor": "azul"
	},
	{
		"nome": "Adriana Luciana Gabriela Barbosa",
		"idade": 38,
		"cpf": "927.832.961-44",
		"rg": "16.461.779-6",
		"data_nasc": "01/02/1985",
		"sexo": "Feminino",
		"signo": "Aquário",
		"mae": "Rita Natália",
		"pai": "Juan Renato Barbosa",
		"email": "adriana.luciana.barbosa@grupoamericaville.com.br",
		"senha": "OcH2YQg9jq",
		"cep": "70750-702",
		"endereco": "Quadra SHCGN 709 Bloco B",
		"numero": 821,
		"bairro": "Asa Norte",
		"cidade": "Brasília",
		"estado": "DF",
		"telefone_fixo": "(61) 2545-1333",
		"celular": "(61) 99199-0900",
		"altura": "1,59",
		"peso": 78,
		"tipo_sanguineo": "AB+",
		"cor": "vermelho"
	},
	{
		"nome": "Eloá Heloisa Débora Monteiro",
		"idade": 71,
		"cpf": "107.770.501-88",
		"rg": "14.038.752-3",
		"data_nasc": "07/01/1952",
		"sexo": "Feminino",
		"signo": "Capricórnio",
		"mae": "Raquel Nina",
		"pai": "Vitor Nicolas Carlos Monteiro",
		"email": "eloa_heloisa_monteiro@cafefrossard.com",
		"senha": "CaPXiyaSSS",
		"cep": "70773-510",
		"endereco": "Quadra CLN 116 Bloco A",
		"numero": 436,
		"bairro": "Asa Norte",
		"cidade": "Brasília",
		"estado": "DF",
		"telefone_fixo": "(61) 2964-0385",
		"celular": "(61) 99413-7454",
		"altura": "1,60",
		"peso": 80,
		"tipo_sanguineo": "O+",
		"cor": "vermelho"
	},
	{
		"nome": "Hadassa Gabrielly Dias",
		"idade": 26,
		"cpf": "842.718.551-03",
		"rg": "18.342.965-5",
		"data_nasc": "25/01/1997",
		"sexo": "Feminino",
		"signo": "Aquário",
		"mae": "Eloá Benedita",
		"pai": "Victor Thiago Thiago Dias",
		"email": "hadassa_dias@abdalathomaz.adv.br",
		"senha": "XHHmFbX3nj",
		"cep": "72310-501",
		"endereco": "Quadra QS 320 Conjunto 1",
		"numero": 239,
		"bairro": "Samambaia Sul (Samambaia)",
		"cidade": "Brasília",
		"estado": "DF",
		"telefone_fixo": "(61) 3956-1642",
		"celular": "(61) 99228-3444",
		"altura": "1,58",
		"peso": 74,
		"tipo_sanguineo": "O-",
		"cor": "roxo"
	},
	{
		"nome": "Raquel Sophie Freitas",
		"idade": 46,
		"cpf": "226.133.851-11",
		"rg": "17.854.091-2",
		"data_nasc": "15/02/1977",
		"sexo": "Feminino",
		"signo": "Aquário",
		"mae": "Maria Andreia",
		"pai": "Vinicius Levi Freitas",
		"email": "raquel_sophie_freitas@qualita.srv.br",
		"senha": "mhzJo4MgN4",
		"cep": "72660-272",
		"endereco": "Quadra Quadra 510 Conjunto 24",
		"numero": 605,
		"bairro": "Recanto das Emas",
		"cidade": "Brasília",
		"estado": "DF",
		"telefone_fixo": "(61) 2877-7785",
		"celular": "(61) 98609-4932",
		"altura": "1,70",
		"peso": 90,
		"tipo_sanguineo": "B-",
		"cor": "vermelho"
	},
	{
		"nome": "Felipe Arthur Lima",
		"idade": 46,
		"cpf": "961.583.651-65",
		"rg": "20.112.432-4",
		"data_nasc": "08/02/1977",
		"sexo": "Masculino",
		"signo": "Aquário",
		"mae": "Fernanda Fernanda",
		"pai": "Antonio Davi Giovanni Lima",
		"email": "felipe_lima@puenteimoveis.com.br",
		"senha": "C503Ecj8DP",
		"cep": "72492-205",
		"endereco": "Rua Jornalista Jeová",
		"numero": 813,
		"bairro": "Engenho das Lages (Gama)",
		"cidade": "Brasília",
		"estado": "DF",
		"telefone_fixo": "(61) 3559-1339",
		"celular": "(61) 98217-9025",
		"altura": "1,64",
		"peso": 59,
		"tipo_sanguineo": "O-",
		"cor": "azul"
	},
	{
		"nome": "Laura Fabiana Tereza Alves",
		"idade": 55,
		"cpf": "414.268.761-14",
		"rg": "34.023.347-3",
		"data_nasc": "19/02/1968",
		"sexo": "Feminino",
		"signo": "Aquário",
		"mae": "Luzia Analu",
		"pai": "André Fernando Alves",
		"email": "laura.fabiana.alves@orteca.com.br",
		"senha": "Od7ajNwJKL",
		"cep": "71593-515",
		"endereco": "Quadra 358",
		"numero": 641,
		"bairro": "Del Lago II (Itapoã)",
		"cidade": "Brasília",
		"estado": "DF",
		"telefone_fixo": "(61) 2998-6382",
		"celular": "(61) 99780-6286",
		"altura": "1,53",
		"peso": 83,
		"tipo_sanguineo": "A-",
		"cor": "roxo"
	},
	{
		"nome": "Kauê Tomás Kauê Nunes",
		"idade": 39,
		"cpf": "651.753.591-85",
		"rg": "12.070.947-8",
		"data_nasc": "25/01/1984",
		"sexo": "Masculino",
		"signo": "Aquário",
		"mae": "Laís Brenda",
		"pai": "Sérgio Mateus Breno Nunes",
		"email": "kaue.tomas.nunes@lynce.com.br",
		"senha": "eNwIKYInnE",
		"cep": "71693-102",
		"endereco": "Rua 2",
		"numero": 825,
		"bairro": "Vila Nova (São Sebastião)",
		"cidade": "Brasília",
		"estado": "DF",
		"telefone_fixo": "(61) 2736-6787",
		"celular": "(61) 98660-7236",
		"altura": "1,87",
		"peso": 110,
		"tipo_sanguineo": "AB+",
		"cor": "preto"
	},
	{
		"nome": "Priscila Fernanda Viana",
		"idade": 39,
		"cpf": "742.316.441-01",
		"rg": "26.362.209-5",
		"data_nasc": "07/01/1984",
		"sexo": "Feminino",
		"signo": "Capricórnio",
		"mae": "Eliane Rita Rebeca",
		"pai": "Isaac Giovanni Viana",
		"email": "priscila-viana82@modus.com.br",
		"senha": "TXstouQqU2",
		"cep": "70338-540",
		"endereco": "Quadra CLS 302 Bloco D",
		"numero": 229,
		"bairro": "Asa Sul",
		"cidade": "Brasília",
		"estado": "DF",
		"telefone_fixo": "(61) 3501-1992",
		"celular": "(61) 99723-6371",
		"altura": "1,77",
		"peso": 79,
		"tipo_sanguineo": "B-",
		"cor": "vermelho"
	},
	{
		"nome": "Eduardo Lucca Carvalho",
		"idade": 71,
		"cpf": "971.655.611-02",
		"rg": "17.167.351-7",
		"data_nasc": "21/02/1952",
		"sexo": "Masculino",
		"signo": "Peixes",
		"mae": "Marlene Kamilly",
		"pai": "Isaac Tiago Marcelo Carvalho",
		"email": "eduardo_lucca_carvalho@contabilidaderangel.com.br",
		"senha": "jhrJ5HXQRg",
		"cep": "71994-260",
		"endereco": "Conjunto SHA Conjunto 4 Chácara 55E",
		"numero": 986,
		"bairro": "Setor Habitacional Arniqueira (Águas Claras)",
		"cidade": "Brasília",
		"estado": "DF",
		"telefone_fixo": "(61) 3974-5994",
		"celular": "(61) 99322-9797",
		"altura": "1,90",
		"peso": 99,
		"tipo_sanguineo": "O-",
		"cor": "preto"
	}
]