[
	{
		"nome": "Betina Liz Marcela Caldeira",
		"idade": 68,
		"cpf": "362.107.273-01",
		"rg": "36.840.739-1",
		"data_nasc": "16/01/1955",
		"sexo": "Feminino",
		"signo": "Capricórnio",
		"mae": "Mirella Aline",
		"pai": "Alexandre Augusto André Caldeira",
		"email": "betina_caldeira@pierproj.com.br",
		"senha": "AFZ2G1waSZ",
		"cep": "55016-330",
		"endereco": "Rua Arizona",
		"numero": 858,
		"bairro": "Salgado",
		"cidade": "Caruaru",
		"estado": "PE",
		"telefone_fixo": "(81) 3526-1298",
		"celular": "(81) 98225-7623",
		"altura": "1,51",
		"peso": 46,
		"tipo_sanguineo": "B-",
		"cor": "preto"
	},
	{
		"nome": "Laís Alessandra Brito",
		"idade": 71,
		"cpf": "900.838.855-36",
		"rg": "37.208.299-3",
		"data_nasc": "22/02/1952",
		"sexo": "Feminino",
		"signo": "Peixes",
		"mae": "Isadora Márcia",
		"pai": "Márcio Bernardo Felipe Brito",
		"email": "lais_alessandra_brito@terrabrasil.com.br",
		"senha": "AgCn12zAum",
		"cep": "69312-388",
		"endereco": "Rua 13 de Setembro",
		"numero": 833,
		"bairro": "Cinturão Verde",
		"cidade": "Boa Vista",
		"estado": "RR",
		"telefone_fixo": "(95) 2950-5041",
		"celular": "(95) 98804-7619",
		"altura": "1,75",
		"peso": 49,
		"tipo_sanguineo": "A+",
		"cor": "azul"
	},
	{
		"nome": "Felipe Antonio Assunção",
		"idade": 73,
		"cpf": "362.696.519-80",
		"rg": "14.483.933-7",
		"data_nasc": "10/01/1950",
		"sexo": "Masculino",
		"signo": "Capricórnio",
		"mae": "Luiza Isabella Sandra",
		"pai": "Elias Augusto Marcos Assunção",
		"email": "felipe_assuncao@hormail.com",
		"senha": "AyebuSBD7f",
		"cep": "41300-780",
		"endereco": "Rua Arapiraca",
		"numero": 403,
		"bairro": "Valéria",
		"cidade": "Salvador",
		"estado": "BA",
		"telefone_fixo": "(71) 3735-4153",
		"celular": "(71) 99614-7939",
		"altura": "1,80",
		"peso": 100,
		"tipo_sanguineo": "B-",
		"cor": "azul"
	},
	{
		"nome": "Lucas Calebe Cauê Dias",
		"idade": 43,
		"cpf": "680.374.208-33",
		"rg": "50.342.783-4",
		"data_nasc": "24/02/1980",
		"sexo": "Masculino",
		"signo": "Peixes",
		"mae": "Isabelly Daniela",
		"pai": "Roberto Vicente Diego Dias",
		"email": "lucascalebedias@carubelli.com.br",
		"senha": "SLPwITgOyK",
		"cep": "69095-535",
		"endereco": "Rua 9",
		"numero": 965,
		"bairro": "Nova Cidade",
		"cidade": "Manaus",
		"estado": "AM",
		"telefone_fixo": "(92) 2979-9009",
		"celular": "(92) 99660-2428",
		"altura": "1,96",
		"peso": 65,
		"tipo_sanguineo": "O-",
		"cor": "amarelo"
	},
	{
		"nome": "Roberto Osvaldo da Cunha",
		"idade": 56,
		"cpf": "858.234.247-01",
		"rg": "41.964.364-3",
		"data_nasc": "03/02/1967",
		"sexo": "Masculino",
		"signo": "Aquário",
		"mae": "Vera Heloisa",
		"pai": "Tomás Kauê Luiz da Cunha",
		"email": "roberto-dacunha92@academiaconcerto.art.br",
		"senha": "Xn2IwuKSXJ",
		"cep": "69901-355",
		"endereco": "Rua Independência",
		"numero": 847,
		"bairro": "Baixa da Colina",
		"cidade": "Rio Branco",
		"estado": "AC",
		"telefone_fixo": "(68) 3971-8951",
		"celular": "(68) 98701-2737",
		"altura": "1,78",
		"peso": 65,
		"tipo_sanguineo": "O-",
		"cor": "vermelho"
	},
	{
		"nome": "Elaine Rosa Porto",
		"idade": 39,
		"cpf": "820.236.190-76",
		"rg": "48.953.499-5",
		"data_nasc": "26/01/1984",
		"sexo": "Feminino",
		"signo": "Aquário",
		"mae": "Maitê Heloisa Hadassa",
		"pai": "Vitor Edson Porto",
		"email": "elaine.rosa.porto@bb.com.br",
		"senha": "2XZtxU6Ezx",
		"cep": "75706-841",
		"endereco": "Rua Maria Izabel",
		"numero": 982,
		"bairro": "São Lucas",
		"cidade": "Catalão",
		"estado": "GO",
		"telefone_fixo": "(64) 2900-3639",
		"celular": "(64) 99641-4410",
		"altura": "1,70",
		"peso": 59,
		"tipo_sanguineo": "AB+",
		"cor": "amarelo"
	},
	{
		"nome": "Marcos Bento Carvalho",
		"idade": 50,
		"cpf": "842.659.085-35",
		"rg": "30.958.699-9",
		"data_nasc": "20/01/1973",
		"sexo": "Masculino",
		"signo": "Capricórnio",
		"mae": "Catarina Adriana",
		"pai": "Manoel Francisco Carvalho",
		"email": "marcos_bento_carvalho@tetrapark.com",
		"senha": "4lLg86zTKI",
		"cep": "69312-275",
		"endereco": "Rua José Francisco",
		"numero": 369,
		"bairro": "Asa Branca",
		"cidade": "Boa Vista",
		"estado": "RR",
		"telefone_fixo": "(95) 3695-4028",
		"celular": "(95) 99960-7568",
		"altura": "1,71",
		"peso": 110,
		"tipo_sanguineo": "O+",
		"cor": "roxo"
	},
	{
		"nome": "Breno Enrico Gomes",
		"idade": 75,
		"cpf": "128.973.936-61",
		"rg": "44.649.367-3",
		"data_nasc": "13/02/1948",
		"sexo": "Masculino",
		"signo": "Aquário",
		"mae": "Brenda Márcia",
		"pai": "Lorenzo Nelson Thiago Gomes",
		"email": "breno_enrico_gomes@citadini.imb.br",
		"senha": "wZpoiEOdMr",
		"cep": "65095-130",
		"endereco": "Rua Evandro Bessa",
		"numero": 478,
		"bairro": "Tibiri",
		"cidade": "São Luís",
		"estado": "MA",
		"telefone_fixo": "(98) 2827-6495",
		"celular": "(98) 99266-4681",
		"altura": "1,97",
		"peso": 64,
		"tipo_sanguineo": "B-",
		"cor": "vermelho"
	},
	{
		"nome": "Mirella Isabella Andreia da Rocha",
		"idade": 67,
		"cpf": "170.159.306-84",
		"rg": "43.381.436-6",
		"data_nasc": "25/01/1956",
		"sexo": "Feminino",
		"signo": "Aquário",
		"mae": "Aurora Márcia",
		"pai": "Manuel Henrique da Rocha",
		"email": "mirella.isabella.darocha@pelozo.com.br",
		"senha": "7Ge7auJ6Ut",
		"cep": "79062-110",
		"endereco": "Rua Georgina Pereira Barbosa",
		"numero": 386,
		"bairro": "Jardim Itamaracá",
		"cidade": "Campo Grande",
		"estado": "MS",
		"telefone_fixo": "(67) 2850-4308",
		"celular": "(67) 98364-4517",
		"altura": "1,55",
		"peso": 62,
		"tipo_sanguineo": "O-",
		"cor": "verde"
	},
	{
		"nome": "Elaine Bárbara Lopes",
		"idade": 36,
		"cpf": "206.059.723-46",
		"rg": "11.721.528-4",
		"data_nasc": "01/01/1987",
		"sexo": "Feminino",
		"signo": "Capricórnio",
		"mae": "Maria Camila Adriana",
		"pai": "Pedro Henrique Enzo Augusto Lopes",
		"email": "elaine.barbara.lopes@mrv.com.br",
		"senha": "4NN6XGszBm",
		"cep": "77445-310",
		"endereco": "Rua Florianópolis",
		"numero": 735,
		"bairro": "Cidade Industrial",
		"cidade": "Gurupi",
		"estado": "TO",
		"telefone_fixo": "(63) 2879-4535",
		"celular": "(63) 98297-5418",
		"altura": "1,63",
		"peso": 54,
		"tipo_sanguineo": "B+",
		"cor": "azul"
	},
	{
		"nome": "Cauã Benício Levi Gonçalves",
		"idade": 51,
		"cpf": "229.338.423-35",
		"rg": "12.943.090-0",
		"data_nasc": "15/01/1972",
		"sexo": "Masculino",
		"signo": "Capricórnio",
		"mae": "Pietra Louise",
		"pai": "Oliver Marcelo Theo Gonçalves",
		"email": "caua_benicio_goncalves@gconsult.com.br",
		"senha": "2BiL5eWFSB",
		"cep": "64012-000",
		"endereco": "Rua Alagoas",
		"numero": 802,
		"bairro": "Cidade Industrial",
		"cidade": "Teresina",
		"estado": "PI",
		"telefone_fixo": "(86) 2605-2090",
		"celular": "(86) 98225-0311",
		"altura": "1,69",
		"peso": 59,
		"tipo_sanguineo": "O-",
		"cor": "verde"
	},
	{
		"nome": "Benjamin Kauê Diogo Alves",
		"idade": 51,
		"cpf": "568.141.819-75",
		"rg": "17.511.941-7",
		"data_nasc": "27/01/1972",
		"sexo": "Masculino",
		"signo": "Aquário",
		"mae": "Lívia Mariah Isabela",
		"pai": "Bento Edson Yago Alves",
		"email": "benjamin_alves@freitasepozzatti.com.br",
		"senha": "Pp1smxC6sF",
		"cep": "04193-050",
		"endereco": "Rua José Pereira Cruz",
		"numero": 917,
		"bairro": "Parque Bristol",
		"cidade": "São Paulo",
		"estado": "SP",
		"telefone_fixo": "(11) 3920-0821",
		"celular": "(11) 99592-8333",
		"altura": "1,97",
		"peso": 90,
		"tipo_sanguineo": "B-",
		"cor": "amarelo"
	},
	{
		"nome": "Daniela Mariane Lorena Pires",
		"idade": 42,
		"cpf": "454.029.451-28",
		"rg": "15.476.406-1",
		"data_nasc": "12/01/1981",
		"sexo": "Feminino",
		"signo": "Capricórnio",
		"mae": "Nicole Olivia Sara",
		"pai": "Erick Bruno Pires",
		"email": "daniela-pires97@marramoncks.com.br",
		"senha": "l8PbfUAjBk",
		"cep": "64082-310",
		"endereco": "Rua Senador Valdemar Santos",
		"numero": 278,
		"bairro": "Renascença",
		"cidade": "Teresina",
		"estado": "PI",
		"telefone_fixo": "(86) 2681-2592",
		"celular": "(86) 98112-7561",
		"altura": "1,77",
		"peso": 67,
		"tipo_sanguineo": "AB+",
		"cor": "vermelho"
	},
	{
		"nome": "Murilo Yago Nunes",
		"idade": 58,
		"cpf": "547.679.064-07",
		"rg": "33.584.890-4",
		"data_nasc": "22/02/1965",
		"sexo": "Masculino",
		"signo": "Peixes",
		"mae": "Priscila Isis",
		"pai": "Giovanni Bryan Nunes",
		"email": "muriloyagonunes@suzano.com.br",
		"senha": "7YTjxp36k8",
		"cep": "85804-115",
		"endereco": "Rua Boa Vista",
		"numero": 134,
		"bairro": "14 de Novembro",
		"cidade": "Cascavel",
		"estado": "PR",
		"telefone_fixo": "(45) 2572-3973",
		"celular": "(45) 99421-3233",
		"altura": "1,67",
		"peso": 96,
		"tipo_sanguineo": "B-",
		"cor": "laranja"
	},
	{
		"nome": "Felipe Gustavo Cavalcanti",
		"idade": 35,
		"cpf": "615.079.885-24",
		"rg": "14.892.591-1",
		"data_nasc": "09/02/1988",
		"sexo": "Masculino",
		"signo": "Aquário",
		"mae": "Raimunda Jennifer Stella",
		"pai": "Enrico Diego Renato Cavalcanti",
		"email": "felipe_cavalcanti@abbott.com",
		"senha": "cmtIDUzD2b",
		"cep": "76965-622",
		"endereco": "Rua Anita Garibaldi",
		"numero": 205,
		"bairro": "Teixeirão",
		"cidade": "Cacoal",
		"estado": "RO",
		"telefone_fixo": "(69) 3797-3581",
		"celular": "(69) 99382-8339",
		"altura": "1,77",
		"peso": 110,
		"tipo_sanguineo": "AB+",
		"cor": "vermelho"
	},
	{
		"nome": "Sebastião Rodrigo Miguel Moreira",
		"idade": 50,
		"cpf": "093.213.702-42",
		"rg": "48.729.532-8",
		"data_nasc": "27/01/1973",
		"sexo": "Masculino",
		"signo": "Aquário",
		"mae": "Renata Tânia Rayssa",
		"pai": "Raul Danilo Moreira",
		"email": "sebastiao.rodrigo.moreira@alcastro.com.br",
		"senha": "NoxZC46pFH",
		"cep": "97040-064",
		"endereco": "Rua João Paulo Nunes",
		"numero": 458,
		"bairro": "Caturrita",
		"cidade": "Santa Maria",
		"estado": "RS",
		"telefone_fixo": "(55) 3522-2175",
		"celular": "(55) 99534-0963",
		"altura": "1,83",
		"peso": 74,
		"tipo_sanguineo": "O-",
		"cor": "preto"
	},
	{
		"nome": "Daniela Sandra Sophia da Rosa",
		"idade": 27,
		"cpf": "339.401.316-95",
		"rg": "13.827.497-6",
		"data_nasc": "23/01/1996",
		"sexo": "Feminino",
		"signo": "Aquário",
		"mae": "Sônia Yasmin",
		"pai": "Marcelo Carlos Cauã da Rosa",
		"email": "daniela_darosa@trt15.jus.br",
		"senha": "HspbGpckzE",
		"cep": "64037-095",
		"endereco": "Quadra J",
		"numero": 260,
		"bairro": "Portal da Alegria",
		"cidade": "Teresina",
		"estado": "PI",
		"telefone_fixo": "(86) 3570-1383",
		"celular": "(86) 99638-2977",
		"altura": "1,82",
		"peso": 85,
		"tipo_sanguineo": "O+",
		"cor": "vermelho"
	},
	{
		"nome": "Raul Caio Martins",
		"idade": 36,
		"cpf": "664.571.479-33",
		"rg": "22.134.975-3",
		"data_nasc": "13/01/1987",
		"sexo": "Masculino",
		"signo": "Capricórnio",
		"mae": "Cláudia Caroline Rafaela",
		"pai": "Pedro Henrique Gustavo Martins",
		"email": "raul_caio_martins@bplan.com.br",
		"senha": "Nl02iaUZTS",
		"cep": "24430-492",
		"endereco": "Travessa Sol",
		"numero": 214,
		"bairro": "Porto Velho",
		"cidade": "São Gonçalo",
		"estado": "RJ",
		"telefone_fixo": "(21) 3545-3482",
		"celular": "(21) 99811-9796",
		"altura": "2,00",
		"peso": 84,
		"tipo_sanguineo": "B+",
		"cor": "vermelho"
	},
	{
		"nome": "Gabriela Priscila Raimunda Barbosa",
		"idade": 76,
		"cpf": "489.769.585-60",
		"rg": "28.128.289-4",
		"data_nasc": "23/01/1947",
		"sexo": "Feminino",
		"signo": "Aquário",
		"mae": "Mirella Lavínia",
		"pai": "Yuri Benedito Renato Barbosa",
		"email": "gabriela.priscila.barbosa@pichler.com.br",
		"senha": "XOYAZpaBpZ",
		"cep": "77423-160",
		"endereco": "Rua 8",
		"numero": 578,
		"bairro": "Waldir Lins I",
		"cidade": "Gurupi",
		"estado": "TO",
		"telefone_fixo": "(63) 2504-6585",
		"celular": "(63) 98688-3267",
		"altura": "1,52",
		"peso": 86,
		"tipo_sanguineo": "B+",
		"cor": "vermelho"
	},
	{
		"nome": "Sebastião Paulo Costa",
		"idade": 33,
		"cpf": "828.874.825-21",
		"rg": "44.382.136-7",
		"data_nasc": "13/02/1990",
		"sexo": "Masculino",
		"signo": "Aquário",
		"mae": "Carolina Ester Carolina",
		"pai": "Diego Lucca Costa",
		"email": "sebastiao_costa@lajescobre.com",
		"senha": "XRWAEcYB4s",
		"cep": "50830-720",
		"endereco": "Rua Escritor Alexandre Netuno",
		"numero": 388,
		"bairro": "Afogados",
		"cidade": "Recife",
		"estado": "PE",
		"telefone_fixo": "(81) 3991-7423",
		"celular": "(81) 98244-7042",
		"altura": "1,78",
		"peso": 65,
		"tipo_sanguineo": "AB+",
		"cor": "vermelho"
	},
	{
		"nome": "Fernanda Catarina Laís Novaes",
		"idade": 48,
		"cpf": "397.419.716-80",
		"rg": "14.324.899-6",
		"data_nasc": "02/02/1975",
		"sexo": "Feminino",
		"signo": "Aquário",
		"mae": "Pietra Fátima Sophie",
		"pai": "Vitor Diogo Heitor Novaes",
		"email": "fernanda_novaes@paae.com.br",
		"senha": "wcAbo0iENr",
		"cep": "68906-162",
		"endereco": "Rua São Marcos",
		"numero": 441,
		"bairro": "São José",
		"cidade": "Macapá",
		"estado": "AP",
		"telefone_fixo": "(96) 2756-1378",
		"celular": "(96) 99895-8972",
		"altura": "1,63",
		"peso": 83,
		"tipo_sanguineo": "B-",
		"cor": "verde"
	},
	{
		"nome": "Caio Lucca da Silva",
		"idade": 21,
		"cpf": "418.580.546-21",
		"rg": "34.983.719-3",
		"data_nasc": "23/02/2002",
		"sexo": "Masculino",
		"signo": "Peixes",
		"mae": "Elza Fabiana",
		"pai": "Otávio Marcos Julio da Silva",
		"email": "caio_dasilva@gsw.com.br",
		"senha": "6fWHEIP8kN",
		"cep": "23058-060",
		"endereco": "Travessa Mirian Khop",
		"numero": 773,
		"bairro": "Inhoaíba",
		"cidade": "Rio de Janeiro",
		"estado": "RJ",
		"telefone_fixo": "(21) 2887-9654",
		"celular": "(21) 98210-1840",
		"altura": "1,70",
		"peso": 99,
		"tipo_sanguineo": "AB+",
		"cor": "amarelo"
	},
	{
		"nome": "Paulo Vicente Osvaldo Moura",
		"idade": 24,
		"cpf": "338.623.657-00",
		"rg": "13.823.316-0",
		"data_nasc": "23/01/1999",
		"sexo": "Masculino",
		"signo": "Aquário",
		"mae": "Sophie Natália Rebeca",
		"pai": "Otávio Ricardo Moura",
		"email": "paulovicentemoura@parker.com",
		"senha": "ZinEW9Zdl1",
		"cep": "84016-610",
		"endereco": "Rua Lourival Oliveira Guedes",
		"numero": 128,
		"bairro": "Jardim Carvalho",
		"cidade": "Ponta Grossa",
		"estado": "PR",
		"telefone_fixo": "(42) 3710-9556",
		"celular": "(42) 98523-4268",
		"altura": "1,78",
		"peso": 106,
		"tipo_sanguineo": "A+",
		"cor": "laranja"
	},
	{
		"nome": "Arthur Erick Aparício",
		"idade": 57,
		"cpf": "569.105.829-00",
		"rg": "31.763.943-2",
		"data_nasc": "23/01/1966",
		"sexo": "Masculino",
		"signo": "Aquário",
		"mae": "Letícia Márcia Rita",
		"pai": "Nathan Iago Lucca Aparício",
		"email": "arthur-aparicio75@royalplas.com.br",
		"senha": "jlej1UH7Kh",
		"cep": "60711-630",
		"endereco": "Rua São Francisco de Canindé",
		"numero": 106,
		"bairro": "Mondubim",
		"cidade": "Fortaleza",
		"estado": "CE",
		"telefone_fixo": "(85) 3530-2858",
		"celular": "(85) 98688-0720",
		"altura": "1,62",
		"peso": 108,
		"tipo_sanguineo": "AB+",
		"cor": "verde"
	},
	{
		"nome": "César Cauê Hugo Jesus",
		"idade": 68,
		"cpf": "567.795.939-15",
		"rg": "45.487.427-3",
		"data_nasc": "22/01/1955",
		"sexo": "Masculino",
		"signo": "Aquário",
		"mae": "Rita Louise Liz",
		"pai": "João Marcelo Jesus",
		"email": "cesar_jesus@dpauladecor.com.br",
		"senha": "1Zji2SpTPE",
		"cep": "57048-445",
		"endereco": "Rua Maria Albanira Gondim Lamenha",
		"numero": 895,
		"bairro": "Antares",
		"cidade": "Maceió",
		"estado": "AL",
		"telefone_fixo": "(82) 2630-3545",
		"celular": "(82) 98424-1713",
		"altura": "1,92",
		"peso": 69,
		"tipo_sanguineo": "AB+",
		"cor": "roxo"
	},
	{
		"nome": "Josefa Andrea Louise Campos",
		"idade": 57,
		"cpf": "266.193.859-15",
		"rg": "18.884.849-6",
		"data_nasc": "21/01/1966",
		"sexo": "Feminino",
		"signo": "Aquário",
		"mae": "Antonella Lorena Lívia",
		"pai": "Manoel Pietro Breno Campos",
		"email": "josefa_campos@dosnu.com.br",
		"senha": "gYHIOmaG6Q",
		"cep": "57315-110",
		"endereco": "Rua José Pereira dos Santos",
		"numero": 123,
		"bairro": "Senador Arnon de Melo",
		"cidade": "Arapiraca",
		"estado": "AL",
		"telefone_fixo": "(82) 2650-6956",
		"celular": "(82) 99812-2976",
		"altura": "1,70",
		"peso": 66,
		"tipo_sanguineo": "O+",
		"cor": "laranja"
	},
	{
		"nome": "Benjamin Leonardo Iago da Conceição",
		"idade": 60,
		"cpf": "067.048.619-12",
		"rg": "21.571.417-9",
		"data_nasc": "15/02/1963",
		"sexo": "Masculino",
		"signo": "Aquário",
		"mae": "Fátima Bruna Fernanda",
		"pai": "Vitor Rafael Gabriel da Conceição",
		"email": "benjamin.leonardo.daconceicao@ritmolog.com.br",
		"senha": "zpkIySWduB",
		"cep": "02204-020",
		"endereco": "Rua Benevenuto Jordão",
		"numero": 134,
		"bairro": "Vila Medeiros",
		"cidade": "São Paulo",
		"estado": "SP",
		"telefone_fixo": "(11) 2683-4698",
		"celular": "(11) 98180-6376",
		"altura": "1,75",
		"peso": 81,
		"tipo_sanguineo": "A-",
		"cor": "preto"
	},
	{
		"nome": "Osvaldo Diego Yuri Cardoso",
		"idade": 33,
		"cpf": "146.543.067-90",
		"rg": "26.918.611-6",
		"data_nasc": "26/01/1990",
		"sexo": "Masculino",
		"signo": "Aquário",
		"mae": "Laís Renata Isabela",
		"pai": "Paulo Arthur Cardoso",
		"email": "osvaldo.diego.cardoso@buzatto.pro",
		"senha": "4KG4MTxuG2",
		"cep": "57071-340",
		"endereco": "Rua Eronildes de Oliveira",
		"numero": 355,
		"bairro": "Clima Bom",
		"cidade": "Maceió",
		"estado": "AL",
		"telefone_fixo": "(82) 3828-0382",
		"celular": "(82) 99470-3562",
		"altura": "1,76",
		"peso": 62,
		"tipo_sanguineo": "B+",
		"cor": "laranja"
	},
	{
		"nome": "Cecília Clarice Isabelly Ramos",
		"idade": 45,
		"cpf": "798.503.376-99",
		"rg": "28.717.226-0",
		"data_nasc": "10/02/1978",
		"sexo": "Feminino",
		"signo": "Aquário",
		"mae": "Rebeca Elisa Alícia",
		"pai": "Nicolas Vitor Ramos",
		"email": "ceciliaclariceramos@cartovale.com.br",
		"senha": "t0k045Wcwp",
		"cep": "86184-396",
		"endereco": "Rua Fazenda São João",
		"numero": 631,
		"bairro": "Jardim Nova Cambé",
		"cidade": "Cambé",
		"estado": "PR",
		"telefone_fixo": "(43) 2565-3517",
		"celular": "(43) 99935-5523",
		"altura": "1,64",
		"peso": 46,
		"tipo_sanguineo": "A+",
		"cor": "amarelo"
	},
	{
		"nome": "Emanuel Miguel Lima",
		"idade": 73,
		"cpf": "853.156.714-96",
		"rg": "27.720.244-9",
		"data_nasc": "17/02/1950",
		"sexo": "Masculino",
		"signo": "Aquário",
		"mae": "Natália Adriana",
		"pai": "Calebe Matheus Lima",
		"email": "emanuel_miguel_lima@corpus.com.br",
		"senha": "EFhi0Iremk",
		"cep": "97647-970",
		"endereco": "Rua Principal, s/n",
		"numero": 605,
		"bairro": "Centro",
		"cidade": "Bororé",
		"estado": "RS",
		"telefone_fixo": "(55) 2777-6418",
		"celular": "(55) 99942-6715",
		"altura": "1,65",
		"peso": 66,
		"tipo_sanguineo": "B-",
		"cor": "amarelo"
	}
]