[
	{
		"nome": "Alessandra Clarice Cavalcanti",
		"idade": 42,
		"cpf": "369.060.501-68",
		"rg": "47.391.253-3",
		"data_nasc": "01/02/1981",
		"sexo": "Feminino",
		"signo": "Aquário",
		"mae": "Cristiane Lúcia Larissa",
		"pai": "Augusto Roberto Cavalcanti",
		"email": "alessandra-cavalcanti81@predialnet.com.br",
		"senha": "KxUdDIOLWC",
		"cep": "70343-450",
		"endereco": "Quadra EQS 104/304",
		"numero": 294,
		"bairro": "Asa Sul",
		"cidade": "Brasília",
		"estado": "DF",
		"telefone_fixo": "(61) 3795-4556",
		"celular": "(61) 98674-6175",
		"altura": "1,72",
		"peso": 53,
		"tipo_sanguineo": "AB-",
		"cor": "azul"
	},
	{
		"nome": "Raimunda Marina Clarice da Rosa",
		"idade": 19,
		"cpf": "126.556.411-67",
		"rg": "35.754.709-3",
		"data_nasc": "11/01/2004",
		"sexo": "Feminino",
		"signo": "Capricórnio",
		"mae": "Sophia Lorena",
		"pai": "Márcio Eduardo da Rosa",
		"email": "raimunda_marina_darosa@estadao.com.br",
		"senha": "AHi4wF9d91",
		"cep": "73365-815",
		"endereco": "Conjunto Especial 2",
		"numero": 101,
		"bairro": "San Sebastian (Planaltina)",
		"cidade": "Brasília",
		"estado": "DF",
		"telefone_fixo": "(61) 3618-2004",
		"celular": "(61) 98404-0141",
		"altura": "1,80",
		"peso": 66,
		"tipo_sanguineo": "B-",
		"cor": "azul"
	},
	{
		"nome": "Daniela Isis Porto",
		"idade": 79,
		"cpf": "065.460.441-02",
		"rg": "24.773.775-6",
		"data_nasc": "22/01/1944",
		"sexo": "Feminino",
		"signo": "Aquário",
		"mae": "Manuela Elaine",
		"pai": "Manoel Tiago Porto",
		"email": "daniela_isis_porto@diebold.com",
		"senha": "SrTotCfczc",
		"cep": "73368-282",
		"endereco": "Quadra 6C Conjunto B",
		"numero": 865,
		"bairro": "Arapoanga (Planaltina)",
		"cidade": "Brasília",
		"estado": "DF",
		"telefone_fixo": "(61) 2806-6275",
		"celular": "(61) 98452-8647",
		"altura": "1,61",
		"peso": 79,
		"tipo_sanguineo": "O-",
		"cor": "preto"
	},
	{
		"nome": "Nathan Paulo Guilherme Mendes",
		"idade": 39,
		"cpf": "181.514.611-79",
		"rg": "41.005.559-1",
		"data_nasc": "07/02/1984",
		"sexo": "Masculino",
		"signo": "Aquário",
		"mae": "Maitê Elaine",
		"pai": "Elias Ricardo Paulo Mendes",
		"email": "nathan_mendes@band.com.br",
		"senha": "S4NtpAI6gx",
		"cep": "70688-800",
		"endereco": "Quadra CRNW 711",
		"numero": 142,
		"bairro": "Setor Noroeste",
		"cidade": "Brasília",
		"estado": "DF",
		"telefone_fixo": "(61) 3872-0118",
		"celular": "(61) 98721-6702",
		"altura": "1,83",
		"peso": 74,
		"tipo_sanguineo": "O+",
		"cor": "amarelo"
	},
	{
		"nome": "Eduarda Natália Duarte",
		"idade": 75,
		"cpf": "357.549.631-57",
		"rg": "17.210.716-7",
		"data_nasc": "20/01/1948",
		"sexo": "Feminino",
		"signo": "Capricórnio",
		"mae": "Alessandra Alana",
		"pai": "Gael Victor Duarte",
		"email": "eduarda_duarte@2emesconstrutora.com.br",
		"senha": "5IhchOMhNC",
		"cep": "72130-078",
		"endereco": "Área Especial 17",
		"numero": 843,
		"bairro": "Taguatinga Norte (Taguatinga)",
		"cidade": "Brasília",
		"estado": "DF",
		"telefone_fixo": "(61) 3968-7296",
		"celular": "(61) 99236-4485",
		"altura": "1,85",
		"peso": 50,
		"tipo_sanguineo": "A-",
		"cor": "vermelho"
	},
	{
		"nome": "Sophie Simone Manuela de Paula",
		"idade": 51,
		"cpf": "081.187.651-99",
		"rg": "19.256.677-5",
		"data_nasc": "22/01/1972",
		"sexo": "Feminino",
		"signo": "Aquário",
		"mae": "Maria Giovanna",
		"pai": "Noah Pietro Cauã de Paula",
		"email": "sophiesimonedepaula@caferibeiro.com.br",
		"senha": "t2MpLj5qrE",
		"cep": "70686-505",
		"endereco": "Quadra SQNW 110 Bloco A",
		"numero": 391,
		"bairro": "Setor Noroeste",
		"cidade": "Brasília",
		"estado": "DF",
		"telefone_fixo": "(61) 3592-5695",
		"celular": "(61) 98190-7859",
		"altura": "1,74",
		"peso": 65,
		"tipo_sanguineo": "A+",
		"cor": "vermelho"
	},
	{
		"nome": "Heloise Evelyn Ramos",
		"idade": 32,
		"cpf": "048.457.031-57",
		"rg": "31.250.933-9",
		"data_nasc": "06/02/1991",
		"sexo": "Feminino",
		"signo": "Aquário",
		"mae": "Rebeca Sara Alana",
		"pai": "Julio Raul Ramos",
		"email": "heloiseevelynramos@jci.com",
		"senha": "uS5GqdM69u",
		"cep": "73403-330",
		"endereco": "Módulo Módulo 10",
		"numero": 435,
		"bairro": "Condomínio Mestre D'Armas (Planaltina)",
		"cidade": "Brasília",
		"estado": "DF",
		"telefone_fixo": "(61) 3616-2309",
		"celular": "(61) 98435-0159",
		"altura": "1,57",
		"peso": 79,
		"tipo_sanguineo": "O+",
		"cor": "amarelo"
	},
	{
		"nome": "Luís Luís Joaquim Lopes",
		"idade": 44,
		"cpf": "819.500.871-23",
		"rg": "27.530.093-6",
		"data_nasc": "14/01/1979",
		"sexo": "Masculino",
		"signo": "Capricórnio",
		"mae": "Josefa Analu Emily",
		"pai": "Cláudio Bernardo Lopes",
		"email": "luis.luis.lopes@publicarbrasil.com.br",
		"senha": "N5HJIp5d9T",
		"cep": "71575-530",
		"endereco": "Quadra Quadra 40 Conjunto F",
		"numero": 679,
		"bairro": "Paranoá",
		"cidade": "Brasília",
		"estado": "DF",
		"telefone_fixo": "(61) 3820-3465",
		"celular": "(61) 98355-7611",
		"altura": "1,80",
		"peso": 109,
		"tipo_sanguineo": "A-",
		"cor": "verde"
	},
	{
		"nome": "Martin Bernardo Benjamin Castro",
		"idade": 36,
		"cpf": "524.802.611-31",
		"rg": "44.294.399-4",
		"data_nasc": "11/02/1987",
		"sexo": "Masculino",
		"signo": "Aquário",
		"mae": "Isabelly Elaine Allana",
		"pai": "Henry Ricardo Castro",
		"email": "martin_castro@id.uff.br",
		"senha": "XcF78QQPlZ",
		"cep": "72260-837",
		"endereco": "Quadra QNO 18 Conjunto 37",
		"numero": 938,
		"bairro": "Ceilândia Norte (Ceilândia)",
		"cidade": "Brasília",
		"estado": "DF",
		"telefone_fixo": "(61) 3975-5966",
		"celular": "(61) 99410-1736",
		"altura": "1,96",
		"peso": 100,
		"tipo_sanguineo": "B+",
		"cor": "amarelo"
	},
	{
		"nome": "Melissa Vanessa Figueiredo",
		"idade": 40,
		"cpf": "130.260.881-96",
		"rg": "12.183.985-0",
		"data_nasc": "06/01/1983",
		"sexo": "Feminino",
		"signo": "Capricórnio",
		"mae": "Hadassa Agatha Lívia",
		"pai": "Roberto Iago Diego Figueiredo",
		"email": "melissa.vanessa.figueiredo@vitacard.com.br",
		"senha": "mybjsiXkEd",
		"cep": "70458-900",
		"endereco": "SCS Quadra 1 Bloco F 5º Andar",
		"numero": 535,
		"bairro": "Asa Sul",
		"cidade": "Brasília",
		"estado": "DF",
		"telefone_fixo": "(61) 3506-8567",
		"celular": "(61) 99897-6627",
		"altura": "1,68",
		"peso": 71,
		"tipo_sanguineo": "A-",
		"cor": "roxo"
	},
	{
		"nome": "Jennifer Esther Souza",
		"idade": 58,
		"cpf": "272.340.141-36",
		"rg": "19.226.463-1",
		"data_nasc": "18/01/1965",
		"sexo": "Feminino",
		"signo": "Capricórnio",
		"mae": "Benedita Esther",
		"pai": "Lucca Anthony Souza",
		"email": "jennifer.esther.souza@2014fwcao.com",
		"senha": "yNINw8wlrM",
		"cep": "70658-257",
		"endereco": "Quadra SHCES Quadra 1205 Bloco G",
		"numero": 887,
		"bairro": "Cruzeiro Novo",
		"cidade": "Brasília",
		"estado": "DF",
		"telefone_fixo": "(61) 3922-2723",
		"celular": "(61) 98986-2123",
		"altura": "1,64",
		"peso": 52,
		"tipo_sanguineo": "AB-",
		"cor": "vermelho"
	},
	{
		"nome": "Pedro Nicolas Fernandes",
		"idade": 50,
		"cpf": "950.800.161-59",
		"rg": "36.401.594-9",
		"data_nasc": "27/01/1973",
		"sexo": "Masculino",
		"signo": "Aquário",
		"mae": "Bruna Ayla Tânia",
		"pai": "Marcos Vinicius Carlos Lucca Fernandes",
		"email": "pedro-fernandes95@saa.com.br",
		"senha": "94mMdx1brn",
		"cep": "73252-142",
		"endereco": "Quadra Quadra 2 Conjunto H",
		"numero": 999,
		"bairro": "Condomínio Império dos Nobres (Sobradinho)",
		"cidade": "Brasília",
		"estado": "DF",
		"telefone_fixo": "(61) 3624-4701",
		"celular": "(61) 99230-7452",
		"altura": "1,86",
		"peso": 56,
		"tipo_sanguineo": "AB-",
		"cor": "roxo"
	},
	{
		"nome": "César Rodrigo Bernardes",
		"idade": 43,
		"cpf": "864.481.291-20",
		"rg": "38.160.271-0",
		"data_nasc": "12/02/1980",
		"sexo": "Masculino",
		"signo": "Aquário",
		"mae": "Helena Lavínia Stella",
		"pai": "João Bernardo Bernardes",
		"email": "cesar_rodrigo_bernardes@vivax.com.br",
		"senha": "dEUT6HGzK6",
		"cep": "70673-504",
		"endereco": "Quadra SQSW 504 Bloco D",
		"numero": 340,
		"bairro": "Setor Sudoeste",
		"cidade": "Brasília",
		"estado": "DF",
		"telefone_fixo": "(61) 2775-4902",
		"celular": "(61) 99750-1386",
		"altura": "1,67",
		"peso": 79,
		"tipo_sanguineo": "A-",
		"cor": "amarelo"
	},
	{
		"nome": "Maria Sophia da Silva",
		"idade": 64,
		"cpf": "942.130.881-62",
		"rg": "13.842.721-5",
		"data_nasc": "23/01/1959",
		"sexo": "Feminino",
		"signo": "Aquário",
		"mae": "Carla Mirella",
		"pai": "Isaac Daniel Erick da Silva",
		"email": "maria-dasilva77@yazigi.com",
		"senha": "qA6LsJCzkK",
		"cep": "72507-407",
		"endereco": "Quadra QR 207 Conjunto G",
		"numero": 883,
		"bairro": "Santa Maria",
		"cidade": "Brasília",
		"estado": "DF",
		"telefone_fixo": "(61) 2752-2219",
		"celular": "(61) 99589-3264",
		"altura": "1,53",
		"peso": 82,
		"tipo_sanguineo": "B-",
		"cor": "laranja"
	},
	{
		"nome": "Luiz Carlos Raimundo Assis",
		"idade": 41,
		"cpf": "471.309.971-68",
		"rg": "14.346.659-8",
		"data_nasc": "24/02/1982",
		"sexo": "Masculino",
		"signo": "Peixes",
		"mae": "Melissa Lara",
		"pai": "Luan Marcelo Assis",
		"email": "luiz.carlos.assis@elevaconsultancy.com.br",
		"senha": "pucjAfpRNW",
		"cep": "72650-525",
		"endereco": "Quadra Quadra 803 Conjunto 24",
		"numero": 672,
		"bairro": "Recanto das Emas",
		"cidade": "Brasília",
		"estado": "DF",
		"telefone_fixo": "(61) 3768-1290",
		"celular": "(61) 99471-6241",
		"altura": "1,95",
		"peso": 70,
		"tipo_sanguineo": "A-",
		"cor": "preto"
	},
	{
		"nome": "Manuel Henrique Silveira",
		"idade": 23,
		"cpf": "376.612.371-80",
		"rg": "30.793.705-7",
		"data_nasc": "19/02/2000",
		"sexo": "Masculino",
		"signo": "Aquário",
		"mae": "Clarice Andreia Letícia",
		"pai": "Anthony Renato Otávio Silveira",
		"email": "manuel.henrique.silveira@centroin.com.br",
		"senha": "jwsMQRdKqR",
		"cep": "70673-632",
		"endereco": "Quadra CLSW 304 Bloco B",
		"numero": 907,
		"bairro": "Setor Sudoeste",
		"cidade": "Brasília",
		"estado": "DF",
		"telefone_fixo": "(61) 2923-9957",
		"celular": "(61) 99395-8479",
		"altura": "1,81",
		"peso": 109,
		"tipo_sanguineo": "A-",
		"cor": "preto"
	},
	{
		"nome": "Lavínia Analu Bruna Peixoto",
		"idade": 48,
		"cpf": "119.694.911-59",
		"rg": "24.640.556-9",
		"data_nasc": "21/02/1975",
		"sexo": "Feminino",
		"signo": "Peixes",
		"mae": "Emanuelly Helena",
		"pai": "Lucca Igor Peixoto",
		"email": "lavinia.analu.peixoto@daimler.com",
		"senha": "W4DAKgrquo",
		"cep": "72318-211",
		"endereco": "Quadra QR 406 Conjunto 10",
		"numero": 717,
		"bairro": "Samambaia Norte (Samambaia)",
		"cidade": "Brasília",
		"estado": "DF",
		"telefone_fixo": "(61) 3551-5535",
		"celular": "(61) 99512-1832",
		"altura": "1,65",
		"peso": 47,
		"tipo_sanguineo": "AB-",
		"cor": "laranja"
	},
	{
		"nome": "Martin Renan da Cruz",
		"idade": 61,
		"cpf": "661.740.641-90",
		"rg": "23.018.268-9",
		"data_nasc": "12/02/1962",
		"sexo": "Masculino",
		"signo": "Aquário",
		"mae": "Luciana Rebeca",
		"pai": "Juan Matheus da Cruz",
		"email": "martin-dacruz96@tera.com.br",
		"senha": "OjZWmk8Smz",
		"cep": "71880-710",
		"endereco": "Quadra QN 31",
		"numero": 106,
		"bairro": "Riacho Fundo II",
		"cidade": "Brasília",
		"estado": "DF",
		"telefone_fixo": "(61) 3801-5205",
		"celular": "(61) 99496-1751",
		"altura": "1,87",
		"peso": 94,
		"tipo_sanguineo": "B+",
		"cor": "vermelho"
	},
	{
		"nome": "Caio Marcos Vinicius Carvalho",
		"idade": 46,
		"cpf": "308.140.561-05",
		"rg": "25.254.466-3",
		"data_nasc": "23/02/1977",
		"sexo": "Masculino",
		"signo": "Peixes",
		"mae": "Sophia Maria Lúcia",
		"pai": "Luan Emanuel Carvalho",
		"email": "caio.marcos.carvalho@fosjc.unesp.br",
		"senha": "U8KJ6oJtCe",
		"cep": "72429-210",
		"endereco": "Setor SMA Conjunto V",
		"numero": 597,
		"bairro": "Gama",
		"cidade": "Brasília",
		"estado": "DF",
		"telefone_fixo": "(61) 3803-9339",
		"celular": "(61) 98620-9657",
		"altura": "1,71",
		"peso": 54,
		"tipo_sanguineo": "A+",
		"cor": "preto"
	},
	{
		"nome": "Eduarda Marli Costa",
		"idade": 50,
		"cpf": "001.249.001-60",
		"rg": "20.885.449-6",
		"data_nasc": "18/01/1973",
		"sexo": "Feminino",
		"signo": "Capricórnio",
		"mae": "Silvana Emanuelly Manuela",
		"pai": "Sebastião Calebe Henry Costa",
		"email": "eduarda_marli_costa@br.live.com",
		"senha": "NjZ5wYw01b",
		"cep": "72510-510",
		"endereco": "Quadra QR 310 Conjunto J",
		"numero": 920,
		"bairro": "Santa Maria",
		"cidade": "Brasília",
		"estado": "DF",
		"telefone_fixo": "(61) 2604-4279",
		"celular": "(61) 98851-3061",
		"altura": "1,50",
		"peso": 58,
		"tipo_sanguineo": "B+",
		"cor": "vermelho"
	},
	{
		"nome": "Daiane Regina Kamilly Oliveira",
		"idade": 32,
		"cpf": "081.789.141-23",
		"rg": "50.982.451-1",
		"data_nasc": "12/02/1991",
		"sexo": "Feminino",
		"signo": "Aquário",
		"mae": "Isabela Francisca",
		"pai": "Ruan Elias Oliveira",
		"email": "daianereginaoliveira@arablock.com.br",
		"senha": "ANqLXSPpu3",
		"cep": "72317-563",
		"endereco": "Quadra QN 527 Conjunto C",
		"numero": 943,
		"bairro": "Samambaia Sul (Samambaia)",
		"cidade": "Brasília",
		"estado": "DF",
		"telefone_fixo": "(61) 2893-0467",
		"celular": "(61) 99105-6950",
		"altura": "1,78",
		"peso": 68,
		"tipo_sanguineo": "A-",
		"cor": "vermelho"
	},
	{
		"nome": "Ruan Alexandre Cardoso",
		"idade": 24,
		"cpf": "433.889.381-80",
		"rg": "12.149.043-9",
		"data_nasc": "05/02/1999",
		"sexo": "Masculino",
		"signo": "Aquário",
		"mae": "Rosângela Lara Raquel",
		"pai": "Nicolas Thomas Ruan Cardoso",
		"email": "ruan_alexandre_cardoso@br.atlascopco.com",
		"senha": "1QjO5TWahw",
		"cep": "72321-511",
		"endereco": "Quadra QS 407 Conjunto A",
		"numero": 449,
		"bairro": "Samambaia Norte (Samambaia)",
		"cidade": "Brasília",
		"estado": "DF",
		"telefone_fixo": "(61) 3553-1349",
		"celular": "(61) 98317-8040",
		"altura": "1,72",
		"peso": 83,
		"tipo_sanguineo": "A+",
		"cor": "amarelo"
	},
	{
		"nome": "Giovanni Noah Drumond",
		"idade": 20,
		"cpf": "519.253.601-48",
		"rg": "36.265.533-9",
		"data_nasc": "05/01/2003",
		"sexo": "Masculino",
		"signo": "Capricórnio",
		"mae": "Natália Teresinha",
		"pai": "Bento Roberto Heitor Drumond",
		"email": "giovanninoahdrumond@coraza.com.br",
		"senha": "cgDjb03EY5",
		"cep": "71020-651",
		"endereco": "Quadra QE 11 Área Especial E",
		"numero": 898,
		"bairro": "Guará I",
		"cidade": "Brasília",
		"estado": "DF",
		"telefone_fixo": "(61) 3721-7443",
		"celular": "(61) 99428-2070",
		"altura": "1,68",
		"peso": 59,
		"tipo_sanguineo": "AB-",
		"cor": "vermelho"
	},
	{
		"nome": "Guilherme Vinicius Danilo Barbosa",
		"idade": 58,
		"cpf": "411.843.721-01",
		"rg": "43.314.310-1",
		"data_nasc": "04/02/1965",
		"sexo": "Masculino",
		"signo": "Aquário",
		"mae": "Aline Luiza Rebeca",
		"pai": "Sebastião Matheus Barbosa",
		"email": "guilherme-barbosa86@hardquality.com.br",
		"senha": "YKxfuieiBB",
		"cep": "72005-645",
		"endereco": "Rua Rua 3 Chácara 41",
		"numero": 273,
		"bairro": "Setor Habitacional Vicente Pires",
		"cidade": "Brasília",
		"estado": "DF",
		"telefone_fixo": "(61) 2961-9260",
		"celular": "(61) 98623-4075",
		"altura": "1,75",
		"peso": 80,
		"tipo_sanguineo": "AB+",
		"cor": "roxo"
	},
	{
		"nome": "Breno Lorenzo Enrico Moraes",
		"idade": 61,
		"cpf": "786.421.561-04",
		"rg": "25.727.741-9",
		"data_nasc": "18/02/1962",
		"sexo": "Masculino",
		"signo": "Aquário",
		"mae": "Stefany Regina Nina",
		"pai": "Renato Marcos Vinicius Marcos Vinicius Moraes",
		"email": "breno.lorenzo.moraes@alcoa.com.br",
		"senha": "XUtle64qgP",
		"cep": "71751-350",
		"endereco": "Núcleo Rural Vargem Bonita Rua 2 Chácara 48",
		"numero": 127,
		"bairro": "Núcleo Rural Vargem Bonita (Núcleo Bandeirante)",
		"cidade": "Brasília",
		"estado": "DF",
		"telefone_fixo": "(61) 3572-3218",
		"celular": "(61) 98730-0392",
		"altura": "1,96",
		"peso": 95,
		"tipo_sanguineo": "O-",
		"cor": "verde"
	},
	{
		"nome": "Julio Sérgio Vitor Vieira",
		"idade": 57,
		"cpf": "034.304.431-56",
		"rg": "46.630.014-1",
		"data_nasc": "04/02/1966",
		"sexo": "Masculino",
		"signo": "Aquário",
		"mae": "Simone Carolina",
		"pai": "Benício Kauê Cauê Vieira",
		"email": "julio-vieira70@mixfmmanaus.com.br",
		"senha": "dzBpUing0F",
		"cep": "72429-080",
		"endereco": "Setor SMA Conjunto I",
		"numero": 133,
		"bairro": "Gama",
		"cidade": "Brasília",
		"estado": "DF",
		"telefone_fixo": "(61) 2659-5175",
		"celular": "(61) 98133-9847",
		"altura": "1,73",
		"peso": 74,
		"tipo_sanguineo": "B+",
		"cor": "amarelo"
	},
	{
		"nome": "Sara Vera Rezende",
		"idade": 20,
		"cpf": "349.646.681-26",
		"rg": "12.516.118-9",
		"data_nasc": "18/01/2003",
		"sexo": "Feminino",
		"signo": "Capricórnio",
		"mae": "Sarah Nicole",
		"pai": "Gael Bernardo Rezende",
		"email": "saraverarezende@orbisat.com.br",
		"senha": "pkoQsDN6JY",
		"cep": "72660-218",
		"endereco": "Quadra Quadra 510 Conjunto 6",
		"numero": 671,
		"bairro": "Recanto das Emas",
		"cidade": "Brasília",
		"estado": "DF",
		"telefone_fixo": "(61) 3634-2337",
		"celular": "(61) 99433-3481",
		"altura": "1,80",
		"peso": 45,
		"tipo_sanguineo": "O-",
		"cor": "preto"
	},
	{
		"nome": "Enrico Severino Erick Melo",
		"idade": 80,
		"cpf": "533.826.031-01",
		"rg": "29.875.119-7",
		"data_nasc": "09/01/1943",
		"sexo": "Masculino",
		"signo": "Capricórnio",
		"mae": "Laís Giovanna",
		"pai": "Edson Yuri Eduardo Melo",
		"email": "enrico-melo85@ggm.com.br",
		"senha": "N4AtPQYABT",
		"cep": "70845-150",
		"endereco": "Quadra SQN 404 Bloco O",
		"numero": 373,
		"bairro": "Asa Norte",
		"cidade": "Brasília",
		"estado": "DF",
		"telefone_fixo": "(61) 2594-5221",
		"celular": "(61) 99417-0144",
		"altura": "1,98",
		"peso": 58,
		"tipo_sanguineo": "O+",
		"cor": "verde"
	},
	{
		"nome": "Theo Murilo Manuel da Mota",
		"idade": 80,
		"cpf": "154.173.221-99",
		"rg": "37.612.120-8",
		"data_nasc": "02/02/1943",
		"sexo": "Masculino",
		"signo": "Aquário",
		"mae": "Isabela Fabiana Flávia",
		"pai": "Tomás Sérgio Gael da Mota",
		"email": "theo_murilo_damota@athos.srv.br",
		"senha": "JJjxnIP7Jg",
		"cep": "72255-607",
		"endereco": "Quadra QNO 15 Conjunto G",
		"numero": 546,
		"bairro": "Ceilândia Norte (Ceilândia)",
		"cidade": "Brasília",
		"estado": "DF",
		"telefone_fixo": "(61) 3756-2845",
		"celular": "(61) 98292-9782",
		"altura": "1,94",
		"peso": 78,
		"tipo_sanguineo": "A+",
		"cor": "preto"
	},
	{
		"nome": "Juliana Vitória Ribeiro",
		"idade": 32,
		"cpf": "577.466.261-65",
		"rg": "14.444.702-2",
		"data_nasc": "11/01/1991",
		"sexo": "Feminino",
		"signo": "Capricórnio",
		"mae": "Giovana Analu Tatiane",
		"pai": "Juan Benedito Marcelo Ribeiro",
		"email": "juliana-ribeiro72@coeducar.com.br",
		"senha": "y3jsp6OynB",
		"cep": "72236-515",
		"endereco": "Quadra EQNP 30/34 Módulo E",
		"numero": 156,
		"bairro": "Ceilândia Sul (Ceilândia)",
		"cidade": "Brasília",
		"estado": "DF",
		"telefone_fixo": "(61) 2943-7720",
		"celular": "(61) 98347-8882",
		"altura": "1,69",
		"peso": 87,
		"tipo_sanguineo": "AB+",
		"cor": "verde"
	}
]