[
	{
		"nome": "Caleb Raul Moura",
		"idade": 76,
		"cpf": "504.072.231-18",
		"rg": "28.080.130-0",
		"data_nasc": "25/01/1947",
		"sexo": "Masculino",
		"signo": "Aquário",
		"mae": "Vitória Heloisa Camila",
		"pai": "Marcelo Davi Moura",
		"email": "caleb.raul.moura@gmai.com",
		"senha": "ZarcRqOGay",
		"cep": "71540-090",
		"endereco": "Quadra SMLN ML Trecho 9",
		"numero": 135,
		"bairro": "Setor de Mansões do Lago Norte",
		"cidade": "Brasília",
		"estado": "DF",
		"telefone_fixo": "(61) 2557-8302",
		"celular": "(61) 99401-4236",
		"altura": "1,99",
		"peso": 50,
		"tipo_sanguineo": "O+",
		"cor": "roxo"
	},
	{
		"nome": "Olivia Clara Stefany Brito",
		"idade": 46,
		"cpf": "216.573.701-00",
		"rg": "46.118.923-9",
		"data_nasc": "07/01/1977",
		"sexo": "Feminino",
		"signo": "Capricórnio",
		"mae": "Camila Emily Tatiane",
		"pai": "Arthur Daniel Otávio Brito",
		"email": "oliviaclarabrito@soupelli.com.br",
		"senha": "UHy1red9RA",
		"cep": "70686-630",
		"endereco": "Quadra CLNW 10/11 Lote F",
		"numero": 975,
		"bairro": "Setor Noroeste",
		"cidade": "Brasília",
		"estado": "DF",
		"telefone_fixo": "(61) 2877-7656",
		"celular": "(61) 98499-4364",
		"altura": "1,84",
		"peso": 78,
		"tipo_sanguineo": "B+",
		"cor": "preto"
	},
	{
		"nome": "Eliane Melissa Castro",
		"idade": 78,
		"cpf": "601.940.261-40",
		"rg": "32.173.827-5",
		"data_nasc": "26/01/1945",
		"sexo": "Feminino",
		"signo": "Aquário",
		"mae": "Natália Sandra Sophie",
		"pai": "Lorenzo Kevin Castro",
		"email": "eliane_castro@lphbrasil.com.br",
		"senha": "nIDN6aBPpf",
		"cep": "71596-165",
		"endereco": "Quadra 1 Conjunto E",
		"numero": 351,
		"bairro": "Fazendinha (Itapoã)",
		"cidade": "Brasília",
		"estado": "DF",
		"telefone_fixo": "(61) 3792-9479",
		"celular": "(61) 98342-1552",
		"altura": "1,77",
		"peso": 47,
		"tipo_sanguineo": "A+",
		"cor": "roxo"
	},
	{
		"nome": "Alessandra Isabel Ribeiro",
		"idade": 34,
		"cpf": "535.971.061-61",
		"rg": "45.780.088-4",
		"data_nasc": "17/01/1989",
		"sexo": "Feminino",
		"signo": "Capricórnio",
		"mae": "Stella Cristiane",
		"pai": "Breno Caio Bernardo Ribeiro",
		"email": "alessandra.isabel.ribeiro@abbott.com",
		"senha": "TAta2yromm",
		"cep": "70770-534",
		"endereco": "Quadra SCLRN 716 Bloco D",
		"numero": 727,
		"bairro": "Asa Norte",
		"cidade": "Brasília",
		"estado": "DF",
		"telefone_fixo": "(61) 3861-3569",
		"celular": "(61) 98867-1717",
		"altura": "1,72",
		"peso": 68,
		"tipo_sanguineo": "A-",
		"cor": "vermelho"
	},
	{
		"nome": "Tatiane Bruna Galvão",
		"idade": 58,
		"cpf": "695.363.371-93",
		"rg": "26.454.393-2",
		"data_nasc": "24/01/1965",
		"sexo": "Feminino",
		"signo": "Aquário",
		"mae": "Aurora Jéssica Larissa",
		"pai": "Elias Jorge Galvão",
		"email": "tatiane.bruna.galvao@sicredi.com.br",
		"senha": "DXcgTwL2gS",
		"cep": "73375-212",
		"endereco": "Quadra Módulo D",
		"numero": 133,
		"bairro": "Condomínio Residencial Morada Nobre (Planaltina)",
		"cidade": "Brasília",
		"estado": "DF",
		"telefone_fixo": "(61) 3775-0936",
		"celular": "(61) 99153-5197",
		"altura": "1,61",
		"peso": 71,
		"tipo_sanguineo": "AB-",
		"cor": "amarelo"
	},
	{
		"nome": "Cecília Lavínia Vieira",
		"idade": 26,
		"cpf": "369.406.751-59",
		"rg": "24.800.990-4",
		"data_nasc": "14/02/1997",
		"sexo": "Feminino",
		"signo": "Aquário",
		"mae": "Elaine Aparecida",
		"pai": "Caleb Bento Vieira",
		"email": "cecilia-vieira90@phocus.com.br",
		"senha": "j7toYzQaQ1",
		"cep": "72507-410",
		"endereco": "Quadra QR 207 Conjunto J",
		"numero": 132,
		"bairro": "Santa Maria",
		"cidade": "Brasília",
		"estado": "DF",
		"telefone_fixo": "(61) 3955-6768",
		"celular": "(61) 98322-0755",
		"altura": "1,73",
		"peso": 64,
		"tipo_sanguineo": "A-",
		"cor": "laranja"
	},
	{
		"nome": "Gustavo Tomás Diogo Pinto",
		"idade": 69,
		"cpf": "337.015.581-83",
		"rg": "43.561.732-1",
		"data_nasc": "18/02/1954",
		"sexo": "Masculino",
		"signo": "Aquário",
		"mae": "Caroline Cecília Allana",
		"pai": "Ruan Vitor Gabriel Pinto",
		"email": "gustavo_tomas_pinto@zuinzuin.com.br",
		"senha": "eMw3Fz1UAB",
		"cep": "72610-411",
		"endereco": "Quadra Quadra 204 Conjunto 11",
		"numero": 899,
		"bairro": "Recanto das Emas",
		"cidade": "Brasília",
		"estado": "DF",
		"telefone_fixo": "(61) 3770-0275",
		"celular": "(61) 99620-4120",
		"altura": "1,84",
		"peso": 94,
		"tipo_sanguineo": "AB-",
		"cor": "amarelo"
	},
	{
		"nome": "Natália Pietra Luiza Costa",
		"idade": 20,
		"cpf": "833.599.341-64",
		"rg": "25.713.031-7",
		"data_nasc": "09/01/2003",
		"sexo": "Feminino",
		"signo": "Capricórnio",
		"mae": "Fabiana Vanessa",
		"pai": "Ricardo Ruan Geraldo Costa",
		"email": "natalia_costa@tigra.com.br",
		"senha": "5fQ8oNtfGP",
		"cep": "72405-472",
		"endereco": "Quadra 47 Projeção 02",
		"numero": 809,
		"bairro": "Setor Central (Gama)",
		"cidade": "Brasília",
		"estado": "DF",
		"telefone_fixo": "(61) 2519-0443",
		"celular": "(61) 99261-3311",
		"altura": "1,54",
		"peso": 53,
		"tipo_sanguineo": "A-",
		"cor": "roxo"
	},
	{
		"nome": "Rafaela Rosângela Porto",
		"idade": 63,
		"cpf": "246.127.201-80",
		"rg": "30.369.281-9",
		"data_nasc": "04/01/1960",
		"sexo": "Feminino",
		"signo": "Capricórnio",
		"mae": "Heloise Regina",
		"pai": "Sérgio Benedito Porto",
		"email": "rafaela_porto@libbero.com.br",
		"senha": "lxlowmQsE5",
		"cep": "72302-553",
		"endereco": "Quadra QS 114 Conjunto 3",
		"numero": 737,
		"bairro": "Samambaia Sul (Samambaia)",
		"cidade": "Brasília",
		"estado": "DF",
		"telefone_fixo": "(61) 3974-2591",
		"celular": "(61) 99647-1270",
		"altura": "1,79",
		"peso": 60,
		"tipo_sanguineo": "B+",
		"cor": "vermelho"
	},
	{
		"nome": "Isis Aparecida Helena da Paz",
		"idade": 29,
		"cpf": "264.094.401-03",
		"rg": "17.412.737-6",
		"data_nasc": "16/01/1994",
		"sexo": "Feminino",
		"signo": "Capricórnio",
		"mae": "Jennifer Luna Luzia",
		"pai": "Kaique Bruno da Paz",
		"email": "isis.aparecida.dapaz@ceviu.com.br",
		"senha": "lcy2HRXaLw",
		"cep": "70673-432",
		"endereco": "Quadra SQSW 306 Bloco B",
		"numero": 790,
		"bairro": "Setor Sudoeste",
		"cidade": "Brasília",
		"estado": "DF",
		"telefone_fixo": "(61) 3808-7010",
		"celular": "(61) 98834-3605",
		"altura": "1,62",
		"peso": 46,
		"tipo_sanguineo": "A-",
		"cor": "laranja"
	},
	{
		"nome": "Laís Stella Stefany Campos",
		"idade": 28,
		"cpf": "165.868.921-63",
		"rg": "22.819.942-6",
		"data_nasc": "16/01/1995",
		"sexo": "Feminino",
		"signo": "Capricórnio",
		"mae": "Pietra Pietra",
		"pai": "Anthony Pietro Campos",
		"email": "lais-campos94@pibnet.com.br",
		"senha": "3h5abdfutT",
		"cep": "72323-554",
		"endereco": "Quadra QN 417 Conjunto N",
		"numero": 357,
		"bairro": "Samambaia Norte (Samambaia)",
		"cidade": "Brasília",
		"estado": "DF",
		"telefone_fixo": "(61) 2881-2784",
		"celular": "(61) 99714-3210",
		"altura": "1,67",
		"peso": 47,
		"tipo_sanguineo": "A-",
		"cor": "roxo"
	},
	{
		"nome": "Bruna Evelyn Mariane Alves",
		"idade": 33,
		"cpf": "679.573.801-90",
		"rg": "24.928.469-8",
		"data_nasc": "15/02/1990",
		"sexo": "Feminino",
		"signo": "Aquário",
		"mae": "Hadassa Isadora Vera",
		"pai": "Caleb Lucas Alves",
		"email": "bruna-alves85@deltaturismo.com.br",
		"senha": "hrzxLOSTFo",
		"cep": "70655-733",
		"endereco": "Quadra SHCES Quadra 703 Bloco C",
		"numero": 640,
		"bairro": "Cruzeiro Novo",
		"cidade": "Brasília",
		"estado": "DF",
		"telefone_fixo": "(61) 3947-1038",
		"celular": "(61) 98196-7364",
		"altura": "1,69",
		"peso": 58,
		"tipo_sanguineo": "AB-",
		"cor": "verde"
	},
	{
		"nome": "Osvaldo César Theo Peixoto",
		"idade": 60,
		"cpf": "852.337.851-02",
		"rg": "37.967.624-2",
		"data_nasc": "03/01/1963",
		"sexo": "Masculino",
		"signo": "Capricórnio",
		"mae": "Sabrina Carla Juliana",
		"pai": "Gustavo Oliver Peixoto",
		"email": "osvaldo.cesar.peixoto@procivil.com.br",
		"senha": "qD7tYAMMhz",
		"cep": "72501-509",
		"endereco": "Quadra QR 301 Conjunto I",
		"numero": 157,
		"bairro": "Santa Maria",
		"cidade": "Brasília",
		"estado": "DF",
		"telefone_fixo": "(61) 3914-4290",
		"celular": "(61) 98378-2882",
		"altura": "1,87",
		"peso": 67,
		"tipo_sanguineo": "AB+",
		"cor": "vermelho"
	},
	{
		"nome": "Renata Jéssica Moreira",
		"idade": 27,
		"cpf": "007.896.701-51",
		"rg": "26.538.313-4",
		"data_nasc": "07/02/1996",
		"sexo": "Feminino",
		"signo": "Aquário",
		"mae": "Márcia Alice",
		"pai": "Kaique Matheus Ruan Moreira",
		"email": "renata_jessica_moreira@nonesiglio.com.br",
		"senha": "u2NQ10OIX8",
		"cep": "70655-602",
		"endereco": "Quadra SHCES Quadra 611 Bloco B",
		"numero": 974,
		"bairro": "Cruzeiro Novo",
		"cidade": "Brasília",
		"estado": "DF",
		"telefone_fixo": "(61) 2563-4575",
		"celular": "(61) 99732-7602",
		"altura": "1,59",
		"peso": 90,
		"tipo_sanguineo": "AB+",
		"cor": "roxo"
	},
	{
		"nome": "Maria Giovana Sales",
		"idade": 71,
		"cpf": "942.212.001-20",
		"rg": "32.609.028-9",
		"data_nasc": "09/02/1952",
		"sexo": "Feminino",
		"signo": "Aquário",
		"mae": "Yasmin Antônia",
		"pai": "César Guilherme Ian Sales",
		"email": "maria.giovana.sales@agenziamarketing.com.br",
		"senha": "hg5qz9Ff7u",
		"cep": "71725-505",
		"endereco": "Quadra QR 5 Conjunto E",
		"numero": 607,
		"bairro": "Candangolândia",
		"cidade": "Brasília",
		"estado": "DF",
		"telefone_fixo": "(61) 3884-7741",
		"celular": "(61) 99102-7135",
		"altura": "1,68",
		"peso": 87,
		"tipo_sanguineo": "A+",
		"cor": "preto"
	},
	{
		"nome": "Betina Joana Martins",
		"idade": 70,
		"cpf": "986.925.571-02",
		"rg": "27.762.665-1",
		"data_nasc": "17/01/1953",
		"sexo": "Feminino",
		"signo": "Capricórnio",
		"mae": "Antônia Márcia",
		"pai": "Lucca Ruan Martins",
		"email": "betina_martins@metraseg.com.br",
		"senha": "3x28Fr7XF6",
		"cep": "72450-072",
		"endereco": "Quadra Quadra 7 Comércio Local s/n",
		"numero": 797,
		"bairro": "Setor Leste (Gama)",
		"cidade": "Brasília",
		"estado": "DF",
		"telefone_fixo": "(61) 3856-9241",
		"celular": "(61) 98954-1342",
		"altura": "1,62",
		"peso": 72,
		"tipo_sanguineo": "B+",
		"cor": "verde"
	},
	{
		"nome": "Lúcia Isabella Lima",
		"idade": 34,
		"cpf": "720.273.891-05",
		"rg": "39.926.740-2",
		"data_nasc": "05/01/1989",
		"sexo": "Feminino",
		"signo": "Capricórnio",
		"mae": "Isabela Francisca Márcia",
		"pai": "Arthur Henrique Leonardo Lima",
		"email": "lucia_lima@johndeere.com",
		"senha": "uBwpx7BehS",
		"cep": "70857-100",
		"endereco": "Quadra SQN 409 Bloco J",
		"numero": 608,
		"bairro": "Asa Norte",
		"cidade": "Brasília",
		"estado": "DF",
		"telefone_fixo": "(61) 2884-6369",
		"celular": "(61) 98536-3441",
		"altura": "1,56",
		"peso": 48,
		"tipo_sanguineo": "A+",
		"cor": "laranja"
	},
	{
		"nome": "Murilo Tiago Gomes",
		"idade": 40,
		"cpf": "726.650.641-70",
		"rg": "36.607.764-8",
		"data_nasc": "16/02/1983",
		"sexo": "Masculino",
		"signo": "Aquário",
		"mae": "Rosângela Isadora Eliane",
		"pai": "Hugo Manuel Gomes",
		"email": "murilo_gomes@diclace.com.br",
		"senha": "1Fi7J7TWQ5",
		"cep": "71070-077",
		"endereco": "Quadra QE 44 Conjunto G",
		"numero": 775,
		"bairro": "Guará II",
		"cidade": "Brasília",
		"estado": "DF",
		"telefone_fixo": "(61) 3994-3970",
		"celular": "(61) 98122-3526",
		"altura": "1,78",
		"peso": 96,
		"tipo_sanguineo": "B-",
		"cor": "azul"
	},
	{
		"nome": "Isis Analu Antônia Freitas",
		"idade": 80,
		"cpf": "339.230.621-50",
		"rg": "21.228.693-6",
		"data_nasc": "15/01/1943",
		"sexo": "Feminino",
		"signo": "Capricórnio",
		"mae": "Sueli Betina",
		"pai": "Gabriel Elias Freitas",
		"email": "isis-freitas79@univap.br",
		"senha": "bfxmPmXKPz",
		"cep": "73015-129",
		"endereco": "Quadra Quadra 2 Conjunto A-4 Bloco 2",
		"numero": 739,
		"bairro": "Sobradinho",
		"cidade": "Brasília",
		"estado": "DF",
		"telefone_fixo": "(61) 2940-6885",
		"celular": "(61) 99151-7957",
		"altura": "1,60",
		"peso": 77,
		"tipo_sanguineo": "O-",
		"cor": "azul"
	},
	{
		"nome": "Isabelle Fabiana Nascimento",
		"idade": 52,
		"cpf": "004.515.661-14",
		"rg": "27.540.274-5",
		"data_nasc": "07/02/1971",
		"sexo": "Feminino",
		"signo": "Aquário",
		"mae": "Andreia Marlene Teresinha",
		"pai": "Sebastião Rodrigo Nascimento",
		"email": "isabelle_fabiana_nascimento@sofisticattomoveis.com.br",
		"senha": "lzbdzTwyCk",
		"cep": "71572-506",
		"endereco": "Quadra Quadra 25 Conjunto F",
		"numero": 155,
		"bairro": "Paranoá",
		"cidade": "Brasília",
		"estado": "DF",
		"telefone_fixo": "(61) 2913-3938",
		"celular": "(61) 99622-1387",
		"altura": "1,74",
		"peso": 78,
		"tipo_sanguineo": "AB+",
		"cor": "azul"
	},
	{
		"nome": "Tomás Eduardo Diego Aparício",
		"idade": 62,
		"cpf": "060.086.971-70",
		"rg": "23.244.069-4",
		"data_nasc": "01/02/1961",
		"sexo": "Masculino",
		"signo": "Aquário",
		"mae": "Antonella Juliana",
		"pai": "Mateus Noah Joaquim Aparício",
		"email": "tomas_aparicio@academiahct.com.br",
		"senha": "sc4wDMkRZo",
		"cep": "70382-060",
		"endereco": "Quadra SQS 313 Bloco F",
		"numero": 412,
		"bairro": "Asa Sul",
		"cidade": "Brasília",
		"estado": "DF",
		"telefone_fixo": "(61) 3702-3992",
		"celular": "(61) 98380-1604",
		"altura": "1,89",
		"peso": 98,
		"tipo_sanguineo": "A+",
		"cor": "vermelho"
	},
	{
		"nome": "Eduarda Analu Lopes",
		"idade": 47,
		"cpf": "598.561.781-50",
		"rg": "10.862.253-8",
		"data_nasc": "07/02/1976",
		"sexo": "Feminino",
		"signo": "Aquário",
		"mae": "Luiza Isabelly Carolina",
		"pai": "Breno Sérgio Lopes",
		"email": "eduarda.analu.lopes@willianareiaepedra.com.br",
		"senha": "QDWt6fD03e",
		"cep": "72302-811",
		"endereco": "Quadra QR 118 Conjunto 10",
		"numero": 828,
		"bairro": "Samambaia Sul (Samambaia)",
		"cidade": "Brasília",
		"estado": "DF",
		"telefone_fixo": "(61) 2626-5337",
		"celular": "(61) 98648-6020",
		"altura": "1,60",
		"peso": 72,
		"tipo_sanguineo": "B-",
		"cor": "amarelo"
	},
	{
		"nome": "Clara Esther Giovanna da Rosa",
		"idade": 58,
		"cpf": "036.192.441-03",
		"rg": "39.108.597-9",
		"data_nasc": "18/01/1965",
		"sexo": "Feminino",
		"signo": "Capricórnio",
		"mae": "Antonella Sebastiana Amanda",
		"pai": "Bernardo Gustavo da Rosa",
		"email": "clara_darosa@santacasasjc.com.br",
		"senha": "l9cAktBpz1",
		"cep": "71994-310",
		"endereco": "Conjunto SHA Conjunto 4 Chácara 58B",
		"numero": 822,
		"bairro": "Setor Habitacional Arniqueira (Águas Claras)",
		"cidade": "Brasília",
		"estado": "DF",
		"telefone_fixo": "(61) 3870-4203",
		"celular": "(61) 99661-9413",
		"altura": "1,57",
		"peso": 56,
		"tipo_sanguineo": "B+",
		"cor": "roxo"
	},
	{
		"nome": "Julia Sueli Gonçalves",
		"idade": 69,
		"cpf": "408.995.311-13",
		"rg": "10.908.653-3",
		"data_nasc": "18/02/1954",
		"sexo": "Feminino",
		"signo": "Aquário",
		"mae": "Aparecida Francisca",
		"pai": "Matheus Carlos Eduardo Gonçalves",
		"email": "julia-goncalves92@coldblock.com.br",
		"senha": "jQUnDbzqHL",
		"cep": "71995-490",
		"endereco": "Conjunto SHA Conjunto 5 Chácara 112",
		"numero": 726,
		"bairro": "Setor Habitacional Arniqueira (Águas Claras)",
		"cidade": "Brasília",
		"estado": "DF",
		"telefone_fixo": "(61) 3700-3834",
		"celular": "(61) 99309-2968",
		"altura": "1,75",
		"peso": 46,
		"tipo_sanguineo": "AB-",
		"cor": "amarelo"
	},
	{
		"nome": "Mariana Mariane Rafaela Assunção",
		"idade": 35,
		"cpf": "350.837.081-08",
		"rg": "46.664.844-3",
		"data_nasc": "20/02/1988",
		"sexo": "Feminino",
		"signo": "Peixes",
		"mae": "Francisca Luna",
		"pai": "Ian Julio Assunção",
		"email": "mariana_mariane_assuncao@tjam.jus.br",
		"senha": "OIEe6p6t22",
		"cep": "72551-150",
		"endereco": "Chácara Chácaras 06 B",
		"numero": 628,
		"bairro": "Núcleo Rural Alagados (Santa Maria)",
		"cidade": "Brasília",
		"estado": "DF",
		"telefone_fixo": "(61) 3833-2290",
		"celular": "(61) 99305-0777",
		"altura": "1,63",
		"peso": 55,
		"tipo_sanguineo": "A-",
		"cor": "verde"
	},
	{
		"nome": "Bruna Juliana dos Santos",
		"idade": 35,
		"cpf": "823.582.861-84",
		"rg": "47.707.689-0",
		"data_nasc": "21/01/1988",
		"sexo": "Feminino",
		"signo": "Aquário",
		"mae": "Simone Esther",
		"pai": "Augusto Breno Guilherme dos Santos",
		"email": "brunajulianadossantos@allianceconsultoria.com.br",
		"senha": "YzesqLeTye",
		"cep": "70686-510",
		"endereco": "Quadra SQNW 110 Bloco B",
		"numero": 502,
		"bairro": "Setor Noroeste",
		"cidade": "Brasília",
		"estado": "DF",
		"telefone_fixo": "(61) 3761-9006",
		"celular": "(61) 98548-8600",
		"altura": "1,54",
		"peso": 50,
		"tipo_sanguineo": "A-",
		"cor": "vermelho"
	},
	{
		"nome": "Noah Thiago Fogaça",
		"idade": 74,
		"cpf": "717.177.541-04",
		"rg": "27.583.535-2",
		"data_nasc": "03/01/1949",
		"sexo": "Masculino",
		"signo": "Capricórnio",
		"mae": "Rosângela Gabriela Brenda",
		"pai": "João Miguel Fogaça",
		"email": "noah_fogaca@trietto.com.br",
		"senha": "nkBbslgKRl",
		"cep": "72318-300",
		"endereco": "Quadra QR 408",
		"numero": 800,
		"bairro": "Samambaia Norte (Samambaia)",
		"cidade": "Brasília",
		"estado": "DF",
		"telefone_fixo": "(61) 3905-3109",
		"celular": "(61) 99277-5898",
		"altura": "1,82",
		"peso": 99,
		"tipo_sanguineo": "O+",
		"cor": "roxo"
	},
	{
		"nome": "Benjamin João Vitor Dias",
		"idade": 31,
		"cpf": "101.927.261-96",
		"rg": "17.615.187-4",
		"data_nasc": "22/01/1992",
		"sexo": "Masculino",
		"signo": "Aquário",
		"mae": "Joana Nicole",
		"pai": "Nicolas Eduardo Ricardo Dias",
		"email": "benjaminjoaodias@alway.com.br",
		"senha": "nYQmWZKJBc",
		"cep": "71050-111",
		"endereco": "Quadra QE 15 Conjunto K",
		"numero": 603,
		"bairro": "Guará II",
		"cidade": "Brasília",
		"estado": "DF",
		"telefone_fixo": "(61) 2518-4345",
		"celular": "(61) 99661-8901",
		"altura": "1,61",
		"peso": 52,
		"tipo_sanguineo": "A+",
		"cor": "vermelho"
	},
	{
		"nome": "Lívia Antonella Rocha",
		"idade": 43,
		"cpf": "793.774.951-21",
		"rg": "47.431.534-4",
		"data_nasc": "21/02/1980",
		"sexo": "Feminino",
		"signo": "Peixes",
		"mae": "Joana Francisca",
		"pai": "Luan Pedro Henrique Rocha",
		"email": "livia_rocha@futureteeth.com.br",
		"senha": "5bmJeZopCJ",
		"cep": "70703-010",
		"endereco": "Quadra SHN Quadra 3 Bloco A",
		"numero": 474,
		"bairro": "Asa Norte",
		"cidade": "Brasília",
		"estado": "DF",
		"telefone_fixo": "(61) 3841-8780",
		"celular": "(61) 98904-2689",
		"altura": "1,52",
		"peso": 81,
		"tipo_sanguineo": "AB+",
		"cor": "laranja"
	},
	{
		"nome": "Luciana Ester Sabrina Farias",
		"idade": 52,
		"cpf": "268.514.001-89",
		"rg": "30.528.903-2",
		"data_nasc": "19/02/1971",
		"sexo": "Feminino",
		"signo": "Aquário",
		"mae": "Flávia Emily Aurora",
		"pai": "Tomás Bruno Farias",
		"email": "luciana_farias@cmfcequipamentos.com.br",
		"senha": "czSAFjMSH4",
		"cep": "72507-516",
		"endereco": "Quadra QR 307 Conjunto P",
		"numero": 957,
		"bairro": "Santa Maria",
		"cidade": "Brasília",
		"estado": "DF",
		"telefone_fixo": "(61) 3745-5838",
		"celular": "(61) 98494-7887",
		"altura": "1,58",
		"peso": 73,
		"tipo_sanguineo": "B+",
		"cor": "verde"
	}
]