[
	{
		"nome": "Benício Arthur Pires",
		"idade": 54,
		"cpf": "971.867.531-08",
		"rg": "50.152.243-8",
		"data_nasc": "16/01/1969",
		"sexo": "Masculino",
		"signo": "Capricórnio",
		"mae": "Cláudia Esther",
		"pai": "Raul Filipe Pires",
		"email": "benicioarthurpires@oi.com.br",
		"senha": "bcjCb0ej41",
		"cep": "70351-710",
		"endereco": "Quadra SHIGS 707 Bloco J",
		"numero": 566,
		"bairro": "Asa Sul",
		"cidade": "Brasília",
		"estado": "DF",
		"telefone_fixo": "(61) 2745-2232",
		"celular": "(61) 98450-9167",
		"altura": "1,79",
		"peso": 80,
		"tipo_sanguineo": "AB-",
		"cor": "amarelo"
	},
	{
		"nome": "Larissa Lorena Drumond",
		"idade": 55,
		"cpf": "151.014.581-80",
		"rg": "32.129.918-8",
		"data_nasc": "25/01/1968",
		"sexo": "Feminino",
		"signo": "Aquário",
		"mae": "Jaqueline Larissa Jennifer",
		"pai": "Fábio Pedro Henrique Drumond",
		"email": "larissa-drumond79@prositeweb.com.br",
		"senha": "qSSU4S40kT",
		"cep": "72547-326",
		"endereco": "Entre Quadra 417-517 Módulo F",
		"numero": 528,
		"bairro": "Santa Maria",
		"cidade": "Brasília",
		"estado": "DF",
		"telefone_fixo": "(61) 3678-6779",
		"celular": "(61) 98635-2358",
		"altura": "1,72",
		"peso": 88,
		"tipo_sanguineo": "A-",
		"cor": "vermelho"
	},
	{
		"nome": "Nair Isabella Fernanda Gonçalves",
		"idade": 66,
		"cpf": "919.111.991-02",
		"rg": "16.382.432-0",
		"data_nasc": "04/02/1957",
		"sexo": "Feminino",
		"signo": "Aquário",
		"mae": "Jennifer Maya Catarina",
		"pai": "Ruan Calebe Gonçalves",
		"email": "nair_isabella_goncalves@publiconsult.com.br",
		"senha": "wB0KBHDcEM",
		"cep": "71881-126",
		"endereco": "Quadra QN 14B Conjunto 6",
		"numero": 624,
		"bairro": "Riacho Fundo II",
		"cidade": "Brasília",
		"estado": "DF",
		"telefone_fixo": "(61) 2791-8543",
		"celular": "(61) 98754-7792",
		"altura": "1,71",
		"peso": 45,
		"tipo_sanguineo": "AB-",
		"cor": "vermelho"
	},
	{
		"nome": "Mariah Mariane Agatha Ramos",
		"idade": 40,
		"cpf": "393.742.101-77",
		"rg": "38.671.467-8",
		"data_nasc": "10/02/1983",
		"sexo": "Feminino",
		"signo": "Aquário",
		"mae": "Agatha Joana",
		"pai": "Anderson Erick Bryan Ramos",
		"email": "mariahmarianeramos@locare-eventos.com.br",
		"senha": "HFlk4eChHq",
		"cep": "72220-514",
		"endereco": "Quadra EQNN 2/4 Bloco D",
		"numero": 793,
		"bairro": "Ceilândia Sul (Ceilândia)",
		"cidade": "Brasília",
		"estado": "DF",
		"telefone_fixo": "(61) 2758-0818",
		"celular": "(61) 98744-3047",
		"altura": "1,80",
		"peso": 53,
		"tipo_sanguineo": "A-",
		"cor": "vermelho"
	},
	{
		"nome": "Alana Cecília Carvalho",
		"idade": 28,
		"cpf": "696.341.211-10",
		"rg": "11.083.128-7",
		"data_nasc": "02/01/1995",
		"sexo": "Feminino",
		"signo": "Capricórnio",
		"mae": "Nair Francisca Larissa",
		"pai": "Nicolas Miguel Carvalho",
		"email": "alana-carvalho78@robertacorrea.com",
		"senha": "5ZqlSqqttD",
		"cep": "72265-070",
		"endereco": "Quadra Quadra 7",
		"numero": 931,
		"bairro": "Setor Industrial (Ceilândia)",
		"cidade": "Brasília",
		"estado": "DF",
		"telefone_fixo": "(61) 2830-3155",
		"celular": "(61) 98644-9840",
		"altura": "1,84",
		"peso": 53,
		"tipo_sanguineo": "A+",
		"cor": "preto"
	},
	{
		"nome": "Sophie Patrícia Pereira",
		"idade": 65,
		"cpf": "740.942.431-19",
		"rg": "30.218.514-8",
		"data_nasc": "09/01/1958",
		"sexo": "Feminino",
		"signo": "Capricórnio",
		"mae": "Beatriz Juliana",
		"pai": "Raul Yuri Pereira",
		"email": "sophie_pereira@rodrigofranco.com",
		"senha": "tg7Ibzn65B",
		"cep": "73355-608",
		"endereco": "Quadra Quadra 16 Conjunto 8",
		"numero": 961,
		"bairro": "Setor Residencial Leste (Planaltina)",
		"cidade": "Brasília",
		"estado": "DF",
		"telefone_fixo": "(61) 2599-1444",
		"celular": "(61) 98463-3144",
		"altura": "1,83",
		"peso": 66,
		"tipo_sanguineo": "B+",
		"cor": "roxo"
	},
	{
		"nome": "Eduardo Nicolas Manoel da Mata",
		"idade": 62,
		"cpf": "367.091.871-01",
		"rg": "18.055.249-1",
		"data_nasc": "20/01/1961",
		"sexo": "Masculino",
		"signo": "Capricórnio",
		"mae": "Isadora Lúcia Isabelle",
		"pai": "Daniel Bento da Mata",
		"email": "eduardo-damata71@onvale.com",
		"senha": "4aIGKZC7wR",
		"cep": "72420-412",
		"endereco": "Quadra Quadra A Conjunto 2",
		"numero": 989,
		"bairro": "Setor Oeste (Gama)",
		"cidade": "Brasília",
		"estado": "DF",
		"telefone_fixo": "(61) 2520-9212",
		"celular": "(61) 99656-9022",
		"altura": "1,64",
		"peso": 79,
		"tipo_sanguineo": "O+",
		"cor": "vermelho"
	},
	{
		"nome": "Ricardo Yuri da Cruz",
		"idade": 42,
		"cpf": "455.098.781-26",
		"rg": "14.013.580-7",
		"data_nasc": "12/02/1981",
		"sexo": "Masculino",
		"signo": "Aquário",
		"mae": "Milena Eliane Antonella",
		"pai": "Cauã Tiago da Cruz",
		"email": "ricardoyuridacruz@band.com.br",
		"senha": "2pgjPx7Irw",
		"cep": "72280-254",
		"endereco": "Rua Rua 4 Módulo 2",
		"numero": 779,
		"bairro": "Condomínio Privê Lucena Roriz (Ceilândia)",
		"cidade": "Brasília",
		"estado": "DF",
		"telefone_fixo": "(61) 3936-2767",
		"celular": "(61) 99618-5173",
		"altura": "2,00",
		"peso": 68,
		"tipo_sanguineo": "B-",
		"cor": "vermelho"
	},
	{
		"nome": "Tatiane Catarina das Neves",
		"idade": 74,
		"cpf": "343.537.291-52",
		"rg": "39.737.831-2",
		"data_nasc": "05/02/1949",
		"sexo": "Feminino",
		"signo": "Aquário",
		"mae": "Natália Emily Sophia",
		"pai": "Enzo Julio Marcos das Neves",
		"email": "tatiane-dasneves99@coeducar.com.br",
		"senha": "zfqTrB6e1H",
		"cep": "71570-405",
		"endereco": "Quadra Quadra 4 Conjunto E",
		"numero": 721,
		"bairro": "Paranoá",
		"cidade": "Brasília",
		"estado": "DF",
		"telefone_fixo": "(61) 2575-1097",
		"celular": "(61) 99464-5088",
		"altura": "1,51",
		"peso": 71,
		"tipo_sanguineo": "A+",
		"cor": "roxo"
	},
	{
		"nome": "Cristiane Jaqueline Lopes",
		"idade": 39,
		"cpf": "103.118.571-24",
		"rg": "21.329.860-0",
		"data_nasc": "18/01/1984",
		"sexo": "Feminino",
		"signo": "Capricórnio",
		"mae": "Yasmin Betina Clara",
		"pai": "Nicolas Paulo Heitor Lopes",
		"email": "cristiane_lopes@akadnyx.com.br",
		"senha": "PeZuCIRUYa",
		"cep": "72311-704",
		"endereco": "Quadra QN 505 Conjunto 4",
		"numero": 127,
		"bairro": "Samambaia Sul (Samambaia)",
		"cidade": "Brasília",
		"estado": "DF",
		"telefone_fixo": "(61) 3938-9360",
		"celular": "(61) 99131-2638",
		"altura": "1,50",
		"peso": 71,
		"tipo_sanguineo": "O+",
		"cor": "azul"
	},
	{
		"nome": "Agatha Teresinha Bianca Galvão",
		"idade": 57,
		"cpf": "886.871.111-77",
		"rg": "19.112.269-5",
		"data_nasc": "08/01/1966",
		"sexo": "Feminino",
		"signo": "Capricórnio",
		"mae": "Fátima Rayssa Isabela",
		"pai": "Marcos Vinicius Pedro Henrique Kaique Galvão",
		"email": "agatha.teresinha.galvao@yahoo.com.ar",
		"senha": "8rjsXRcRM3",
		"cep": "73061-270",
		"endereco": "Quadra Quadra 4 Conjunto D",
		"numero": 647,
		"bairro": "Setor Oeste (Sobradinho II)",
		"cidade": "Brasília",
		"estado": "DF",
		"telefone_fixo": "(61) 2752-5067",
		"celular": "(61) 98683-2667",
		"altura": "1,58",
		"peso": 65,
		"tipo_sanguineo": "AB+",
		"cor": "vermelho"
	},
	{
		"nome": "Rosa Emanuelly Silva",
		"idade": 34,
		"cpf": "799.311.641-40",
		"rg": "21.085.031-0",
		"data_nasc": "25/02/1989",
		"sexo": "Feminino",
		"signo": "Peixes",
		"mae": "Luzia Francisca",
		"pai": "Cauê Kaique Davi Silva",
		"email": "rosaemanuellysilva@rebecacometerra.com.br",
		"senha": "HfrTAZ467O",
		"cep": "72302-611",
		"endereco": "Quadra QR 114 Conjunto 10",
		"numero": 841,
		"bairro": "Samambaia Sul (Samambaia)",
		"cidade": "Brasília",
		"estado": "DF",
		"telefone_fixo": "(61) 2546-3143",
		"celular": "(61) 99424-4940",
		"altura": "1,62",
		"peso": 70,
		"tipo_sanguineo": "AB-",
		"cor": "preto"
	},
	{
		"nome": "Cauê Fábio Assunção",
		"idade": 18,
		"cpf": "198.719.141-21",
		"rg": "28.156.388-3",
		"data_nasc": "24/02/2005",
		"sexo": "Masculino",
		"signo": "Peixes",
		"mae": "Bianca Teresinha",
		"pai": "Antonio Rafael Igor Assunção",
		"email": "cauefabioassuncao@tarp.com.br",
		"senha": "dgWuM43Syt",
		"cep": "70655-614",
		"endereco": "Quadra SHCES Quadra 601 Bloco D",
		"numero": 313,
		"bairro": "Cruzeiro Novo",
		"cidade": "Brasília",
		"estado": "DF",
		"telefone_fixo": "(61) 3942-6207",
		"celular": "(61) 98896-0659",
		"altura": "2,00",
		"peso": 50,
		"tipo_sanguineo": "AB+",
		"cor": "vermelho"
	},
	{
		"nome": "Heitor Raimundo Bryan Mendes",
		"idade": 43,
		"cpf": "343.287.471-50",
		"rg": "23.580.785-0",
		"data_nasc": "01/02/1980",
		"sexo": "Masculino",
		"signo": "Aquário",
		"mae": "Carolina Isabelly Mariana",
		"pai": "Severino José Ian Mendes",
		"email": "heitor-mendes79@creativeinteriores.com.br",
		"senha": "QY83dYlngC",
		"cep": "72315-214",
		"endereco": "Quadra QR 517 Conjunto 14",
		"numero": 330,
		"bairro": "Samambaia Sul (Samambaia)",
		"cidade": "Brasília",
		"estado": "DF",
		"telefone_fixo": "(61) 2868-0344",
		"celular": "(61) 99246-6908",
		"altura": "1,87",
		"peso": 74,
		"tipo_sanguineo": "AB-",
		"cor": "vermelho"
	},
	{
		"nome": "Marcos Pedro Henrique Araújo",
		"idade": 61,
		"cpf": "546.212.561-57",
		"rg": "16.042.788-5",
		"data_nasc": "13/01/1962",
		"sexo": "Masculino",
		"signo": "Capricórnio",
		"mae": "Stella Aline",
		"pai": "Vitor Cláudio Araújo",
		"email": "marcospedroaraujo@recantoalmeida.com.br",
		"senha": "dhTKlr3WdZ",
		"cep": "71090-285",
		"endereco": "Colônia Agrícola Águas Claras Chácara 23A1",
		"numero": 820,
		"bairro": "Guará I",
		"cidade": "Brasília",
		"estado": "DF",
		"telefone_fixo": "(61) 2786-2745",
		"celular": "(61) 99682-1585",
		"altura": "1,69",
		"peso": 61,
		"tipo_sanguineo": "O+",
		"cor": "preto"
	},
	{
		"nome": "Eliane Olivia Débora Bernardes",
		"idade": 74,
		"cpf": "554.048.631-53",
		"rg": "30.332.190-8",
		"data_nasc": "04/02/1949",
		"sexo": "Feminino",
		"signo": "Aquário",
		"mae": "Antônia Simone Benedita",
		"pai": "Gabriel Leandro Fernando Bernardes",
		"email": "elianeoliviabernardes@jcffactoring.com.br",
		"senha": "L3o0obZbfE",
		"cep": "70354-530",
		"endereco": "Quadra CLS 307 Bloco C",
		"numero": 189,
		"bairro": "Asa Sul",
		"cidade": "Brasília",
		"estado": "DF",
		"telefone_fixo": "(61) 2772-7469",
		"celular": "(61) 99959-9549",
		"altura": "1,64",
		"peso": 53,
		"tipo_sanguineo": "A+",
		"cor": "vermelho"
	},
	{
		"nome": "Ruan Lucas Bento Moura",
		"idade": 46,
		"cpf": "824.069.151-07",
		"rg": "41.873.776-9",
		"data_nasc": "09/01/1977",
		"sexo": "Masculino",
		"signo": "Capricórnio",
		"mae": "Jennifer Tereza Malu",
		"pai": "Samuel Elias Yago Moura",
		"email": "ruan_moura@tlmix.com.br",
		"senha": "RtlX4CUbwB",
		"cep": "72725-541",
		"endereco": "Quadra Quadra 4 Bloco 1",
		"numero": 323,
		"bairro": "Veredas (Brazlândia)",
		"cidade": "Brasília",
		"estado": "DF",
		"telefone_fixo": "(61) 3799-7258",
		"celular": "(61) 98178-8669",
		"altura": "1,78",
		"peso": 85,
		"tipo_sanguineo": "O-",
		"cor": "amarelo"
	},
	{
		"nome": "Flávia Emilly Ana Santos",
		"idade": 50,
		"cpf": "661.090.361-10",
		"rg": "11.667.923-2",
		"data_nasc": "13/01/1973",
		"sexo": "Feminino",
		"signo": "Capricórnio",
		"mae": "Emily Lavínia",
		"pai": "Otávio João Santos",
		"email": "flaviaemillysantos@prodam.am.gov.br",
		"senha": "2lZH3NRcEz",
		"cep": "72236-400",
		"endereco": "Quadra QNP 34",
		"numero": 527,
		"bairro": "Ceilândia Sul (Ceilândia)",
		"cidade": "Brasília",
		"estado": "DF",
		"telefone_fixo": "(61) 2572-0482",
		"celular": "(61) 98785-3975",
		"altura": "1,85",
		"peso": 72,
		"tipo_sanguineo": "O+",
		"cor": "preto"
	},
	{
		"nome": "Juliana Luna Pinto",
		"idade": 59,
		"cpf": "131.302.121-08",
		"rg": "42.605.909-8",
		"data_nasc": "24/02/1964",
		"sexo": "Feminino",
		"signo": "Peixes",
		"mae": "Luzia Sônia",
		"pai": "Heitor Yuri Pinto",
		"email": "juliana.luna.pinto@usa.com",
		"senha": "ZW1rQWiZb0",
		"cep": "72430-265",
		"endereco": "Área Especial 3 Detran",
		"numero": 409,
		"bairro": "Setor Norte (Gama)",
		"cidade": "Brasília",
		"estado": "DF",
		"telefone_fixo": "(61) 2502-2606",
		"celular": "(61) 98627-9973",
		"altura": "1,76",
		"peso": 45,
		"tipo_sanguineo": "A+",
		"cor": "azul"
	},
	{
		"nome": "Brenda Rita Nunes",
		"idade": 79,
		"cpf": "289.674.641-26",
		"rg": "17.505.099-5",
		"data_nasc": "06/01/1944",
		"sexo": "Feminino",
		"signo": "Capricórnio",
		"mae": "Jéssica Priscila Mirella",
		"pai": "Anthony Gabriel Nunes",
		"email": "brenda.rita.nunes@mcpsolucoesgraficas.com.br",
		"senha": "xsC7NFdnMM",
		"cep": "72551-180",
		"endereco": "Chácara Chácaras 09 B",
		"numero": 987,
		"bairro": "Núcleo Rural Alagados (Santa Maria)",
		"cidade": "Brasília",
		"estado": "DF",
		"telefone_fixo": "(61) 3648-6044",
		"celular": "(61) 98597-1982",
		"altura": "1,73",
		"peso": 89,
		"tipo_sanguineo": "O+",
		"cor": "amarelo"
	},
	{
		"nome": "Roberto Fábio Teixeira",
		"idade": 77,
		"cpf": "885.417.621-49",
		"rg": "48.008.892-5",
		"data_nasc": "23/01/1946",
		"sexo": "Masculino",
		"signo": "Aquário",
		"mae": "Márcia Marli Fátima",
		"pai": "Danilo José Joaquim Teixeira",
		"email": "roberto.fabio.teixeira@pciinformatica.com",
		"senha": "lmcr85D3jI",
		"cep": "72501-101",
		"endereco": "Quadra AC 101 Bloco A",
		"numero": 704,
		"bairro": "Santa Maria",
		"cidade": "Brasília",
		"estado": "DF",
		"telefone_fixo": "(61) 2514-2179",
		"celular": "(61) 98676-9060",
		"altura": "1,69",
		"peso": 106,
		"tipo_sanguineo": "B-",
		"cor": "roxo"
	},
	{
		"nome": "Matheus Rafael Miguel da Costa",
		"idade": 46,
		"cpf": "021.730.891-02",
		"rg": "43.754.182-4",
		"data_nasc": "05/02/1977",
		"sexo": "Masculino",
		"signo": "Aquário",
		"mae": "Milena Jennifer Mariane",
		"pai": "Ian Danilo da Costa",
		"email": "matheus_rafael_dacosta@pmi.com",
		"senha": "dIaLmIt0aM",
		"cep": "72310-505",
		"endereco": "Quadra QS 320 Conjunto 5",
		"numero": 579,
		"bairro": "Samambaia Sul (Samambaia)",
		"cidade": "Brasília",
		"estado": "DF",
		"telefone_fixo": "(61) 3547-1742",
		"celular": "(61) 98825-4755",
		"altura": "1,76",
		"peso": 101,
		"tipo_sanguineo": "B-",
		"cor": "vermelho"
	},
	{
		"nome": "Isabelly Sabrina Eliane Rocha",
		"idade": 21,
		"cpf": "032.657.321-69",
		"rg": "48.450.805-2",
		"data_nasc": "10/02/2002",
		"sexo": "Feminino",
		"signo": "Aquário",
		"mae": "Elza Isabel Gabriela",
		"pai": "Bento Antonio Victor Rocha",
		"email": "isabelly-rocha76@comercialrafael.com.br",
		"senha": "MliREfxI7a",
		"cep": "70294-110",
		"endereco": "Quadra SQS 215 Bloco K",
		"numero": 892,
		"bairro": "Asa Sul",
		"cidade": "Brasília",
		"estado": "DF",
		"telefone_fixo": "(61) 2843-0484",
		"celular": "(61) 99577-2414",
		"altura": "1,74",
		"peso": 66,
		"tipo_sanguineo": "B+",
		"cor": "azul"
	},
	{
		"nome": "Clarice Ayla Eduarda Almeida",
		"idade": 41,
		"cpf": "007.423.401-39",
		"rg": "17.406.154-7",
		"data_nasc": "21/02/1982",
		"sexo": "Feminino",
		"signo": "Peixes",
		"mae": "Ayla Luna",
		"pai": "Vicente Fernando Cauã Almeida",
		"email": "clarice-almeida82@prcondominios.com.br",
		"senha": "fgZZrqkHRO",
		"cep": "71255-010",
		"endereco": "Área Especial Área Especial 1",
		"numero": 246,
		"bairro": "Setor Central (Vila Estrutural - Guará)",
		"cidade": "Brasília",
		"estado": "DF",
		"telefone_fixo": "(61) 3527-2024",
		"celular": "(61) 98834-5658",
		"altura": "1,76",
		"peso": 56,
		"tipo_sanguineo": "O-",
		"cor": "verde"
	},
	{
		"nome": "Beatriz Antônia Rosa Moraes",
		"idade": 50,
		"cpf": "616.993.011-07",
		"rg": "17.873.800-1",
		"data_nasc": "14/01/1973",
		"sexo": "Feminino",
		"signo": "Capricórnio",
		"mae": "Ana Luzia",
		"pai": "Theo Paulo Moraes",
		"email": "beatriz-moraes83@valparaibaimoveis.com.br",
		"senha": "NEHYdIX7td",
		"cep": "72323-017",
		"endereco": "Quadra QR 415 Conjunto 17",
		"numero": 832,
		"bairro": "Samambaia Norte (Samambaia)",
		"cidade": "Brasília",
		"estado": "DF",
		"telefone_fixo": "(61) 2755-1006",
		"celular": "(61) 98753-0006",
		"altura": "1,75",
		"peso": 88,
		"tipo_sanguineo": "B+",
		"cor": "preto"
	},
	{
		"nome": "Anderson Matheus Rodrigues",
		"idade": 55,
		"cpf": "888.078.301-75",
		"rg": "11.621.187-8",
		"data_nasc": "24/02/1968",
		"sexo": "Masculino",
		"signo": "Peixes",
		"mae": "Elza Maya Patrícia",
		"pai": "Ryan Davi Rodrigues",
		"email": "andersonmatheusrodrigues@wwlimpador.com.br",
		"senha": "TdmFnOZwFP",
		"cep": "72650-630",
		"endereco": "Quadra Quadra 804 Conjunto 5",
		"numero": 747,
		"bairro": "Recanto das Emas",
		"cidade": "Brasília",
		"estado": "DF",
		"telefone_fixo": "(61) 2647-6025",
		"celular": "(61) 98342-0815",
		"altura": "1,60",
		"peso": 101,
		"tipo_sanguineo": "B-",
		"cor": "laranja"
	},
	{
		"nome": "Alessandra Sabrina Caldeira",
		"idade": 66,
		"cpf": "966.118.141-16",
		"rg": "18.635.473-3",
		"data_nasc": "25/01/1957",
		"sexo": "Feminino",
		"signo": "Aquário",
		"mae": "Vanessa Francisca",
		"pai": "Emanuel Cauê Caldeira",
		"email": "alessandrasabrinacaldeira@tce.sp.gov.br",
		"senha": "jgw3nJAtpZ",
		"cep": "72650-625",
		"endereco": "Quadra Quadra 804 Conjunto 4",
		"numero": 115,
		"bairro": "Recanto das Emas",
		"cidade": "Brasília",
		"estado": "DF",
		"telefone_fixo": "(61) 3765-0327",
		"celular": "(61) 99452-1471",
		"altura": "1,68",
		"peso": 60,
		"tipo_sanguineo": "O+",
		"cor": "amarelo"
	},
	{
		"nome": "Ricardo Vinicius Cavalcanti",
		"idade": 31,
		"cpf": "076.279.631-68",
		"rg": "24.388.785-1",
		"data_nasc": "09/02/1992",
		"sexo": "Masculino",
		"signo": "Aquário",
		"mae": "Hadassa Sophia Eduarda",
		"pai": "Lucca Victor Cavalcanti",
		"email": "ricardoviniciuscavalcanti@disparco.com.br",
		"senha": "50bGfzb5m1",
		"cep": "71820-815",
		"endereco": "Quadra QS 8 Conjunto 5B",
		"numero": 213,
		"bairro": "Riacho Fundo I",
		"cidade": "Brasília",
		"estado": "DF",
		"telefone_fixo": "(61) 3594-9597",
		"celular": "(61) 99168-9755",
		"altura": "2,00",
		"peso": 56,
		"tipo_sanguineo": "O-",
		"cor": "laranja"
	},
	{
		"nome": "Yago Arthur Souza",
		"idade": 28,
		"cpf": "056.787.851-17",
		"rg": "14.645.958-1",
		"data_nasc": "06/02/1995",
		"sexo": "Masculino",
		"signo": "Aquário",
		"mae": "Isabelly Emily Simone",
		"pai": "Renan Davi Souza",
		"email": "yagoarthursouza@marcenariamagno.com.br",
		"senha": "TiOOPFTTxc",
		"cep": "71539-020",
		"endereco": "Condomínio Privê I Quadra 1 Conjunto C",
		"numero": 234,
		"bairro": "Setor de Mansões do Lago Norte",
		"cidade": "Brasília",
		"estado": "DF",
		"telefone_fixo": "(61) 2880-4534",
		"celular": "(61) 98188-7781",
		"altura": "2,00",
		"peso": 72,
		"tipo_sanguineo": "O+",
		"cor": "laranja"
	},
	{
		"nome": "Gael Gael Fogaça",
		"idade": 36,
		"cpf": "033.579.471-88",
		"rg": "28.746.899-9",
		"data_nasc": "18/02/1987",
		"sexo": "Masculino",
		"signo": "Aquário",
		"mae": "Rosa Sueli Teresinha",
		"pai": "Sérgio Emanuel Carlos Fogaça",
		"email": "gael.gael.fogaca@andrade.com",
		"senha": "UHrwS0g761",
		"cep": "73360-613",
		"endereco": "Quadra Quadra 6 Bloco M",
		"numero": 368,
		"bairro": "Setor Residencial Leste (Planaltina)",
		"cidade": "Brasília",
		"estado": "DF",
		"telefone_fixo": "(61) 3705-3275",
		"celular": "(61) 99307-6754",
		"altura": "1,74",
		"peso": 71,
		"tipo_sanguineo": "AB+",
		"cor": "roxo"
	}
]