[
	{
		"nome": "Marcos Vinicius Manoel Elias Drumond",
		"idade": 53,
		"cpf": "817.780.331-05",
		"rg": "21.963.836-6",
		"data_nasc": "06/02/1970",
		"sexo": "Masculino",
		"signo": "Aquário",
		"mae": "Isis Nair Márcia",
		"pai": "Emanuel Osvaldo Drumond",
		"email": "marcosviniciusdrumond@iblojas.com.br",
		"senha": "qb7L9KddEw",
		"cep": "70648-250",
		"endereco": "Quadra SRES Quadra 2 Área Especial s/n",
		"numero": 497,
		"bairro": "Cruzeiro Velho",
		"cidade": "Brasília",
		"estado": "DF",
		"telefone_fixo": "(61) 2804-1495",
		"celular": "(61) 99135-1728",
		"altura": "1,97",
		"peso": 56,
		"tipo_sanguineo": "AB-",
		"cor": "laranja"
	},
	{
		"nome": "Jennifer Lívia Milena da Silva",
		"idade": 58,
		"cpf": "777.299.121-55",
		"rg": "26.673.772-9",
		"data_nasc": "10/01/1965",
		"sexo": "Feminino",
		"signo": "Capricórnio",
		"mae": "Louise Joana",
		"pai": "Isaac Benício da Silva",
		"email": "jenniferliviadasilva@segplanet.com.br",
		"senha": "KaaTR3qwBn",
		"cep": "73015-206",
		"endereco": "Quadra Quadra 2 Conjunto B-6",
		"numero": 641,
		"bairro": "Sobradinho",
		"cidade": "Brasília",
		"estado": "DF",
		"telefone_fixo": "(61) 2725-4479",
		"celular": "(61) 98963-1403",
		"altura": "1,58",
		"peso": 61,
		"tipo_sanguineo": "AB+",
		"cor": "vermelho"
	},
	{
		"nome": "Tomás Lorenzo Rodrigues",
		"idade": 54,
		"cpf": "266.998.411-81",
		"rg": "32.169.561-6",
		"data_nasc": "12/02/1969",
		"sexo": "Masculino",
		"signo": "Aquário",
		"mae": "Luana Isis Andreia",
		"pai": "Mateus Danilo Rodrigues",
		"email": "tomas.lorenzo.rodrigues@thibe.com.br",
		"senha": "ROONu6bWxa",
		"cep": "72610-419",
		"endereco": "Quadra Quadra 204 Conjunto 19",
		"numero": 867,
		"bairro": "Recanto das Emas",
		"cidade": "Brasília",
		"estado": "DF",
		"telefone_fixo": "(61) 3853-4986",
		"celular": "(61) 98147-1902",
		"altura": "1,92",
		"peso": 77,
		"tipo_sanguineo": "O-",
		"cor": "vermelho"
	},
	{
		"nome": "Rayssa Sônia Jesus",
		"idade": 36,
		"cpf": "557.821.281-60",
		"rg": "10.772.625-7",
		"data_nasc": "09/01/1987",
		"sexo": "Feminino",
		"signo": "Capricórnio",
		"mae": "Carla Teresinha Vanessa",
		"pai": "Gael Lorenzo Caleb Jesus",
		"email": "rayssasoniajesus@henrimar.com.br",
		"senha": "mYBrHYwX98",
		"cep": "72158-313",
		"endereco": "Quadra 3 Conjunto A Bloco C",
		"numero": 359,
		"bairro": "Taguatinga Norte (Taguatinga)",
		"cidade": "Brasília",
		"estado": "DF",
		"telefone_fixo": "(61) 3810-6851",
		"celular": "(61) 98304-4225",
		"altura": "1,50",
		"peso": 64,
		"tipo_sanguineo": "AB-",
		"cor": "azul"
	},
	{
		"nome": "Fernando Gustavo da Luz",
		"idade": 61,
		"cpf": "138.040.561-05",
		"rg": "35.968.840-8",
		"data_nasc": "16/01/1962",
		"sexo": "Masculino",
		"signo": "Capricórnio",
		"mae": "Olivia Hadassa Josefa",
		"pai": "Julio Paulo Vitor da Luz",
		"email": "fernando_gustavo_daluz@rgsa.com.br",
		"senha": "DHdhAH8b2r",
		"cep": "71587-022",
		"endereco": "Quadra Quadra 1",
		"numero": 999,
		"bairro": "Paranoá Parque (Paranoá)",
		"cidade": "Brasília",
		"estado": "DF",
		"telefone_fixo": "(61) 3514-6109",
		"celular": "(61) 98128-5773",
		"altura": "1,61",
		"peso": 55,
		"tipo_sanguineo": "AB+",
		"cor": "verde"
	},
	{
		"nome": "Laís Márcia Eliane Barbosa",
		"idade": 42,
		"cpf": "894.150.801-08",
		"rg": "19.929.929-8",
		"data_nasc": "16/01/1981",
		"sexo": "Feminino",
		"signo": "Capricórnio",
		"mae": "Adriana Clara",
		"pai": "Manoel Augusto Gabriel Barbosa",
		"email": "lais-barbosa91@academiaconcerto.art.br",
		"senha": "xfaPF1SEme",
		"cep": "73343-121",
		"endereco": "Quadra Quadra K Conjunto K-7",
		"numero": 864,
		"bairro": "Setor Residencial Oeste (Planaltina)",
		"cidade": "Brasília",
		"estado": "DF",
		"telefone_fixo": "(61) 3893-1903",
		"celular": "(61) 98675-5019",
		"altura": "1,75",
		"peso": 59,
		"tipo_sanguineo": "AB-",
		"cor": "verde"
	},
	{
		"nome": "Theo Otávio Cavalcanti",
		"idade": 57,
		"cpf": "812.652.801-00",
		"rg": "45.479.206-2",
		"data_nasc": "15/01/1966",
		"sexo": "Masculino",
		"signo": "Capricórnio",
		"mae": "Francisca Antônia",
		"pai": "Diogo Thales Cavalcanti",
		"email": "theootaviocavalcanti@rocketmail.com",
		"senha": "bmODPNrom5",
		"cep": "72215-013",
		"endereco": "Quadra QNM 1 Conjunto C",
		"numero": 751,
		"bairro": "Ceilândia Sul (Ceilândia)",
		"cidade": "Brasília",
		"estado": "DF",
		"telefone_fixo": "(61) 2722-6235",
		"celular": "(61) 99775-9363",
		"altura": "1,80",
		"peso": 91,
		"tipo_sanguineo": "B-",
		"cor": "amarelo"
	},
	{
		"nome": "Elias Yuri Leonardo Moura",
		"idade": 38,
		"cpf": "695.030.101-44",
		"rg": "30.154.894-8",
		"data_nasc": "26/01/1985",
		"sexo": "Masculino",
		"signo": "Aquário",
		"mae": "Clarice Amanda Agatha",
		"pai": "Bento Jorge Moura",
		"email": "elias_yuri_moura@lucaslima.com",
		"senha": "3mDx4THYNL",
		"cep": "73061-215",
		"endereco": "Quadra Quadra 3 Conjunto I",
		"numero": 386,
		"bairro": "Setor Oeste (Sobradinho II)",
		"cidade": "Brasília",
		"estado": "DF",
		"telefone_fixo": "(61) 2902-1289",
		"celular": "(61) 99926-3726",
		"altura": "1,96",
		"peso": 83,
		"tipo_sanguineo": "O+",
		"cor": "laranja"
	},
	{
		"nome": "Andreia Ayla Vieira",
		"idade": 71,
		"cpf": "880.168.981-06",
		"rg": "29.099.557-7",
		"data_nasc": "25/02/1952",
		"sexo": "Feminino",
		"signo": "Peixes",
		"mae": "Sophia Beatriz",
		"pai": "Alexandre Bento Otávio Vieira",
		"email": "andreia_vieira@tatyanecolo.com",
		"senha": "Rmug2oska6",
		"cep": "71881-145",
		"endereco": "Quadra QN 14D Conjunto 5",
		"numero": 178,
		"bairro": "Riacho Fundo II",
		"cidade": "Brasília",
		"estado": "DF",
		"telefone_fixo": "(61) 2694-2308",
		"celular": "(61) 99720-5052",
		"altura": "1,54",
		"peso": 79,
		"tipo_sanguineo": "O-",
		"cor": "verde"
	},
	{
		"nome": "Flávia Sophia Márcia Alves",
		"idade": 48,
		"cpf": "023.643.631-79",
		"rg": "39.171.227-5",
		"data_nasc": "22/02/1975",
		"sexo": "Feminino",
		"signo": "Peixes",
		"mae": "Aline Laura",
		"pai": "Ricardo Igor Sebastião Alves",
		"email": "flaviasophiaalves@marithimaconstrutora.com.br",
		"senha": "CkWm42p7HB",
		"cep": "72120-000",
		"endereco": "Quadra QND AE",
		"numero": 947,
		"bairro": "Taguatinga Norte (Taguatinga)",
		"cidade": "Brasília",
		"estado": "DF",
		"telefone_fixo": "(61) 3802-0304",
		"celular": "(61) 99446-5982",
		"altura": "1,73",
		"peso": 54,
		"tipo_sanguineo": "AB-",
		"cor": "verde"
	},
	{
		"nome": "Benjamin Levi Gabriel Gomes",
		"idade": 28,
		"cpf": "508.428.561-88",
		"rg": "16.442.130-0",
		"data_nasc": "06/02/1995",
		"sexo": "Masculino",
		"signo": "Aquário",
		"mae": "Amanda Gabriela",
		"pai": "Vitor Calebe Gomes",
		"email": "benjamin_gomes@charquesorocaba.com.br",
		"senha": "LRQIxHDABI",
		"cep": "72429-170",
		"endereco": "Setor SMA Conjunto R",
		"numero": 900,
		"bairro": "Gama",
		"cidade": "Brasília",
		"estado": "DF",
		"telefone_fixo": "(61) 3712-0913",
		"celular": "(61) 98516-0405",
		"altura": "1,96",
		"peso": 78,
		"tipo_sanguineo": "O+",
		"cor": "vermelho"
	},
	{
		"nome": "Anderson João Dias",
		"idade": 24,
		"cpf": "659.400.901-09",
		"rg": "43.885.412-3",
		"data_nasc": "16/01/1999",
		"sexo": "Masculino",
		"signo": "Capricórnio",
		"mae": "Lívia Aparecida",
		"pai": "Benedito Luan Rodrigo Dias",
		"email": "anderson-dias94@alliancarh.com.br",
		"senha": "5pYjKwmyko",
		"cep": "70755-400",
		"endereco": "Quadra EQN 309/310",
		"numero": 574,
		"bairro": "Asa Norte",
		"cidade": "Brasília",
		"estado": "DF",
		"telefone_fixo": "(61) 2845-1092",
		"celular": "(61) 99867-1587",
		"altura": "1,93",
		"peso": 105,
		"tipo_sanguineo": "O+",
		"cor": "verde"
	},
	{
		"nome": "Carlos Igor Benedito Souza",
		"idade": 73,
		"cpf": "657.487.071-28",
		"rg": "38.780.463-8",
		"data_nasc": "21/02/1950",
		"sexo": "Masculino",
		"signo": "Peixes",
		"mae": "Isadora Malu Cecília",
		"pai": "Nelson Noah Souza",
		"email": "carlos-souza95@tirel.com.br",
		"senha": "g3WO0GUK4w",
		"cep": "71740-037",
		"endereco": "Quadra SMPW Quadra 12 Conjunto 1",
		"numero": 703,
		"bairro": "Setor de Mansões Park Way",
		"cidade": "Brasília",
		"estado": "DF",
		"telefone_fixo": "(61) 3993-5470",
		"celular": "(61) 98723-0597",
		"altura": "1,72",
		"peso": 106,
		"tipo_sanguineo": "O+",
		"cor": "laranja"
	},
	{
		"nome": "Vitor Gael Thiago Fogaça",
		"idade": 50,
		"cpf": "004.188.741-74",
		"rg": "28.235.043-3",
		"data_nasc": "03/02/1973",
		"sexo": "Masculino",
		"signo": "Aquário",
		"mae": "Alícia Adriana Amanda",
		"pai": "Lorenzo Marcos Otávio Fogaça",
		"email": "vitorgaelfogaca@hotmail.it",
		"senha": "0YmpKcWmbo",
		"cep": "73020-660",
		"endereco": "Área Especial Área Especial para Indústria 2 Lote 3",
		"numero": 916,
		"bairro": "Sobradinho",
		"cidade": "Brasília",
		"estado": "DF",
		"telefone_fixo": "(61) 2697-0887",
		"celular": "(61) 99354-8639",
		"altura": "1,68",
		"peso": 53,
		"tipo_sanguineo": "B-",
		"cor": "vermelho"
	},
	{
		"nome": "Augusto Daniel de Paula",
		"idade": 22,
		"cpf": "411.460.471-50",
		"rg": "38.132.554-4",
		"data_nasc": "21/01/2001",
		"sexo": "Masculino",
		"signo": "Aquário",
		"mae": "Beatriz Heloisa",
		"pai": "Julio Isaac Otávio de Paula",
		"email": "augusto-depaula85@viacabonet.com.br",
		"senha": "Yyc6d0e5Sr",
		"cep": "73340-201",
		"endereco": "Quadra Quadra 2 Conjunto 2A",
		"numero": 436,
		"bairro": "Jardim Roriz (Planaltina)",
		"cidade": "Brasília",
		"estado": "DF",
		"telefone_fixo": "(61) 3574-9115",
		"celular": "(61) 98460-0169",
		"altura": "1,82",
		"peso": 72,
		"tipo_sanguineo": "A+",
		"cor": "verde"
	},
	{
		"nome": "Isabelle Agatha da Paz",
		"idade": 58,
		"cpf": "185.436.611-45",
		"rg": "40.878.934-7",
		"data_nasc": "17/01/1965",
		"sexo": "Feminino",
		"signo": "Capricórnio",
		"mae": "Kamilly Silvana",
		"pai": "Fernando Benjamin Gael da Paz",
		"email": "isabelle-dapaz71@supercarioca.com",
		"senha": "c4Cb26QJBz",
		"cep": "72001-595",
		"endereco": "Chácara Chácara 65A",
		"numero": 436,
		"bairro": "Setor Habitacional Samambaia (Vicente Pires)",
		"cidade": "Brasília",
		"estado": "DF",
		"telefone_fixo": "(61) 2899-9630",
		"celular": "(61) 98913-1074",
		"altura": "1,55",
		"peso": 59,
		"tipo_sanguineo": "O+",
		"cor": "verde"
	},
	{
		"nome": "Fábio Eduardo Breno Barros",
		"idade": 33,
		"cpf": "194.179.151-42",
		"rg": "48.588.271-1",
		"data_nasc": "12/01/1990",
		"sexo": "Masculino",
		"signo": "Capricórnio",
		"mae": "Raimunda Ayla",
		"pai": "Eduardo Samuel Isaac Barros",
		"email": "fabio.eduardo.barros@humanfit.com.br",
		"senha": "KaIfjJDE0e",
		"cep": "72231-608",
		"endereco": "Quadra QNP 16 Conjunto H",
		"numero": 367,
		"bairro": "Ceilândia Sul (Ceilândia)",
		"cidade": "Brasília",
		"estado": "DF",
		"telefone_fixo": "(61) 2710-9677",
		"celular": "(61) 99788-2943",
		"altura": "1,69",
		"peso": 51,
		"tipo_sanguineo": "AB+",
		"cor": "verde"
	},
	{
		"nome": "Carlos Eduardo Kaique Murilo Mendes",
		"idade": 74,
		"cpf": "927.414.571-31",
		"rg": "35.396.687-3",
		"data_nasc": "08/01/1949",
		"sexo": "Masculino",
		"signo": "Capricórnio",
		"mae": "Cláudia Sophia Aline",
		"pai": "Ryan Edson Nelson Mendes",
		"email": "carlos_mendes@amplisat.com.br",
		"senha": "kticawebCQ",
		"cep": "71882-165",
		"endereco": "Quadra QC 4 Conjunto 15",
		"numero": 898,
		"bairro": "Riacho Fundo II",
		"cidade": "Brasília",
		"estado": "DF",
		"telefone_fixo": "(61) 3784-7479",
		"celular": "(61) 98184-1510",
		"altura": "1,90",
		"peso": 64,
		"tipo_sanguineo": "B-",
		"cor": "amarelo"
	},
	{
		"nome": "Mirella Isabel Sandra Caldeira",
		"idade": 79,
		"cpf": "896.640.481-27",
		"rg": "26.812.911-3",
		"data_nasc": "19/02/1944",
		"sexo": "Feminino",
		"signo": "Aquário",
		"mae": "Isis Adriana",
		"pai": "Ian Luan Marcos Vinicius Caldeira",
		"email": "mirellaisabelcaldeira@agenciadbd.com",
		"senha": "4Mym087pw1",
		"cep": "72150-607",
		"endereco": "Quadra QNL 5 Conjunto G",
		"numero": 823,
		"bairro": "Taguatinga Norte (Taguatinga)",
		"cidade": "Brasília",
		"estado": "DF",
		"telefone_fixo": "(61) 2636-8406",
		"celular": "(61) 98462-2227",
		"altura": "1,77",
		"peso": 74,
		"tipo_sanguineo": "AB+",
		"cor": "vermelho"
	},
	{
		"nome": "Heloise Alice dos Santos",
		"idade": 21,
		"cpf": "990.230.471-09",
		"rg": "27.983.414-7",
		"data_nasc": "21/02/2002",
		"sexo": "Feminino",
		"signo": "Peixes",
		"mae": "Joana Marina Elza",
		"pai": "Thiago Severino dos Santos",
		"email": "heloise_dossantos@eternalam.com.br",
		"senha": "zi6s0cKxFA",
		"cep": "72307-102",
		"endereco": "Quadra QR 311 Conjunto 2",
		"numero": 463,
		"bairro": "Samambaia Sul (Samambaia)",
		"cidade": "Brasília",
		"estado": "DF",
		"telefone_fixo": "(61) 2500-5665",
		"celular": "(61) 98928-1829",
		"altura": "1,65",
		"peso": 75,
		"tipo_sanguineo": "A-",
		"cor": "vermelho"
	},
	{
		"nome": "Benedito Renato Ramos",
		"idade": 66,
		"cpf": "437.847.071-30",
		"rg": "47.882.176-1",
		"data_nasc": "02/01/1957",
		"sexo": "Masculino",
		"signo": "Capricórnio",
		"mae": "Isabel Louise Rosângela",
		"pai": "Raimundo Gael Yago Ramos",
		"email": "benedito.renato.ramos@hersa.com.br",
		"senha": "Im8tZwjimb",
		"cep": "70342-510",
		"endereco": "Quadra CLS 103 Bloco A",
		"numero": 750,
		"bairro": "Asa Sul",
		"cidade": "Brasília",
		"estado": "DF",
		"telefone_fixo": "(61) 3938-3992",
		"celular": "(61) 99825-3786",
		"altura": "1,80",
		"peso": 56,
		"tipo_sanguineo": "AB-",
		"cor": "verde"
	},
	{
		"nome": "Severino Hugo Ferreira",
		"idade": 77,
		"cpf": "626.801.911-37",
		"rg": "22.753.897-3",
		"data_nasc": "24/01/1946",
		"sexo": "Masculino",
		"signo": "Aquário",
		"mae": "Yasmin Carolina Caroline",
		"pai": "Matheus Martin Bryan Ferreira",
		"email": "severino_ferreira@igui.com.br",
		"senha": "ylWZZ7uXaB",
		"cep": "71750-515",
		"endereco": "Área Isolada 5",
		"numero": 648,
		"bairro": "Núcleo Rural Vargem Bonita (Núcleo Bandeirante)",
		"cidade": "Brasília",
		"estado": "DF",
		"telefone_fixo": "(61) 2690-3940",
		"celular": "(61) 99615-5998",
		"altura": "1,91",
		"peso": 103,
		"tipo_sanguineo": "AB+",
		"cor": "amarelo"
	},
	{
		"nome": "Ricardo Ricardo Duarte",
		"idade": 29,
		"cpf": "646.625.791-63",
		"rg": "10.084.596-4",
		"data_nasc": "14/01/1994",
		"sexo": "Masculino",
		"signo": "Capricórnio",
		"mae": "Priscila Ayla Daiane",
		"pai": "Hugo Osvaldo Vitor Duarte",
		"email": "ricardoricardoduarte@gigaonline.com.br",
		"senha": "imJB9TUt9B",
		"cep": "71925-360",
		"endereco": "Rua Rua 20",
		"numero": 367,
		"bairro": "Sul (Águas Claras)",
		"cidade": "Brasília",
		"estado": "DF",
		"telefone_fixo": "(61) 3853-4131",
		"celular": "(61) 98627-1035",
		"altura": "1,84",
		"peso": 89,
		"tipo_sanguineo": "B-",
		"cor": "vermelho"
	},
	{
		"nome": "Rita Vera Tereza Pereira",
		"idade": 20,
		"cpf": "179.562.441-88",
		"rg": "33.158.858-4",
		"data_nasc": "13/02/2003",
		"sexo": "Feminino",
		"signo": "Aquário",
		"mae": "Isabel Alessandra Luiza",
		"pai": "Renan Fernando Pereira",
		"email": "rita_vera_pereira@superigi.com.br",
		"senha": "nB6WHLUEJe",
		"cep": "71262-220",
		"endereco": "Quadra SGEP Área Especial 4",
		"numero": 553,
		"bairro": "Setor Leste (Vila Estrutural - Guará)",
		"cidade": "Brasília",
		"estado": "DF",
		"telefone_fixo": "(61) 2829-1349",
		"celular": "(61) 98341-9975",
		"altura": "1,50",
		"peso": 68,
		"tipo_sanguineo": "A+",
		"cor": "vermelho"
	},
	{
		"nome": "Samuel Renato Moreira",
		"idade": 73,
		"cpf": "540.562.111-08",
		"rg": "23.182.166-9",
		"data_nasc": "09/01/1950",
		"sexo": "Masculino",
		"signo": "Capricórnio",
		"mae": "Cláudia Isabela Liz",
		"pai": "Ian Luan Augusto Moreira",
		"email": "samuel_renato_moreira@csjsistemas.com.br",
		"senha": "LF4i9AxLBd",
		"cep": "73088-340",
		"endereco": "Conjunto Conjunto E",
		"numero": 837,
		"bairro": "Condomínio Vale dos Pinheiros (Sobradinho)",
		"cidade": "Brasília",
		"estado": "DF",
		"telefone_fixo": "(61) 3816-7595",
		"celular": "(61) 98353-6773",
		"altura": "1,69",
		"peso": 61,
		"tipo_sanguineo": "B+",
		"cor": "amarelo"
	},
	{
		"nome": "Ana Francisca Débora Silva",
		"idade": 36,
		"cpf": "590.649.151-13",
		"rg": "25.281.076-4",
		"data_nasc": "23/01/1987",
		"sexo": "Feminino",
		"signo": "Aquário",
		"mae": "Ayla Andrea",
		"pai": "Marcos Iago Manoel Silva",
		"email": "ana.francisca.silva@mls.com.br",
		"senha": "yuyUAHfkoq",
		"cep": "71995-015",
		"endereco": "Conjunto SHA Conjunto 5 Chácara 1",
		"numero": 161,
		"bairro": "Setor Habitacional Arniqueira (Águas Claras)",
		"cidade": "Brasília",
		"estado": "DF",
		"telefone_fixo": "(61) 3537-7516",
		"celular": "(61) 98710-7297",
		"altura": "1,50",
		"peso": 75,
		"tipo_sanguineo": "AB+",
		"cor": "verde"
	},
	{
		"nome": "Adriana Vera Alícia Fernandes",
		"idade": 58,
		"cpf": "362.145.181-11",
		"rg": "46.112.014-8",
		"data_nasc": "23/01/1965",
		"sexo": "Feminino",
		"signo": "Aquário",
		"mae": "Hadassa Malu Manuela",
		"pai": "Juan Antonio Fernandes",
		"email": "adrianaverafernandes@bemarius.com.br",
		"senha": "TeIQucDZKk",
		"cep": "70365-520",
		"endereco": "Quadra CLS 312 Bloco B",
		"numero": 558,
		"bairro": "Asa Sul",
		"cidade": "Brasília",
		"estado": "DF",
		"telefone_fixo": "(61) 3713-4193",
		"celular": "(61) 99494-9920",
		"altura": "1,74",
		"peso": 80,
		"tipo_sanguineo": "AB+",
		"cor": "vermelho"
	},
	{
		"nome": "Elias Otávio Bento Almeida",
		"idade": 25,
		"cpf": "176.534.821-80",
		"rg": "34.009.461-8",
		"data_nasc": "21/01/1998",
		"sexo": "Masculino",
		"signo": "Aquário",
		"mae": "Rebeca Elza",
		"pai": "Noah Calebe Anderson Almeida",
		"email": "elias_otavio_almeida@santosdumonthospital.com",
		"senha": "50aTB9epZi",
		"cep": "71805-708",
		"endereco": "Quadra QN 7 Conjunto 8",
		"numero": 131,
		"bairro": "Riacho Fundo I",
		"cidade": "Brasília",
		"estado": "DF",
		"telefone_fixo": "(61) 3857-3497",
		"celular": "(61) 99179-6086",
		"altura": "1,75",
		"peso": 106,
		"tipo_sanguineo": "O+",
		"cor": "vermelho"
	},
	{
		"nome": "Analu Aurora Freitas",
		"idade": 35,
		"cpf": "381.306.801-30",
		"rg": "15.349.494-3",
		"data_nasc": "05/02/1988",
		"sexo": "Feminino",
		"signo": "Aquário",
		"mae": "Agatha Sarah Eloá",
		"pai": "Leandro Noah Enzo Freitas",
		"email": "analu.aurora.freitas@phocus.com.br",
		"senha": "M7FYHKdHxq",
		"cep": "72260-757",
		"endereco": "Quadra QNO 17 Conjunto 57",
		"numero": 490,
		"bairro": "Ceilândia Norte (Ceilândia)",
		"cidade": "Brasília",
		"estado": "DF",
		"telefone_fixo": "(61) 2836-2815",
		"celular": "(61) 99841-6951",
		"altura": "1,58",
		"peso": 60,
		"tipo_sanguineo": "A+",
		"cor": "verde"
	},
	{
		"nome": "Isabel Bárbara Raquel Melo",
		"idade": 55,
		"cpf": "802.704.731-57",
		"rg": "29.225.365-5",
		"data_nasc": "07/02/1968",
		"sexo": "Feminino",
		"signo": "Aquário",
		"mae": "Olivia Clara Manuela",
		"pai": "Mateus Giovanni Felipe Melo",
		"email": "isabel_melo@konekoshouten.com.br",
		"senha": "Zd1K1F068X",
		"cep": "71745-000",
		"endereco": "Quadra SMPW Quadra 20",
		"numero": 241,
		"bairro": "Setor de Mansões Park Way",
		"cidade": "Brasília",
		"estado": "DF",
		"telefone_fixo": "(61) 3618-3138",
		"celular": "(61) 98388-7941",
		"altura": "1,71",
		"peso": 53,
		"tipo_sanguineo": "A-",
		"cor": "verde"
	}
]