[
	{
		"nome": "Vanessa Aparecida Lívia Gomes",
		"idade": 49,
		"cpf": "820.854.201-68",
		"rg": "18.941.973-8",
		"data_nasc": "05/01/1974",
		"sexo": "Feminino",
		"signo": "Capricórnio",
		"mae": "Betina Mariana Luzia",
		"pai": "Oliver Mário César Gomes",
		"email": "vanessa-gomes96@lukin4.com.br",
		"senha": "r5OHLkRgAt",
		"cep": "72492-145",
		"endereco": "Rua Dante Limonge",
		"numero": 383,
		"bairro": "Engenho das Lages (Gama)",
		"cidade": "Brasília",
		"estado": "DF",
		"telefone_fixo": "(61) 3656-5279",
		"celular": "(61) 99575-6326",
		"altura": "1,68",
		"peso": 78,
		"tipo_sanguineo": "A+",
		"cor": "vermelho"
	},
	{
		"nome": "Antônia Isis Sophia Teixeira",
		"idade": 34,
		"cpf": "680.200.731-24",
		"rg": "12.729.919-1",
		"data_nasc": "10/02/1989",
		"sexo": "Feminino",
		"signo": "Aquário",
		"mae": "Raimunda Beatriz",
		"pai": "Kevin Osvaldo Teixeira",
		"email": "antonia-teixeira77@leandroreis.com",
		"senha": "6JNn1ObDiz",
		"cep": "71015-230",
		"endereco": "Quadra QI 14 Conjunto X",
		"numero": 767,
		"bairro": "Guará I",
		"cidade": "Brasília",
		"estado": "DF",
		"telefone_fixo": "(61) 2928-5304",
		"celular": "(61) 99145-9140",
		"altura": "1,68",
		"peso": 55,
		"tipo_sanguineo": "O+",
		"cor": "roxo"
	},
	{
		"nome": "Rebeca Luzia Pietra Pereira",
		"idade": 20,
		"cpf": "579.073.251-88",
		"rg": "43.863.467-6",
		"data_nasc": "23/01/2003",
		"sexo": "Feminino",
		"signo": "Aquário",
		"mae": "Vanessa Regina Carolina",
		"pai": "Levi Bruno Thales Pereira",
		"email": "rebeca_luzia_pereira@petcamp.com.br",
		"senha": "nloDzykLXp",
		"cep": "72548-607",
		"endereco": "Quadra QR 318 Conjunto G",
		"numero": 735,
		"bairro": "Santa Maria",
		"cidade": "Brasília",
		"estado": "DF",
		"telefone_fixo": "(61) 3947-5702",
		"celular": "(61) 98799-2229",
		"altura": "1,71",
		"peso": 79,
		"tipo_sanguineo": "A+",
		"cor": "preto"
	},
	{
		"nome": "Heloisa Rosa Andrea Silveira",
		"idade": 32,
		"cpf": "333.516.371-01",
		"rg": "19.792.441-4",
		"data_nasc": "19/01/1991",
		"sexo": "Feminino",
		"signo": "Capricórnio",
		"mae": "Elisa Adriana",
		"pai": "Luiz Cláudio Danilo Silveira",
		"email": "heloisa-silveira70@caej.com.br",
		"senha": "XMiW7iejTG",
		"cep": "70684-210",
		"endereco": "Quadra SQNW 306 Bloco B",
		"numero": 770,
		"bairro": "Setor Noroeste",
		"cidade": "Brasília",
		"estado": "DF",
		"telefone_fixo": "(61) 3524-3726",
		"celular": "(61) 99448-6272",
		"altura": "1,72",
		"peso": 56,
		"tipo_sanguineo": "AB+",
		"cor": "verde"
	},
	{
		"nome": "Martin Geraldo Gustavo Aparício",
		"idade": 63,
		"cpf": "695.809.251-19",
		"rg": "18.018.296-1",
		"data_nasc": "15/01/1960",
		"sexo": "Masculino",
		"signo": "Capricórnio",
		"mae": "Pietra Isis Isabelle",
		"pai": "Vinicius Guilherme Erick Aparício",
		"email": "martin-aparicio85@inpa.gov.br",
		"senha": "NcSDyaK7Pz",
		"cep": "71698-016",
		"endereco": "Setor SOF Conjunto 6",
		"numero": 973,
		"bairro": "Bonsucesso (São Sebastião)",
		"cidade": "Brasília",
		"estado": "DF",
		"telefone_fixo": "(61) 2963-8419",
		"celular": "(61) 98492-0574",
		"altura": "1,65",
		"peso": 73,
		"tipo_sanguineo": "O+",
		"cor": "amarelo"
	},
	{
		"nome": "Thales Murilo Raimundo Dias",
		"idade": 41,
		"cpf": "798.501.831-01",
		"rg": "36.370.885-6",
		"data_nasc": "15/01/1982",
		"sexo": "Masculino",
		"signo": "Capricórnio",
		"mae": "Luana Eliane Sarah",
		"pai": "Leonardo Lucca Dias",
		"email": "thales-dias90@signa.net.br",
		"senha": "KZ9Q9BsCHq",
		"cep": "71635-020",
		"endereco": "Quadra SHIS QI 13 Conjunto 2",
		"numero": 107,
		"bairro": "Setor de Habitações Individuais Sul",
		"cidade": "Brasília",
		"estado": "DF",
		"telefone_fixo": "(61) 3797-9564",
		"celular": "(61) 98960-3678",
		"altura": "1,88",
		"peso": 76,
		"tipo_sanguineo": "A-",
		"cor": "vermelho"
	},
	{
		"nome": "Bryan Tomás Corte Real",
		"idade": 77,
		"cpf": "329.891.211-53",
		"rg": "42.668.760-7",
		"data_nasc": "12/02/1946",
		"sexo": "Masculino",
		"signo": "Aquário",
		"mae": "Betina Luana",
		"pai": "Marcelo Fábio Corte Real",
		"email": "bryan-cortereal93@3dmaker.com.br",
		"senha": "gTWwTl7cah",
		"cep": "72322-314",
		"endereco": "Quadra QR 608 Conjunto 13",
		"numero": 405,
		"bairro": "Samambaia Norte (Samambaia)",
		"cidade": "Brasília",
		"estado": "DF",
		"telefone_fixo": "(61) 3978-9033",
		"celular": "(61) 98910-6703",
		"altura": "1,82",
		"peso": 108,
		"tipo_sanguineo": "B-",
		"cor": "vermelho"
	},
	{
		"nome": "Lara Renata Rocha",
		"idade": 43,
		"cpf": "603.390.151-79",
		"rg": "30.670.378-6",
		"data_nasc": "25/01/1980",
		"sexo": "Feminino",
		"signo": "Aquário",
		"mae": "Luciana Débora",
		"pai": "Giovanni Osvaldo Lorenzo Rocha",
		"email": "lararenatarocha@gsw.com.br",
		"senha": "t03jIPm6HT",
		"cep": "72015-620",
		"endereco": "Quadra QSB 12",
		"numero": 348,
		"bairro": "Taguatinga Sul (Taguatinga)",
		"cidade": "Brasília",
		"estado": "DF",
		"telefone_fixo": "(61) 3513-2181",
		"celular": "(61) 99760-5038",
		"altura": "1,66",
		"peso": 75,
		"tipo_sanguineo": "A+",
		"cor": "preto"
	},
	{
		"nome": "Edson Ryan Raimundo Monteiro",
		"idade": 44,
		"cpf": "254.001.251-58",
		"rg": "48.557.638-7",
		"data_nasc": "23/01/1979",
		"sexo": "Masculino",
		"signo": "Aquário",
		"mae": "Eloá Vera",
		"pai": "Felipe Fábio Ricardo Monteiro",
		"email": "edson_ryan_monteiro@aol.com",
		"senha": "o8GWyZcPUc",
		"cep": "71065-171",
		"endereco": "Quadra QE 32 Conjunto Q",
		"numero": 318,
		"bairro": "Guará II",
		"cidade": "Brasília",
		"estado": "DF",
		"telefone_fixo": "(61) 2551-6296",
		"celular": "(61) 98647-1694",
		"altura": "1,98",
		"peso": 83,
		"tipo_sanguineo": "O-",
		"cor": "roxo"
	},
	{
		"nome": "Breno Rodrigo da Paz",
		"idade": 79,
		"cpf": "365.140.571-01",
		"rg": "11.552.916-0",
		"data_nasc": "23/01/1944",
		"sexo": "Masculino",
		"signo": "Aquário",
		"mae": "Emanuelly Rebeca",
		"pai": "Márcio Bento da Paz",
		"email": "breno_rodrigo_dapaz@atiara.com.br",
		"senha": "plDUFySBCF",
		"cep": "72305-508",
		"endereco": "Quadra QS 303 Conjunto 8",
		"numero": 470,
		"bairro": "Samambaia Sul (Samambaia)",
		"cidade": "Brasília",
		"estado": "DF",
		"telefone_fixo": "(61) 2762-8292",
		"celular": "(61) 99882-2458",
		"altura": "1,91",
		"peso": 72,
		"tipo_sanguineo": "O+",
		"cor": "vermelho"
	},
	{
		"nome": "Roberto Enzo Juan Rezende",
		"idade": 74,
		"cpf": "758.154.501-62",
		"rg": "25.086.389-3",
		"data_nasc": "15/01/1949",
		"sexo": "Masculino",
		"signo": "Capricórnio",
		"mae": "Liz Laura",
		"pai": "Lorenzo Eduardo Rezende",
		"email": "roberto_enzo_rezende@orthoi.com.br",
		"senha": "UPNCqEjorT",
		"cep": "72415-313",
		"endereco": "Quadra Quadra 6 Conjunto M",
		"numero": 822,
		"bairro": "Setor Sul (Gama)",
		"cidade": "Brasília",
		"estado": "DF",
		"telefone_fixo": "(61) 2957-3711",
		"celular": "(61) 99751-8617",
		"altura": "1,90",
		"peso": 110,
		"tipo_sanguineo": "AB-",
		"cor": "roxo"
	},
	{
		"nome": "Rita Maitê Alessandra Rodrigues",
		"idade": 56,
		"cpf": "720.291.571-55",
		"rg": "15.566.049-4",
		"data_nasc": "16/02/1967",
		"sexo": "Feminino",
		"signo": "Aquário",
		"mae": "Mariana Clara",
		"pai": "Breno Lucca Rodrigues",
		"email": "rita_rodrigues@indaiamidias.com.br",
		"senha": "2lcjtGkXBe",
		"cep": "71880-626",
		"endereco": "Quadra QN 26 Conjunto 6",
		"numero": 431,
		"bairro": "Riacho Fundo II",
		"cidade": "Brasília",
		"estado": "DF",
		"telefone_fixo": "(61) 3914-5538",
		"celular": "(61) 99132-7963",
		"altura": "1,59",
		"peso": 88,
		"tipo_sanguineo": "AB+",
		"cor": "azul"
	},
	{
		"nome": "Lívia Sophia Araújo",
		"idade": 75,
		"cpf": "300.510.761-28",
		"rg": "43.865.886-3",
		"data_nasc": "05/02/1948",
		"sexo": "Feminino",
		"signo": "Aquário",
		"mae": "Alice Eliane Sophia",
		"pai": "Sérgio Emanuel Araújo",
		"email": "liviasophiaaraujo@monsanto.com",
		"senha": "PT7Z1ldi8i",
		"cep": "71536-364",
		"endereco": "Trecho Trecho 06 Chácara 218",
		"numero": 283,
		"bairro": "Setor de Habitações Individuais Norte",
		"cidade": "Brasília",
		"estado": "DF",
		"telefone_fixo": "(61) 3544-6180",
		"celular": "(61) 99640-8213",
		"altura": "1,60",
		"peso": 81,
		"tipo_sanguineo": "AB+",
		"cor": "preto"
	},
	{
		"nome": "Sérgio Noah Breno Fernandes",
		"idade": 52,
		"cpf": "259.356.401-63",
		"rg": "30.624.757-4",
		"data_nasc": "13/01/1971",
		"sexo": "Masculino",
		"signo": "Capricórnio",
		"mae": "Silvana Kamilly",
		"pai": "Sérgio Giovanni Fernandes",
		"email": "sergionoahfernandes@oliveiraesouza.adv.br",
		"senha": "qPC3cSFqL5",
		"cep": "71261-025",
		"endereco": "Quadra Quadra 1 Conjunto 3",
		"numero": 171,
		"bairro": "Setor Leste (Vila Estrutural - Guará)",
		"cidade": "Brasília",
		"estado": "DF",
		"telefone_fixo": "(61) 3562-2030",
		"celular": "(61) 98278-3023",
		"altura": "1,60",
		"peso": 65,
		"tipo_sanguineo": "B-",
		"cor": "verde"
	},
	{
		"nome": "Jaqueline Antônia da Luz",
		"idade": 28,
		"cpf": "003.688.711-00",
		"rg": "27.457.678-8",
		"data_nasc": "21/02/1995",
		"sexo": "Feminino",
		"signo": "Peixes",
		"mae": "Mariana Isadora",
		"pai": "Guilherme Rafael Julio da Luz",
		"email": "jaquelineantoniadaluz@valparaibaimoveis.com.br",
		"senha": "tnI0iAhJPx",
		"cep": "71266-140",
		"endereco": "Quadra Quadra 2 Conjunto 7",
		"numero": 420,
		"bairro": "Setor Especial (Vila Estrutural - Guará)",
		"cidade": "Brasília",
		"estado": "DF",
		"telefone_fixo": "(61) 2722-0777",
		"celular": "(61) 98450-5223",
		"altura": "1,52",
		"peso": 45,
		"tipo_sanguineo": "O-",
		"cor": "vermelho"
	},
	{
		"nome": "Vanessa Marcela Stefany Souza",
		"idade": 46,
		"cpf": "369.837.011-51",
		"rg": "20.811.870-6",
		"data_nasc": "27/01/1977",
		"sexo": "Feminino",
		"signo": "Aquário",
		"mae": "Carla Cecília",
		"pai": "Mário Lucca Marcos Souza",
		"email": "vanessa-souza73@sunrise.com.br",
		"senha": "eqOwcifJfr",
		"cep": "71761-540",
		"endereco": "Setor de Chácaras Córrego da Onça Rua D Chácara 6",
		"numero": 784,
		"bairro": "Setor de Chácaras Córrego da Onça (Núcleo Bandeirante)",
		"cidade": "Brasília",
		"estado": "DF",
		"telefone_fixo": "(61) 2577-1794",
		"celular": "(61) 98501-0377",
		"altura": "1,70",
		"peso": 58,
		"tipo_sanguineo": "A-",
		"cor": "azul"
	},
	{
		"nome": "Elias César Vieira",
		"idade": 43,
		"cpf": "777.426.121-43",
		"rg": "29.669.607-9",
		"data_nasc": "23/01/1980",
		"sexo": "Masculino",
		"signo": "Aquário",
		"mae": "Yasmin Laura Giovanna",
		"pai": "Murilo Francisco Oliver Vieira",
		"email": "elias_vieira@salera.com.br",
		"senha": "31okNeLoIg",
		"cep": "71882-269",
		"endereco": "Quadra QC 6 Conjunto 19",
		"numero": 643,
		"bairro": "Riacho Fundo II",
		"cidade": "Brasília",
		"estado": "DF",
		"telefone_fixo": "(61) 3684-7949",
		"celular": "(61) 98713-7522",
		"altura": "1,60",
		"peso": 80,
		"tipo_sanguineo": "AB+",
		"cor": "verde"
	},
	{
		"nome": "Liz Sueli Melo",
		"idade": 60,
		"cpf": "277.183.291-78",
		"rg": "10.027.270-8",
		"data_nasc": "08/02/1963",
		"sexo": "Feminino",
		"signo": "Aquário",
		"mae": "Benedita Luana",
		"pai": "Ricardo Emanuel Melo",
		"email": "liz_sueli_melo@ulbra.edu.br",
		"senha": "dezUyqNbDq",
		"cep": "72548-100",
		"endereco": "Quadra AC 118",
		"numero": 1000,
		"bairro": "Santa Maria",
		"cidade": "Brasília",
		"estado": "DF",
		"telefone_fixo": "(61) 2776-1053",
		"celular": "(61) 98668-7176",
		"altura": "1,79",
		"peso": 50,
		"tipo_sanguineo": "AB-",
		"cor": "preto"
	},
	{
		"nome": "Marcelo Vinicius Ramos",
		"idade": 79,
		"cpf": "049.967.871-04",
		"rg": "38.172.044-5",
		"data_nasc": "09/01/1944",
		"sexo": "Masculino",
		"signo": "Capricórnio",
		"mae": "Maria Pietra",
		"pai": "Victor Luan Ramos",
		"email": "marceloviniciusramos@ipmmi.org.br",
		"senha": "YRN81Gi92L",
		"cep": "73036-035",
		"endereco": "Quadra Quadra 7 Comércio Local 13",
		"numero": 907,
		"bairro": "Sobradinho",
		"cidade": "Brasília",
		"estado": "DF",
		"telefone_fixo": "(61) 3570-7840",
		"celular": "(61) 98615-2956",
		"altura": "1,64",
		"peso": 79,
		"tipo_sanguineo": "B-",
		"cor": "vermelho"
	},
	{
		"nome": "Isadora Márcia Marlene Costa",
		"idade": 31,
		"cpf": "345.700.661-00",
		"rg": "33.077.933-3",
		"data_nasc": "15/01/1992",
		"sexo": "Feminino",
		"signo": "Capricórnio",
		"mae": "Maitê Cristiane Rebeca",
		"pai": "Sérgio Renan Costa",
		"email": "isadora_costa@hotmail.con",
		"senha": "WYg8BW9YBN",
		"cep": "72250-305",
		"endereco": "Quadra QNO 3 Conjunto E",
		"numero": 762,
		"bairro": "Ceilândia Norte (Ceilândia)",
		"cidade": "Brasília",
		"estado": "DF",
		"telefone_fixo": "(61) 3719-7235",
		"celular": "(61) 98445-1526",
		"altura": "1,68",
		"peso": 64,
		"tipo_sanguineo": "B+",
		"cor": "azul"
	},
	{
		"nome": "Victor Manuel João da Mata",
		"idade": 41,
		"cpf": "455.456.531-98",
		"rg": "29.524.682-0",
		"data_nasc": "07/02/1982",
		"sexo": "Masculino",
		"signo": "Aquário",
		"mae": "Manuela Rebeca",
		"pai": "Geraldo Caleb da Mata",
		"email": "victor.manuel.damata@transicao.com",
		"senha": "Conhrqmqk0",
		"cep": "70770-120",
		"endereco": "Setor STN Bloco I",
		"numero": 719,
		"bairro": "Asa Norte",
		"cidade": "Brasília",
		"estado": "DF",
		"telefone_fixo": "(61) 3686-1384",
		"celular": "(61) 99474-7083",
		"altura": "1,95",
		"peso": 90,
		"tipo_sanguineo": "B+",
		"cor": "preto"
	},
	{
		"nome": "Aurora Liz Lima",
		"idade": 56,
		"cpf": "441.666.411-74",
		"rg": "11.780.916-0",
		"data_nasc": "24/02/1967",
		"sexo": "Feminino",
		"signo": "Peixes",
		"mae": "Aparecida Marlene Andrea",
		"pai": "Leandro Márcio Lima",
		"email": "aurora_lima@newpark.com",
		"senha": "WdCx3J4Xux",
		"cep": "72319-503",
		"endereco": "Quadra QN 401 Conjunto C",
		"numero": 111,
		"bairro": "Samambaia Norte (Samambaia)",
		"cidade": "Brasília",
		"estado": "DF",
		"telefone_fixo": "(61) 2640-9623",
		"celular": "(61) 98359-6433",
		"altura": "1,66",
		"peso": 74,
		"tipo_sanguineo": "AB-",
		"cor": "laranja"
	},
	{
		"nome": "Nicole Sophia Kamilly Aragão",
		"idade": 33,
		"cpf": "820.841.091-83",
		"rg": "21.263.184-6",
		"data_nasc": "21/02/1990",
		"sexo": "Feminino",
		"signo": "Peixes",
		"mae": "Benedita Sabrina",
		"pai": "Noah Carlos Eduardo Giovanni Aragão",
		"email": "nicole_aragao@regler.com.br",
		"senha": "eNGFMi2D5u",
		"cep": "73031-120",
		"endereco": "Quadra Quadra 3 Comércio Local 8",
		"numero": 743,
		"bairro": "Sobradinho",
		"cidade": "Brasília",
		"estado": "DF",
		"telefone_fixo": "(61) 3922-9438",
		"celular": "(61) 98860-2095",
		"altura": "1,59",
		"peso": 84,
		"tipo_sanguineo": "B+",
		"cor": "laranja"
	},
	{
		"nome": "Raimunda Analu da Silva",
		"idade": 48,
		"cpf": "805.169.191-13",
		"rg": "14.116.843-2",
		"data_nasc": "22/02/1975",
		"sexo": "Feminino",
		"signo": "Peixes",
		"mae": "Beatriz Lorena Yasmin",
		"pai": "Henry Raul da Silva",
		"email": "raimundaanaludasilva@vianetfone.com.br",
		"senha": "4xuJhabgHE",
		"cep": "70719-973",
		"endereco": "SRTVN 702/703 Conjunto P Edifício Rád. Center Loja 09  Térreo",
		"numero": 713,
		"bairro": "Asa Norte",
		"cidade": "Brasília",
		"estado": "DF",
		"telefone_fixo": "(61) 2554-2701",
		"celular": "(61) 98521-0736",
		"altura": "1,55",
		"peso": 78,
		"tipo_sanguineo": "A+",
		"cor": "preto"
	},
	{
		"nome": "Natália Giovana Catarina Martins",
		"idade": 54,
		"cpf": "290.861.611-46",
		"rg": "31.507.282-9",
		"data_nasc": "24/02/1969",
		"sexo": "Feminino",
		"signo": "Peixes",
		"mae": "Amanda Clarice Carla",
		"pai": "Bryan Yago Martins",
		"email": "natalia_martins@jammer.com.br",
		"senha": "06FAbpZj2n",
		"cep": "73310-317",
		"endereco": "Quadra Quadra 2 Bloco G",
		"numero": 656,
		"bairro": "Setor Comercial Central (Planaltina)",
		"cidade": "Brasília",
		"estado": "DF",
		"telefone_fixo": "(61) 2701-1354",
		"celular": "(61) 99659-7858",
		"altura": "1,74",
		"peso": 64,
		"tipo_sanguineo": "A-",
		"cor": "roxo"
	},
	{
		"nome": "Matheus Arthur Alves",
		"idade": 66,
		"cpf": "681.626.231-08",
		"rg": "48.841.454-4",
		"data_nasc": "22/02/1957",
		"sexo": "Masculino",
		"signo": "Peixes",
		"mae": "Mariana Teresinha Betina",
		"pai": "Benício Yago Alves",
		"email": "matheus.arthur.alves@hotmail.co.jp",
		"senha": "ljYdQmOFSS",
		"cep": "70361-515",
		"endereco": "Quadra CRS 512 Bloco A",
		"numero": 996,
		"bairro": "Asa Sul",
		"cidade": "Brasília",
		"estado": "DF",
		"telefone_fixo": "(61) 2561-5661",
		"celular": "(61) 98665-1297",
		"altura": "1,69",
		"peso": 110,
		"tipo_sanguineo": "B+",
		"cor": "laranja"
	},
	{
		"nome": "Ryan Diogo José Nogueira",
		"idade": 77,
		"cpf": "226.758.651-76",
		"rg": "32.582.624-9",
		"data_nasc": "02/01/1946",
		"sexo": "Masculino",
		"signo": "Capricórnio",
		"mae": "Eliane Antonella Beatriz",
		"pai": "Enzo Igor Henrique Nogueira",
		"email": "ryan.diogo.nogueira@startingfitness.com.br",
		"senha": "inI97lnAg2",
		"cep": "72220-090",
		"endereco": "Quadra QNN 8 Conjunto J",
		"numero": 953,
		"bairro": "Ceilândia Sul (Ceilândia)",
		"cidade": "Brasília",
		"estado": "DF",
		"telefone_fixo": "(61) 3654-9641",
		"celular": "(61) 99421-8428",
		"altura": "1,90",
		"peso": 68,
		"tipo_sanguineo": "O-",
		"cor": "azul"
	},
	{
		"nome": "Heitor Gael Caio Freitas",
		"idade": 58,
		"cpf": "871.156.171-80",
		"rg": "19.782.613-1",
		"data_nasc": "26/01/1965",
		"sexo": "Masculino",
		"signo": "Aquário",
		"mae": "Evelyn Letícia",
		"pai": "Enrico Benedito Fábio Freitas",
		"email": "heitorgaelfreitas@julianacaran.com.br",
		"senha": "asLdS9Rypt",
		"cep": "73402-036",
		"endereco": "Módulo Módulo 12",
		"numero": 380,
		"bairro": "Estância Mestre D'Armas V (Planaltina)",
		"cidade": "Brasília",
		"estado": "DF",
		"telefone_fixo": "(61) 3815-3575",
		"celular": "(61) 99733-6960",
		"altura": "1,69",
		"peso": 109,
		"tipo_sanguineo": "A-",
		"cor": "vermelho"
	},
	{
		"nome": "Laura Giovanna Carvalho",
		"idade": 79,
		"cpf": "307.128.761-54",
		"rg": "47.133.608-7",
		"data_nasc": "06/01/1944",
		"sexo": "Feminino",
		"signo": "Capricórnio",
		"mae": "Carla Luana Luiza",
		"pai": "Calebe Iago Renan Carvalho",
		"email": "laura-carvalho90@oerlikon.com",
		"senha": "WuJWbA3REK",
		"cep": "72596-750",
		"endereco": "Alameda Beija-flores",
		"numero": 512,
		"bairro": "Condomínio Residencial Santa Mônica (Santa Maria)",
		"cidade": "Brasília",
		"estado": "DF",
		"telefone_fixo": "(61) 2692-5396",
		"celular": "(61) 99696-0483",
		"altura": "1,52",
		"peso": 59,
		"tipo_sanguineo": "O-",
		"cor": "amarelo"
	},
	{
		"nome": "Priscila Elza Galvão",
		"idade": 67,
		"cpf": "982.671.511-50",
		"rg": "19.320.899-4",
		"data_nasc": "24/02/1956",
		"sexo": "Feminino",
		"signo": "Peixes",
		"mae": "Sarah Fátima Jéssica",
		"pai": "Cláudio Cauã Diogo Galvão",
		"email": "priscila.elza.galvao@heindmec.com.br",
		"senha": "cKj4m3tD13",
		"cep": "70645-520",
		"endereco": "Quadra SRES Quadra 10 Bloco B",
		"numero": 961,
		"bairro": "Cruzeiro Velho",
		"cidade": "Brasília",
		"estado": "DF",
		"telefone_fixo": "(61) 3927-8059",
		"celular": "(61) 98566-1738",
		"altura": "1,55",
		"peso": 69,
		"tipo_sanguineo": "O-",
		"cor": "preto"
	}
]