[
	{
		"nome": "Samuel Julio Samuel Vieira",
		"idade": 63,
		"cpf": "167.385.401-08",
		"rg": "13.943.774-5",
		"data_nasc": "10/01/1960",
		"sexo": "Masculino",
		"signo": "Capricórnio",
		"mae": "Caroline Eliane Brenda",
		"pai": "Mário Felipe Vieira",
		"email": "samuel-vieira85@belaggiovini.com.br",
		"senha": "GwgxflphcD",
		"cep": "71882-268",
		"endereco": "Quadra QC 6 Conjunto 18",
		"numero": 186,
		"bairro": "Riacho Fundo II",
		"cidade": "Brasília",
		"estado": "DF",
		"telefone_fixo": "(61) 2708-4008",
		"celular": "(61) 98642-2230",
		"altura": "1,74",
		"peso": 53,
		"tipo_sanguineo": "O-",
		"cor": "roxo"
	},
	{
		"nome": "Hugo Breno Vinicius Melo",
		"idade": 47,
		"cpf": "027.743.831-45",
		"rg": "26.190.126-6",
		"data_nasc": "25/01/1976",
		"sexo": "Masculino",
		"signo": "Aquário",
		"mae": "Mariana Teresinha",
		"pai": "Giovanni Marcelo Thiago Melo",
		"email": "hugo.breno.melo@fabianocosta.com.br",
		"senha": "W3GRaqgy7g",
		"cep": "71805-547",
		"endereco": "Quadra CLN 7 Bloco G",
		"numero": 451,
		"bairro": "Riacho Fundo I",
		"cidade": "Brasília",
		"estado": "DF",
		"telefone_fixo": "(61) 2634-3640",
		"celular": "(61) 99820-5062",
		"altura": "1,67",
		"peso": 86,
		"tipo_sanguineo": "A+",
		"cor": "amarelo"
	},
	{
		"nome": "Antonio Leonardo Manuel Dias",
		"idade": 32,
		"cpf": "167.443.171-64",
		"rg": "19.355.278-4",
		"data_nasc": "05/01/1991",
		"sexo": "Masculino",
		"signo": "Capricórnio",
		"mae": "Rebeca Nina Isabela",
		"pai": "Danilo Manoel Dias",
		"email": "antonio.leonardo.dias@nogueiramoura.adv.br",
		"senha": "PUYcI9Jz4g",
		"cep": "71996-400",
		"endereco": "Conjunto SHA Conjunto 6 Chácara 499",
		"numero": 652,
		"bairro": "Setor Habitacional Arniqueira (Águas Claras)",
		"cidade": "Brasília",
		"estado": "DF",
		"telefone_fixo": "(61) 3685-9427",
		"celular": "(61) 99232-0262",
		"altura": "1,89",
		"peso": 105,
		"tipo_sanguineo": "A+",
		"cor": "preto"
	},
	{
		"nome": "Lara Betina Rebeca Moraes",
		"idade": 64,
		"cpf": "375.534.741-50",
		"rg": "46.994.020-7",
		"data_nasc": "09/01/1959",
		"sexo": "Feminino",
		"signo": "Capricórnio",
		"mae": "Bárbara Benedita Andreia",
		"pai": "Edson Vitor Moraes",
		"email": "larabetinamoraes@eclatt.com.br",
		"senha": "UtmKjoJrRb",
		"cep": "71070-170",
		"endereco": "Quadra QE 38 Conjunto Q",
		"numero": 575,
		"bairro": "Guará II",
		"cidade": "Brasília",
		"estado": "DF",
		"telefone_fixo": "(61) 3529-7624",
		"celular": "(61) 99735-8753",
		"altura": "1,84",
		"peso": 88,
		"tipo_sanguineo": "A+",
		"cor": "amarelo"
	},
	{
		"nome": "Daniel Benício Calebe Pires",
		"idade": 59,
		"cpf": "065.200.641-81",
		"rg": "17.248.006-1",
		"data_nasc": "17/01/1964",
		"sexo": "Masculino",
		"signo": "Capricórnio",
		"mae": "Luciana Carla Marina",
		"pai": "Theo José Pires",
		"email": "daniel_pires@c-a-m.com",
		"senha": "eCmONmusNo",
		"cep": "72428-317",
		"endereco": "Núcleo Rural Casa Grande Módulo 10 MA - 15",
		"numero": 884,
		"bairro": "Ponte Alta (Gama)",
		"cidade": "Brasília",
		"estado": "DF",
		"telefone_fixo": "(61) 3575-8667",
		"celular": "(61) 99481-3439",
		"altura": "1,62",
		"peso": 108,
		"tipo_sanguineo": "O+",
		"cor": "vermelho"
	},
	{
		"nome": "Elaine Nair Juliana Barbosa",
		"idade": 50,
		"cpf": "246.469.801-69",
		"rg": "45.821.859-5",
		"data_nasc": "01/02/1973",
		"sexo": "Feminino",
		"signo": "Aquário",
		"mae": "Aparecida Elaine Rayssa",
		"pai": "Henry Tiago Barbosa",
		"email": "elaine_nair_barbosa@ynail.com.br",
		"senha": "I4RUnUNXbS",
		"cep": "70760-760",
		"endereco": "Quadra SHCGN 714",
		"numero": 547,
		"bairro": "Asa Norte",
		"cidade": "Brasília",
		"estado": "DF",
		"telefone_fixo": "(61) 3822-6797",
		"celular": "(61) 99271-0954",
		"altura": "1,66",
		"peso": 67,
		"tipo_sanguineo": "A-",
		"cor": "amarelo"
	},
	{
		"nome": "Cauê Carlos Yuri Rezende",
		"idade": 55,
		"cpf": "737.030.341-14",
		"rg": "42.263.278-8",
		"data_nasc": "04/01/1968",
		"sexo": "Masculino",
		"signo": "Capricórnio",
		"mae": "Sophie Mariah Marcela",
		"pai": "Yuri Lucca Vinicius Rezende",
		"email": "caue.carlos.rezende@monsanto.com",
		"senha": "lazuyZRmN4",
		"cep": "72220-211",
		"endereco": "Quadra QNN 20 Conjunto K",
		"numero": 155,
		"bairro": "Ceilândia Sul (Ceilândia)",
		"cidade": "Brasília",
		"estado": "DF",
		"telefone_fixo": "(61) 2812-8731",
		"celular": "(61) 99523-0711",
		"altura": "1,62",
		"peso": 97,
		"tipo_sanguineo": "O-",
		"cor": "vermelho"
	},
	{
		"nome": "Hugo Lucca Lopes",
		"idade": 42,
		"cpf": "096.582.311-36",
		"rg": "23.654.167-5",
		"data_nasc": "21/02/1981",
		"sexo": "Masculino",
		"signo": "Peixes",
		"mae": "Andreia Andreia",
		"pai": "Miguel Tomás Daniel Lopes",
		"email": "hugo_lucca_lopes@pib.com.br",
		"senha": "EloKMk722g",
		"cep": "72547-201",
		"endereco": "Quadra CL 117 Bloco A",
		"numero": 323,
		"bairro": "Santa Maria",
		"cidade": "Brasília",
		"estado": "DF",
		"telefone_fixo": "(61) 3786-0225",
		"celular": "(61) 99996-0869",
		"altura": "1,97",
		"peso": 96,
		"tipo_sanguineo": "A+",
		"cor": "roxo"
	},
	{
		"nome": "Felipe Tomás Mário Cardoso",
		"idade": 70,
		"cpf": "767.148.971-97",
		"rg": "45.902.925-3",
		"data_nasc": "03/01/1953",
		"sexo": "Masculino",
		"signo": "Capricórnio",
		"mae": "Brenda Elaine",
		"pai": "Iago Juan Calebe Cardoso",
		"email": "felipe-cardoso83@aspxsistemas.com.com.br",
		"senha": "IL7gR3yhhF",
		"cep": "71825-641",
		"endereco": "Quadra QS 16 Conjunto 1A",
		"numero": 897,
		"bairro": "Riacho Fundo I",
		"cidade": "Brasília",
		"estado": "DF",
		"telefone_fixo": "(61) 3741-9098",
		"celular": "(61) 99756-9759",
		"altura": "1,84",
		"peso": 59,
		"tipo_sanguineo": "O-",
		"cor": "amarelo"
	},
	{
		"nome": "Thales Henry Viana",
		"idade": 33,
		"cpf": "316.446.131-31",
		"rg": "44.176.340-6",
		"data_nasc": "08/02/1990",
		"sexo": "Masculino",
		"signo": "Aquário",
		"mae": "Isadora Heloisa Sabrina",
		"pai": "Giovanni Pedro Leandro Viana",
		"email": "thales.henry.viana@claro.com.br",
		"senha": "7yyamdwQrI",
		"cep": "72331-103",
		"endereco": "Quadra QR 603 Conjunto 3",
		"numero": 991,
		"bairro": "Samambaia Norte (Samambaia)",
		"cidade": "Brasília",
		"estado": "DF",
		"telefone_fixo": "(61) 2758-1053",
		"celular": "(61) 98469-5353",
		"altura": "1,77",
		"peso": 110,
		"tipo_sanguineo": "A-",
		"cor": "laranja"
	},
	{
		"nome": "Márcia Tatiane Aparício",
		"idade": 25,
		"cpf": "712.756.761-11",
		"rg": "38.551.951-5",
		"data_nasc": "06/02/1998",
		"sexo": "Feminino",
		"signo": "Aquário",
		"mae": "Letícia Mariane",
		"pai": "Tomás Manuel Aparício",
		"email": "marcia.tatiane.aparicio@maptec.com.br",
		"senha": "nEfGzJB4as",
		"cep": "72241-706",
		"endereco": "Quadra QNP 17 Conjunto F",
		"numero": 886,
		"bairro": "Ceilândia Norte (Ceilândia)",
		"cidade": "Brasília",
		"estado": "DF",
		"telefone_fixo": "(61) 2696-5151",
		"celular": "(61) 98478-5777",
		"altura": "1,77",
		"peso": 60,
		"tipo_sanguineo": "O-",
		"cor": "preto"
	},
	{
		"nome": "Carlos Theo Costa",
		"idade": 63,
		"cpf": "497.764.321-66",
		"rg": "22.224.456-2",
		"data_nasc": "13/01/1960",
		"sexo": "Masculino",
		"signo": "Capricórnio",
		"mae": "Amanda Cecília",
		"pai": "Lucas Pedro Henrique Jorge Costa",
		"email": "carlos_costa@amure.com.br",
		"senha": "uuJAkctF3h",
		"cep": "72302-543",
		"endereco": "Quadra QS 112 Conjunto 3",
		"numero": 392,
		"bairro": "Samambaia Sul (Samambaia)",
		"cidade": "Brasília",
		"estado": "DF",
		"telefone_fixo": "(61) 2532-2450",
		"celular": "(61) 98320-5264",
		"altura": "1,97",
		"peso": 95,
		"tipo_sanguineo": "O+",
		"cor": "verde"
	},
	{
		"nome": "Vanessa Luciana Milena Ramos",
		"idade": 36,
		"cpf": "481.025.571-92",
		"rg": "35.381.553-6",
		"data_nasc": "01/01/1987",
		"sexo": "Feminino",
		"signo": "Capricórnio",
		"mae": "Alice Daiane",
		"pai": "Augusto Edson Ramos",
		"email": "vanessa_luciana_ramos@recnev.com.br",
		"senha": "PKawLzInyN",
		"cep": "72220-363",
		"endereco": "Quadra QNN 36 Conjunto C",
		"numero": 682,
		"bairro": "Ceilândia Sul (Ceilândia)",
		"cidade": "Brasília",
		"estado": "DF",
		"telefone_fixo": "(61) 2512-9629",
		"celular": "(61) 98644-3117",
		"altura": "1,55",
		"peso": 88,
		"tipo_sanguineo": "A-",
		"cor": "amarelo"
	},
	{
		"nome": "Lavínia Josefa Freitas",
		"idade": 63,
		"cpf": "384.572.131-64",
		"rg": "42.558.448-3",
		"data_nasc": "09/01/1960",
		"sexo": "Feminino",
		"signo": "Capricórnio",
		"mae": "Eliane Clarice",
		"pai": "Julio Caio Freitas",
		"email": "lavinia_josefa_freitas@caiuas.com.br",
		"senha": "baSRXxMQjD",
		"cep": "72600-101",
		"endereco": "Quadra Quadra 101 Conjunto 1",
		"numero": 302,
		"bairro": "Recanto das Emas",
		"cidade": "Brasília",
		"estado": "DF",
		"telefone_fixo": "(61) 3592-4020",
		"celular": "(61) 99972-6720",
		"altura": "1,67",
		"peso": 83,
		"tipo_sanguineo": "B+",
		"cor": "laranja"
	},
	{
		"nome": "Eliane Caroline Larissa Campos",
		"idade": 36,
		"cpf": "096.196.681-54",
		"rg": "25.669.663-9",
		"data_nasc": "06/02/1987",
		"sexo": "Feminino",
		"signo": "Aquário",
		"mae": "Carla Emilly",
		"pai": "César Thales Heitor Campos",
		"email": "elianecarolinecampos@iaru.com.br",
		"senha": "uDmJUy9OUF",
		"cep": "71680-613",
		"endereco": "Condomínio Morada de Deus",
		"numero": 638,
		"bairro": "Setor Habitacional Jardim Botânico (Lago Sul)",
		"cidade": "Brasília",
		"estado": "DF",
		"telefone_fixo": "(61) 3923-8508",
		"celular": "(61) 98209-7300",
		"altura": "1,72",
		"peso": 78,
		"tipo_sanguineo": "O-",
		"cor": "roxo"
	},
	{
		"nome": "Isabella Julia Emanuelly Monteiro",
		"idade": 37,
		"cpf": "555.620.481-08",
		"rg": "25.200.118-7",
		"data_nasc": "21/02/1986",
		"sexo": "Feminino",
		"signo": "Peixes",
		"mae": "Tatiane Caroline Brenda",
		"pai": "Thomas Henry Martin Monteiro",
		"email": "isabella-monteiro84@elimco.com",
		"senha": "bl0YXcE60u",
		"cep": "70711-020",
		"endereco": "Quadra SCN Quadra 1 Bloco B",
		"numero": 653,
		"bairro": "Asa Norte",
		"cidade": "Brasília",
		"estado": "DF",
		"telefone_fixo": "(61) 3533-6798",
		"celular": "(61) 99224-4344",
		"altura": "1,50",
		"peso": 65,
		"tipo_sanguineo": "B+",
		"cor": "roxo"
	},
	{
		"nome": "Silvana Simone Fabiana Nunes",
		"idade": 19,
		"cpf": "846.950.161-50",
		"rg": "38.310.257-1",
		"data_nasc": "23/01/2004",
		"sexo": "Feminino",
		"signo": "Aquário",
		"mae": "Aurora Julia",
		"pai": "Roberto Lorenzo Davi Nunes",
		"email": "silvana-nunes85@dyna.com.br",
		"senha": "I1Wds8gWX1",
		"cep": "72640-422",
		"endereco": "Quadra Quadra 604 Conjunto 22",
		"numero": 363,
		"bairro": "Recanto das Emas",
		"cidade": "Brasília",
		"estado": "DF",
		"telefone_fixo": "(61) 2529-2966",
		"celular": "(61) 99608-8844",
		"altura": "1,60",
		"peso": 51,
		"tipo_sanguineo": "O-",
		"cor": "amarelo"
	},
	{
		"nome": "Fernanda Sophia Caldeira",
		"idade": 57,
		"cpf": "872.429.571-09",
		"rg": "11.284.187-9",
		"data_nasc": "08/02/1966",
		"sexo": "Feminino",
		"signo": "Aquário",
		"mae": "Bianca Julia",
		"pai": "Davi Alexandre Yuri Caldeira",
		"email": "fernanda-caldeira73@solutionimoveis.com.br",
		"senha": "HO5qFRqycb",
		"cep": "72304-107",
		"endereco": "Quadra QN 122 Conjunto 7",
		"numero": 282,
		"bairro": "Samambaia Sul (Samambaia)",
		"cidade": "Brasília",
		"estado": "DF",
		"telefone_fixo": "(61) 2626-6793",
		"celular": "(61) 98806-5406",
		"altura": "1,68",
		"peso": 76,
		"tipo_sanguineo": "A+",
		"cor": "amarelo"
	},
	{
		"nome": "Analu Bárbara Elisa da Cruz",
		"idade": 21,
		"cpf": "022.165.841-69",
		"rg": "49.757.951-0",
		"data_nasc": "16/02/2002",
		"sexo": "Feminino",
		"signo": "Aquário",
		"mae": "Rosângela Evelyn",
		"pai": "César Jorge da Cruz",
		"email": "analu_barbara_dacruz@tglaw.com.br",
		"senha": "zwJK7HonXg",
		"cep": "70753-130",
		"endereco": "Quadra SQN 110 Bloco M",
		"numero": 444,
		"bairro": "Asa Norte",
		"cidade": "Brasília",
		"estado": "DF",
		"telefone_fixo": "(61) 2947-7284",
		"celular": "(61) 99565-5491",
		"altura": "1,80",
		"peso": 45,
		"tipo_sanguineo": "O+",
		"cor": "preto"
	},
	{
		"nome": "Fábio Guilherme Renan Santos",
		"idade": 76,
		"cpf": "986.629.911-22",
		"rg": "29.029.725-4",
		"data_nasc": "08/01/1947",
		"sexo": "Masculino",
		"signo": "Capricórnio",
		"mae": "Maria Lúcia Pietra",
		"pai": "Danilo Vitor Santos",
		"email": "fabioguilhermesantos@huggoromano.com",
		"senha": "ZlKReC65dI",
		"cep": "72320-300",
		"endereco": "Quadra QI 416",
		"numero": 112,
		"bairro": "Samambaia Norte (Samambaia)",
		"cidade": "Brasília",
		"estado": "DF",
		"telefone_fixo": "(61) 2624-4610",
		"celular": "(61) 98419-7744",
		"altura": "1,66",
		"peso": 52,
		"tipo_sanguineo": "AB+",
		"cor": "verde"
	},
	{
		"nome": "Carla Simone da Cunha",
		"idade": 41,
		"cpf": "440.852.601-03",
		"rg": "33.720.241-2",
		"data_nasc": "24/01/1982",
		"sexo": "Feminino",
		"signo": "Aquário",
		"mae": "Sophie Carolina",
		"pai": "Yuri Davi Nicolas da Cunha",
		"email": "carla_dacunha@openlink.com.br",
		"senha": "uDms4X2RS1",
		"cep": "70275-090",
		"endereco": "Quadra SQS 212 Bloco I",
		"numero": 710,
		"bairro": "Asa Sul",
		"cidade": "Brasília",
		"estado": "DF",
		"telefone_fixo": "(61) 2991-3309",
		"celular": "(61) 99273-9673",
		"altura": "1,78",
		"peso": 85,
		"tipo_sanguineo": "O+",
		"cor": "verde"
	},
	{
		"nome": "Sebastião Pedro Henrique Luiz Carvalho",
		"idade": 37,
		"cpf": "776.357.571-99",
		"rg": "41.125.269-0",
		"data_nasc": "12/01/1986",
		"sexo": "Masculino",
		"signo": "Capricórnio",
		"mae": "Larissa Isabella",
		"pai": "Augusto José Carvalho",
		"email": "sebastiao_pedro_carvalho@amaralmonteiro.com.br",
		"senha": "pJrWQkYcHG",
		"cep": "72304-217",
		"endereco": "Quadra QR 122 Conjunto 1A",
		"numero": 782,
		"bairro": "Samambaia Sul (Samambaia)",
		"cidade": "Brasília",
		"estado": "DF",
		"telefone_fixo": "(61) 3613-0902",
		"celular": "(61) 99395-1141",
		"altura": "1,87",
		"peso": 81,
		"tipo_sanguineo": "A+",
		"cor": "azul"
	},
	{
		"nome": "Hugo Hugo Rocha",
		"idade": 48,
		"cpf": "729.855.471-99",
		"rg": "14.779.377-4",
		"data_nasc": "17/01/1975",
		"sexo": "Masculino",
		"signo": "Capricórnio",
		"mae": "Luiza Rayssa",
		"pai": "Eduardo Joaquim Rocha",
		"email": "hugo.hugo.rocha@virage.com.br",
		"senha": "eWS6nusG1F",
		"cep": "70380-723",
		"endereco": "Quadra SHIGS 713 Bloco W",
		"numero": 189,
		"bairro": "Asa Sul",
		"cidade": "Brasília",
		"estado": "DF",
		"telefone_fixo": "(61) 2527-2606",
		"celular": "(61) 98446-4444",
		"altura": "2,00",
		"peso": 70,
		"tipo_sanguineo": "O+",
		"cor": "laranja"
	},
	{
		"nome": "Cecília Aparecida Duarte",
		"idade": 18,
		"cpf": "805.511.751-92",
		"rg": "49.527.905-5",
		"data_nasc": "09/02/2005",
		"sexo": "Feminino",
		"signo": "Aquário",
		"mae": "Sônia Kamilly",
		"pai": "Diogo Vinicius Iago Duarte",
		"email": "cecilia_aparecida_duarte@gradu.if.ufrj.br",
		"senha": "YUXoRxEKpO",
		"cep": "71505-745",
		"endereco": "Quadra SHIN QL 5 Conjunto 4",
		"numero": 857,
		"bairro": "Setor de Habitações Individuais Norte",
		"cidade": "Brasília",
		"estado": "DF",
		"telefone_fixo": "(61) 3809-8680",
		"celular": "(61) 98623-7336",
		"altura": "1,54",
		"peso": 80,
		"tipo_sanguineo": "O+",
		"cor": "azul"
	},
	{
		"nome": "Osvaldo Vinicius Francisco Sales",
		"idade": 65,
		"cpf": "492.537.321-80",
		"rg": "20.206.209-0",
		"data_nasc": "06/01/1958",
		"sexo": "Masculino",
		"signo": "Capricórnio",
		"mae": "Sueli Stella Fátima",
		"pai": "Murilo Yago Sales",
		"email": "osvaldoviniciussales@msn.com.br",
		"senha": "26JNKxfeQ0",
		"cep": "72311-612",
		"endereco": "Quadra QR 503 Conjunto 10-A",
		"numero": 957,
		"bairro": "Samambaia Sul (Samambaia)",
		"cidade": "Brasília",
		"estado": "DF",
		"telefone_fixo": "(61) 3992-3847",
		"celular": "(61) 98879-0073",
		"altura": "1,67",
		"peso": 61,
		"tipo_sanguineo": "B+",
		"cor": "preto"
	},
	{
		"nome": "Calebe Gustavo Anthony Bernardes",
		"idade": 30,
		"cpf": "912.901.401-89",
		"rg": "23.497.645-7",
		"data_nasc": "20/01/1993",
		"sexo": "Masculino",
		"signo": "Capricórnio",
		"mae": "Teresinha Jéssica",
		"pai": "Samuel Fábio Kaique Bernardes",
		"email": "calebe.gustavo.bernardes@dmadvogados.com",
		"senha": "9r6qYtBO2P",
		"cep": "72509-201",
		"endereco": "Quadra CL 109 Bloco A",
		"numero": 904,
		"bairro": "Santa Maria",
		"cidade": "Brasília",
		"estado": "DF",
		"telefone_fixo": "(61) 3552-7267",
		"celular": "(61) 98394-8580",
		"altura": "1,62",
		"peso": 74,
		"tipo_sanguineo": "AB+",
		"cor": "verde"
	},
	{
		"nome": "Luan Levi Nogueira",
		"idade": 24,
		"cpf": "692.921.411-63",
		"rg": "30.220.414-3",
		"data_nasc": "02/01/1999",
		"sexo": "Masculino",
		"signo": "Capricórnio",
		"mae": "Evelyn Daniela",
		"pai": "Bryan Edson Vitor Nogueira",
		"email": "luan.levi.nogueira@maggitoyota.com.br",
		"senha": "xjPB4auOec",
		"cep": "70632-260",
		"endereco": "Quadra SAAN Quadra 2",
		"numero": 345,
		"bairro": "Zona Industrial",
		"cidade": "Brasília",
		"estado": "DF",
		"telefone_fixo": "(61) 3899-2183",
		"celular": "(61) 99874-2240",
		"altura": "1,95",
		"peso": 91,
		"tipo_sanguineo": "O-",
		"cor": "roxo"
	},
	{
		"nome": "Lavínia Alice Gonçalves",
		"idade": 72,
		"cpf": "904.621.441-94",
		"rg": "27.600.134-5",
		"data_nasc": "04/02/1951",
		"sexo": "Feminino",
		"signo": "Aquário",
		"mae": "Sabrina Vanessa",
		"pai": "Caio Iago Juan Gonçalves",
		"email": "laviniaalicegoncalves@6am.com.br",
		"senha": "B28wlhR8nd",
		"cep": "71539-755",
		"endereco": "Condomínio Privê II Quadra 4 Conjunto K",
		"numero": 288,
		"bairro": "Setor de Mansões do Lago Norte",
		"cidade": "Brasília",
		"estado": "DF",
		"telefone_fixo": "(61) 2648-5071",
		"celular": "(61) 98769-2516",
		"altura": "1,79",
		"peso": 85,
		"tipo_sanguineo": "A+",
		"cor": "vermelho"
	},
	{
		"nome": "Luan Juan Renato Moura",
		"idade": 72,
		"cpf": "182.552.871-32",
		"rg": "46.800.010-0",
		"data_nasc": "17/02/1951",
		"sexo": "Masculino",
		"signo": "Aquário",
		"mae": "Lavínia Malu Emily",
		"pai": "Theo Samuel Moura",
		"email": "luan-moura73@escritorioindaia.com.br",
		"senha": "Cl3zu5NMQk",
		"cep": "72225-545",
		"endereco": "Quadra EQNN 5/7 Bloco E",
		"numero": 693,
		"bairro": "Ceilândia Norte (Ceilândia)",
		"cidade": "Brasília",
		"estado": "DF",
		"telefone_fixo": "(61) 2625-4272",
		"celular": "(61) 98963-8344",
		"altura": "1,74",
		"peso": 80,
		"tipo_sanguineo": "B+",
		"cor": "preto"
	},
	{
		"nome": "Hadassa Valentina Márcia Corte Real",
		"idade": 74,
		"cpf": "093.642.491-51",
		"rg": "41.688.423-4",
		"data_nasc": "17/01/1949",
		"sexo": "Feminino",
		"signo": "Capricórnio",
		"mae": "Elisa Marcela",
		"pai": "Tomás Paulo Corte Real",
		"email": "hadassavalentinacortereal@valeparaibano.com.br",
		"senha": "dnrdG7FkBK",
		"cep": "73036-620",
		"endereco": "Quadra Quadra 9 Comércio Local 8",
		"numero": 702,
		"bairro": "Sobradinho",
		"cidade": "Brasília",
		"estado": "DF",
		"telefone_fixo": "(61) 3716-2006",
		"celular": "(61) 99307-7566",
		"altura": "1,64",
		"peso": 79,
		"tipo_sanguineo": "O-",
		"cor": "vermelho"
	}
]