[
	{
		"nome": "Carlos Eduardo Tomás Márcio Pereira",
		"idade": 39,
		"cpf": "266.233.021-07",
		"rg": "28.304.411-1",
		"data_nasc": "16/02/1984",
		"sexo": "Masculino",
		"signo": "Aquário",
		"mae": "Malu Aurora Helena",
		"pai": "Nelson Diogo Pereira",
		"email": "carlos.eduardo.pereira@fingrs.com.br",
		"senha": "410BMY8JDc",
		"cep": "72329-527",
		"endereco": "Quadra QS 429 Conjunto G",
		"numero": 418,
		"bairro": "Samambaia Norte (Samambaia)",
		"cidade": "Brasília",
		"estado": "DF",
		"telefone_fixo": "(61) 2826-2357",
		"celular": "(61) 98944-6826",
		"altura": "1,84",
		"peso": 99,
		"tipo_sanguineo": "A-",
		"cor": "verde"
	},
	{
		"nome": "Felipe Bruno Luan Barbosa",
		"idade": 61,
		"cpf": "614.329.841-60",
		"rg": "46.187.757-0",
		"data_nasc": "03/02/1962",
		"sexo": "Masculino",
		"signo": "Aquário",
		"mae": "Tereza Vera Ayla",
		"pai": "Caio Igor Anderson Barbosa",
		"email": "felipe-barbosa79@dillon.com.br",
		"senha": "Wp24q4Fw5k",
		"cep": "71015-117",
		"endereco": "Quadra QE 20 Área Especial K",
		"numero": 230,
		"bairro": "Guará I",
		"cidade": "Brasília",
		"estado": "DF",
		"telefone_fixo": "(61) 2585-0200",
		"celular": "(61) 98456-1485",
		"altura": "1,64",
		"peso": 64,
		"tipo_sanguineo": "A-",
		"cor": "vermelho"
	},
	{
		"nome": "Rodrigo Sebastião Cardoso",
		"idade": 34,
		"cpf": "194.024.461-76",
		"rg": "34.859.789-7",
		"data_nasc": "09/02/1989",
		"sexo": "Masculino",
		"signo": "Aquário",
		"mae": "Maria Daiane",
		"pai": "Yago Jorge Cardoso",
		"email": "rodrigo.sebastiao.cardoso@dmcard.com.br",
		"senha": "8udeFoPC0A",
		"cep": "71820-481",
		"endereco": "Quadra CLS 2 Bloco A",
		"numero": 494,
		"bairro": "Riacho Fundo I",
		"cidade": "Brasília",
		"estado": "DF",
		"telefone_fixo": "(61) 3673-4499",
		"celular": "(61) 98411-3886",
		"altura": "1,76",
		"peso": 74,
		"tipo_sanguineo": "A+",
		"cor": "verde"
	},
	{
		"nome": "Jorge Jorge Luís Rezende",
		"idade": 21,
		"cpf": "388.011.221-52",
		"rg": "10.112.925-7",
		"data_nasc": "02/01/2002",
		"sexo": "Masculino",
		"signo": "Capricórnio",
		"mae": "Betina Raimunda",
		"pai": "Gustavo André Rezende",
		"email": "jorgejorgerezende@bravura.com.br",
		"senha": "8WiYCQxEYX",
		"cep": "71880-733",
		"endereco": "Quadra QN 32 Conjunto 8",
		"numero": 317,
		"bairro": "Riacho Fundo II",
		"cidade": "Brasília",
		"estado": "DF",
		"telefone_fixo": "(61) 3528-3148",
		"celular": "(61) 99444-6986",
		"altura": "1,69",
		"peso": 101,
		"tipo_sanguineo": "B-",
		"cor": "laranja"
	},
	{
		"nome": "Rosângela Camila Bruna Aparício",
		"idade": 40,
		"cpf": "792.397.841-79",
		"rg": "13.103.445-5",
		"data_nasc": "12/01/1983",
		"sexo": "Feminino",
		"signo": "Capricórnio",
		"mae": "Manuela Marina Ester",
		"pai": "Anderson Guilherme Daniel Aparício",
		"email": "rosangelacamilaaparicio@kascher.com.br",
		"senha": "Lw2RRPKq7k",
		"cep": "73368-660",
		"endereco": "Quadra 10 Conjunto I",
		"numero": 370,
		"bairro": "Arapoanga (Planaltina)",
		"cidade": "Brasília",
		"estado": "DF",
		"telefone_fixo": "(61) 3637-8604",
		"celular": "(61) 99594-7790",
		"altura": "1,54",
		"peso": 65,
		"tipo_sanguineo": "A-",
		"cor": "vermelho"
	},
	{
		"nome": "Filipe Gustavo Aragão",
		"idade": 66,
		"cpf": "764.870.481-19",
		"rg": "40.671.726-6",
		"data_nasc": "24/01/1957",
		"sexo": "Masculino",
		"signo": "Aquário",
		"mae": "Nair Laura",
		"pai": "Gabriel Gael Aragão",
		"email": "filipe-aragao87@usa.com",
		"senha": "wm0kMUB0Yj",
		"cep": "72331-590",
		"endereco": "Quadra QS 615 Área Especial 2",
		"numero": 249,
		"bairro": "Samambaia Norte (Samambaia)",
		"cidade": "Brasília",
		"estado": "DF",
		"telefone_fixo": "(61) 3631-9241",
		"celular": "(61) 98616-5294",
		"altura": "1,91",
		"peso": 85,
		"tipo_sanguineo": "AB-",
		"cor": "verde"
	},
	{
		"nome": "Fábio Sebastião Ryan Alves",
		"idade": 76,
		"cpf": "673.263.931-50",
		"rg": "34.739.332-9",
		"data_nasc": "04/01/1947",
		"sexo": "Masculino",
		"signo": "Capricórnio",
		"mae": "Tatiane Jennifer",
		"pai": "Leonardo Diego Benício Alves",
		"email": "fabio_sebastiao_alves@mcexecutiva.com.br",
		"senha": "kQL3lTwN7e",
		"cep": "72420-281",
		"endereco": "Quadra Quadra 28 Comércio Local s/n",
		"numero": 385,
		"bairro": "Setor Oeste (Gama)",
		"cidade": "Brasília",
		"estado": "DF",
		"telefone_fixo": "(61) 3861-9278",
		"celular": "(61) 98991-7828",
		"altura": "1,89",
		"peso": 87,
		"tipo_sanguineo": "B-",
		"cor": "azul"
	},
	{
		"nome": "Oliver Diogo da Mota",
		"idade": 45,
		"cpf": "478.640.511-62",
		"rg": "36.432.700-5",
		"data_nasc": "05/02/1978",
		"sexo": "Masculino",
		"signo": "Aquário",
		"mae": "Luiza Jennifer",
		"pai": "Rodrigo Cauê da Mota",
		"email": "oliver_diogo_damota@santosdumonthospital.com",
		"senha": "2o3LnRtf16",
		"cep": "72280-732",
		"endereco": "Rua Rua 13 Módulo 16",
		"numero": 670,
		"bairro": "Condomínio Privê Lucena Roriz (Ceilândia)",
		"cidade": "Brasília",
		"estado": "DF",
		"telefone_fixo": "(61) 3704-4522",
		"celular": "(61) 99566-6646",
		"altura": "1,65",
		"peso": 52,
		"tipo_sanguineo": "O-",
		"cor": "vermelho"
	},
	{
		"nome": "Daniel Joaquim Luiz Lopes",
		"idade": 45,
		"cpf": "017.145.601-71",
		"rg": "28.367.843-4",
		"data_nasc": "03/01/1978",
		"sexo": "Masculino",
		"signo": "Capricórnio",
		"mae": "Yasmin Rita Rafaela",
		"pai": "Márcio Nelson Lopes",
		"email": "danieljoaquimlopes@pelozo.com.br",
		"senha": "KGQT0Wkbhb",
		"cep": "71994-385",
		"endereco": "Conjunto SHA Conjunto 4 Chácara 69",
		"numero": 754,
		"bairro": "Setor Habitacional Arniqueira (Águas Claras)",
		"cidade": "Brasília",
		"estado": "DF",
		"telefone_fixo": "(61) 3916-7270",
		"celular": "(61) 98529-4925",
		"altura": "1,85",
		"peso": 73,
		"tipo_sanguineo": "A-",
		"cor": "vermelho"
	},
	{
		"nome": "Julio Leonardo Corte Real",
		"idade": 33,
		"cpf": "045.447.531-47",
		"rg": "21.362.632-9",
		"data_nasc": "06/01/1990",
		"sexo": "Masculino",
		"signo": "Capricórnio",
		"mae": "Aparecida Elaine Lúcia",
		"pai": "Thales Oliver Vitor Corte Real",
		"email": "julio_cortereal@damha.com.br",
		"senha": "tlnA0LBheS",
		"cep": "72339-115",
		"endereco": "Quadra QR 827",
		"numero": 596,
		"bairro": "Samambaia Norte (Samambaia)",
		"cidade": "Brasília",
		"estado": "DF",
		"telefone_fixo": "(61) 2633-1919",
		"celular": "(61) 98328-6282",
		"altura": "1,67",
		"peso": 89,
		"tipo_sanguineo": "A-",
		"cor": "laranja"
	},
	{
		"nome": "Liz Sabrina Melo",
		"idade": 30,
		"cpf": "507.246.371-09",
		"rg": "49.137.458-6",
		"data_nasc": "25/01/1993",
		"sexo": "Feminino",
		"signo": "Aquário",
		"mae": "Alice Isabella Aurora",
		"pai": "Renan Juan Marcos Melo",
		"email": "liz-melo82@officetectecnologia.com.br",
		"senha": "o7HKyQyTJ0",
		"cep": "73360-508",
		"endereco": "Quadra Quadra 5 Conjunto H",
		"numero": 864,
		"bairro": "Setor Residencial Leste (Planaltina)",
		"cidade": "Brasília",
		"estado": "DF",
		"telefone_fixo": "(61) 3614-7442",
		"celular": "(61) 99193-2059",
		"altura": "1,61",
		"peso": 60,
		"tipo_sanguineo": "A+",
		"cor": "laranja"
	},
	{
		"nome": "Luiz Tiago Vitor Silva",
		"idade": 51,
		"cpf": "994.405.241-89",
		"rg": "47.569.295-0",
		"data_nasc": "27/01/1972",
		"sexo": "Masculino",
		"signo": "Aquário",
		"mae": "Jéssica Adriana",
		"pai": "Julio Guilherme Silva",
		"email": "luiz.tiago.silva@radicigroup.com",
		"senha": "Eg2qZfFf7Q",
		"cep": "72015-090",
		"endereco": "Quadra QSA 9",
		"numero": 658,
		"bairro": "Taguatinga Sul (Taguatinga)",
		"cidade": "Brasília",
		"estado": "DF",
		"telefone_fixo": "(61) 3925-7353",
		"celular": "(61) 99110-2836",
		"altura": "1,87",
		"peso": 105,
		"tipo_sanguineo": "B-",
		"cor": "preto"
	},
	{
		"nome": "Davi Rodrigo de Paula",
		"idade": 42,
		"cpf": "672.410.691-53",
		"rg": "31.256.522-7",
		"data_nasc": "04/02/1981",
		"sexo": "Masculino",
		"signo": "Aquário",
		"mae": "Jennifer Fernanda",
		"pai": "Lucca Marcelo Márcio de Paula",
		"email": "davi_rodrigo_depaula@chavao.com.br",
		"senha": "hwSWkdoLOK",
		"cep": "73330-082",
		"endereco": "Avenida 13 de Maio",
		"numero": 290,
		"bairro": "Setor Tradicional (Planaltina)",
		"cidade": "Brasília",
		"estado": "DF",
		"telefone_fixo": "(61) 3708-4860",
		"celular": "(61) 98317-8447",
		"altura": "1,68",
		"peso": 96,
		"tipo_sanguineo": "AB+",
		"cor": "verde"
	},
	{
		"nome": "Heloise Daniela da Luz",
		"idade": 45,
		"cpf": "293.933.541-97",
		"rg": "34.972.030-7",
		"data_nasc": "24/01/1978",
		"sexo": "Feminino",
		"signo": "Aquário",
		"mae": "Tânia Daniela",
		"pai": "Martin Manoel da Luz",
		"email": "heloise_daniela_daluz@tam.com.br",
		"senha": "nlQLCJFKSM",
		"cep": "70233-540",
		"endereco": "Quadra CLS 203 Bloco D",
		"numero": 262,
		"bairro": "Asa Sul",
		"cidade": "Brasília",
		"estado": "DF",
		"telefone_fixo": "(61) 3607-3267",
		"celular": "(61) 99960-8842",
		"altura": "1,81",
		"peso": 83,
		"tipo_sanguineo": "B+",
		"cor": "vermelho"
	},
	{
		"nome": "Marcela Sônia Vera Almeida",
		"idade": 48,
		"cpf": "140.540.791-30",
		"rg": "38.253.094-9",
		"data_nasc": "22/02/1975",
		"sexo": "Feminino",
		"signo": "Peixes",
		"mae": "Stefany Elisa Elaine",
		"pai": "Julio Otávio Almeida",
		"email": "marcela_almeida@emerson.com",
		"senha": "ajztZoG5lN",
		"cep": "71828-630",
		"endereco": "Residencial Paulo Arantes Quadra 3",
		"numero": 887,
		"bairro": "Riacho Fundo I",
		"cidade": "Brasília",
		"estado": "DF",
		"telefone_fixo": "(61) 3517-1213",
		"celular": "(61) 99120-1679",
		"altura": "1,85",
		"peso": 86,
		"tipo_sanguineo": "B+",
		"cor": "roxo"
	},
	{
		"nome": "Erick Manuel Rodrigues",
		"idade": 76,
		"cpf": "329.605.321-20",
		"rg": "42.981.649-2",
		"data_nasc": "14/01/1947",
		"sexo": "Masculino",
		"signo": "Capricórnio",
		"mae": "Alice Maitê",
		"pai": "Ruan Nathan Leonardo Rodrigues",
		"email": "erickmanuelrodrigues@yool.com.br",
		"senha": "5f9TNEMl8X",
		"cep": "73340-411",
		"endereco": "Quadra Quadra 4 Conjunto 4K",
		"numero": 763,
		"bairro": "Jardim Roriz (Planaltina)",
		"cidade": "Brasília",
		"estado": "DF",
		"telefone_fixo": "(61) 2648-1788",
		"celular": "(61) 98662-5179",
		"altura": "1,81",
		"peso": 63,
		"tipo_sanguineo": "AB+",
		"cor": "roxo"
	},
	{
		"nome": "Marcos Diogo da Rocha",
		"idade": 43,
		"cpf": "448.087.881-52",
		"rg": "18.866.576-6",
		"data_nasc": "11/01/1980",
		"sexo": "Masculino",
		"signo": "Capricórnio",
		"mae": "Elza Isabelly",
		"pai": "Yuri Márcio Erick da Rocha",
		"email": "marcos-darocha74@policiacivil.sp.gov.br",
		"senha": "WlDG56Dflz",
		"cep": "70070-927",
		"endereco": "SBS Quadra 1 Bloco L",
		"numero": 612,
		"bairro": "Asa Sul",
		"cidade": "Brasília",
		"estado": "DF",
		"telefone_fixo": "(61) 3840-6431",
		"celular": "(61) 98894-5579",
		"altura": "1,82",
		"peso": 58,
		"tipo_sanguineo": "A-",
		"cor": "azul"
	},
	{
		"nome": "Arthur Leonardo Julio Oliveira",
		"idade": 36,
		"cpf": "615.646.571-59",
		"rg": "33.848.210-6",
		"data_nasc": "12/01/1987",
		"sexo": "Masculino",
		"signo": "Capricórnio",
		"mae": "Elisa Tereza",
		"pai": "Levi Ian Oliveira",
		"email": "arthur-oliveira95@saopaulo10hotmail.com",
		"senha": "DmKmrC9hzZ",
		"cep": "70846-530",
		"endereco": "Quadra CLN 405 Bloco C",
		"numero": 535,
		"bairro": "Asa Norte",
		"cidade": "Brasília",
		"estado": "DF",
		"telefone_fixo": "(61) 3958-2267",
		"celular": "(61) 99956-0597",
		"altura": "1,78",
		"peso": 99,
		"tipo_sanguineo": "A+",
		"cor": "verde"
	},
	{
		"nome": "Aurora Yasmin Souza",
		"idade": 26,
		"cpf": "017.519.041-05",
		"rg": "22.712.351-7",
		"data_nasc": "07/01/1997",
		"sexo": "Feminino",
		"signo": "Capricórnio",
		"mae": "Rebeca Nina",
		"pai": "Theo Miguel Anthony Souza",
		"email": "aurora-souza74@desari.com.br",
		"senha": "tnRQysEgZi",
		"cep": "70675-202",
		"endereco": "Quadra QRSW 2 Bloco A-2",
		"numero": 623,
		"bairro": "Setor Sudoeste",
		"cidade": "Brasília",
		"estado": "DF",
		"telefone_fixo": "(61) 2800-3362",
		"celular": "(61) 98808-3960",
		"altura": "1,65",
		"peso": 57,
		"tipo_sanguineo": "O-",
		"cor": "laranja"
	},
	{
		"nome": "Enzo Severino Nunes",
		"idade": 51,
		"cpf": "206.117.851-02",
		"rg": "25.538.833-0",
		"data_nasc": "19/01/1972",
		"sexo": "Masculino",
		"signo": "Capricórnio",
		"mae": "Rebeca Camila Malu",
		"pai": "Enzo Benício Bryan Nunes",
		"email": "enzo-nunes84@engenharia.ufjf.br",
		"senha": "jXJzxJYAR6",
		"cep": "73061-260",
		"endereco": "Quadra Quadra 4 Conjunto B",
		"numero": 887,
		"bairro": "Setor Oeste (Sobradinho II)",
		"cidade": "Brasília",
		"estado": "DF",
		"telefone_fixo": "(61) 3554-1547",
		"celular": "(61) 99354-0733",
		"altura": "1,74",
		"peso": 60,
		"tipo_sanguineo": "A+",
		"cor": "laranja"
	},
	{
		"nome": "Bárbara Fátima Luna Fernandes",
		"idade": 20,
		"cpf": "605.028.051-70",
		"rg": "13.425.023-0",
		"data_nasc": "11/01/2003",
		"sexo": "Feminino",
		"signo": "Capricórnio",
		"mae": "Aurora Luzia Alana",
		"pai": "Antonio Matheus Oliver Fernandes",
		"email": "barbara.fatima.fernandes@agencia10clic.com.br",
		"senha": "SnutUC255y",
		"cep": "70750-533",
		"endereco": "Quadra SCLRN 710 Bloco C",
		"numero": 545,
		"bairro": "Asa Norte",
		"cidade": "Brasília",
		"estado": "DF",
		"telefone_fixo": "(61) 3902-7883",
		"celular": "(61) 99250-0177",
		"altura": "1,77",
		"peso": 54,
		"tipo_sanguineo": "B-",
		"cor": "verde"
	},
	{
		"nome": "Agatha Juliana Farias",
		"idade": 22,
		"cpf": "814.519.091-60",
		"rg": "34.582.954-2",
		"data_nasc": "24/01/2001",
		"sexo": "Feminino",
		"signo": "Aquário",
		"mae": "Emily Fátima",
		"pai": "Ian Augusto Kauê Farias",
		"email": "agatha_juliana_farias@eanac.com.br",
		"senha": "QTyfHklb5N",
		"cep": "70648-125",
		"endereco": "Quadra SRES Quadra 6 Bloco L",
		"numero": 815,
		"bairro": "Cruzeiro Velho",
		"cidade": "Brasília",
		"estado": "DF",
		"telefone_fixo": "(61) 3536-3439",
		"celular": "(61) 99134-1005",
		"altura": "1,65",
		"peso": 58,
		"tipo_sanguineo": "A+",
		"cor": "roxo"
	},
	{
		"nome": "André Yuri Mateus Viana",
		"idade": 52,
		"cpf": "175.433.191-28",
		"rg": "25.532.360-8",
		"data_nasc": "05/02/1971",
		"sexo": "Masculino",
		"signo": "Aquário",
		"mae": "Adriana Mariana",
		"pai": "Pietro Anderson César Viana",
		"email": "andre_yuri_viana@mv1.com.br",
		"senha": "mm8kuJt5x6",
		"cep": "72151-311",
		"endereco": "Quadra QNL 13 Bloco A",
		"numero": 125,
		"bairro": "Taguatinga Norte (Taguatinga)",
		"cidade": "Brasília",
		"estado": "DF",
		"telefone_fixo": "(61) 3758-1132",
		"celular": "(61) 98357-1957",
		"altura": "1,62",
		"peso": 91,
		"tipo_sanguineo": "O-",
		"cor": "preto"
	},
	{
		"nome": "Tatiane Tereza Pinto",
		"idade": 25,
		"cpf": "550.484.381-24",
		"rg": "26.488.028-6",
		"data_nasc": "18/01/1998",
		"sexo": "Feminino",
		"signo": "Capricórnio",
		"mae": "Bárbara Maya",
		"pai": "Otávio Jorge Pinto",
		"email": "tatiane_pinto@construtoracostanorte.com.br",
		"senha": "1IgHEs2zSO",
		"cep": "71539-460",
		"endereco": "Condomínio Privê II Quadra 1 Conjunto L",
		"numero": 382,
		"bairro": "Setor de Mansões do Lago Norte",
		"cidade": "Brasília",
		"estado": "DF",
		"telefone_fixo": "(61) 3981-6111",
		"celular": "(61) 99179-3582",
		"altura": "1,59",
		"peso": 56,
		"tipo_sanguineo": "O-",
		"cor": "azul"
	},
	{
		"nome": "Leonardo Vicente das Neves",
		"idade": 63,
		"cpf": "008.846.991-37",
		"rg": "37.590.873-0",
		"data_nasc": "21/01/1960",
		"sexo": "Masculino",
		"signo": "Aquário",
		"mae": "Gabriela Sophia",
		"pai": "Caleb Sérgio das Neves",
		"email": "leonardo_dasneves@fernandesfilpi.com.br",
		"senha": "q1gT7gwDz2",
		"cep": "71820-214",
		"endereco": "Quadra QS 2 Área Especial D",
		"numero": 636,
		"bairro": "Riacho Fundo I",
		"cidade": "Brasília",
		"estado": "DF",
		"telefone_fixo": "(61) 2924-6906",
		"celular": "(61) 99544-6704",
		"altura": "1,86",
		"peso": 104,
		"tipo_sanguineo": "O-",
		"cor": "verde"
	},
	{
		"nome": "Julio André Jesus",
		"idade": 35,
		"cpf": "033.791.581-43",
		"rg": "32.066.719-4",
		"data_nasc": "17/02/1988",
		"sexo": "Masculino",
		"signo": "Aquário",
		"mae": "Isabel Nicole Alícia",
		"pai": "Iago Thomas Edson Jesus",
		"email": "julio_andre_jesus@live.co.uk",
		"senha": "2nhCI5yXis",
		"cep": "70635-810",
		"endereco": "Parque Capital Digital Lote 3",
		"numero": 894,
		"bairro": "Zona Industrial",
		"cidade": "Brasília",
		"estado": "DF",
		"telefone_fixo": "(61) 2848-9780",
		"celular": "(61) 98129-9648",
		"altura": "1,63",
		"peso": 52,
		"tipo_sanguineo": "O+",
		"cor": "laranja"
	},
	{
		"nome": "Julia Larissa Alessandra Cavalcanti",
		"idade": 27,
		"cpf": "673.020.801-51",
		"rg": "14.910.314-1",
		"data_nasc": "08/02/1996",
		"sexo": "Feminino",
		"signo": "Aquário",
		"mae": "Sônia Caroline",
		"pai": "Augusto Noah Cavalcanti",
		"email": "julia.larissa.cavalcanti@debiasi.com.br",
		"senha": "rmFe9QlJTZ",
		"cep": "70382-070",
		"endereco": "Quadra SQS 313 Bloco G",
		"numero": 439,
		"bairro": "Asa Sul",
		"cidade": "Brasília",
		"estado": "DF",
		"telefone_fixo": "(61) 3829-4763",
		"celular": "(61) 99264-1099",
		"altura": "1,74",
		"peso": 90,
		"tipo_sanguineo": "A-",
		"cor": "vermelho"
	},
	{
		"nome": "Heitor Pedro da Cruz",
		"idade": 80,
		"cpf": "018.151.601-28",
		"rg": "30.348.390-8",
		"data_nasc": "24/02/1943",
		"sexo": "Masculino",
		"signo": "Peixes",
		"mae": "Cláudia Valentina Emilly",
		"pai": "Mateus Mário da Cruz",
		"email": "heitorpedrodacruz@fileno.com.br",
		"senha": "diqS0Z76j3",
		"cep": "72503-608",
		"endereco": "Quadra QR 303 Conjunto H",
		"numero": 354,
		"bairro": "Santa Maria",
		"cidade": "Brasília",
		"estado": "DF",
		"telefone_fixo": "(61) 2751-8324",
		"celular": "(61) 98528-8277",
		"altura": "1,79",
		"peso": 104,
		"tipo_sanguineo": "A-",
		"cor": "vermelho"
	},
	{
		"nome": "Carolina Benedita Gabriela Barros",
		"idade": 55,
		"cpf": "408.246.201-51",
		"rg": "32.130.485-8",
		"data_nasc": "17/01/1968",
		"sexo": "Feminino",
		"signo": "Capricórnio",
		"mae": "Marina Rosa",
		"pai": "Sebastião Anderson Barros",
		"email": "carolinabeneditabarros@guiamaritimo.com.br",
		"senha": "JJil45BbEm",
		"cep": "71995-500",
		"endereco": "Conjunto SHA Conjunto 5 Chácara 114",
		"numero": 177,
		"bairro": "Setor Habitacional Arniqueira (Águas Claras)",
		"cidade": "Brasília",
		"estado": "DF",
		"telefone_fixo": "(61) 3736-7811",
		"celular": "(61) 98275-6078",
		"altura": "1,74",
		"peso": 70,
		"tipo_sanguineo": "O-",
		"cor": "azul"
	},
	{
		"nome": "César Yuri Bernardes",
		"idade": 32,
		"cpf": "904.936.341-50",
		"rg": "26.935.263-6",
		"data_nasc": "09/02/1991",
		"sexo": "Masculino",
		"signo": "Aquário",
		"mae": "Luzia Aparecida",
		"pai": "Yago João José Bernardes",
		"email": "cesar.yuri.bernardes@charquesorocaba.com.br",
		"senha": "dmkUuj8OME",
		"cep": "72760-166",
		"endereco": "Área Especial 16",
		"numero": 106,
		"bairro": "Incra 8 (Brazlândia)",
		"cidade": "Brasília",
		"estado": "DF",
		"telefone_fixo": "(61) 3913-2394",
		"celular": "(61) 98198-5716",
		"altura": "1,63",
		"peso": 74,
		"tipo_sanguineo": "O-",
		"cor": "amarelo"
	}
]