[
	{
		"nome": "Paulo Oliver Pires",
		"idade": 51,
		"cpf": "651.507.851-05",
		"rg": "11.189.076-7",
		"data_nasc": "02/01/1972",
		"sexo": "Masculino",
		"signo": "Capricórnio",
		"mae": "Maya Luiza",
		"pai": "Renan Iago Pires",
		"email": "paulo-pires75@terra.com.br",
		"senha": "NAnX5ZxE7k",
		"cep": "72301-535",
		"endereco": "Quadra QS 109 Conjunto 5",
		"numero": 961,
		"bairro": "Samambaia Sul (Samambaia)",
		"cidade": "Brasília",
		"estado": "DF",
		"telefone_fixo": "(61) 2651-9289",
		"celular": "(61) 99435-8889",
		"altura": "1,61",
		"peso": 71,
		"tipo_sanguineo": "O+",
		"cor": "vermelho"
	},
	{
		"nome": "Emanuelly Eduarda Rebeca Drumond",
		"idade": 46,
		"cpf": "191.023.061-82",
		"rg": "15.479.782-0",
		"data_nasc": "22/02/1977",
		"sexo": "Feminino",
		"signo": "Peixes",
		"mae": "Cecília Isabelly",
		"pai": "Murilo Manuel Drumond",
		"email": "emanuellyeduardadrumond@etirama.com.br",
		"senha": "iKsrUgLFU7",
		"cep": "71200-249",
		"endereco": "Trecho SIA Trecho 17 Rua 17",
		"numero": 725,
		"bairro": "Zona Industrial (Guará)",
		"cidade": "Brasília",
		"estado": "DF",
		"telefone_fixo": "(61) 2872-3639",
		"celular": "(61) 98681-9249",
		"altura": "1,60",
		"peso": 90,
		"tipo_sanguineo": "O+",
		"cor": "preto"
	},
	{
		"nome": "Tereza Liz Pereira",
		"idade": 23,
		"cpf": "941.993.831-07",
		"rg": "25.817.880-2",
		"data_nasc": "03/01/2000",
		"sexo": "Feminino",
		"signo": "Capricórnio",
		"mae": "Elisa Rebeca Maitê",
		"pai": "Marcos Breno Pereira",
		"email": "tereza.liz.pereira@unifox.com.br",
		"senha": "1CyPlYl7Wc",
		"cep": "71692-534",
		"endereco": "Quadra Quadra 202 Conjunto 12",
		"numero": 869,
		"bairro": "Setor Residencial Oeste (São Sebastião)",
		"cidade": "Brasília",
		"estado": "DF",
		"telefone_fixo": "(61) 2657-1438",
		"celular": "(61) 98486-3744",
		"altura": "1,54",
		"peso": 72,
		"tipo_sanguineo": "A-",
		"cor": "vermelho"
	},
	{
		"nome": "Rodrigo Isaac Francisco Fogaça",
		"idade": 28,
		"cpf": "798.686.251-30",
		"rg": "27.962.799-3",
		"data_nasc": "09/02/1995",
		"sexo": "Masculino",
		"signo": "Aquário",
		"mae": "Stella Emanuelly",
		"pai": "Severino Lorenzo Fogaça",
		"email": "rodrigo_fogaca@atiara.com.br",
		"senha": "0oCSAb9KPq",
		"cep": "73380-650",
		"endereco": "Setor Residencial Nova Esperança",
		"numero": 698,
		"bairro": "Setor Residencial Mestre D'Armas (Planaltina)",
		"cidade": "Brasília",
		"estado": "DF",
		"telefone_fixo": "(61) 2766-1909",
		"celular": "(61) 99869-8421",
		"altura": "1,66",
		"peso": 55,
		"tipo_sanguineo": "AB-",
		"cor": "vermelho"
	},
	{
		"nome": "Rafael Cauê Gomes",
		"idade": 24,
		"cpf": "319.282.271-63",
		"rg": "12.116.953-4",
		"data_nasc": "21/02/1999",
		"sexo": "Masculino",
		"signo": "Peixes",
		"mae": "Marcela Tatiane",
		"pai": "Antonio Bento Gomes",
		"email": "rafaelcauegomes@aol.com",
		"senha": "3AjlOYno2U",
		"cep": "72314-400",
		"endereco": "Quadra QR 518",
		"numero": 817,
		"bairro": "Samambaia Sul (Samambaia)",
		"cidade": "Brasília",
		"estado": "DF",
		"telefone_fixo": "(61) 2596-9301",
		"celular": "(61) 98517-7684",
		"altura": "1,71",
		"peso": 65,
		"tipo_sanguineo": "A-",
		"cor": "amarelo"
	},
	{
		"nome": "Ana Cecília Martins",
		"idade": 58,
		"cpf": "247.433.441-66",
		"rg": "45.238.385-7",
		"data_nasc": "19/02/1965",
		"sexo": "Feminino",
		"signo": "Aquário",
		"mae": "Aurora Luciana Cristiane",
		"pai": "Mateus Sérgio Martins",
		"email": "anaceciliamartins@fundamentos.com.br",
		"senha": "fUEGR0surZ",
		"cep": "72016-130",
		"endereco": "Quadra QSC 13",
		"numero": 532,
		"bairro": "Taguatinga Sul (Taguatinga)",
		"cidade": "Brasília",
		"estado": "DF",
		"telefone_fixo": "(61) 2844-8883",
		"celular": "(61) 98440-1692",
		"altura": "1,65",
		"peso": 74,
		"tipo_sanguineo": "A+",
		"cor": "preto"
	},
	{
		"nome": "Evelyn Louise Lavínia Mendes",
		"idade": 61,
		"cpf": "468.757.611-73",
		"rg": "45.627.482-0",
		"data_nasc": "24/02/1962",
		"sexo": "Feminino",
		"signo": "Peixes",
		"mae": "Mariane Carla Luciana",
		"pai": "Carlos Eduardo Julio Mendes",
		"email": "evelynlouisemendes@splicenet.com.br",
		"senha": "H4FIPw7Dnm",
		"cep": "72145-426",
		"endereco": "Quadra QNM 34 Conjunto F2",
		"numero": 978,
		"bairro": "Taguatinga Norte (Taguatinga)",
		"cidade": "Brasília",
		"estado": "DF",
		"telefone_fixo": "(61) 3553-3891",
		"celular": "(61) 98874-2578",
		"altura": "1,51",
		"peso": 47,
		"tipo_sanguineo": "A-",
		"cor": "amarelo"
	},
	{
		"nome": "Sarah Rosa Alice Bernardes",
		"idade": 70,
		"cpf": "262.764.501-38",
		"rg": "15.365.455-7",
		"data_nasc": "01/01/1953",
		"sexo": "Feminino",
		"signo": "Capricórnio",
		"mae": "Laura Beatriz Juliana",
		"pai": "Daniel Guilherme Elias Bernardes",
		"email": "sarahrosabernardes@lojascentrodamoda.com.br",
		"senha": "JrEGJ91i1j",
		"cep": "72581-330",
		"endereco": "Chácara Chácara 29",
		"numero": 726,
		"bairro": "Núcleo Rural Santa Maria",
		"cidade": "Brasília",
		"estado": "DF",
		"telefone_fixo": "(61) 2865-1165",
		"celular": "(61) 99964-8740",
		"altura": "1,73",
		"peso": 56,
		"tipo_sanguineo": "A+",
		"cor": "verde"
	},
	{
		"nome": "Leandro Thales Bernardo Rocha",
		"idade": 45,
		"cpf": "385.454.751-01",
		"rg": "26.398.057-1",
		"data_nasc": "24/01/1978",
		"sexo": "Masculino",
		"signo": "Aquário",
		"mae": "Jaqueline Sophia",
		"pai": "Oliver Pedro Vicente Rocha",
		"email": "leandro_rocha@original-veiculos.com.br",
		"senha": "405sn4L9eq",
		"cep": "72510-244",
		"endereco": "Quadra CL 410 Bloco D",
		"numero": 110,
		"bairro": "Santa Maria",
		"cidade": "Brasília",
		"estado": "DF",
		"telefone_fixo": "(61) 2713-1031",
		"celular": "(61) 99590-4675",
		"altura": "1,83",
		"peso": 86,
		"tipo_sanguineo": "O-",
		"cor": "roxo"
	},
	{
		"nome": "Vera Sônia Andreia Cardoso",
		"idade": 39,
		"cpf": "442.984.361-95",
		"rg": "36.723.396-4",
		"data_nasc": "11/01/1984",
		"sexo": "Feminino",
		"signo": "Capricórnio",
		"mae": "Vitória Bárbara Ana",
		"pai": "Lorenzo Davi Vitor Cardoso",
		"email": "vera_cardoso@digen.com.br",
		"senha": "PAbAENK2s4",
		"cep": "72130-700",
		"endereco": "Setor QNH Área Especial 18 à 231",
		"numero": 574,
		"bairro": "Taguatinga Norte (Taguatinga)",
		"cidade": "Brasília",
		"estado": "DF",
		"telefone_fixo": "(61) 3526-9928",
		"celular": "(61) 99579-1203",
		"altura": "1,71",
		"peso": 90,
		"tipo_sanguineo": "A-",
		"cor": "roxo"
	},
	{
		"nome": "Laís Mariane Alves",
		"idade": 24,
		"cpf": "192.068.021-78",
		"rg": "48.838.906-9",
		"data_nasc": "13/02/1999",
		"sexo": "Feminino",
		"signo": "Aquário",
		"mae": "Heloise Benedita",
		"pai": "Danilo Cauã Pedro Alves",
		"email": "lais_mariane_alves@marmorariauchoa.com",
		"senha": "ntJ2axWiRo",
		"cep": "71720-596",
		"endereco": "Avenida Terceira Avenida Área Especial 19",
		"numero": 472,
		"bairro": "Núcleo Bandeirante",
		"cidade": "Brasília",
		"estado": "DF",
		"telefone_fixo": "(61) 2593-8192",
		"celular": "(61) 99180-6221",
		"altura": "1,75",
		"peso": 86,
		"tipo_sanguineo": "B+",
		"cor": "amarelo"
	},
	{
		"nome": "Lúcia Isabella Jesus",
		"idade": 42,
		"cpf": "884.774.711-26",
		"rg": "25.284.283-2",
		"data_nasc": "01/01/1981",
		"sexo": "Feminino",
		"signo": "Capricórnio",
		"mae": "Priscila Rayssa Elza",
		"pai": "Francisco Márcio Jesus",
		"email": "lucia.isabella.jesus@parker.com",
		"senha": "hpdM4iuNW7",
		"cep": "71982-130",
		"endereco": "Quadra QS 11 Conjunto R",
		"numero": 689,
		"bairro": "Areal (Águas Claras)",
		"cidade": "Brasília",
		"estado": "DF",
		"telefone_fixo": "(61) 2822-0245",
		"celular": "(61) 99143-8757",
		"altura": "1,83",
		"peso": 76,
		"tipo_sanguineo": "O-",
		"cor": "preto"
	},
	{
		"nome": "Breno Guilherme da Mota",
		"idade": 35,
		"cpf": "243.763.901-27",
		"rg": "35.581.157-1",
		"data_nasc": "20/01/1988",
		"sexo": "Masculino",
		"signo": "Capricórnio",
		"mae": "Sueli Marina Andreia",
		"pai": "Emanuel Ian da Mota",
		"email": "breno_damota@fernandesfilpi.com.br",
		"senha": "ljJSOsO4DL",
		"cep": "71050-111",
		"endereco": "Quadra QE 15 Conjunto K",
		"numero": 637,
		"bairro": "Guará II",
		"cidade": "Brasília",
		"estado": "DF",
		"telefone_fixo": "(61) 2994-9295",
		"celular": "(61) 98432-2872",
		"altura": "1,92",
		"peso": 92,
		"tipo_sanguineo": "O+",
		"cor": "laranja"
	},
	{
		"nome": "Ian Giovanni Rafael Corte Real",
		"idade": 61,
		"cpf": "433.036.401-81",
		"rg": "49.875.121-1",
		"data_nasc": "06/01/1962",
		"sexo": "Masculino",
		"signo": "Capricórnio",
		"mae": "Teresinha Pietra",
		"pai": "Benjamin Eduardo Daniel Corte Real",
		"email": "iangiovannicortereal@gtx.ag",
		"senha": "WaaA9wi4T6",
		"cep": "72309-616",
		"endereco": "Quadra QR 323 Conjunto 13A",
		"numero": 853,
		"bairro": "Samambaia Sul (Samambaia)",
		"cidade": "Brasília",
		"estado": "DF",
		"telefone_fixo": "(61) 2702-9606",
		"celular": "(61) 99329-4325",
		"altura": "1,87",
		"peso": 101,
		"tipo_sanguineo": "O+",
		"cor": "vermelho"
	},
	{
		"nome": "Rosa Alice Agatha Porto",
		"idade": 64,
		"cpf": "117.503.781-83",
		"rg": "17.140.927-9",
		"data_nasc": "24/02/1959",
		"sexo": "Feminino",
		"signo": "Peixes",
		"mae": "Elaine Marina Rayssa",
		"pai": "Benjamin Martin Porto",
		"email": "rosaaliceporto@focustg.com.br",
		"senha": "Yu6las7qGn",
		"cep": "72236-546",
		"endereco": "Quadra EQNP 32/36 Módulo F",
		"numero": 120,
		"bairro": "Ceilândia Sul (Ceilândia)",
		"cidade": "Brasília",
		"estado": "DF",
		"telefone_fixo": "(61) 2736-6119",
		"celular": "(61) 99358-9564",
		"altura": "1,82",
		"peso": 86,
		"tipo_sanguineo": "AB+",
		"cor": "verde"
	},
	{
		"nome": "Tatiane Marina Luciana Baptista",
		"idade": 19,
		"cpf": "598.348.831-70",
		"rg": "26.658.084-1",
		"data_nasc": "02/02/2004",
		"sexo": "Feminino",
		"signo": "Aquário",
		"mae": "Emilly Nina",
		"pai": "Kevin Carlos Eduardo Anderson Baptista",
		"email": "tatiane_marina_baptista@stricker.eu.com",
		"senha": "oc74Zpkd4C",
		"cep": "72265-512",
		"endereco": "Área QCS Área Especial 2",
		"numero": 128,
		"bairro": "Setor Industrial (Ceilândia)",
		"cidade": "Brasília",
		"estado": "DF",
		"telefone_fixo": "(61) 2606-1933",
		"celular": "(61) 99795-1782",
		"altura": "1,76",
		"peso": 47,
		"tipo_sanguineo": "AB+",
		"cor": "roxo"
	},
	{
		"nome": "Miguel Marcos Vinicius Rezende",
		"idade": 73,
		"cpf": "132.686.011-97",
		"rg": "36.282.127-6",
		"data_nasc": "20/01/1950",
		"sexo": "Masculino",
		"signo": "Capricórnio",
		"mae": "Rafaela Adriana",
		"pai": "Yuri Caleb Rezende",
		"email": "miguel.marcos.rezende@alstom.com",
		"senha": "xozYQ3TgNy",
		"cep": "71820-511",
		"endereco": "Quadra CLS 4 Bloco A",
		"numero": 421,
		"bairro": "Riacho Fundo I",
		"cidade": "Brasília",
		"estado": "DF",
		"telefone_fixo": "(61) 2954-0763",
		"celular": "(61) 99776-0478",
		"altura": "1,66",
		"peso": 94,
		"tipo_sanguineo": "O+",
		"cor": "vermelho"
	},
	{
		"nome": "Juan Gael Oliver Souza",
		"idade": 63,
		"cpf": "174.114.901-05",
		"rg": "35.493.034-5",
		"data_nasc": "09/02/1960",
		"sexo": "Masculino",
		"signo": "Aquário",
		"mae": "Antonella Josefa",
		"pai": "Marcelo Carlos Eduardo Souza",
		"email": "juangaelsouza@amoamar.com.br",
		"senha": "ODk4AlspOc",
		"cep": "72230-503",
		"endereco": "Quadra EQNP 6/10 Bloco C",
		"numero": 553,
		"bairro": "Ceilândia Sul (Ceilândia)",
		"cidade": "Brasília",
		"estado": "DF",
		"telefone_fixo": "(61) 2949-2647",
		"celular": "(61) 99964-1658",
		"altura": "1,85",
		"peso": 100,
		"tipo_sanguineo": "O-",
		"cor": "amarelo"
	},
	{
		"nome": "Samuel Manoel Emanuel Silva",
		"idade": 62,
		"cpf": "952.775.241-85",
		"rg": "39.992.013-4",
		"data_nasc": "24/01/1961",
		"sexo": "Masculino",
		"signo": "Aquário",
		"mae": "Priscila Mariane",
		"pai": "Henrique Cláudio Silva",
		"email": "samuelmanoelsilva@facebook.com",
		"senha": "6tajpMpbpZ",
		"cep": "72145-603",
		"endereco": "Quadra QNM 36 Conjunto C",
		"numero": 254,
		"bairro": "Taguatinga Norte (Taguatinga)",
		"cidade": "Brasília",
		"estado": "DF",
		"telefone_fixo": "(61) 3852-8958",
		"celular": "(61) 99971-6423",
		"altura": "1,99",
		"peso": 50,
		"tipo_sanguineo": "O+",
		"cor": "vermelho"
	},
	{
		"nome": "Cauê Kevin da Cruz",
		"idade": 45,
		"cpf": "239.960.571-30",
		"rg": "47.555.479-6",
		"data_nasc": "24/01/1978",
		"sexo": "Masculino",
		"signo": "Aquário",
		"mae": "Tatiane Valentina",
		"pai": "João Arthur da Cruz",
		"email": "caue_kevin_dacruz@uninet.com.br",
		"senha": "2bfxya8hnd",
		"cep": "72710-123",
		"endereco": "Quadra Quadra 12 Rua C",
		"numero": 366,
		"bairro": "Setor Norte (Brazlândia)",
		"cidade": "Brasília",
		"estado": "DF",
		"telefone_fixo": "(61) 2622-8374",
		"celular": "(61) 99879-9543",
		"altura": "1,93",
		"peso": 82,
		"tipo_sanguineo": "B-",
		"cor": "amarelo"
	},
	{
		"nome": "Evelyn Jaqueline Almeida",
		"idade": 34,
		"cpf": "341.912.241-15",
		"rg": "13.046.097-7",
		"data_nasc": "10/02/1989",
		"sexo": "Feminino",
		"signo": "Aquário",
		"mae": "Sabrina Cristiane",
		"pai": "Hugo Renato Pietro Almeida",
		"email": "evelynjaquelinealmeida@bessa.net.br",
		"senha": "UBLNaiBamX",
		"cep": "71200-028",
		"endereco": "Trecho SIA Trecho 2",
		"numero": 739,
		"bairro": "Zona Industrial (Guará)",
		"cidade": "Brasília",
		"estado": "DF",
		"telefone_fixo": "(61) 2974-2081",
		"celular": "(61) 98738-4411",
		"altura": "1,77",
		"peso": 59,
		"tipo_sanguineo": "A-",
		"cor": "verde"
	},
	{
		"nome": "Guilherme Thomas Vieira",
		"idade": 30,
		"cpf": "006.169.281-65",
		"rg": "47.635.199-6",
		"data_nasc": "14/01/1993",
		"sexo": "Masculino",
		"signo": "Capricórnio",
		"mae": "Isabel Heloise",
		"pai": "Enzo Vinicius Vieira",
		"email": "guilherme.thomas.vieira@dpauladecor.com.br",
		"senha": "74k6rl6t55",
		"cep": "71692-537",
		"endereco": "Quadra Quadra 202 Conjunto 13",
		"numero": 278,
		"bairro": "Setor Residencial Oeste (São Sebastião)",
		"cidade": "Brasília",
		"estado": "DF",
		"telefone_fixo": "(61) 2706-6588",
		"celular": "(61) 98202-4518",
		"altura": "1,81",
		"peso": 77,
		"tipo_sanguineo": "A-",
		"cor": "verde"
	},
	{
		"nome": "Raul Vinicius Sérgio Barros",
		"idade": 67,
		"cpf": "908.024.761-80",
		"rg": "22.788.472-3",
		"data_nasc": "08/01/1956",
		"sexo": "Masculino",
		"signo": "Capricórnio",
		"mae": "Rita Fernanda Lívia",
		"pai": "Enrico Leonardo Sebastião Barros",
		"email": "raul_barros@vol.com.br",
		"senha": "JlUeiBNTP1",
		"cep": "71100-070",
		"endereco": "Quadra EPTG QE 2 Bloco B-5",
		"numero": 532,
		"bairro": "Quadras Econômicas Lúcio Costa (Guará)",
		"cidade": "Brasília",
		"estado": "DF",
		"telefone_fixo": "(61) 3588-9878",
		"celular": "(61) 99697-9236",
		"altura": "1,92",
		"peso": 106,
		"tipo_sanguineo": "B-",
		"cor": "azul"
	},
	{
		"nome": "Arthur Márcio Enrico da Mata",
		"idade": 42,
		"cpf": "878.909.081-05",
		"rg": "24.685.959-3",
		"data_nasc": "07/01/1981",
		"sexo": "Masculino",
		"signo": "Capricórnio",
		"mae": "Amanda Gabrielly",
		"pai": "Igor Raimundo Calebe da Mata",
		"email": "arthurmarciodamata@bzness.com.br",
		"senha": "8bybpY6og0",
		"cep": "73100-210",
		"endereco": "Rua Rua 7",
		"numero": 967,
		"bairro": "Núcleo Rural Lago Oeste (Sobradinho)",
		"cidade": "Brasília",
		"estado": "DF",
		"telefone_fixo": "(61) 3892-3152",
		"celular": "(61) 98260-8704",
		"altura": "1,84",
		"peso": 105,
		"tipo_sanguineo": "AB-",
		"cor": "vermelho"
	},
	{
		"nome": "Melissa Beatriz Dias",
		"idade": 62,
		"cpf": "233.833.991-68",
		"rg": "25.089.136-0",
		"data_nasc": "16/01/1961",
		"sexo": "Feminino",
		"signo": "Capricórnio",
		"mae": "Sophia Isabella Isabela",
		"pai": "César Kauê Dias",
		"email": "melissa_dias@power.alstom.com",
		"senha": "QmZF9NG7P0",
		"cep": "71635-060",
		"endereco": "Quadra SHIS QI 13 Conjunto 6",
		"numero": 129,
		"bairro": "Setor de Habitações Individuais Sul",
		"cidade": "Brasília",
		"estado": "DF",
		"telefone_fixo": "(61) 2723-8074",
		"celular": "(61) 98597-1188",
		"altura": "1,77",
		"peso": 61,
		"tipo_sanguineo": "B-",
		"cor": "laranja"
	},
	{
		"nome": "Thiago Igor Sérgio Ribeiro",
		"idade": 27,
		"cpf": "397.550.371-87",
		"rg": "50.377.567-8",
		"data_nasc": "03/01/1996",
		"sexo": "Masculino",
		"signo": "Capricórnio",
		"mae": "Manuela Maria",
		"pai": "Felipe Elias Yuri Ribeiro",
		"email": "thiago.igor.ribeiro@htmail.com",
		"senha": "Sw9dBZNPLs",
		"cep": "70340-907",
		"endereco": "SRTVS Conjunto D Blocos A, B e C Lote 5",
		"numero": 395,
		"bairro": "Asa Sul",
		"cidade": "Brasília",
		"estado": "DF",
		"telefone_fixo": "(61) 3753-3135",
		"celular": "(61) 99817-4157",
		"altura": "1,78",
		"peso": 82,
		"tipo_sanguineo": "A+",
		"cor": "roxo"
	},
	{
		"nome": "Filipe Emanuel Victor da Costa",
		"idade": 37,
		"cpf": "984.529.671-87",
		"rg": "25.424.894-9",
		"data_nasc": "07/02/1986",
		"sexo": "Masculino",
		"signo": "Aquário",
		"mae": "Marli Letícia",
		"pai": "André Leandro Joaquim da Costa",
		"email": "filipe_dacosta@paulistadovale.org.br",
		"senha": "ZkolEwPh5C",
		"cep": "70770-717",
		"endereco": "Quadra SHCGN 715 Bloco Q",
		"numero": 434,
		"bairro": "Asa Norte",
		"cidade": "Brasília",
		"estado": "DF",
		"telefone_fixo": "(61) 3929-7381",
		"celular": "(61) 99212-8594",
		"altura": "1,85",
		"peso": 55,
		"tipo_sanguineo": "O-",
		"cor": "laranja"
	},
	{
		"nome": "Helena Malu Costa",
		"idade": 56,
		"cpf": "049.790.111-01",
		"rg": "38.099.448-3",
		"data_nasc": "02/02/1967",
		"sexo": "Feminino",
		"signo": "Aquário",
		"mae": "Alícia Valentina",
		"pai": "Jorge Márcio Henry Costa",
		"email": "helenamalucosta@granadaimoveis.com.br",
		"senha": "GDIQ9n6ByY",
		"cep": "72710-103",
		"endereco": "Quadra Quadra 10 Rua C",
		"numero": 262,
		"bairro": "Setor Norte (Brazlândia)",
		"cidade": "Brasília",
		"estado": "DF",
		"telefone_fixo": "(61) 3997-8055",
		"celular": "(61) 99654-3959",
		"altura": "1,76",
		"peso": 45,
		"tipo_sanguineo": "AB-",
		"cor": "azul"
	},
	{
		"nome": "Daniel Miguel Melo",
		"idade": 43,
		"cpf": "790.457.721-67",
		"rg": "20.906.225-3",
		"data_nasc": "05/02/1980",
		"sexo": "Masculino",
		"signo": "Aquário",
		"mae": "Luciana Jaqueline",
		"pai": "Márcio Henrique Emanuel Melo",
		"email": "daniel_melo@grupoblackout.com.br",
		"senha": "btLsB9iokO",
		"cep": "70210-095",
		"endereco": "Rua 16",
		"numero": 853,
		"bairro": "Vila da Telebrasília",
		"cidade": "Brasília",
		"estado": "DF",
		"telefone_fixo": "(61) 2522-7452",
		"celular": "(61) 98970-3738",
		"altura": "1,84",
		"peso": 110,
		"tipo_sanguineo": "B-",
		"cor": "amarelo"
	},
	{
		"nome": "Nicolas Edson Francisco Gonçalves",
		"idade": 70,
		"cpf": "718.029.961-84",
		"rg": "35.621.108-3",
		"data_nasc": "09/01/1953",
		"sexo": "Masculino",
		"signo": "Capricórnio",
		"mae": "Rebeca Melissa Analu",
		"pai": "Nelson Ian Juan Gonçalves",
		"email": "nicolas-goncalves75@previeweventos.com.br",
		"senha": "x4bCGdxJno",
		"cep": "71884-452",
		"endereco": "Quadra QS 12 Conjunto 1",
		"numero": 817,
		"bairro": "Riacho Fundo II",
		"cidade": "Brasília",
		"estado": "DF",
		"telefone_fixo": "(61) 3846-0757",
		"celular": "(61) 98857-8416",
		"altura": "1,96",
		"peso": 95,
		"tipo_sanguineo": "A+",
		"cor": "laranja"
	}
]