[
	{
		"nome": "Thiago Cauã Carlos Eduardo da Luz",
		"idade": 55,
		"cpf": "828.237.801-14",
		"rg": "17.949.020-5",
		"data_nasc": "21/01/1968",
		"sexo": "Masculino",
		"signo": "Aquário",
		"mae": "Stefany Renata Brenda",
		"pai": "Pietro Henry Cauê da Luz",
		"email": "thiago-daluz82@ligananet.com.br",
		"senha": "Dp5wykI8tm",
		"cep": "72007-025",
		"endereco": "Rua Rua 8 Chácara 217",
		"numero": 241,
		"bairro": "Setor Habitacional Vicente Pires",
		"cidade": "Brasília",
		"estado": "DF",
		"telefone_fixo": "(61) 2819-4762",
		"celular": "(61) 98773-7135",
		"altura": "1,72",
		"peso": 98,
		"tipo_sanguineo": "AB-",
		"cor": "vermelho"
	},
	{
		"nome": "Bianca Clara Silva",
		"idade": 34,
		"cpf": "969.851.031-11",
		"rg": "33.603.565-2",
		"data_nasc": "20/01/1989",
		"sexo": "Feminino",
		"signo": "Capricórnio",
		"mae": "Brenda Isis Betina",
		"pai": "Carlos Francisco Silva",
		"email": "bianca-silva90@serteccontabil.com.br",
		"senha": "jOxbX3UJu4",
		"cep": "72135-160",
		"endereco": "Quadra QI 16",
		"numero": 364,
		"bairro": "Setor Industrial (Taguatinga)",
		"cidade": "Brasília",
		"estado": "DF",
		"telefone_fixo": "(61) 2716-6645",
		"celular": "(61) 98280-5900",
		"altura": "1,77",
		"peso": 51,
		"tipo_sanguineo": "A-",
		"cor": "roxo"
	},
	{
		"nome": "André Kevin Tomás Pereira",
		"idade": 44,
		"cpf": "860.622.731-54",
		"rg": "27.070.234-9",
		"data_nasc": "22/02/1979",
		"sexo": "Masculino",
		"signo": "Peixes",
		"mae": "Maria Pietra Isabelle",
		"pai": "Francisco Geraldo Enrico Pereira",
		"email": "andre_kevin_pereira@igoralcantara.com.br",
		"senha": "Z1IWtaJCkA",
		"cep": "70255-040",
		"endereco": "Quadra SQS 406 Bloco D",
		"numero": 761,
		"bairro": "Asa Sul",
		"cidade": "Brasília",
		"estado": "DF",
		"telefone_fixo": "(61) 3583-4964",
		"celular": "(61) 99758-7019",
		"altura": "1,78",
		"peso": 76,
		"tipo_sanguineo": "O-",
		"cor": "amarelo"
	},
	{
		"nome": "Catarina Alícia Juliana Brito",
		"idade": 57,
		"cpf": "439.895.821-51",
		"rg": "36.444.865-9",
		"data_nasc": "08/02/1966",
		"sexo": "Feminino",
		"signo": "Aquário",
		"mae": "Carla Josefa Eliane",
		"pai": "Roberto Bernardo Brito",
		"email": "catarina-brito83@ciroconsultoria.com.br",
		"senha": "9inYB8CtRu",
		"cep": "72325-501",
		"endereco": "Quadra QN 419 Conjunto A",
		"numero": 167,
		"bairro": "Samambaia Norte (Samambaia)",
		"cidade": "Brasília",
		"estado": "DF",
		"telefone_fixo": "(61) 3655-7337",
		"celular": "(61) 98734-2588",
		"altura": "1,74",
		"peso": 64,
		"tipo_sanguineo": "A-",
		"cor": "roxo"
	},
	{
		"nome": "Aurora Melissa Renata Bernardes",
		"idade": 22,
		"cpf": "863.197.081-66",
		"rg": "26.805.958-5",
		"data_nasc": "23/01/2001",
		"sexo": "Feminino",
		"signo": "Aquário",
		"mae": "Isabelle Raquel",
		"pai": "André Igor Vinicius Bernardes",
		"email": "aurora_melissa_bernardes@oralcamp.com.br",
		"senha": "MG9pEufEok",
		"cep": "72307-309",
		"endereco": "Quadra QR 313 Conjunto 9",
		"numero": 473,
		"bairro": "Samambaia Sul (Samambaia)",
		"cidade": "Brasília",
		"estado": "DF",
		"telefone_fixo": "(61) 2700-9272",
		"celular": "(61) 98501-0979",
		"altura": "1,57",
		"peso": 79,
		"tipo_sanguineo": "O+",
		"cor": "roxo"
	},
	{
		"nome": "Nicolas Ryan Rodrigo Sales",
		"idade": 24,
		"cpf": "070.824.801-21",
		"rg": "26.879.577-0",
		"data_nasc": "14/01/1999",
		"sexo": "Masculino",
		"signo": "Capricórnio",
		"mae": "Kamilly Bianca Malu",
		"pai": "Caio Pedro Henrique Felipe Sales",
		"email": "nicolas_sales@gap.com.br",
		"senha": "s5cciWg3Y3",
		"cep": "72755-146",
		"endereco": "Quadra Quadra 56 Conjunto N",
		"numero": 232,
		"bairro": "Vila São José (Brazlândia)",
		"cidade": "Brasília",
		"estado": "DF",
		"telefone_fixo": "(61) 3948-4682",
		"celular": "(61) 99240-9308",
		"altura": "1,92",
		"peso": 101,
		"tipo_sanguineo": "A-",
		"cor": "roxo"
	},
	{
		"nome": "Gael Augusto Galvão",
		"idade": 28,
		"cpf": "057.170.601-06",
		"rg": "30.462.297-7",
		"data_nasc": "07/02/1995",
		"sexo": "Masculino",
		"signo": "Aquário",
		"mae": "Sebastiana Isabelly Rosângela",
		"pai": "Samuel Augusto Thales Galvão",
		"email": "gael_augusto_galvao@paraisopolis.com.br",
		"senha": "JpOq0X5nfJ",
		"cep": "72150-110",
		"endereco": "Quadra QNL 1 Conjunto J",
		"numero": 602,
		"bairro": "Taguatinga Norte (Taguatinga)",
		"cidade": "Brasília",
		"estado": "DF",
		"telefone_fixo": "(61) 3893-3928",
		"celular": "(61) 98720-8861",
		"altura": "1,71",
		"peso": 89,
		"tipo_sanguineo": "AB-",
		"cor": "preto"
	},
	{
		"nome": "Maya Sônia Aragão",
		"idade": 73,
		"cpf": "525.326.891-02",
		"rg": "45.724.945-6",
		"data_nasc": "17/01/1950",
		"sexo": "Feminino",
		"signo": "Capricórnio",
		"mae": "Priscila Flávia",
		"pai": "Leandro Luís Aragão",
		"email": "maya.sonia.aragao@mac.com",
		"senha": "mtAfJ2um7d",
		"cep": "71697-311",
		"endereco": "Vila do Boa Rua 1E",
		"numero": 878,
		"bairro": "Vila do Boa (São Sebastião)",
		"cidade": "Brasília",
		"estado": "DF",
		"telefone_fixo": "(61) 2691-6839",
		"celular": "(61) 99972-9983",
		"altura": "1,68",
		"peso": 54,
		"tipo_sanguineo": "B-",
		"cor": "verde"
	},
	{
		"nome": "Isaac Henry Levi Corte Real",
		"idade": 40,
		"cpf": "892.051.591-31",
		"rg": "18.503.458-5",
		"data_nasc": "07/02/1983",
		"sexo": "Masculino",
		"signo": "Aquário",
		"mae": "Priscila Simone Caroline",
		"pai": "Edson Carlos Eduardo Corte Real",
		"email": "isaac_henry_cortereal@gconsult.com.br",
		"senha": "oaRW3IEd6a",
		"cep": "71655-210",
		"endereco": "Quadra SHIS QI 21 Conjunto 1",
		"numero": 493,
		"bairro": "Setor de Habitações Individuais Sul",
		"cidade": "Brasília",
		"estado": "DF",
		"telefone_fixo": "(61) 2651-6622",
		"celular": "(61) 98994-8065",
		"altura": "1,67",
		"peso": 106,
		"tipo_sanguineo": "O-",
		"cor": "preto"
	},
	{
		"nome": "Noah Enzo Farias",
		"idade": 69,
		"cpf": "876.988.051-40",
		"rg": "36.565.556-9",
		"data_nasc": "08/02/1954",
		"sexo": "Masculino",
		"signo": "Aquário",
		"mae": "Silvana Helena Sara",
		"pai": "Vicente Luís Farias",
		"email": "noah.enzo.farias@vilasites.com.br",
		"senha": "e8e4j90XNS",
		"cep": "71988-180",
		"endereco": "Área ADE Conjunto 15",
		"numero": 927,
		"bairro": "Área de Desenvolvimento Econômico (Águas Claras)",
		"cidade": "Brasília",
		"estado": "DF",
		"telefone_fixo": "(61) 3882-7869",
		"celular": "(61) 99673-2181",
		"altura": "1,90",
		"peso": 84,
		"tipo_sanguineo": "AB+",
		"cor": "vermelho"
	},
	{
		"nome": "Márcia Caroline Teixeira",
		"idade": 59,
		"cpf": "484.413.561-90",
		"rg": "15.902.639-8",
		"data_nasc": "10/02/1964",
		"sexo": "Feminino",
		"signo": "Aquário",
		"mae": "Gabrielly Fátima",
		"pai": "Benjamin Diego Filipe Teixeira",
		"email": "marcia.caroline.teixeira@iss.com.br",
		"senha": "NFm4RAOTis",
		"cep": "72660-227",
		"endereco": "Quadra Quadra 510 Conjunto 9",
		"numero": 690,
		"bairro": "Recanto das Emas",
		"cidade": "Brasília",
		"estado": "DF",
		"telefone_fixo": "(61) 2507-9244",
		"celular": "(61) 99762-1559",
		"altura": "1,67",
		"peso": 52,
		"tipo_sanguineo": "AB+",
		"cor": "vermelho"
	},
	{
		"nome": "Benedita Liz da Rosa",
		"idade": 32,
		"cpf": "712.189.241-36",
		"rg": "22.701.388-8",
		"data_nasc": "04/02/1991",
		"sexo": "Feminino",
		"signo": "Aquário",
		"mae": "Mariah Rita",
		"pai": "Kauê Enzo da Rosa",
		"email": "benedita.liz.darosa@lins.net.br",
		"senha": "GyzdK3Xtah",
		"cep": "72313-300",
		"endereco": "Quadra QR 509",
		"numero": 625,
		"bairro": "Samambaia Sul (Samambaia)",
		"cidade": "Brasília",
		"estado": "DF",
		"telefone_fixo": "(61) 2778-5580",
		"celular": "(61) 98160-6549",
		"altura": "1,66",
		"peso": 60,
		"tipo_sanguineo": "B+",
		"cor": "verde"
	},
	{
		"nome": "Márcia Marli Pinto",
		"idade": 43,
		"cpf": "327.889.281-06",
		"rg": "42.443.912-8",
		"data_nasc": "14/01/1980",
		"sexo": "Feminino",
		"signo": "Capricórnio",
		"mae": "Rosa Rita Yasmin",
		"pai": "Bento Kauê Pinto",
		"email": "marciamarlipinto@pierproj.com.br",
		"senha": "kUojAEd5dY",
		"cep": "71805-121",
		"endereco": "Quadra QN 1 Conjunto 21",
		"numero": 342,
		"bairro": "Riacho Fundo I",
		"cidade": "Brasília",
		"estado": "DF",
		"telefone_fixo": "(61) 2634-7255",
		"celular": "(61) 99883-1602",
		"altura": "1,65",
		"peso": 63,
		"tipo_sanguineo": "B+",
		"cor": "preto"
	},
	{
		"nome": "Vicente Oliver Martin Oliveira",
		"idade": 51,
		"cpf": "054.353.751-00",
		"rg": "29.836.078-0",
		"data_nasc": "12/01/1972",
		"sexo": "Masculino",
		"signo": "Capricórnio",
		"mae": "Rayssa Melissa Débora",
		"pai": "Thiago Nelson Mateus Oliveira",
		"email": "vicente_oliver_oliveira@vitacard.com.br",
		"senha": "mHrHDRncZA",
		"cep": "72705-039",
		"endereco": "Quadra Quadra 3 Rua I",
		"numero": 354,
		"bairro": "Setor Norte (Brazlândia)",
		"cidade": "Brasília",
		"estado": "DF",
		"telefone_fixo": "(61) 3681-6091",
		"celular": "(61) 99575-8194",
		"altura": "1,95",
		"peso": 66,
		"tipo_sanguineo": "AB-",
		"cor": "amarelo"
	},
	{
		"nome": "Nicole Analu Monteiro",
		"idade": 63,
		"cpf": "313.564.451-01",
		"rg": "44.590.627-3",
		"data_nasc": "12/02/1960",
		"sexo": "Feminino",
		"signo": "Aquário",
		"mae": "Agatha Isadora",
		"pai": "Marcelo Anderson Monteiro",
		"email": "nicole_analu_monteiro@fibran.com.br",
		"senha": "4ntL2GeyPM",
		"cep": "70711-970",
		"endereco": "SCN Quadra 1 Bloco A Edifício Number One Loja 33",
		"numero": 904,
		"bairro": "Asa Norte",
		"cidade": "Brasília",
		"estado": "DF",
		"telefone_fixo": "(61) 3623-8161",
		"celular": "(61) 99927-3883",
		"altura": "1,80",
		"peso": 62,
		"tipo_sanguineo": "B+",
		"cor": "verde"
	},
	{
		"nome": "Manuel Isaac Porto",
		"idade": 55,
		"cpf": "646.790.701-96",
		"rg": "48.751.637-0",
		"data_nasc": "05/02/1968",
		"sexo": "Masculino",
		"signo": "Aquário",
		"mae": "Antonella Catarina",
		"pai": "Daniel Lorenzo Porto",
		"email": "manuel_porto@fulltransport.com.br",
		"senha": "dWtSPLsFBF",
		"cep": "71010-017",
		"endereco": "Quadra QI 10 Bloco A",
		"numero": 175,
		"bairro": "Guará I",
		"cidade": "Brasília",
		"estado": "DF",
		"telefone_fixo": "(61) 2677-2609",
		"celular": "(61) 99431-8343",
		"altura": "1,77",
		"peso": 103,
		"tipo_sanguineo": "A+",
		"cor": "vermelho"
	},
	{
		"nome": "Rita Elaine Luzia Figueiredo",
		"idade": 68,
		"cpf": "496.483.831-54",
		"rg": "31.319.863-9",
		"data_nasc": "03/02/1955",
		"sexo": "Feminino",
		"signo": "Aquário",
		"mae": "Jéssica Rayssa Aline",
		"pai": "Vinicius Pedro Arthur Figueiredo",
		"email": "ritaelainefigueiredo@vanguarda.tv",
		"senha": "pTObm2HcFr",
		"cep": "70383-080",
		"endereco": "Quadra SQS 314 Bloco H",
		"numero": 504,
		"bairro": "Asa Sul",
		"cidade": "Brasília",
		"estado": "DF",
		"telefone_fixo": "(61) 3672-9737",
		"celular": "(61) 99213-9336",
		"altura": "1,66",
		"peso": 68,
		"tipo_sanguineo": "B-",
		"cor": "vermelho"
	},
	{
		"nome": "Manuela Elza Andreia Moreira",
		"idade": 77,
		"cpf": "189.876.621-52",
		"rg": "43.589.779-2",
		"data_nasc": "10/02/1946",
		"sexo": "Feminino",
		"signo": "Aquário",
		"mae": "Tatiane Mariana Rafaela",
		"pai": "Benício Yuri Mário Moreira",
		"email": "manuela.elza.moreira@paae.com.br",
		"senha": "r6C1zfMG9i",
		"cep": "71996-405",
		"endereco": "Conjunto SHA Conjunto 6 Chácara 515",
		"numero": 344,
		"bairro": "Setor Habitacional Arniqueira (Águas Claras)",
		"cidade": "Brasília",
		"estado": "DF",
		"telefone_fixo": "(61) 2789-2480",
		"celular": "(61) 99864-3970",
		"altura": "1,56",
		"peso": 74,
		"tipo_sanguineo": "B-",
		"cor": "amarelo"
	},
	{
		"nome": "Manuel Pedro Filipe Aparício",
		"idade": 72,
		"cpf": "475.011.631-97",
		"rg": "19.755.774-0",
		"data_nasc": "17/02/1951",
		"sexo": "Masculino",
		"signo": "Aquário",
		"mae": "Simone Hadassa",
		"pai": "Oliver Yuri Marcelo Aparício",
		"email": "manuelpedroaparicio@uol.com.br",
		"senha": "02T84xh9hW",
		"cep": "73369-160",
		"endereco": "Quadra 6 Conjunto N",
		"numero": 356,
		"bairro": "Arapoanga (Planaltina)",
		"cidade": "Brasília",
		"estado": "DF",
		"telefone_fixo": "(61) 3589-7073",
		"celular": "(61) 99422-8840",
		"altura": "1,75",
		"peso": 76,
		"tipo_sanguineo": "AB-",
		"cor": "preto"
	},
	{
		"nome": "Edson Anthony da Mota",
		"idade": 39,
		"cpf": "779.892.711-50",
		"rg": "39.607.941-6",
		"data_nasc": "08/02/1984",
		"sexo": "Masculino",
		"signo": "Aquário",
		"mae": "Priscila Clarice",
		"pai": "Pedro Filipe da Mota",
		"email": "edson.anthony.damota@sinsesp.com.br",
		"senha": "dmKCTTfUXI",
		"cep": "72596-850",
		"endereco": "Travessa Santuário",
		"numero": 717,
		"bairro": "Condomínio Residencial Santa Mônica (Santa Maria)",
		"cidade": "Brasília",
		"estado": "DF",
		"telefone_fixo": "(61) 3683-9029",
		"celular": "(61) 99922-8532",
		"altura": "1,90",
		"peso": 86,
		"tipo_sanguineo": "AB+",
		"cor": "vermelho"
	},
	{
		"nome": "Evelyn Jaqueline Gabrielly da Silva",
		"idade": 51,
		"cpf": "275.280.211-05",
		"rg": "21.660.665-2",
		"data_nasc": "01/02/1972",
		"sexo": "Feminino",
		"signo": "Aquário",
		"mae": "Alana Luana Larissa",
		"pai": "Elias Augusto Daniel da Silva",
		"email": "evelyn-dasilva75@msltecnologia.com.br",
		"senha": "Y78C1Tq50b",
		"cep": "72610-409",
		"endereco": "Quadra Quadra 204 Conjunto 9",
		"numero": 684,
		"bairro": "Recanto das Emas",
		"cidade": "Brasília",
		"estado": "DF",
		"telefone_fixo": "(61) 3554-0431",
		"celular": "(61) 99672-2302",
		"altura": "1,79",
		"peso": 85,
		"tipo_sanguineo": "O+",
		"cor": "roxo"
	},
	{
		"nome": "Aparecida Rosângela Catarina Castro",
		"idade": 63,
		"cpf": "049.025.901-40",
		"rg": "34.878.862-9",
		"data_nasc": "14/01/1960",
		"sexo": "Feminino",
		"signo": "Capricórnio",
		"mae": "Melissa Alessandra Aparecida",
		"pai": "Geraldo Raimundo Castro",
		"email": "aparecida_castro@toysbrasil.com.br",
		"senha": "Pbtnk1aFJR",
		"cep": "72546-220",
		"endereco": "Quadra CL 216",
		"numero": 130,
		"bairro": "Santa Maria",
		"cidade": "Brasília",
		"estado": "DF",
		"telefone_fixo": "(61) 2719-7134",
		"celular": "(61) 99568-7310",
		"altura": "1,75",
		"peso": 66,
		"tipo_sanguineo": "B+",
		"cor": "amarelo"
	},
	{
		"nome": "Arthur Bryan Campos",
		"idade": 26,
		"cpf": "000.008.051-90",
		"rg": "14.099.478-6",
		"data_nasc": "23/02/1997",
		"sexo": "Masculino",
		"signo": "Peixes",
		"mae": "Cristiane Laís Carolina",
		"pai": "Cauã Manuel Benício Campos",
		"email": "arthur.bryan.campos@saae.sp.gov.br",
		"senha": "2AGquqYQ6Q",
		"cep": "72733-751",
		"endereco": "Quadra Quadra 33 Conjunto O",
		"numero": 212,
		"bairro": "Vila São José (Brazlândia)",
		"cidade": "Brasília",
		"estado": "DF",
		"telefone_fixo": "(61) 2982-6442",
		"celular": "(61) 98491-4530",
		"altura": "1,73",
		"peso": 88,
		"tipo_sanguineo": "B-",
		"cor": "vermelho"
	},
	{
		"nome": "Noah Lucas Novaes",
		"idade": 25,
		"cpf": "222.339.081-12",
		"rg": "32.652.619-5",
		"data_nasc": "09/02/1998",
		"sexo": "Masculino",
		"signo": "Aquário",
		"mae": "Bárbara Sophia",
		"pai": "Roberto Hugo Novaes",
		"email": "noah-novaes98@jci.com",
		"senha": "esbYrshjLF",
		"cep": "73402-102",
		"endereco": "Módulo Módulo 31 Conjunto C",
		"numero": 922,
		"bairro": "Estância Mestre D'Armas V (Planaltina)",
		"cidade": "Brasília",
		"estado": "DF",
		"telefone_fixo": "(61) 3685-9640",
		"celular": "(61) 98731-1145",
		"altura": "1,70",
		"peso": 82,
		"tipo_sanguineo": "O+",
		"cor": "roxo"
	},
	{
		"nome": "Luciana Aline Isadora Viana",
		"idade": 69,
		"cpf": "187.293.601-61",
		"rg": "16.623.750-4",
		"data_nasc": "06/01/1954",
		"sexo": "Feminino",
		"signo": "Capricórnio",
		"mae": "Sophia Isadora Teresinha",
		"pai": "Luís Joaquim Viana",
		"email": "lucianaalineviana@iahoo.com",
		"senha": "0wBdIY7l6j",
		"cep": "72543-221",
		"endereco": "Quadra CL 213 Bloco A",
		"numero": 822,
		"bairro": "Santa Maria",
		"cidade": "Brasília",
		"estado": "DF",
		"telefone_fixo": "(61) 2984-6836",
		"celular": "(61) 99601-7728",
		"altura": "1,51",
		"peso": 49,
		"tipo_sanguineo": "B-",
		"cor": "vermelho"
	},
	{
		"nome": "Isabella Nair Dias",
		"idade": 32,
		"cpf": "189.477.501-58",
		"rg": "41.485.838-4",
		"data_nasc": "01/01/1991",
		"sexo": "Feminino",
		"signo": "Capricórnio",
		"mae": "Tereza Francisca Sara",
		"pai": "Victor Igor Severino Dias",
		"email": "isabella_nair_dias@demetriushairstudio.com.br",
		"senha": "s0gSMJCQKC",
		"cep": "72705-020",
		"endereco": "Área Área Espceial 1",
		"numero": 897,
		"bairro": "Setor Norte (Brazlândia)",
		"cidade": "Brasília",
		"estado": "DF",
		"telefone_fixo": "(61) 3692-5708",
		"celular": "(61) 98762-7005",
		"altura": "1,66",
		"peso": 87,
		"tipo_sanguineo": "B-",
		"cor": "vermelho"
	},
	{
		"nome": "Yago Nelson Guilherme Lima",
		"idade": 72,
		"cpf": "514.926.391-50",
		"rg": "39.232.438-6",
		"data_nasc": "27/01/1951",
		"sexo": "Masculino",
		"signo": "Aquário",
		"mae": "Josefa Bianca",
		"pai": "Lucas Renato Lima",
		"email": "yago_nelson_lima@foxtech.com.br",
		"senha": "uQaEItIS0k",
		"cep": "70237-120",
		"endereco": "Quadra SQS 403 Bloco L",
		"numero": 749,
		"bairro": "Asa Sul",
		"cidade": "Brasília",
		"estado": "DF",
		"telefone_fixo": "(61) 3793-8607",
		"celular": "(61) 98292-4396",
		"altura": "1,71",
		"peso": 57,
		"tipo_sanguineo": "A-",
		"cor": "preto"
	},
	{
		"nome": "Benjamin Bruno Ribeiro",
		"idade": 27,
		"cpf": "860.070.221-61",
		"rg": "28.811.191-6",
		"data_nasc": "19/01/1996",
		"sexo": "Masculino",
		"signo": "Capricórnio",
		"mae": "Kamilly Tereza Esther",
		"pai": "Mateus Diego Danilo Ribeiro",
		"email": "benjamin_bruno_ribeiro@ficopola.net",
		"senha": "zcM0Mn6OXg",
		"cep": "70847-500",
		"endereco": "Quadra CLN 406",
		"numero": 468,
		"bairro": "Asa Norte",
		"cidade": "Brasília",
		"estado": "DF",
		"telefone_fixo": "(61) 3699-2984",
		"celular": "(61) 99662-6580",
		"altura": "1,95",
		"peso": 67,
		"tipo_sanguineo": "A+",
		"cor": "vermelho"
	},
	{
		"nome": "Otávio Fernando Matheus Drumond",
		"idade": 26,
		"cpf": "360.137.561-39",
		"rg": "18.523.080-5",
		"data_nasc": "15/01/1997",
		"sexo": "Masculino",
		"signo": "Capricórnio",
		"mae": "Mariah Sarah",
		"pai": "Rafael Calebe Otávio Drumond",
		"email": "otavio_drumond@redacaofinal.com.br",
		"senha": "nxwyO2Rp1Y",
		"cep": "71991-360",
		"endereco": "Área ADE Conjunto 28",
		"numero": 512,
		"bairro": "Área de Desenvolvimento Econômico (Águas Claras)",
		"cidade": "Brasília",
		"estado": "DF",
		"telefone_fixo": "(61) 3552-3183",
		"celular": "(61) 99341-4172",
		"altura": "2,00",
		"peso": 99,
		"tipo_sanguineo": "B+",
		"cor": "laranja"
	},
	{
		"nome": "Enrico Luiz Igor Ramos",
		"idade": 70,
		"cpf": "650.510.461-50",
		"rg": "46.525.248-5",
		"data_nasc": "23/02/1953",
		"sexo": "Masculino",
		"signo": "Peixes",
		"mae": "Josefa Manuela Bruna",
		"pai": "Murilo Benício Miguel Ramos",
		"email": "enrico-ramos82@tursi.com.br",
		"senha": "6RIcItyYAT",
		"cep": "71680-117",
		"endereco": "Conjunto SMDB Conjunto 12 Bloco G",
		"numero": 101,
		"bairro": "Setor de Mansões Dom Bosco",
		"cidade": "Brasília",
		"estado": "DF",
		"telefone_fixo": "(61) 3708-1788",
		"celular": "(61) 99621-6605",
		"altura": "1,75",
		"peso": 69,
		"tipo_sanguineo": "A+",
		"cor": "azul"
	}
]