[
	{
		"nome": "Daiane Isabella Lúcia Sales",
		"idade": 57,
		"cpf": "176.297.651-00",
		"rg": "14.702.608-8",
		"data_nasc": "07/02/1966",
		"sexo": "Feminino",
		"signo": "Aquário",
		"mae": "Rebeca Aurora Renata",
		"pai": "Geraldo Kevin Sales",
		"email": "daiane-sales87@deere.com",
		"senha": "q47MKDbEZ5",
		"cep": "71676-105",
		"endereco": "Quadra SHDB QL 32 Conjunto 1",
		"numero": 545,
		"bairro": "Setor de Habitações Individuais Sul",
		"cidade": "Brasília",
		"estado": "DF",
		"telefone_fixo": "(61) 3943-8068",
		"celular": "(61) 99574-1504",
		"altura": "1,63",
		"peso": 84,
		"tipo_sanguineo": "A-",
		"cor": "preto"
	},
	{
		"nome": "Augusto Filipe Fernandes",
		"idade": 50,
		"cpf": "460.352.161-88",
		"rg": "39.781.534-7",
		"data_nasc": "17/01/1973",
		"sexo": "Masculino",
		"signo": "Capricórnio",
		"mae": "Olivia Flávia Marina",
		"pai": "Yago Elias Augusto Fernandes",
		"email": "augusto-fernandes87@advogadostb.com.br",
		"senha": "kWT3H80cq8",
		"cep": "72261-047",
		"endereco": "Quadra QNO 19 Conjunto 47",
		"numero": 358,
		"bairro": "Ceilândia Norte (Ceilândia)",
		"cidade": "Brasília",
		"estado": "DF",
		"telefone_fixo": "(61) 3925-5734",
		"celular": "(61) 98121-3381",
		"altura": "1,67",
		"peso": 69,
		"tipo_sanguineo": "O-",
		"cor": "amarelo"
	},
	{
		"nome": "Samuel Renato Monteiro",
		"idade": 56,
		"cpf": "717.204.801-68",
		"rg": "26.150.828-3",
		"data_nasc": "16/02/1967",
		"sexo": "Masculino",
		"signo": "Aquário",
		"mae": "Lara Ayla",
		"pai": "Carlos Eduardo Kaique Enrico Monteiro",
		"email": "samuel-monteiro91@tahoo.com.br",
		"senha": "9EHlDXUiyg",
		"cep": "71573-029",
		"endereco": "Quadra Quadra 30 Conjunto I",
		"numero": 522,
		"bairro": "Paranoá",
		"cidade": "Brasília",
		"estado": "DF",
		"telefone_fixo": "(61) 3637-4791",
		"celular": "(61) 98633-7786",
		"altura": "1,96",
		"peso": 81,
		"tipo_sanguineo": "B-",
		"cor": "preto"
	},
	{
		"nome": "Henry Antonio Vieira",
		"idade": 43,
		"cpf": "904.605.741-08",
		"rg": "21.945.874-1",
		"data_nasc": "09/02/1980",
		"sexo": "Masculino",
		"signo": "Aquário",
		"mae": "Beatriz Helena Emily",
		"pai": "Hugo Giovanni Carlos Vieira",
		"email": "henryantoniovieira@iaru.com.br",
		"senha": "1H8I45ndI5",
		"cep": "71540-076",
		"endereco": "Quadra SMLN MI Trecho 07 Conjunto 1",
		"numero": 571,
		"bairro": "Setor de Mansões do Lago Norte",
		"cidade": "Brasília",
		"estado": "DF",
		"telefone_fixo": "(61) 3675-3077",
		"celular": "(61) 98969-4685",
		"altura": "1,93",
		"peso": 83,
		"tipo_sanguineo": "AB-",
		"cor": "roxo"
	},
	{
		"nome": "Gael Severino Mendes",
		"idade": 32,
		"cpf": "206.312.571-60",
		"rg": "20.942.949-5",
		"data_nasc": "16/02/1991",
		"sexo": "Masculino",
		"signo": "Aquário",
		"mae": "Nair Andrea",
		"pai": "Carlos Eduardo José André Mendes",
		"email": "gaelseverinomendes@fernandesfilpi.com.br",
		"senha": "5dRxaKSzK2",
		"cep": "71536-216",
		"endereco": "Trecho Trecho 03 Chácara 145",
		"numero": 694,
		"bairro": "Setor de Habitações Individuais Norte",
		"cidade": "Brasília",
		"estado": "DF",
		"telefone_fixo": "(61) 2920-2446",
		"celular": "(61) 99673-7033",
		"altura": "1,63",
		"peso": 67,
		"tipo_sanguineo": "A-",
		"cor": "laranja"
	},
	{
		"nome": "Clara Hadassa Alves",
		"idade": 23,
		"cpf": "023.399.711-36",
		"rg": "15.515.001-7",
		"data_nasc": "21/01/2000",
		"sexo": "Feminino",
		"signo": "Aquário",
		"mae": "Fabiana Jennifer Heloise",
		"pai": "Emanuel Caio Alves",
		"email": "clarahadassaalves@gineco.med.br",
		"senha": "JStB0PxjLi",
		"cep": "72005-395",
		"endereco": "Chácara EPTG Chácara 77",
		"numero": 440,
		"bairro": "Setor Habitacional Vicente Pires",
		"cidade": "Brasília",
		"estado": "DF",
		"telefone_fixo": "(61) 3779-7352",
		"celular": "(61) 99744-1731",
		"altura": "1,65",
		"peso": 73,
		"tipo_sanguineo": "B-",
		"cor": "preto"
	},
	{
		"nome": "Yasmin Isadora Maitê da Cruz",
		"idade": 48,
		"cpf": "460.435.021-35",
		"rg": "39.980.863-2",
		"data_nasc": "01/02/1975",
		"sexo": "Feminino",
		"signo": "Aquário",
		"mae": "Mariana Jaqueline",
		"pai": "Marcelo Pedro da Cruz",
		"email": "yasmin_dacruz@boldcron.com.br",
		"senha": "ZKtdgJLU6H",
		"cep": "72320-523",
		"endereco": "Quadra QS 410 Conjunto C",
		"numero": 107,
		"bairro": "Samambaia Norte (Samambaia)",
		"cidade": "Brasília",
		"estado": "DF",
		"telefone_fixo": "(61) 2799-6018",
		"celular": "(61) 99480-8897",
		"altura": "1,77",
		"peso": 69,
		"tipo_sanguineo": "B-",
		"cor": "verde"
	},
	{
		"nome": "Aparecida Alice Jaqueline das Neves",
		"idade": 71,
		"cpf": "408.855.721-22",
		"rg": "47.205.219-6",
		"data_nasc": "18/01/1952",
		"sexo": "Feminino",
		"signo": "Capricórnio",
		"mae": "Maria Flávia Antonella",
		"pai": "Nathan Tomás Rafael das Neves",
		"email": "aparecida_alice_dasneves@etec.sp.gov.br",
		"senha": "GHhbs2Atfu",
		"cep": "70865-070",
		"endereco": "Quadra SQN 410 Bloco G",
		"numero": 575,
		"bairro": "Asa Norte",
		"cidade": "Brasília",
		"estado": "DF",
		"telefone_fixo": "(61) 2836-8695",
		"celular": "(61) 98475-0688",
		"altura": "1,55",
		"peso": 50,
		"tipo_sanguineo": "B+",
		"cor": "roxo"
	},
	{
		"nome": "Samuel Vicente Pereira",
		"idade": 22,
		"cpf": "649.383.861-43",
		"rg": "27.148.394-5",
		"data_nasc": "04/01/2001",
		"sexo": "Masculino",
		"signo": "Capricórnio",
		"mae": "Aparecida Mariah",
		"pai": "Anderson Carlos Eduardo Ruan Pereira",
		"email": "samuel.vicente.pereira@drimenezes.com",
		"senha": "FUYAgwy0oZ",
		"cep": "71020-111",
		"endereco": "Quadra QE 1 Conjunto K",
		"numero": 550,
		"bairro": "Guará I",
		"cidade": "Brasília",
		"estado": "DF",
		"telefone_fixo": "(61) 2867-0360",
		"celular": "(61) 98701-2081",
		"altura": "1,61",
		"peso": 102,
		"tipo_sanguineo": "AB+",
		"cor": "vermelho"
	},
	{
		"nome": "Beatriz Sebastiana Aragão",
		"idade": 60,
		"cpf": "659.416.981-51",
		"rg": "21.954.179-6",
		"data_nasc": "23/01/1963",
		"sexo": "Feminino",
		"signo": "Aquário",
		"mae": "Aparecida Aline",
		"pai": "Leandro Pedro Vinicius Aragão",
		"email": "beatrizsebastianaaragao@mpc.com.br",
		"senha": "utEjjMqcA6",
		"cep": "72430-150",
		"endereco": "Área EQ 1/2",
		"numero": 308,
		"bairro": "Setor Norte (Gama)",
		"cidade": "Brasília",
		"estado": "DF",
		"telefone_fixo": "(61) 2840-7845",
		"celular": "(61) 99751-9786",
		"altura": "1,85",
		"peso": 57,
		"tipo_sanguineo": "AB+",
		"cor": "roxo"
	},
	{
		"nome": "Levi Bento Oliveira",
		"idade": 25,
		"cpf": "645.241.561-19",
		"rg": "23.414.576-6",
		"data_nasc": "10/01/1998",
		"sexo": "Masculino",
		"signo": "Capricórnio",
		"mae": "Daniela Valentina",
		"pai": "Hugo Augusto Fernando Oliveira",
		"email": "levibentooliveira@credendio.com.br",
		"senha": "RNjrM2GKxx",
		"cep": "70655-802",
		"endereco": "Quadra SHCES Quadra 811 Bloco B",
		"numero": 718,
		"bairro": "Cruzeiro Novo",
		"cidade": "Brasília",
		"estado": "DF",
		"telefone_fixo": "(61) 3639-7221",
		"celular": "(61) 99925-7702",
		"altura": "1,68",
		"peso": 110,
		"tipo_sanguineo": "A-",
		"cor": "preto"
	},
	{
		"nome": "Mariah Márcia Ribeiro",
		"idade": 53,
		"cpf": "536.518.261-80",
		"rg": "28.885.673-9",
		"data_nasc": "14/01/1970",
		"sexo": "Feminino",
		"signo": "Capricórnio",
		"mae": "Nicole Elaine Valentina",
		"pai": "Elias Kevin Yago Ribeiro",
		"email": "mariah_ribeiro@ppconsulting.com.br",
		"senha": "TZnSpoPzES",
		"cep": "71805-101",
		"endereco": "Quadra QN 1 Conjunto 1",
		"numero": 127,
		"bairro": "Riacho Fundo I",
		"cidade": "Brasília",
		"estado": "DF",
		"telefone_fixo": "(61) 3803-1408",
		"celular": "(61) 99767-1847",
		"altura": "1,50",
		"peso": 67,
		"tipo_sanguineo": "B-",
		"cor": "roxo"
	},
	{
		"nome": "Marina Julia Araújo",
		"idade": 36,
		"cpf": "654.379.391-08",
		"rg": "48.196.571-3",
		"data_nasc": "19/02/1987",
		"sexo": "Feminino",
		"signo": "Aquário",
		"mae": "Luzia Brenda Flávia",
		"pai": "Samuel Nelson Araújo",
		"email": "marina-araujo70@unicamp.br",
		"senha": "ARtn9CgfMg",
		"cep": "72301-606",
		"endereco": "Quadra QR 113 Conjunto 6",
		"numero": 137,
		"bairro": "Samambaia Sul (Samambaia)",
		"cidade": "Brasília",
		"estado": "DF",
		"telefone_fixo": "(61) 3667-7518",
		"celular": "(61) 98502-5296",
		"altura": "1,59",
		"peso": 81,
		"tipo_sanguineo": "AB+",
		"cor": "azul"
	},
	{
		"nome": "Augusto Luan da Silva",
		"idade": 23,
		"cpf": "784.525.471-10",
		"rg": "23.057.352-6",
		"data_nasc": "14/01/2000",
		"sexo": "Masculino",
		"signo": "Capricórnio",
		"mae": "Eloá Allana",
		"pai": "Matheus Martin Anderson da Silva",
		"email": "augusto_dasilva@tedde.com.br",
		"senha": "dqE1TqonC1",
		"cep": "70790-091",
		"endereco": "Quadra SGAN 909 Módulo A",
		"numero": 220,
		"bairro": "Asa Norte",
		"cidade": "Brasília",
		"estado": "DF",
		"telefone_fixo": "(61) 3710-0302",
		"celular": "(61) 99801-1359",
		"altura": "1,73",
		"peso": 94,
		"tipo_sanguineo": "B+",
		"cor": "roxo"
	},
	{
		"nome": "Rosângela Eloá Martins",
		"idade": 71,
		"cpf": "014.400.111-09",
		"rg": "32.411.936-7",
		"data_nasc": "13/02/1952",
		"sexo": "Feminino",
		"signo": "Aquário",
		"mae": "Aurora Kamilly",
		"pai": "Rafael Sebastião Samuel Martins",
		"email": "rosangela_martins@locare-eventos.com.br",
		"senha": "dTxsdCARXH",
		"cep": "73062-513",
		"endereco": "Quadra AR 15 Conjunto 13",
		"numero": 831,
		"bairro": "Setor Oeste (Sobradinho II)",
		"cidade": "Brasília",
		"estado": "DF",
		"telefone_fixo": "(61) 2520-9695",
		"celular": "(61) 98655-8012",
		"altura": "1,75",
		"peso": 47,
		"tipo_sanguineo": "B-",
		"cor": "roxo"
	},
	{
		"nome": "Giovana Marina Mariana Rodrigues",
		"idade": 47,
		"cpf": "164.895.761-71",
		"rg": "42.938.207-8",
		"data_nasc": "01/01/1976",
		"sexo": "Feminino",
		"signo": "Capricórnio",
		"mae": "Brenda Carolina Débora",
		"pai": "Diogo Francisco Rodrigues",
		"email": "giovanamarinarodrigues@fcacomputers.com.br",
		"senha": "pt5yRdycAZ",
		"cep": "70350-701",
		"endereco": "Quadra SHIGS 705 Bloco A",
		"numero": 351,
		"bairro": "Asa Sul",
		"cidade": "Brasília",
		"estado": "DF",
		"telefone_fixo": "(61) 2875-8375",
		"celular": "(61) 99212-8344",
		"altura": "1,70",
		"peso": 84,
		"tipo_sanguineo": "A+",
		"cor": "vermelho"
	},
	{
		"nome": "Ana Natália da Paz",
		"idade": 52,
		"cpf": "337.705.881-85",
		"rg": "19.445.567-1",
		"data_nasc": "14/02/1971",
		"sexo": "Feminino",
		"signo": "Aquário",
		"mae": "Tânia Eloá",
		"pai": "Luiz Severino Noah da Paz",
		"email": "ana.natalia.dapaz@valepur.com.br",
		"senha": "b0ZadUa1U9",
		"cep": "70764-050",
		"endereco": "Quadra SQN 114 Bloco E",
		"numero": 304,
		"bairro": "Asa Norte",
		"cidade": "Brasília",
		"estado": "DF",
		"telefone_fixo": "(61) 3551-0579",
		"celular": "(61) 98634-2428",
		"altura": "1,68",
		"peso": 50,
		"tipo_sanguineo": "AB+",
		"cor": "verde"
	},
	{
		"nome": "Marina Luzia Simone de Paula",
		"idade": 35,
		"cpf": "568.238.031-26",
		"rg": "18.348.273-6",
		"data_nasc": "10/02/1988",
		"sexo": "Feminino",
		"signo": "Aquário",
		"mae": "Daiane Betina",
		"pai": "Calebe Pedro de Paula",
		"email": "marina.luzia.depaula@alstom.com",
		"senha": "LTipRAlGeR",
		"cep": "71503-501",
		"endereco": "Quadra CA 1",
		"numero": 358,
		"bairro": "Setor de Habitações Individuais Norte",
		"cidade": "Brasília",
		"estado": "DF",
		"telefone_fixo": "(61) 2770-2000",
		"celular": "(61) 99292-5379",
		"altura": "1,77",
		"peso": 90,
		"tipo_sanguineo": "AB+",
		"cor": "verde"
	},
	{
		"nome": "Bryan Enrico Lima",
		"idade": 79,
		"cpf": "841.333.231-14",
		"rg": "20.569.247-3",
		"data_nasc": "02/01/1944",
		"sexo": "Masculino",
		"signo": "Capricórnio",
		"mae": "Bianca Sarah",
		"pai": "Gustavo Tomás Sebastião Lima",
		"email": "bryan_enrico_lima@grupomozue.com.br",
		"senha": "wczpPDgz3h",
		"cep": "72007-365",
		"endereco": "Rua Rua 10 Chácara 173",
		"numero": 332,
		"bairro": "Setor Habitacional Vicente Pires",
		"cidade": "Brasília",
		"estado": "DF",
		"telefone_fixo": "(61) 2726-1121",
		"celular": "(61) 99767-9669",
		"altura": "1,92",
		"peso": 62,
		"tipo_sanguineo": "AB-",
		"cor": "verde"
	},
	{
		"nome": "Davi Noah Anthony Porto",
		"idade": 50,
		"cpf": "671.293.791-46",
		"rg": "21.275.621-7",
		"data_nasc": "04/02/1973",
		"sexo": "Masculino",
		"signo": "Aquário",
		"mae": "Luciana Débora Milena",
		"pai": "Arthur Antonio Daniel Porto",
		"email": "davi_noah_porto@hotmail.con",
		"senha": "pXJ2OIGfm9",
		"cep": "70865-540",
		"endereco": "Quadra CLN 410 Bloco D",
		"numero": 155,
		"bairro": "Asa Norte",
		"cidade": "Brasília",
		"estado": "DF",
		"telefone_fixo": "(61) 2685-5379",
		"celular": "(61) 99617-0127",
		"altura": "1,66",
		"peso": 88,
		"tipo_sanguineo": "A-",
		"cor": "preto"
	},
	{
		"nome": "Andrea Débora Barros",
		"idade": 25,
		"cpf": "674.995.871-00",
		"rg": "14.953.044-4",
		"data_nasc": "25/02/1998",
		"sexo": "Feminino",
		"signo": "Peixes",
		"mae": "Marli Jéssica Giovanna",
		"pai": "Nelson Julio Barros",
		"email": "andrea_barros@solucao.adm.br",
		"senha": "o9rTIrBhsj",
		"cep": "70683-740",
		"endereco": "Quadra SQNW 302 Bloco B",
		"numero": 341,
		"bairro": "Setor Noroeste",
		"cidade": "Brasília",
		"estado": "DF",
		"telefone_fixo": "(61) 3733-6019",
		"celular": "(61) 98500-4483",
		"altura": "1,56",
		"peso": 64,
		"tipo_sanguineo": "O-",
		"cor": "laranja"
	},
	{
		"nome": "Daniel Cauã Elias Moraes",
		"idade": 71,
		"cpf": "419.078.941-01",
		"rg": "22.364.637-4",
		"data_nasc": "08/01/1952",
		"sexo": "Masculino",
		"signo": "Capricórnio",
		"mae": "Milena Letícia",
		"pai": "Roberto Nathan Moraes",
		"email": "daniel_moraes@tkk.com.br",
		"senha": "A3k6BLIptg",
		"cep": "70630-321",
		"endereco": "Quadra QRS Conjunto 7",
		"numero": 892,
		"bairro": "Setor Militar Urbano",
		"cidade": "Brasília",
		"estado": "DF",
		"telefone_fixo": "(61) 3639-1880",
		"celular": "(61) 99198-6846",
		"altura": "1,76",
		"peso": 106,
		"tipo_sanguineo": "AB-",
		"cor": "azul"
	},
	{
		"nome": "Bryan Luiz Brito",
		"idade": 45,
		"cpf": "658.492.981-77",
		"rg": "30.155.455-9",
		"data_nasc": "17/02/1978",
		"sexo": "Masculino",
		"signo": "Aquário",
		"mae": "Larissa Mariane Kamilly",
		"pai": "César Samuel Caleb Brito",
		"email": "bryanluizbrito@corp.globo.com",
		"senha": "y6RuAPnZeL",
		"cep": "72500-405",
		"endereco": "Quadra QR 100 Conjunto C",
		"numero": 980,
		"bairro": "Santa Maria",
		"cidade": "Brasília",
		"estado": "DF",
		"telefone_fixo": "(61) 3586-3255",
		"celular": "(61) 99639-3407",
		"altura": "1,91",
		"peso": 64,
		"tipo_sanguineo": "O+",
		"cor": "verde"
	},
	{
		"nome": "Lívia Liz Adriana Ramos",
		"idade": 72,
		"cpf": "662.130.291-68",
		"rg": "33.473.988-3",
		"data_nasc": "25/01/1951",
		"sexo": "Feminino",
		"signo": "Aquário",
		"mae": "Hadassa Eliane",
		"pai": "Ruan Pedro Ramos",
		"email": "livia_liz_ramos@foar.unesp.br",
		"senha": "kpfpO5E2nl",
		"cep": "72544-201",
		"endereco": "Quadra CL 114 Bloco A",
		"numero": 353,
		"bairro": "Santa Maria",
		"cidade": "Brasília",
		"estado": "DF",
		"telefone_fixo": "(61) 3911-5195",
		"celular": "(61) 98910-8781",
		"altura": "1,57",
		"peso": 76,
		"tipo_sanguineo": "A-",
		"cor": "amarelo"
	},
	{
		"nome": "Mariah Elaine Rezende",
		"idade": 58,
		"cpf": "497.575.631-53",
		"rg": "20.278.956-1",
		"data_nasc": "11/02/1965",
		"sexo": "Feminino",
		"signo": "Aquário",
		"mae": "Vera Helena Daniela",
		"pai": "Manoel Otávio Lucas Rezende",
		"email": "mariah_rezende@operaconstrutora.com.br",
		"senha": "y1QBht0brh",
		"cep": "73060-652",
		"endereco": "Rua 2",
		"numero": 266,
		"bairro": "Setor Oeste (Sobradinho II)",
		"cidade": "Brasília",
		"estado": "DF",
		"telefone_fixo": "(61) 3802-3045",
		"celular": "(61) 98605-4538",
		"altura": "1,79",
		"peso": 59,
		"tipo_sanguineo": "O+",
		"cor": "laranja"
	},
	{
		"nome": "Jéssica Pietra da Mata",
		"idade": 50,
		"cpf": "175.076.451-26",
		"rg": "33.106.262-8",
		"data_nasc": "09/01/1973",
		"sexo": "Feminino",
		"signo": "Capricórnio",
		"mae": "Liz Rebeca Antônia",
		"pai": "Igor Antonio Leandro da Mata",
		"email": "jessicapietradamata@signa.net.br",
		"senha": "rPlKfGTEfh",
		"cep": "72301-800",
		"endereco": "Quadra QR 121",
		"numero": 421,
		"bairro": "Samambaia Sul (Samambaia)",
		"cidade": "Brasília",
		"estado": "DF",
		"telefone_fixo": "(61) 3876-8585",
		"celular": "(61) 98893-6620",
		"altura": "1,55",
		"peso": 76,
		"tipo_sanguineo": "B-",
		"cor": "azul"
	},
	{
		"nome": "Gabrielly Tatiane Flávia Corte Real",
		"idade": 59,
		"cpf": "322.347.051-42",
		"rg": "17.939.309-1",
		"data_nasc": "21/01/1964",
		"sexo": "Feminino",
		"signo": "Aquário",
		"mae": "Luiza Sophia Sabrina",
		"pai": "Osvaldo Daniel Arthur Corte Real",
		"email": "gabrielly_cortereal@adherminer.com.br",
		"senha": "0R5QkK9tKm",
		"cep": "70634-470",
		"endereco": "Quadra SOFN Quadra 4 Conjunto G",
		"numero": 451,
		"bairro": "Zona Industrial",
		"cidade": "Brasília",
		"estado": "DF",
		"telefone_fixo": "(61) 3969-8812",
		"celular": "(61) 98192-5105",
		"altura": "1,76",
		"peso": 71,
		"tipo_sanguineo": "AB-",
		"cor": "preto"
	},
	{
		"nome": "Renan Giovanni Mateus Moura",
		"idade": 51,
		"cpf": "903.059.621-08",
		"rg": "32.374.702-4",
		"data_nasc": "05/01/1972",
		"sexo": "Masculino",
		"signo": "Capricórnio",
		"mae": "Lara Sabrina",
		"pai": "Vitor Calebe Moura",
		"email": "renan_giovanni_moura@atualvendas.com",
		"senha": "JqMBfOs5wd",
		"cep": "72341-252",
		"endereco": "Quadra QN 205 Área Especial 1",
		"numero": 645,
		"bairro": "Samambaia Norte (Samambaia)",
		"cidade": "Brasília",
		"estado": "DF",
		"telefone_fixo": "(61) 3734-8974",
		"celular": "(61) 98787-4908",
		"altura": "1,83",
		"peso": 50,
		"tipo_sanguineo": "AB-",
		"cor": "azul"
	},
	{
		"nome": "Edson Márcio Mário Caldeira",
		"idade": 61,
		"cpf": "518.736.761-74",
		"rg": "39.959.597-1",
		"data_nasc": "07/02/1962",
		"sexo": "Masculino",
		"signo": "Aquário",
		"mae": "Silvana Lavínia",
		"pai": "Lucca Benício Ian Caldeira",
		"email": "edson_caldeira@bidoul.eng.br",
		"senha": "yOnQbw6XKC",
		"cep": "70037-900",
		"endereco": "SAUS Quadra 6 Bloco A",
		"numero": 620,
		"bairro": "Asa Sul",
		"cidade": "Brasília",
		"estado": "DF",
		"telefone_fixo": "(61) 2858-3141",
		"celular": "(61) 98744-7683",
		"altura": "1,70",
		"peso": 106,
		"tipo_sanguineo": "O+",
		"cor": "azul"
	},
	{
		"nome": "Antonio Bryan Silva",
		"idade": 24,
		"cpf": "349.916.211-35",
		"rg": "29.812.765-9",
		"data_nasc": "17/02/1999",
		"sexo": "Masculino",
		"signo": "Aquário",
		"mae": "Isis Rafaela Ester",
		"pai": "Levi Gabriel Silva",
		"email": "antonio.bryan.silva@msltecnologia.com.br",
		"senha": "o1gnZ2DNCE",
		"cep": "70650-533",
		"endereco": "Quadra SHCES Quadra 503 Bloco C",
		"numero": 250,
		"bairro": "Cruzeiro Novo",
		"cidade": "Brasília",
		"estado": "DF",
		"telefone_fixo": "(61) 2753-7176",
		"celular": "(61) 98644-6679",
		"altura": "1,68",
		"peso": 101,
		"tipo_sanguineo": "B+",
		"cor": "verde"
	}
]