[
	{
		"nome": "Cristiane Luana Valentina Cardoso",
		"idade": 54,
		"cpf": "868.349.862-00",
		"rg": "20.128.106-5",
		"data_nasc": "25/01/1969",
		"sexo": "Feminino",
		"signo": "Aquário",
		"mae": "Betina Sueli",
		"pai": "Julio Elias Cardoso",
		"email": "cristiane-cardoso76@fulltransport.com.br",
		"senha": "oGhKTBM2NM",
		"cep": "76964-398",
		"endereco": "Rua Carlos Henrique de Oliveira Motta",
		"numero": 804,
		"bairro": "Village do Sol II",
		"cidade": "Cacoal",
		"estado": "RO",
		"telefone_fixo": "(69) 3980-7190",
		"celular": "(69) 98877-7933",
		"altura": "1,83",
		"peso": 74,
		"tipo_sanguineo": "AB-",
		"cor": "verde"
	},
	{
		"nome": "Márcio Breno Gael de Paula",
		"idade": 79,
		"cpf": "806.065.219-25",
		"rg": "44.883.967-2",
		"data_nasc": "03/02/1944",
		"sexo": "Masculino",
		"signo": "Aquário",
		"mae": "Rayssa Betina",
		"pai": "Paulo Carlos Benício de Paula",
		"email": "marcio_breno_depaula@advogadostb.com.br",
		"senha": "Qdt66R7XR0",
		"cep": "68742-561",
		"endereco": "Alameda da Delegacia",
		"numero": 670,
		"bairro": "Cristo Redentor",
		"cidade": "Castanhal",
		"estado": "PA",
		"telefone_fixo": "(91) 3760-7698",
		"celular": "(91) 99422-9191",
		"altura": "1,88",
		"peso": 50,
		"tipo_sanguineo": "B+",
		"cor": "vermelho"
	},
	{
		"nome": "Sueli Maitê Rezende",
		"idade": 50,
		"cpf": "871.573.055-77",
		"rg": "15.041.758-5",
		"data_nasc": "08/01/1973",
		"sexo": "Feminino",
		"signo": "Capricórnio",
		"mae": "Sabrina Laís",
		"pai": "Leonardo Ricardo Rezende",
		"email": "sueli-rezende80@arosacampinas.com.br",
		"senha": "oGqKGGnl7w",
		"cep": "64215-285",
		"endereco": "Rua José Marcelheano",
		"numero": 570,
		"bairro": "Pindorama",
		"cidade": "Parnaíba",
		"estado": "PI",
		"telefone_fixo": "(86) 3533-1473",
		"celular": "(86) 99492-8557",
		"altura": "1,73",
		"peso": 55,
		"tipo_sanguineo": "O+",
		"cor": "amarelo"
	},
	{
		"nome": "Isabelle Valentina Raimunda Novaes",
		"idade": 20,
		"cpf": "762.183.121-94",
		"rg": "46.212.137-9",
		"data_nasc": "13/01/2003",
		"sexo": "Feminino",
		"signo": "Capricórnio",
		"mae": "Elaine Bruna",
		"pai": "João Bento Novaes",
		"email": "isabellevalentinanovaes@biconsult.com.br",
		"senha": "l7Jz1GYhjD",
		"cep": "58301-005",
		"endereco": "Rua Doutor Pedrosa",
		"numero": 312,
		"bairro": "Popular",
		"cidade": "Santa Rita",
		"estado": "PB",
		"telefone_fixo": "(83) 3746-6931",
		"celular": "(83) 99215-9189",
		"altura": "1,76",
		"peso": 52,
		"tipo_sanguineo": "B+",
		"cor": "roxo"
	},
	{
		"nome": "João Enrico Guilherme Rodrigues",
		"idade": 71,
		"cpf": "876.825.059-23",
		"rg": "32.752.055-3",
		"data_nasc": "04/01/1952",
		"sexo": "Masculino",
		"signo": "Capricórnio",
		"mae": "Ana Letícia Ayla",
		"pai": "César Francisco Cauã Rodrigues",
		"email": "joao_enrico_rodrigues@br.live.com",
		"senha": "ZQAnYK42Br",
		"cep": "68903-051",
		"endereco": "Passarela Beira Rio",
		"numero": 900,
		"bairro": "Zerão",
		"cidade": "Macapá",
		"estado": "AP",
		"telefone_fixo": "(96) 3542-8658",
		"celular": "(96) 99600-2634",
		"altura": "1,65",
		"peso": 65,
		"tipo_sanguineo": "AB+",
		"cor": "verde"
	},
	{
		"nome": "Larissa Carolina Alícia Nascimento",
		"idade": 47,
		"cpf": "371.029.279-40",
		"rg": "22.930.993-8",
		"data_nasc": "20/02/1976",
		"sexo": "Feminino",
		"signo": "Peixes",
		"mae": "Melissa Yasmin",
		"pai": "Victor Eduardo Nascimento",
		"email": "larissa.carolina.nascimento@siexpress.com.br",
		"senha": "PBhjgC0ISA",
		"cep": "60811-280",
		"endereco": "Rua Moacir Alencar Araripe",
		"numero": 137,
		"bairro": "Engenheiro Luciano Cavalcante",
		"cidade": "Fortaleza",
		"estado": "CE",
		"telefone_fixo": "(85) 3767-1573",
		"celular": "(85) 99302-2173",
		"altura": "1,57",
		"peso": 65,
		"tipo_sanguineo": "AB+",
		"cor": "amarelo"
	},
	{
		"nome": "Maya Luciana Cecília da Conceição",
		"idade": 63,
		"cpf": "782.840.018-70",
		"rg": "13.413.071-6",
		"data_nasc": "06/01/1960",
		"sexo": "Feminino",
		"signo": "Capricórnio",
		"mae": "Débora Analu Márcia",
		"pai": "Theo Juan da Conceição",
		"email": "mayalucianadaconceicao@lencise.com",
		"senha": "Ysc9xNyPMQ",
		"cep": "41280-128",
		"endereco": "Travessa das Oliveiras",
		"numero": 493,
		"bairro": "Marechal Rondon",
		"cidade": "Salvador",
		"estado": "BA",
		"telefone_fixo": "(71) 2582-5668",
		"celular": "(71) 98812-6831",
		"altura": "1,53",
		"peso": 47,
		"tipo_sanguineo": "O-",
		"cor": "azul"
	},
	{
		"nome": "Nathan Pedro Henrique Matheus Silveira",
		"idade": 73,
		"cpf": "296.984.171-17",
		"rg": "13.289.805-6",
		"data_nasc": "11/02/1950",
		"sexo": "Masculino",
		"signo": "Aquário",
		"mae": "Jaqueline Catarina Elaine",
		"pai": "Juan Caio Silveira",
		"email": "nathan_pedro_silveira@nokia.com",
		"senha": "DuJzGxNhOm",
		"cep": "86045-660",
		"endereco": "Rua João Sonoda",
		"numero": 898,
		"bairro": "Cafezal",
		"cidade": "Londrina",
		"estado": "PR",
		"telefone_fixo": "(43) 2762-5670",
		"celular": "(43) 99592-7490",
		"altura": "1,95",
		"peso": 89,
		"tipo_sanguineo": "O+",
		"cor": "vermelho"
	},
	{
		"nome": "Natália Clarice Gonçalves",
		"idade": 74,
		"cpf": "486.875.563-30",
		"rg": "15.543.697-1",
		"data_nasc": "05/02/1949",
		"sexo": "Feminino",
		"signo": "Aquário",
		"mae": "Tânia Lara",
		"pai": "Cláudio Theo Felipe Gonçalves",
		"email": "natalia_clarice_goncalves@slb.com.br",
		"senha": "b3t363ghfh",
		"cep": "31840-130",
		"endereco": "Rua Curiata",
		"numero": 904,
		"bairro": "Guarani",
		"cidade": "Belo Horizonte",
		"estado": "MG",
		"telefone_fixo": "(31) 2690-2592",
		"celular": "(31) 98973-2048",
		"altura": "1,84",
		"peso": 59,
		"tipo_sanguineo": "O+",
		"cor": "amarelo"
	},
	{
		"nome": "Marcos Vinicius Vicente Sales",
		"idade": 22,
		"cpf": "865.609.323-11",
		"rg": "37.574.886-6",
		"data_nasc": "17/01/2001",
		"sexo": "Masculino",
		"signo": "Capricórnio",
		"mae": "Laís Luana",
		"pai": "Igor Gustavo Sales",
		"email": "marcos_vinicius_sales@atualvendas.com",
		"senha": "uuUfmlBHC3",
		"cep": "29942-787",
		"endereco": "Rua Alvorada",
		"numero": 274,
		"bairro": "Aroeira",
		"cidade": "São Mateus",
		"estado": "ES",
		"telefone_fixo": "(27) 2865-8507",
		"celular": "(27) 99812-2717",
		"altura": "1,89",
		"peso": 95,
		"tipo_sanguineo": "A+",
		"cor": "vermelho"
	},
	{
		"nome": "Clarice Tereza Assunção",
		"idade": 22,
		"cpf": "552.711.471-00",
		"rg": "23.627.041-2",
		"data_nasc": "22/02/2001",
		"sexo": "Feminino",
		"signo": "Peixes",
		"mae": "Sophia Amanda",
		"pai": "Ruan Felipe Assunção",
		"email": "clarice.tereza.assuncao@live.com.br",
		"senha": "krdrwrplKR",
		"cep": "57073-411",
		"endereco": "Quadra A",
		"numero": 310,
		"bairro": "Cidade Universitária",
		"cidade": "Maceió",
		"estado": "AL",
		"telefone_fixo": "(82) 2699-8091",
		"celular": "(82) 99534-8593",
		"altura": "1,75",
		"peso": 58,
		"tipo_sanguineo": "AB-",
		"cor": "azul"
	},
	{
		"nome": "Andrea Milena Esther Porto",
		"idade": 50,
		"cpf": "754.648.034-59",
		"rg": "12.751.026-6",
		"data_nasc": "07/02/1973",
		"sexo": "Feminino",
		"signo": "Aquário",
		"mae": "Márcia Sarah Débora",
		"pai": "Carlos Erick Porto",
		"email": "andrea-porto92@novaface.com.br",
		"senha": "7DyKP97usS",
		"cep": "57043-256",
		"endereco": "2ª Travessa Diegues Júnior",
		"numero": 962,
		"bairro": "Feitosa",
		"cidade": "Maceió",
		"estado": "AL",
		"telefone_fixo": "(82) 2651-7557",
		"celular": "(82) 99604-2092",
		"altura": "1,74",
		"peso": 74,
		"tipo_sanguineo": "B-",
		"cor": "azul"
	},
	{
		"nome": "Lorenzo Pietro Benício da Mata",
		"idade": 21,
		"cpf": "968.837.483-00",
		"rg": "21.917.003-4",
		"data_nasc": "15/02/2002",
		"sexo": "Masculino",
		"signo": "Aquário",
		"mae": "Silvana Laís",
		"pai": "Jorge Severino Bruno da Mata",
		"email": "lorenzo.pietro.damata@mantegassi.com",
		"senha": "oxODmKlkX1",
		"cep": "53635-105",
		"endereco": "Rua Itapuã",
		"numero": 134,
		"bairro": "Cruz do Rebouças",
		"cidade": "Igarassu",
		"estado": "PE",
		"telefone_fixo": "(81) 2924-7443",
		"celular": "(81) 99553-1107",
		"altura": "1,92",
		"peso": 50,
		"tipo_sanguineo": "AB+",
		"cor": "preto"
	},
	{
		"nome": "Guilherme Benício Caldeira",
		"idade": 24,
		"cpf": "402.663.749-21",
		"rg": "21.686.935-3",
		"data_nasc": "03/02/1999",
		"sexo": "Masculino",
		"signo": "Aquário",
		"mae": "Isabella Betina",
		"pai": "Filipe Marcos Vinicius Caldeira",
		"email": "guilherme.benicio.caldeira@univap.br",
		"senha": "rfbUSXK5du",
		"cep": "89066-355",
		"endereco": "Rua Hermann Althoff",
		"numero": 890,
		"bairro": "Itoupavazinha",
		"cidade": "Blumenau",
		"estado": "SC",
		"telefone_fixo": "(47) 2890-3796",
		"celular": "(47) 98954-8775",
		"altura": "1,83",
		"peso": 53,
		"tipo_sanguineo": "B+",
		"cor": "roxo"
	},
	{
		"nome": "Anthony Kevin Pinto",
		"idade": 36,
		"cpf": "356.371.650-17",
		"rg": "13.642.598-7",
		"data_nasc": "16/02/1987",
		"sexo": "Masculino",
		"signo": "Aquário",
		"mae": "Analu Isabel Alessandra",
		"pai": "Thiago Erick Pinto",
		"email": "anthony_pinto@acramisper.com",
		"senha": "cWY5L5PHbq",
		"cep": "79037-000",
		"endereco": "Trecho Anel Rodoviário",
		"numero": 612,
		"bairro": "Jardim Veraneio",
		"cidade": "Campo Grande",
		"estado": "MS",
		"telefone_fixo": "(67) 2583-3981",
		"celular": "(67) 99784-4941",
		"altura": "1,69",
		"peso": 51,
		"tipo_sanguineo": "AB+",
		"cor": "azul"
	},
	{
		"nome": "Bernardo Miguel da Rocha",
		"idade": 21,
		"cpf": "824.272.951-40",
		"rg": "36.191.874-4",
		"data_nasc": "17/01/2002",
		"sexo": "Masculino",
		"signo": "Capricórnio",
		"mae": "Marina Kamilly Cecília",
		"pai": "Thiago Hugo Gustavo da Rocha",
		"email": "bernardo_darocha@carreiradasilva.com",
		"senha": "q0rDLqsHjC",
		"cep": "69915-028",
		"endereco": "Rua Longuinho da Silva",
		"numero": 515,
		"bairro": "Conjunto Tangará",
		"cidade": "Rio Branco",
		"estado": "AC",
		"telefone_fixo": "(68) 3880-3418",
		"celular": "(68) 99349-9145",
		"altura": "1,99",
		"peso": 62,
		"tipo_sanguineo": "O+",
		"cor": "laranja"
	},
	{
		"nome": "Anderson Pedro Freitas",
		"idade": 34,
		"cpf": "952.457.424-11",
		"rg": "12.999.924-6",
		"data_nasc": "24/02/1989",
		"sexo": "Masculino",
		"signo": "Peixes",
		"mae": "Elisa Luna",
		"pai": "Lucca Arthur Murilo Freitas",
		"email": "anderson.pedro.freitas@com.br",
		"senha": "9YnHNPuQeU",
		"cep": "29118-220",
		"endereco": "Rua Augusto dos Anjos",
		"numero": 315,
		"bairro": "Alecrim",
		"cidade": "Vila Velha",
		"estado": "ES",
		"telefone_fixo": "(27) 3631-8387",
		"celular": "(27) 98301-4809",
		"altura": "1,85",
		"peso": 70,
		"tipo_sanguineo": "B-",
		"cor": "roxo"
	},
	{
		"nome": "Levi Thomas da Mota",
		"idade": 68,
		"cpf": "763.016.324-00",
		"rg": "45.948.076-5",
		"data_nasc": "19/02/1955",
		"sexo": "Masculino",
		"signo": "Aquário",
		"mae": "Luna Flávia Raquel",
		"pai": "Cauã Raul Pedro Henrique da Mota",
		"email": "levithomasdamota@agenziamarketing.com.br",
		"senha": "wLIRjrzmJ3",
		"cep": "69905-404",
		"endereco": "Avenida Beira Rio",
		"numero": 138,
		"bairro": "Cidade Nova",
		"cidade": "Rio Branco",
		"estado": "AC",
		"telefone_fixo": "(68) 3550-4098",
		"celular": "(68) 99869-6114",
		"altura": "1,93",
		"peso": 64,
		"tipo_sanguineo": "B-",
		"cor": "amarelo"
	},
	{
		"nome": "Luna Liz Amanda Costa",
		"idade": 58,
		"cpf": "268.748.906-97",
		"rg": "45.158.838-1",
		"data_nasc": "23/01/1965",
		"sexo": "Feminino",
		"signo": "Aquário",
		"mae": "Jennifer Tatiane",
		"pai": "Bernardo Roberto Costa",
		"email": "luna-costa88@hotmail.co.uk",
		"senha": "c3BzGUqep8",
		"cep": "69921-797",
		"endereco": "Travessa da Silva",
		"numero": 699,
		"bairro": "Tancredo Neves",
		"cidade": "Rio Branco",
		"estado": "AC",
		"telefone_fixo": "(68) 2570-3332",
		"celular": "(68) 99354-1068",
		"altura": "1,79",
		"peso": 61,
		"tipo_sanguineo": "AB+",
		"cor": "vermelho"
	},
	{
		"nome": "Luna Daniela Monteiro",
		"idade": 62,
		"cpf": "882.013.144-76",
		"rg": "27.158.570-5",
		"data_nasc": "12/01/1961",
		"sexo": "Feminino",
		"signo": "Capricórnio",
		"mae": "Lívia Liz Nicole",
		"pai": "Gael Henrique Monteiro",
		"email": "lunadanielamonteiro@limao.com.br",
		"senha": "nJPibBbWHM",
		"cep": "78734-055",
		"endereco": "Rua Dois",
		"numero": 881,
		"bairro": "Residencial Paraíso",
		"cidade": "Rondonópolis",
		"estado": "MT",
		"telefone_fixo": "(66) 2800-3453",
		"celular": "(66) 98787-6617",
		"altura": "1,59",
		"peso": 73,
		"tipo_sanguineo": "A-",
		"cor": "amarelo"
	},
	{
		"nome": "Maria Lavínia Vanessa da Cruz",
		"idade": 74,
		"cpf": "125.227.631-13",
		"rg": "38.278.882-5",
		"data_nasc": "17/01/1949",
		"sexo": "Feminino",
		"signo": "Capricórnio",
		"mae": "Luiza Heloisa",
		"pai": "Renan Daniel da Cruz",
		"email": "maria-dacruz86@eternalam.com.br",
		"senha": "2UDZ1SP4cP",
		"cep": "59072-464",
		"endereco": "Rua Mensageiro Jaime",
		"numero": 923,
		"bairro": "Felipe Camarão",
		"cidade": "Natal",
		"estado": "RN",
		"telefone_fixo": "(84) 2642-0327",
		"celular": "(84) 99380-9615",
		"altura": "1,52",
		"peso": 77,
		"tipo_sanguineo": "O-",
		"cor": "vermelho"
	},
	{
		"nome": "Roberto Nathan Bruno Aparício",
		"idade": 29,
		"cpf": "013.739.380-64",
		"rg": "39.010.913-7",
		"data_nasc": "10/02/1994",
		"sexo": "Masculino",
		"signo": "Aquário",
		"mae": "Josefa Adriana Carla",
		"pai": "Martin Carlos Eduardo Giovanni Aparício",
		"email": "roberto_aparicio@eletrotex.com.br",
		"senha": "w5ho6SccG6",
		"cep": "69088-202",
		"endereco": "Rua Dente de Leão",
		"numero": 999,
		"bairro": "Jorge Teixeira",
		"cidade": "Manaus",
		"estado": "AM",
		"telefone_fixo": "(92) 3515-5753",
		"celular": "(92) 99518-6276",
		"altura": "1,99",
		"peso": 74,
		"tipo_sanguineo": "AB-",
		"cor": "verde"
	},
	{
		"nome": "Raimundo Davi Pedro Henrique Silva",
		"idade": 50,
		"cpf": "119.219.398-93",
		"rg": "24.470.185-4",
		"data_nasc": "08/02/1973",
		"sexo": "Masculino",
		"signo": "Aquário",
		"mae": "Manuela Olivia",
		"pai": "Diego João Benício Silva",
		"email": "raimundodavisilva@negleribeiro.com",
		"senha": "5fZ4aNnbK3",
		"cep": "38701-316",
		"endereco": "Rua Maria Pereira da Fonseca",
		"numero": 737,
		"bairro": "Cerrado",
		"cidade": "Patos de Minas",
		"estado": "MG",
		"telefone_fixo": "(34) 2602-0656",
		"celular": "(34) 98707-4334",
		"altura": "1,61",
		"peso": 82,
		"tipo_sanguineo": "A+",
		"cor": "vermelho"
	},
	{
		"nome": "Gustavo Severino Ramos",
		"idade": 44,
		"cpf": "157.730.828-02",
		"rg": "19.419.593-4",
		"data_nasc": "18/01/1979",
		"sexo": "Masculino",
		"signo": "Capricórnio",
		"mae": "Analu Luciana",
		"pai": "Oliver Filipe Henry Ramos",
		"email": "gustavoseverinoramos@ig.com",
		"senha": "xt8lHZz3MJ",
		"cep": "66026-695",
		"endereco": "Vila Santa Clotilde",
		"numero": 953,
		"bairro": "Jurunas",
		"cidade": "Belém",
		"estado": "PA",
		"telefone_fixo": "(91) 3653-8082",
		"celular": "(91) 98964-4350",
		"altura": "1,88",
		"peso": 67,
		"tipo_sanguineo": "O-",
		"cor": "laranja"
	},
	{
		"nome": "Osvaldo Benedito Bernardes",
		"idade": 71,
		"cpf": "262.917.643-69",
		"rg": "33.670.861-0",
		"data_nasc": "12/01/1952",
		"sexo": "Masculino",
		"signo": "Capricórnio",
		"mae": "Luna Sophie",
		"pai": "Levi Francisco Fernando Bernardes",
		"email": "osvaldo_bernardes@caiuas.com.br",
		"senha": "zSnSfGG2Qo",
		"cep": "38067-420",
		"endereco": "Rua Arace",
		"numero": 301,
		"bairro": "Jardim Espírito Santo",
		"cidade": "Uberaba",
		"estado": "MG",
		"telefone_fixo": "(34) 2969-7279",
		"celular": "(34) 98787-0824",
		"altura": "1,81",
		"peso": 91,
		"tipo_sanguineo": "AB+",
		"cor": "laranja"
	},
	{
		"nome": "Sueli Esther Peixoto",
		"idade": 24,
		"cpf": "251.097.781-40",
		"rg": "49.206.533-0",
		"data_nasc": "01/02/1999",
		"sexo": "Feminino",
		"signo": "Aquário",
		"mae": "Letícia Fabiana",
		"pai": "André Emanuel Noah Peixoto",
		"email": "sueli.esther.peixoto@marquesalcantra.comabdv.com.br",
		"senha": "PmHO90T9FG",
		"cep": "36301-250",
		"endereco": "Rua Angélico Benfenatti",
		"numero": 525,
		"bairro": "Fábricas",
		"cidade": "São João Del Rei",
		"estado": "MG",
		"telefone_fixo": "(32) 3503-9902",
		"celular": "(32) 98725-7677",
		"altura": "1,56",
		"peso": 64,
		"tipo_sanguineo": "O-",
		"cor": "preto"
	},
	{
		"nome": "Carolina Joana Nogueira",
		"idade": 77,
		"cpf": "426.894.210-62",
		"rg": "13.758.554-8",
		"data_nasc": "04/01/1946",
		"sexo": "Feminino",
		"signo": "Capricórnio",
		"mae": "Manuela Isabella",
		"pai": "Ryan Kevin Nogueira",
		"email": "carolina_joana_nogueira@boldcron.com.br",
		"senha": "jrqu7sdtT5",
		"cep": "32675-592",
		"endereco": "Rua Paraibuna",
		"numero": 136,
		"bairro": "São Luiz",
		"cidade": "Betim",
		"estado": "MG",
		"telefone_fixo": "(31) 2575-7567",
		"celular": "(31) 99682-3230",
		"altura": "1,51",
		"peso": 59,
		"tipo_sanguineo": "O+",
		"cor": "roxo"
	},
	{
		"nome": "Lívia Bárbara Louise Alves",
		"idade": 49,
		"cpf": "004.289.670-35",
		"rg": "37.155.471-8",
		"data_nasc": "16/02/1974",
		"sexo": "Feminino",
		"signo": "Aquário",
		"mae": "Antônia Laura",
		"pai": "Raimundo Anthony Miguel Alves",
		"email": "livia.barbara.alves@companyvivo.com.br",
		"senha": "c4FgH1oTos",
		"cep": "69919-346",
		"endereco": "Rua Edmundo Pinto",
		"numero": 172,
		"bairro": "Loteamento Joafra",
		"cidade": "Rio Branco",
		"estado": "AC",
		"telefone_fixo": "(68) 2627-9411",
		"celular": "(68) 98550-5427",
		"altura": "1,55",
		"peso": 72,
		"tipo_sanguineo": "O+",
		"cor": "amarelo"
	},
	{
		"nome": "Elias Antonio Barbosa",
		"idade": 66,
		"cpf": "324.239.054-75",
		"rg": "26.774.785-8",
		"data_nasc": "01/01/1957",
		"sexo": "Masculino",
		"signo": "Capricórnio",
		"mae": "Mirella Milena Cláudia",
		"pai": "Lucca Iago Lucas Barbosa",
		"email": "elias-barbosa99@dbacomp.com.br",
		"senha": "73g6tzGyXB",
		"cep": "69901-767",
		"endereco": "Avenida Boa Ventura",
		"numero": 249,
		"bairro": "Vitória",
		"cidade": "Rio Branco",
		"estado": "AC",
		"telefone_fixo": "(68) 3577-4733",
		"celular": "(68) 99838-2484",
		"altura": "1,62",
		"peso": 68,
		"tipo_sanguineo": "A+",
		"cor": "amarelo"
	},
	{
		"nome": "Carolina Manuela Cecília Figueiredo",
		"idade": 44,
		"cpf": "199.565.073-00",
		"rg": "49.893.863-3",
		"data_nasc": "22/02/1979",
		"sexo": "Feminino",
		"signo": "Peixes",
		"mae": "Marcela Milena",
		"pai": "Henry Vinicius Marcelo Figueiredo",
		"email": "carolina.manuela.figueiredo@flama.biz",
		"senha": "jkKIeTslLY",
		"cep": "87505-556",
		"endereco": "Rua D",
		"numero": 131,
		"bairro": "Jardim Morumbi I",
		"cidade": "Umuarama",
		"estado": "PR",
		"telefone_fixo": "(44) 2595-4918",
		"celular": "(44) 98451-6754",
		"altura": "1,56",
		"peso": 58,
		"tipo_sanguineo": "B-",
		"cor": "azul"
	}
]