[
	{
		"nome": "Gabrielly Ester Barbosa",
		"idade": 48,
		"cpf": "488.629.981-47",
		"rg": "43.811.816-9",
		"data_nasc": "07/01/1975",
		"sexo": "Feminino",
		"signo": "Capricórnio",
		"mae": "Hadassa Pietra Bárbara",
		"pai": "Eduardo Gabriel Barbosa",
		"email": "gabriellyesterbarbosa@arysta.com.br",
		"senha": "o8rMtobHC8",
		"cep": "72151-101",
		"endereco": "Quadra QNL 11 Conjunto A",
		"numero": 218,
		"bairro": "Taguatinga Norte (Taguatinga)",
		"cidade": "Brasília",
		"estado": "DF",
		"telefone_fixo": "(61) 3673-8418",
		"celular": "(61) 98856-4777",
		"altura": "1,58",
		"peso": 83,
		"tipo_sanguineo": "AB+",
		"cor": "vermelho"
	},
	{
		"nome": "Filipe Bento Marcos Vinicius Nunes",
		"idade": 74,
		"cpf": "478.670.501-24",
		"rg": "46.240.629-5",
		"data_nasc": "25/01/1949",
		"sexo": "Masculino",
		"signo": "Aquário",
		"mae": "Aline Catarina",
		"pai": "Igor Isaac Raimundo Nunes",
		"email": "filipe_nunes@fpsgeodata.com.br",
		"senha": "781RKFzdAf",
		"cep": "72650-815",
		"endereco": "Quadra Quadra 805 Conjunto 3",
		"numero": 702,
		"bairro": "Recanto das Emas",
		"cidade": "Brasília",
		"estado": "DF",
		"telefone_fixo": "(61) 3528-7410",
		"celular": "(61) 98433-0982",
		"altura": "1,74",
		"peso": 108,
		"tipo_sanguineo": "A-",
		"cor": "amarelo"
	},
	{
		"nome": "Vicente Gael da Mota",
		"idade": 80,
		"cpf": "536.673.231-07",
		"rg": "13.546.278-2",
		"data_nasc": "15/01/1943",
		"sexo": "Masculino",
		"signo": "Capricórnio",
		"mae": "Lara Priscila Amanda",
		"pai": "Breno Benjamin Danilo da Mota",
		"email": "vicente-damota76@tcotecnologia.com.br",
		"senha": "YcyoAMMt0h",
		"cep": "73060-700",
		"endereco": "Quadra AR 7",
		"numero": 227,
		"bairro": "Setor Oeste (Sobradinho II)",
		"cidade": "Brasília",
		"estado": "DF",
		"telefone_fixo": "(61) 3535-5131",
		"celular": "(61) 99173-8407",
		"altura": "1,86",
		"peso": 110,
		"tipo_sanguineo": "B-",
		"cor": "laranja"
	},
	{
		"nome": "Diogo Raul Pedro Henrique da Paz",
		"idade": 55,
		"cpf": "377.312.621-20",
		"rg": "32.007.843-7",
		"data_nasc": "04/02/1968",
		"sexo": "Masculino",
		"signo": "Aquário",
		"mae": "Cristiane Alessandra",
		"pai": "João Noah da Paz",
		"email": "diogo_raul_dapaz@marcati.com",
		"senha": "QrW5Iz67AE",
		"cep": "72231-553",
		"endereco": "Quadra EQNP 14/18 Módulo C",
		"numero": 464,
		"bairro": "Ceilândia Sul (Ceilândia)",
		"cidade": "Brasília",
		"estado": "DF",
		"telefone_fixo": "(61) 3667-0725",
		"celular": "(61) 98763-8998",
		"altura": "1,83",
		"peso": 108,
		"tipo_sanguineo": "A-",
		"cor": "verde"
	},
	{
		"nome": "Igor Nicolas da Rosa",
		"idade": 32,
		"cpf": "149.542.371-90",
		"rg": "43.276.827-0",
		"data_nasc": "24/01/1991",
		"sexo": "Masculino",
		"signo": "Aquário",
		"mae": "Sônia Simone Alessandra",
		"pai": "Noah Thiago João da Rosa",
		"email": "igornicolasdarosa@corp.inf.br",
		"senha": "rpkbgASjmZ",
		"cep": "73062-300",
		"endereco": "Conjunto AR 13",
		"numero": 817,
		"bairro": "Setor Oeste (Sobradinho II)",
		"cidade": "Brasília",
		"estado": "DF",
		"telefone_fixo": "(61) 3651-3090",
		"celular": "(61) 98500-3696",
		"altura": "1,97",
		"peso": 52,
		"tipo_sanguineo": "O+",
		"cor": "amarelo"
	},
	{
		"nome": "Ricardo Nelson Henrique Pires",
		"idade": 69,
		"cpf": "641.937.641-68",
		"rg": "25.105.743-4",
		"data_nasc": "05/02/1954",
		"sexo": "Masculino",
		"signo": "Aquário",
		"mae": "Mariah Giovanna Rosa",
		"pai": "Tomás Caleb Arthur Pires",
		"email": "ricardonelsonpires@aspadvocacia.com",
		"senha": "wo9rabF5Lm",
		"cep": "73368-132",
		"endereco": "Quadra 4A Conjunto B",
		"numero": 425,
		"bairro": "Arapoanga (Planaltina)",
		"cidade": "Brasília",
		"estado": "DF",
		"telefone_fixo": "(61) 3584-3141",
		"celular": "(61) 99462-6253",
		"altura": "1,62",
		"peso": 54,
		"tipo_sanguineo": "O+",
		"cor": "verde"
	},
	{
		"nome": "Caroline Fernanda Fátima Almeida",
		"idade": 62,
		"cpf": "283.881.871-63",
		"rg": "25.363.088-5",
		"data_nasc": "16/02/1961",
		"sexo": "Feminino",
		"signo": "Aquário",
		"mae": "Antônia Melissa Sophia",
		"pai": "Augusto Julio Almeida",
		"email": "caroline_almeida@lta-am.com.br",
		"senha": "um22GTqXPw",
		"cep": "72329-547",
		"endereco": "Quadra QN 431 Área Especial 1",
		"numero": 869,
		"bairro": "Samambaia Norte (Samambaia)",
		"cidade": "Brasília",
		"estado": "DF",
		"telefone_fixo": "(61) 3669-4468",
		"celular": "(61) 99435-0578",
		"altura": "1,62",
		"peso": 82,
		"tipo_sanguineo": "O+",
		"cor": "roxo"
	},
	{
		"nome": "Lara Bianca Antonella Castro",
		"idade": 60,
		"cpf": "390.651.311-40",
		"rg": "47.660.532-5",
		"data_nasc": "18/01/1963",
		"sexo": "Feminino",
		"signo": "Capricórnio",
		"mae": "Sara Marli Isabella",
		"pai": "Igor Ricardo Benício Castro",
		"email": "lara_castro@advogadosempresariais.com.br",
		"senha": "AwtpcSMUte",
		"cep": "70620-020",
		"endereco": "Setor SAM Bloco B",
		"numero": 667,
		"bairro": "Setores Complementares",
		"cidade": "Brasília",
		"estado": "DF",
		"telefone_fixo": "(61) 3956-6029",
		"celular": "(61) 99708-8140",
		"altura": "1,59",
		"peso": 87,
		"tipo_sanguineo": "B-",
		"cor": "preto"
	},
	{
		"nome": "Daniel Lorenzo Carvalho",
		"idade": 58,
		"cpf": "430.564.701-02",
		"rg": "10.505.874-9",
		"data_nasc": "06/02/1965",
		"sexo": "Masculino",
		"signo": "Aquário",
		"mae": "Sônia Emily",
		"pai": "Luan Paulo Arthur Carvalho",
		"email": "daniel-carvalho97@live.dk",
		"senha": "GESXbGr9xN",
		"cep": "72444-117",
		"endereco": "Colônia Agrícola Córrego do Crispim Chácara 17",
		"numero": 578,
		"bairro": "Setor Leste (Gama)",
		"cidade": "Brasília",
		"estado": "DF",
		"telefone_fixo": "(61) 3728-3690",
		"celular": "(61) 99747-3365",
		"altura": "1,63",
		"peso": 96,
		"tipo_sanguineo": "B+",
		"cor": "vermelho"
	},
	{
		"nome": "Isabela Laura Nicole da Cruz",
		"idade": 40,
		"cpf": "948.995.561-28",
		"rg": "46.669.847-1",
		"data_nasc": "12/02/1983",
		"sexo": "Feminino",
		"signo": "Aquário",
		"mae": "Rosa Luna Silvana",
		"pai": "Renan Lorenzo Rafael da Cruz",
		"email": "isabela.laura.dacruz@email.com",
		"senha": "35jXqGkiQ7",
		"cep": "71820-406",
		"endereco": "Quadra QS 4 Conjunto 6",
		"numero": 657,
		"bairro": "Riacho Fundo I",
		"cidade": "Brasília",
		"estado": "DF",
		"telefone_fixo": "(61) 2797-0039",
		"celular": "(61) 99938-4941",
		"altura": "1,80",
		"peso": 81,
		"tipo_sanguineo": "A+",
		"cor": "azul"
	},
	{
		"nome": "Emily Adriana da Luz",
		"idade": 57,
		"cpf": "902.813.361-56",
		"rg": "17.419.763-9",
		"data_nasc": "14/02/1966",
		"sexo": "Feminino",
		"signo": "Aquário",
		"mae": "Mariana Emilly Marli",
		"pai": "Luís Sérgio da Luz",
		"email": "emily-daluz91@directnet.com.br",
		"senha": "dOzdle3aOM",
		"cep": "71572-606",
		"endereco": "Quadra Quadra 26 Conjunto F",
		"numero": 737,
		"bairro": "Paranoá",
		"cidade": "Brasília",
		"estado": "DF",
		"telefone_fixo": "(61) 3784-8375",
		"celular": "(61) 98420-4084",
		"altura": "1,58",
		"peso": 76,
		"tipo_sanguineo": "O-",
		"cor": "preto"
	},
	{
		"nome": "Emily Antonella Gonçalves",
		"idade": 79,
		"cpf": "106.080.071-37",
		"rg": "37.939.354-2",
		"data_nasc": "20/02/1944",
		"sexo": "Feminino",
		"signo": "Peixes",
		"mae": "Luna Fabiana Stefany",
		"pai": "Fernando Victor Leonardo Gonçalves",
		"email": "emily-goncalves83@franciscofilho.adv.br",
		"senha": "uP6szpikP1",
		"cep": "71741-506",
		"endereco": "Quadra SMPW Quadra 15 Conjunto 6",
		"numero": 998,
		"bairro": "Setor de Mansões Park Way",
		"cidade": "Brasília",
		"estado": "DF",
		"telefone_fixo": "(61) 2566-8984",
		"celular": "(61) 98847-8954",
		"altura": "1,66",
		"peso": 47,
		"tipo_sanguineo": "AB+",
		"cor": "verde"
	},
	{
		"nome": "Patrícia Aurora da Costa",
		"idade": 44,
		"cpf": "877.301.191-61",
		"rg": "39.098.124-2",
		"data_nasc": "06/01/1979",
		"sexo": "Feminino",
		"signo": "Capricórnio",
		"mae": "Mirella Rafaela Mariah",
		"pai": "Kauê Emanuel Bryan da Costa",
		"email": "patricia_aurora_dacosta@econe.com.br",
		"senha": "1108bWJ08y",
		"cep": "72300-647",
		"endereco": "Quadra Quadra 302 Conjunto 9",
		"numero": 614,
		"bairro": "Samambaia Sul (Samambaia)",
		"cidade": "Brasília",
		"estado": "DF",
		"telefone_fixo": "(61) 3680-5071",
		"celular": "(61) 99241-7341",
		"altura": "1,61",
		"peso": 53,
		"tipo_sanguineo": "AB+",
		"cor": "laranja"
	},
	{
		"nome": "Thales Emanuel Raul Peixoto",
		"idade": 23,
		"cpf": "757.895.461-02",
		"rg": "29.699.206-9",
		"data_nasc": "02/02/2000",
		"sexo": "Masculino",
		"signo": "Aquário",
		"mae": "Cecília Regina Daniela",
		"pai": "Pedro Raul Peixoto",
		"email": "thalesemanuelpeixoto@viamoc.com.br",
		"senha": "pBm8zKYH0h",
		"cep": "70853-100",
		"endereco": "Quadra SQN 208 Bloco J",
		"numero": 717,
		"bairro": "Asa Norte",
		"cidade": "Brasília",
		"estado": "DF",
		"telefone_fixo": "(61) 3992-4300",
		"celular": "(61) 98403-5192",
		"altura": "1,64",
		"peso": 59,
		"tipo_sanguineo": "A+",
		"cor": "preto"
	},
	{
		"nome": "Diego Hugo Otávio Brito",
		"idade": 65,
		"cpf": "242.955.671-59",
		"rg": "30.032.292-6",
		"data_nasc": "12/01/1958",
		"sexo": "Masculino",
		"signo": "Capricórnio",
		"mae": "Stefany Tânia Maya",
		"pai": "Luan Leonardo Emanuel Brito",
		"email": "diego_brito@attglobal.net",
		"senha": "KGMwEThAES",
		"cep": "73368-710",
		"endereco": "Quadra 18 Conjunto I",
		"numero": 117,
		"bairro": "Arapoanga (Planaltina)",
		"cidade": "Brasília",
		"estado": "DF",
		"telefone_fixo": "(61) 3741-8559",
		"celular": "(61) 99753-0991",
		"altura": "1,83",
		"peso": 93,
		"tipo_sanguineo": "AB-",
		"cor": "verde"
	},
	{
		"nome": "Raquel Sabrina Agatha Cardoso",
		"idade": 76,
		"cpf": "807.855.951-80",
		"rg": "20.859.133-3",
		"data_nasc": "11/01/1947",
		"sexo": "Feminino",
		"signo": "Capricórnio",
		"mae": "Daniela Melissa Bárbara",
		"pai": "Kaique Davi Oliver Cardoso",
		"email": "raquel.sabrina.cardoso@demasi.com.br",
		"senha": "wASBEJ4r4a",
		"cep": "71071-012",
		"endereco": "Quadra QE 50 Conjunto A",
		"numero": 123,
		"bairro": "Guará II",
		"cidade": "Brasília",
		"estado": "DF",
		"telefone_fixo": "(61) 2825-5618",
		"celular": "(61) 98922-3783",
		"altura": "1,57",
		"peso": 56,
		"tipo_sanguineo": "A+",
		"cor": "azul"
	},
	{
		"nome": "Isabelle Maitê Flávia Ribeiro",
		"idade": 40,
		"cpf": "062.592.471-17",
		"rg": "32.407.708-7",
		"data_nasc": "20/01/1983",
		"sexo": "Feminino",
		"signo": "Capricórnio",
		"mae": "Isabella Jaqueline Bianca",
		"pai": "Tiago Henry Renato Ribeiro",
		"email": "isabelle_maite_ribeiro@3coreonline.com.br",
		"senha": "0a2oiktmdC",
		"cep": "72425-152",
		"endereco": "Quadra EQ 09/19 Bloco B",
		"numero": 465,
		"bairro": "Setor Oeste (Gama)",
		"cidade": "Brasília",
		"estado": "DF",
		"telefone_fixo": "(61) 3721-6357",
		"celular": "(61) 99582-6012",
		"altura": "1,78",
		"peso": 66,
		"tipo_sanguineo": "B+",
		"cor": "roxo"
	},
	{
		"nome": "Emanuelly Alana Jéssica das Neves",
		"idade": 28,
		"cpf": "464.276.121-74",
		"rg": "39.500.531-0",
		"data_nasc": "25/01/1995",
		"sexo": "Feminino",
		"signo": "Aquário",
		"mae": "Jéssica Alice",
		"pai": "Enzo Bernardo Osvaldo das Neves",
		"email": "emanuellyalanadasneves@alcastro.com.br",
		"senha": "nUGNgpyDnJ",
		"cep": "72650-315",
		"endereco": "Quadra Quadra 802 Conjunto 21",
		"numero": 873,
		"bairro": "Recanto das Emas",
		"cidade": "Brasília",
		"estado": "DF",
		"telefone_fixo": "(61) 2746-2360",
		"celular": "(61) 98864-0097",
		"altura": "1,70",
		"peso": 53,
		"tipo_sanguineo": "O+",
		"cor": "laranja"
	},
	{
		"nome": "Lucas Arthur Moura",
		"idade": 61,
		"cpf": "518.826.161-89",
		"rg": "22.257.034-9",
		"data_nasc": "05/01/1962",
		"sexo": "Masculino",
		"signo": "Capricórnio",
		"mae": "Betina Luiza",
		"pai": "Murilo Sérgio Filipe Moura",
		"email": "lucas.arthur.moura@trincheira.com.br",
		"senha": "Ynakl0Rz5x",
		"cep": "73330-083",
		"endereco": "Avenida Floriano Peixoto",
		"numero": 614,
		"bairro": "Setor Tradicional (Planaltina)",
		"cidade": "Brasília",
		"estado": "DF",
		"telefone_fixo": "(61) 2551-2410",
		"celular": "(61) 99739-1545",
		"altura": "1,70",
		"peso": 83,
		"tipo_sanguineo": "AB+",
		"cor": "azul"
	},
	{
		"nome": "Helena Emanuelly Mariana Fogaça",
		"idade": 68,
		"cpf": "769.131.241-55",
		"rg": "13.821.826-2",
		"data_nasc": "10/02/1955",
		"sexo": "Feminino",
		"signo": "Aquário",
		"mae": "Teresinha Liz Nair",
		"pai": "Gabriel Oliver Fogaça",
		"email": "helena_emanuelly_fogaca@balaiofilmes.com.br",
		"senha": "WWqEDeIpZf",
		"cep": "71881-153",
		"endereco": "Quadra QN 14E Conjunto 3",
		"numero": 306,
		"bairro": "Riacho Fundo II",
		"cidade": "Brasília",
		"estado": "DF",
		"telefone_fixo": "(61) 3941-6072",
		"celular": "(61) 98877-8447",
		"altura": "1,52",
		"peso": 74,
		"tipo_sanguineo": "O-",
		"cor": "preto"
	},
	{
		"nome": "Arthur Vinicius Carlos Cavalcanti",
		"idade": 34,
		"cpf": "990.986.371-59",
		"rg": "35.088.659-3",
		"data_nasc": "23/02/1989",
		"sexo": "Masculino",
		"signo": "Peixes",
		"mae": "Fabiana Analu Emilly",
		"pai": "Henrique Lucas Cavalcanti",
		"email": "arthur_vinicius_cavalcanti@caferibeiro.com.br",
		"senha": "moOE0G4kHB",
		"cep": "72007-485",
		"endereco": "Rua Rua 12 Chácara 137",
		"numero": 985,
		"bairro": "Setor Habitacional Vicente Pires",
		"cidade": "Brasília",
		"estado": "DF",
		"telefone_fixo": "(61) 2704-5290",
		"celular": "(61) 99591-5757",
		"altura": "1,68",
		"peso": 65,
		"tipo_sanguineo": "A+",
		"cor": "vermelho"
	},
	{
		"nome": "Stella Laís Moreira",
		"idade": 58,
		"cpf": "344.295.681-11",
		"rg": "28.852.082-8",
		"data_nasc": "14/02/1965",
		"sexo": "Feminino",
		"signo": "Aquário",
		"mae": "Sarah Sarah Francisca",
		"pai": "Gabriel Anthony Moreira",
		"email": "stella-moreira72@arosacampinas.com.br",
		"senha": "ZpKyf6PhK1",
		"cep": "71884-573",
		"endereco": "Quadra QS 16 Conjunto 1A",
		"numero": 867,
		"bairro": "Riacho Fundo II",
		"cidade": "Brasília",
		"estado": "DF",
		"telefone_fixo": "(61) 2892-8444",
		"celular": "(61) 98495-2726",
		"altura": "1,58",
		"peso": 54,
		"tipo_sanguineo": "O+",
		"cor": "vermelho"
	},
	{
		"nome": "Antônia Gabriela Carla Pinto",
		"idade": 51,
		"cpf": "438.997.941-84",
		"rg": "35.276.274-3",
		"data_nasc": "24/01/1972",
		"sexo": "Feminino",
		"signo": "Aquário",
		"mae": "Jaqueline Andrea",
		"pai": "Anthony Mateus Pinto",
		"email": "antonia_pinto@novaequipem.com.br",
		"senha": "CWqywYJTZg",
		"cep": "70765-110",
		"endereco": "Quadra SQN 312 Bloco K",
		"numero": 420,
		"bairro": "Asa Norte",
		"cidade": "Brasília",
		"estado": "DF",
		"telefone_fixo": "(61) 2571-9402",
		"celular": "(61) 99506-7552",
		"altura": "1,77",
		"peso": 46,
		"tipo_sanguineo": "B-",
		"cor": "vermelho"
	},
	{
		"nome": "Carlos Anthony Teixeira",
		"idade": 64,
		"cpf": "466.892.741-44",
		"rg": "50.149.494-7",
		"data_nasc": "22/02/1959",
		"sexo": "Masculino",
		"signo": "Peixes",
		"mae": "Esther Lúcia Stella",
		"pai": "Otávio Daniel Lucca Teixeira",
		"email": "carlos.anthony.teixeira@trustsign.com.br",
		"senha": "kb8RT4bRBg",
		"cep": "71742-000",
		"endereco": "Quadra SMPW Quadra 19",
		"numero": 494,
		"bairro": "Setor de Mansões Park Way",
		"cidade": "Brasília",
		"estado": "DF",
		"telefone_fixo": "(61) 2583-8670",
		"celular": "(61) 98456-2524",
		"altura": "1,96",
		"peso": 85,
		"tipo_sanguineo": "O+",
		"cor": "azul"
	},
	{
		"nome": "Hugo Elias Guilherme Corte Real",
		"idade": 32,
		"cpf": "059.062.931-08",
		"rg": "27.395.860-4",
		"data_nasc": "08/02/1991",
		"sexo": "Masculino",
		"signo": "Aquário",
		"mae": "Patrícia Laura Letícia",
		"pai": "Nathan Bento Corte Real",
		"email": "hugo_elias_cortereal@cbaidiomas.com",
		"senha": "FRTIRQmxD0",
		"cep": "72603-409",
		"endereco": "Quadra Quadra 116 Conjunto 6-A",
		"numero": 882,
		"bairro": "Recanto das Emas",
		"cidade": "Brasília",
		"estado": "DF",
		"telefone_fixo": "(61) 2775-7656",
		"celular": "(61) 98839-1166",
		"altura": "1,71",
		"peso": 65,
		"tipo_sanguineo": "B-",
		"cor": "azul"
	},
	{
		"nome": "Rodrigo Kauê Freitas",
		"idade": 34,
		"cpf": "639.982.971-20",
		"rg": "29.761.636-5",
		"data_nasc": "06/02/1989",
		"sexo": "Masculino",
		"signo": "Aquário",
		"mae": "Ester Rosa",
		"pai": "Cauê Geraldo Miguel Freitas",
		"email": "rodrigo_freitas@terra.com.br",
		"senha": "WaxOUH9PUf",
		"cep": "72720-650",
		"endereco": "Área Especial 5",
		"numero": 673,
		"bairro": "Setor Tradicional (Brazlândia)",
		"cidade": "Brasília",
		"estado": "DF",
		"telefone_fixo": "(61) 2922-7128",
		"celular": "(61) 98910-4045",
		"altura": "1,86",
		"peso": 66,
		"tipo_sanguineo": "AB+",
		"cor": "vermelho"
	},
	{
		"nome": "Sophie Flávia da Conceição",
		"idade": 77,
		"cpf": "486.862.431-85",
		"rg": "40.432.997-4",
		"data_nasc": "09/02/1946",
		"sexo": "Feminino",
		"signo": "Aquário",
		"mae": "Bárbara Elaine Benedita",
		"pai": "Victor Vinicius Giovanni da Conceição",
		"email": "sophie_daconceicao@brasfrutmanaus.com.br",
		"senha": "B4STsLjgjn",
		"cep": "73340-722",
		"endereco": "Quadra Quadra B Conjunto B-2",
		"numero": 246,
		"bairro": "Vila Nossa Senhora de Fátima (Planaltina)",
		"cidade": "Brasília",
		"estado": "DF",
		"telefone_fixo": "(61) 3542-7003",
		"celular": "(61) 98912-6354",
		"altura": "1,67",
		"peso": 88,
		"tipo_sanguineo": "O-",
		"cor": "amarelo"
	},
	{
		"nome": "Isabella Aparecida Costa",
		"idade": 72,
		"cpf": "263.988.011-05",
		"rg": "33.051.302-3",
		"data_nasc": "02/02/1951",
		"sexo": "Feminino",
		"signo": "Aquário",
		"mae": "Daniela Amanda",
		"pai": "Kauê Bryan Costa",
		"email": "isabella_aparecida_costa@grupoaerius.com.br",
		"senha": "LEwPGPArZz",
		"cep": "72548-415",
		"endereco": "Quadra QR 118 Conjunto O",
		"numero": 874,
		"bairro": "Santa Maria",
		"cidade": "Brasília",
		"estado": "DF",
		"telefone_fixo": "(61) 3759-4591",
		"celular": "(61) 99854-6969",
		"altura": "1,67",
		"peso": 88,
		"tipo_sanguineo": "B-",
		"cor": "laranja"
	},
	{
		"nome": "Bento Nathan Francisco da Cunha",
		"idade": 48,
		"cpf": "529.373.871-28",
		"rg": "19.885.100-5",
		"data_nasc": "11/02/1975",
		"sexo": "Masculino",
		"signo": "Aquário",
		"mae": "Olivia Catarina",
		"pai": "Marcos Martin Daniel da Cunha",
		"email": "bento_dacunha@controtel.com.br",
		"senha": "LITfd5Xc19",
		"cep": "71570-609",
		"endereco": "Quadra Quadra 6 Conjunto I",
		"numero": 207,
		"bairro": "Paranoá",
		"cidade": "Brasília",
		"estado": "DF",
		"telefone_fixo": "(61) 2865-9382",
		"celular": "(61) 99625-7249",
		"altura": "1,84",
		"peso": 106,
		"tipo_sanguineo": "A-",
		"cor": "verde"
	},
	{
		"nome": "Renato Rodrigo Kauê Figueiredo",
		"idade": 56,
		"cpf": "433.311.101-32",
		"rg": "43.835.989-6",
		"data_nasc": "03/02/1967",
		"sexo": "Masculino",
		"signo": "Aquário",
		"mae": "Andrea Nicole Isabella",
		"pai": "Benício Luiz Figueiredo",
		"email": "renato.rodrigo.figueiredo@rauh.net",
		"senha": "x2aOlmgjAs",
		"cep": "73368-670",
		"endereco": "Quadra 14A Conjunto I",
		"numero": 911,
		"bairro": "Arapoanga (Planaltina)",
		"cidade": "Brasília",
		"estado": "DF",
		"telefone_fixo": "(61) 3980-8265",
		"celular": "(61) 99475-3434",
		"altura": "1,92",
		"peso": 60,
		"tipo_sanguineo": "AB-",
		"cor": "vermelho"
	}
]