[
	{
		"nome": "Marcela Nair Luiza Costa",
		"idade": 49,
		"cpf": "728.135.927-65",
		"rg": "28.438.170-6",
		"data_nasc": "21/01/1974",
		"sexo": "Feminino",
		"signo": "Aquário",
		"mae": "Helena Patrícia",
		"pai": "Igor Vicente Theo Costa",
		"email": "marcela_costa@outlock.com",
		"senha": "SCxgBdNY1M",
		"cep": "68909-605",
		"endereco": "Alameda Floração",
		"numero": 857,
		"bairro": "Boné Azul",
		"cidade": "Macapá",
		"estado": "AP",
		"telefone_fixo": "(96) 2916-8641",
		"celular": "(96) 99124-6954",
		"altura": "1,76",
		"peso": 87,
		"tipo_sanguineo": "A-",
		"cor": "laranja"
	},
	{
		"nome": "Bárbara Márcia Ramos",
		"idade": 65,
		"cpf": "922.095.778-70",
		"rg": "38.469.256-4",
		"data_nasc": "09/01/1958",
		"sexo": "Feminino",
		"signo": "Capricórnio",
		"mae": "Caroline Catarina",
		"pai": "Yago Nicolas Otávio Ramos",
		"email": "barbara_marcia_ramos@vhbadvogados.com.br",
		"senha": "R3Kwx1nAOH",
		"cep": "49060-676",
		"endereco": "Rua B",
		"numero": 348,
		"bairro": "Palestina",
		"cidade": "Aracaju",
		"estado": "SE",
		"telefone_fixo": "(79) 3805-9470",
		"celular": "(79) 98245-7058",
		"altura": "1,73",
		"peso": 51,
		"tipo_sanguineo": "A+",
		"cor": "preto"
	},
	{
		"nome": "Guilherme Bryan Kauê Sales",
		"idade": 19,
		"cpf": "600.879.816-37",
		"rg": "27.954.042-5",
		"data_nasc": "08/01/2004",
		"sexo": "Masculino",
		"signo": "Capricórnio",
		"mae": "Flávia Rebeca",
		"pai": "Tomás João Levi Sales",
		"email": "guilherme.bryan.sales@brastek.com.br",
		"senha": "qagskoTzpC",
		"cep": "72261-016",
		"endereco": "Quadra QNO 19 Conjunto 16",
		"numero": 751,
		"bairro": "Ceilândia Norte (Ceilândia)",
		"cidade": "Brasília",
		"estado": "DF",
		"telefone_fixo": "(61) 2708-1801",
		"celular": "(61) 98421-7250",
		"altura": "1,86",
		"peso": 80,
		"tipo_sanguineo": "A+",
		"cor": "preto"
	},
	{
		"nome": "Sarah Tânia Yasmin Pereira",
		"idade": 65,
		"cpf": "598.847.399-78",
		"rg": "18.557.802-0",
		"data_nasc": "15/01/1958",
		"sexo": "Feminino",
		"signo": "Capricórnio",
		"mae": "Priscila Teresinha",
		"pai": "Paulo Igor Gabriel Pereira",
		"email": "sarah_pereira@said.adv.br",
		"senha": "AjXDUOicjz",
		"cep": "66026-334",
		"endereco": "Vila Sophia",
		"numero": 698,
		"bairro": "Jurunas",
		"cidade": "Belém",
		"estado": "PA",
		"telefone_fixo": "(91) 3678-0980",
		"celular": "(91) 98697-0751",
		"altura": "1,70",
		"peso": 82,
		"tipo_sanguineo": "AB-",
		"cor": "azul"
	},
	{
		"nome": "Thomas Gael Oliver Assunção",
		"idade": 44,
		"cpf": "021.600.755-07",
		"rg": "46.101.871-8",
		"data_nasc": "23/01/1979",
		"sexo": "Masculino",
		"signo": "Aquário",
		"mae": "Betina Benedita Sophia",
		"pai": "Cauê Yuri Assunção",
		"email": "thomas_gael_assuncao@kascher.com.br",
		"senha": "gzrTUks3gr",
		"cep": "24725-325",
		"endereco": "Rua Agenor Pacheco",
		"numero": 250,
		"bairro": "Vista Alegre",
		"cidade": "São Gonçalo",
		"estado": "RJ",
		"telefone_fixo": "(21) 3846-5290",
		"celular": "(21) 98913-4086",
		"altura": "1,80",
		"peso": 105,
		"tipo_sanguineo": "B+",
		"cor": "azul"
	},
	{
		"nome": "Valentina Catarina Duarte",
		"idade": 70,
		"cpf": "924.977.596-26",
		"rg": "46.485.291-2",
		"data_nasc": "10/02/1953",
		"sexo": "Feminino",
		"signo": "Aquário",
		"mae": "Sônia Yasmin",
		"pai": "Benício Henrique Duarte",
		"email": "valentina_catarina_duarte@daimler.com",
		"senha": "sH6kiGxbqe",
		"cep": "58102-133",
		"endereco": "Rua Golfo de Danzig",
		"numero": 381,
		"bairro": "Intermares",
		"cidade": "Cabedelo",
		"estado": "PB",
		"telefone_fixo": "(83) 2815-6918",
		"celular": "(83) 98167-7831",
		"altura": "1,68",
		"peso": 61,
		"tipo_sanguineo": "A-",
		"cor": "vermelho"
	},
	{
		"nome": "Isabelle Betina Kamilly Novaes",
		"idade": 38,
		"cpf": "847.740.660-01",
		"rg": "31.174.792-9",
		"data_nasc": "09/01/1985",
		"sexo": "Feminino",
		"signo": "Capricórnio",
		"mae": "Raimunda Tânia Stella",
		"pai": "Mário Tomás Novaes",
		"email": "isabellebetinanovaes@terra.com.br",
		"senha": "19qmPc5jMA",
		"cep": "58034-240",
		"endereco": "Rua Juracy de Carvalho Luna",
		"numero": 622,
		"bairro": "Brisamar",
		"cidade": "João Pessoa",
		"estado": "PB",
		"telefone_fixo": "(83) 3949-4731",
		"celular": "(83) 99161-8733",
		"altura": "1,75",
		"peso": 81,
		"tipo_sanguineo": "O-",
		"cor": "laranja"
	},
	{
		"nome": "Felipe Mateus Luan Lopes",
		"idade": 26,
		"cpf": "793.627.229-17",
		"rg": "41.476.501-1",
		"data_nasc": "03/02/1997",
		"sexo": "Masculino",
		"signo": "Aquário",
		"mae": "Cláudia Alessandra",
		"pai": "Mateus Diego Renato Lopes",
		"email": "felipe_mateus_lopes@xerocopiadora.com.br",
		"senha": "9jttCku16m",
		"cep": "79904-422",
		"endereco": "Rua Tomaz Laranjeira",
		"numero": 440,
		"bairro": "Vila Luiz Curvo",
		"cidade": "Ponta Porã",
		"estado": "MS",
		"telefone_fixo": "(67) 2619-5045",
		"celular": "(67) 98443-4177",
		"altura": "1,92",
		"peso": 59,
		"tipo_sanguineo": "A+",
		"cor": "verde"
	},
	{
		"nome": "Yasmin Evelyn Allana Peixoto",
		"idade": 53,
		"cpf": "818.658.522-28",
		"rg": "17.929.377-1",
		"data_nasc": "21/02/1970",
		"sexo": "Feminino",
		"signo": "Peixes",
		"mae": "Nicole Renata Nair",
		"pai": "Bernardo Cauê Henry Peixoto",
		"email": "yasminevelynpeixoto@technew.ind.br",
		"senha": "G9BWoa2NG8",
		"cep": "69313-742",
		"endereco": "Avenida Carlos Pereira de Melo",
		"numero": 481,
		"bairro": "União",
		"cidade": "Boa Vista",
		"estado": "RR",
		"telefone_fixo": "(95) 2683-5263",
		"celular": "(95) 98811-5716",
		"altura": "1,66",
		"peso": 58,
		"tipo_sanguineo": "B-",
		"cor": "vermelho"
	},
	{
		"nome": "Bento Daniel Anthony da Costa",
		"idade": 22,
		"cpf": "618.780.180-60",
		"rg": "11.467.428-0",
		"data_nasc": "01/01/2001",
		"sexo": "Masculino",
		"signo": "Capricórnio",
		"mae": "Heloisa Beatriz Betina",
		"pai": "Heitor Giovanni Elias da Costa",
		"email": "bento_dacosta@infilink.com.br",
		"senha": "kNL0pGCts2",
		"cep": "69104-606",
		"endereco": "Rua Benjamim Constant",
		"numero": 979,
		"bairro": "Jardim Lorena",
		"cidade": "Itacoatiara",
		"estado": "AM",
		"telefone_fixo": "(92) 2632-3120",
		"celular": "(92) 98691-3518",
		"altura": "1,84",
		"peso": 86,
		"tipo_sanguineo": "A+",
		"cor": "laranja"
	},
	{
		"nome": "Francisca Julia Alves",
		"idade": 50,
		"cpf": "936.306.964-81",
		"rg": "46.982.768-3",
		"data_nasc": "09/02/1973",
		"sexo": "Feminino",
		"signo": "Aquário",
		"mae": "Flávia Camila Carla",
		"pai": "Lorenzo Ian Alves",
		"email": "francisca.julia.alves@lnaa.com.br",
		"senha": "zPOBWnq7co",
		"cep": "49080-040",
		"endereco": "Rua Amapá",
		"numero": 368,
		"bairro": "América",
		"cidade": "Aracaju",
		"estado": "SE",
		"telefone_fixo": "(79) 2529-7655",
		"celular": "(79) 98356-4394",
		"altura": "1,69",
		"peso": 78,
		"tipo_sanguineo": "B+",
		"cor": "azul"
	},
	{
		"nome": "Fernando José Moreira",
		"idade": 47,
		"cpf": "732.804.404-75",
		"rg": "30.173.629-7",
		"data_nasc": "14/02/1976",
		"sexo": "Masculino",
		"signo": "Aquário",
		"mae": "Maria Débora",
		"pai": "Yago Anderson Moreira",
		"email": "fernando-moreira73@tkk.com.br",
		"senha": "xrJ39ci2FD",
		"cep": "21011-781",
		"endereco": "Rua Santo Antônio de Pádua",
		"numero": 269,
		"bairro": "Vigário Geral",
		"cidade": "Rio de Janeiro",
		"estado": "RJ",
		"telefone_fixo": "(21) 3976-9556",
		"celular": "(21) 99641-1455",
		"altura": "1,76",
		"peso": 93,
		"tipo_sanguineo": "AB+",
		"cor": "roxo"
	},
	{
		"nome": "Carlos Enrico Bruno da Paz",
		"idade": 66,
		"cpf": "766.569.994-41",
		"rg": "19.299.291-0",
		"data_nasc": "22/02/1957",
		"sexo": "Masculino",
		"signo": "Peixes",
		"mae": "Luna Heloisa",
		"pai": "Ryan Anderson da Paz",
		"email": "carlos_enrico_dapaz@otimatransportes.com",
		"senha": "Ja1EE1frOi",
		"cep": "49060-220",
		"endereco": "Travessa Eládio Souza",
		"numero": 170,
		"bairro": "Santo Antônio",
		"cidade": "Aracaju",
		"estado": "SE",
		"telefone_fixo": "(79) 3829-8390",
		"celular": "(79) 98267-5789",
		"altura": "1,63",
		"peso": 105,
		"tipo_sanguineo": "AB+",
		"cor": "vermelho"
	},
	{
		"nome": "Benedito Luís Mendes",
		"idade": 69,
		"cpf": "682.034.361-29",
		"rg": "43.859.002-8",
		"data_nasc": "16/01/1954",
		"sexo": "Masculino",
		"signo": "Capricórnio",
		"mae": "Marli Eduarda",
		"pai": "Fernando Otávio Mendes",
		"email": "benedito.luis.mendes@naressi.com.br",
		"senha": "GhRNrxgrTD",
		"cep": "06293-045",
		"endereco": "Passagem Antonio Martins Barbalho",
		"numero": 666,
		"bairro": "Ayrosa",
		"cidade": "Osasco",
		"estado": "SP",
		"telefone_fixo": "(11) 3756-8922",
		"celular": "(11) 98223-0549",
		"altura": "1,60",
		"peso": 57,
		"tipo_sanguineo": "O+",
		"cor": "vermelho"
	},
	{
		"nome": "Yasmin Nicole Pietra Souza",
		"idade": 61,
		"cpf": "812.131.095-40",
		"rg": "42.006.104-6",
		"data_nasc": "26/01/1962",
		"sexo": "Feminino",
		"signo": "Aquário",
		"mae": "Mariana Vera Marcela",
		"pai": "Benedito Mateus Souza",
		"email": "yasmin-souza77@carreiradasilva.com",
		"senha": "bBIhGCUczO",
		"cep": "57025-261",
		"endereco": "Rua Bacharel Jacinto Buarque de Holanda",
		"numero": 856,
		"bairro": "Poço",
		"cidade": "Maceió",
		"estado": "AL",
		"telefone_fixo": "(82) 3676-8911",
		"celular": "(82) 99693-8583",
		"altura": "1,69",
		"peso": 56,
		"tipo_sanguineo": "A+",
		"cor": "preto"
	},
	{
		"nome": "Danilo Arthur Carlos Eduardo da Rocha",
		"idade": 71,
		"cpf": "370.201.481-07",
		"rg": "46.100.736-8",
		"data_nasc": "17/01/1952",
		"sexo": "Masculino",
		"signo": "Capricórnio",
		"mae": "Renata Lívia Catarina",
		"pai": "Raimundo Manoel Caleb da Rocha",
		"email": "danilo-darocha81@acmsaopaulo.org",
		"senha": "4HOEO6QwgA",
		"cep": "57080-056",
		"endereco": "3ª Travessa Jundiá",
		"numero": 407,
		"bairro": "Canaã",
		"cidade": "Maceió",
		"estado": "AL",
		"telefone_fixo": "(82) 2779-9272",
		"celular": "(82) 98379-4298",
		"altura": "1,66",
		"peso": 73,
		"tipo_sanguineo": "O+",
		"cor": "azul"
	},
	{
		"nome": "Márcia Josefa Sara Drumond",
		"idade": 50,
		"cpf": "821.084.976-09",
		"rg": "18.161.864-3",
		"data_nasc": "22/01/1973",
		"sexo": "Feminino",
		"signo": "Aquário",
		"mae": "Alice Luiza",
		"pai": "Giovanni Fernando Ruan Drumond",
		"email": "marcia-drumond91@eberlin.agr.br",
		"senha": "712Z27Xw6R",
		"cep": "97501-845",
		"endereco": "Rua Tiradentes",
		"numero": 524,
		"bairro": "Bela Vista",
		"cidade": "Uruguaiana",
		"estado": "RS",
		"telefone_fixo": "(55) 3583-8694",
		"celular": "(55) 99614-5187",
		"altura": "1,55",
		"peso": 58,
		"tipo_sanguineo": "A-",
		"cor": "laranja"
	},
	{
		"nome": "Lúcia Renata da Luz",
		"idade": 40,
		"cpf": "059.995.105-20",
		"rg": "18.087.373-8",
		"data_nasc": "08/01/1983",
		"sexo": "Feminino",
		"signo": "Capricórnio",
		"mae": "Flávia Joana Marli",
		"pai": "Tomás Anderson da Luz",
		"email": "lucia.renata.daluz@desari.com.br",
		"senha": "FDh0LJuFs0",
		"cep": "41227-204",
		"endereco": "Travessa Bela Vista",
		"numero": 159,
		"bairro": "Calabetão",
		"cidade": "Salvador",
		"estado": "BA",
		"telefone_fixo": "(71) 2768-2936",
		"celular": "(71) 99968-8303",
		"altura": "1,54",
		"peso": 77,
		"tipo_sanguineo": "B-",
		"cor": "roxo"
	},
	{
		"nome": "Lara Mirella Gomes",
		"idade": 57,
		"cpf": "856.131.370-64",
		"rg": "20.289.402-2",
		"data_nasc": "14/01/1966",
		"sexo": "Feminino",
		"signo": "Capricórnio",
		"mae": "Eduarda Stefany",
		"pai": "Levi Diego Gomes",
		"email": "lara.mirella.gomes@paginacom.com.br",
		"senha": "Zo92amN5yR",
		"cep": "75904-032",
		"endereco": "Rua Santinho Veloso",
		"numero": 798,
		"bairro": "Setor Pausanes",
		"cidade": "Rio Verde",
		"estado": "GO",
		"telefone_fixo": "(64) 3950-7411",
		"celular": "(64) 98976-6073",
		"altura": "1,58",
		"peso": 63,
		"tipo_sanguineo": "AB-",
		"cor": "preto"
	},
	{
		"nome": "Benício Tiago Luan Assis",
		"idade": 36,
		"cpf": "576.674.814-07",
		"rg": "20.254.894-6",
		"data_nasc": "01/01/1987",
		"sexo": "Masculino",
		"signo": "Capricórnio",
		"mae": "Bianca Manuela",
		"pai": "Cláudio Martin Assis",
		"email": "benicio-assis88@baptistas.com.br",
		"senha": "KGxzmrNUu8",
		"cep": "55819-901",
		"endereco": "Praça São José, s/n",
		"numero": 648,
		"bairro": "São José",
		"cidade": "Carpina",
		"estado": "PE",
		"telefone_fixo": "(81) 2718-9535",
		"celular": "(81) 99551-6677",
		"altura": "1,73",
		"peso": 53,
		"tipo_sanguineo": "AB-",
		"cor": "verde"
	},
	{
		"nome": "Alexandre Diogo Santos",
		"idade": 28,
		"cpf": "328.020.963-38",
		"rg": "19.461.088-3",
		"data_nasc": "11/01/1995",
		"sexo": "Masculino",
		"signo": "Capricórnio",
		"mae": "Manuela Olivia",
		"pai": "Jorge Manuel Paulo Santos",
		"email": "alexandrediogosantos@inpa.gov.br",
		"senha": "99ohj5cuNQ",
		"cep": "69082-515",
		"endereco": "Travessa Walter Gropius",
		"numero": 293,
		"bairro": "Coroado",
		"cidade": "Manaus",
		"estado": "AM",
		"telefone_fixo": "(92) 2618-9684",
		"celular": "(92) 99775-2235",
		"altura": "1,69",
		"peso": 80,
		"tipo_sanguineo": "A-",
		"cor": "roxo"
	},
	{
		"nome": "Luís Diego Bernardes",
		"idade": 66,
		"cpf": "566.129.458-18",
		"rg": "22.871.778-4",
		"data_nasc": "19/01/1957",
		"sexo": "Masculino",
		"signo": "Capricórnio",
		"mae": "Luiza Elaine",
		"pai": "Kaique Sebastião Bernardes",
		"email": "luis.diego.bernardes@mv1.com.br",
		"senha": "zlykt8IP41",
		"cep": "66077-300",
		"endereco": "Vila Leão",
		"numero": 380,
		"bairro": "Terra Firme",
		"cidade": "Belém",
		"estado": "PA",
		"telefone_fixo": "(91) 2815-9909",
		"celular": "(91) 99167-9238",
		"altura": "1,83",
		"peso": 91,
		"tipo_sanguineo": "AB+",
		"cor": "vermelho"
	},
	{
		"nome": "Edson Carlos Eduardo da Cunha",
		"idade": 34,
		"cpf": "674.634.010-49",
		"rg": "35.230.011-5",
		"data_nasc": "09/01/1989",
		"sexo": "Masculino",
		"signo": "Capricórnio",
		"mae": "Andreia Maya",
		"pai": "Edson Pietro da Cunha",
		"email": "edsoncarlosdacunha@gmailo.com",
		"senha": "kaPRYtaKNm",
		"cep": "84060-700",
		"endereco": "Rua Ópera de Arame",
		"numero": 568,
		"bairro": "Contorno",
		"cidade": "Ponta Grossa",
		"estado": "PR",
		"telefone_fixo": "(42) 2990-2184",
		"celular": "(42) 98243-6163",
		"altura": "1,89",
		"peso": 90,
		"tipo_sanguineo": "B+",
		"cor": "vermelho"
	},
	{
		"nome": "Analu Isabelly Barros",
		"idade": 64,
		"cpf": "842.970.436-10",
		"rg": "12.801.482-9",
		"data_nasc": "01/02/1959",
		"sexo": "Feminino",
		"signo": "Aquário",
		"mae": "Nair Isabel Silvana",
		"pai": "Antonio Gael Barros",
		"email": "analu_isabelly_barros@pop.com.br",
		"senha": "jYwF0HHMlt",
		"cep": "29930-950",
		"endereco": "Avenida Jones dos Santos Neves 109",
		"numero": 508,
		"bairro": "Centro",
		"cidade": "São Mateus",
		"estado": "ES",
		"telefone_fixo": "(27) 3884-0631",
		"celular": "(27) 98857-1489",
		"altura": "1,63",
		"peso": 88,
		"tipo_sanguineo": "AB+",
		"cor": "preto"
	},
	{
		"nome": "Cecília Daniela Baptista",
		"idade": 41,
		"cpf": "354.666.976-21",
		"rg": "39.052.422-0",
		"data_nasc": "08/02/1982",
		"sexo": "Feminino",
		"signo": "Aquário",
		"mae": "Alana Melissa",
		"pai": "Marcelo Luís Baptista",
		"email": "cecilia.daniela.baptista@crsilvadesign.com",
		"senha": "qgDmNhgWHZ",
		"cep": "58085-470",
		"endereco": "Avenida Palmares",
		"numero": 439,
		"bairro": "Cruz das Armas",
		"cidade": "João Pessoa",
		"estado": "PB",
		"telefone_fixo": "(83) 2538-9455",
		"celular": "(83) 99158-8174",
		"altura": "1,64",
		"peso": 45,
		"tipo_sanguineo": "AB-",
		"cor": "azul"
	},
	{
		"nome": "Emanuelly Carolina Lorena Silva",
		"idade": 54,
		"cpf": "976.058.948-64",
		"rg": "17.932.640-5",
		"data_nasc": "16/02/1969",
		"sexo": "Feminino",
		"signo": "Aquário",
		"mae": "Maya Rita Isabella",
		"pai": "Erick Edson Silva",
		"email": "emanuelly_carolina_silva@cebrace.com.br",
		"senha": "POWFTn84xz",
		"cep": "74484-622",
		"endereco": "Rua 13",
		"numero": 304,
		"bairro": "Condomínio Anhanguera",
		"cidade": "Goiânia",
		"estado": "GO",
		"telefone_fixo": "(62) 2960-4477",
		"celular": "(62) 99961-4932",
		"altura": "1,80",
		"peso": 74,
		"tipo_sanguineo": "AB-",
		"cor": "amarelo"
	},
	{
		"nome": "Enzo Augusto Matheus Viana",
		"idade": 46,
		"cpf": "371.756.673-37",
		"rg": "43.161.959-1",
		"data_nasc": "13/01/1977",
		"sexo": "Masculino",
		"signo": "Capricórnio",
		"mae": "Betina Catarina Maria",
		"pai": "Francisco Martin Viana",
		"email": "enzo-viana91@mpeventos.com.br",
		"senha": "ZLkRexYFFM",
		"cep": "72547-326",
		"endereco": "Entre Quadra 417-517 Módulo F",
		"numero": 459,
		"bairro": "Santa Maria",
		"cidade": "Brasília",
		"estado": "DF",
		"telefone_fixo": "(61) 2976-2095",
		"celular": "(61) 99296-6119",
		"altura": "1,67",
		"peso": 89,
		"tipo_sanguineo": "B+",
		"cor": "preto"
	},
	{
		"nome": "Emanuel César Aragão",
		"idade": 45,
		"cpf": "938.896.026-22",
		"rg": "45.629.564-1",
		"data_nasc": "26/01/1978",
		"sexo": "Masculino",
		"signo": "Aquário",
		"mae": "Olivia Lívia",
		"pai": "Carlos Eduardo Pietro Aragão",
		"email": "emanuel.cesar.aragao@msltecnologia.com.br",
		"senha": "aOwmKffXXf",
		"cep": "72307-109",
		"endereco": "Quadra QR 311 Conjunto 2A",
		"numero": 256,
		"bairro": "Samambaia Sul (Samambaia)",
		"cidade": "Brasília",
		"estado": "DF",
		"telefone_fixo": "(61) 2523-1072",
		"celular": "(61) 99786-9293",
		"altura": "1,95",
		"peso": 90,
		"tipo_sanguineo": "O-",
		"cor": "vermelho"
	},
	{
		"nome": "Rosa Lorena Lima",
		"idade": 51,
		"cpf": "026.902.273-20",
		"rg": "37.426.439-9",
		"data_nasc": "26/01/1972",
		"sexo": "Feminino",
		"signo": "Aquário",
		"mae": "Isadora Sueli",
		"pai": "Manuel Thales Lima",
		"email": "rosa-lima92@performa.com.br",
		"senha": "7Qf2xHDcRF",
		"cep": "13148-206",
		"endereco": "Rua Valdemar Bertoldi",
		"numero": 539,
		"bairro": "Betel",
		"cidade": "Paulínia",
		"estado": "SP",
		"telefone_fixo": "(19) 3756-0197",
		"celular": "(19) 98890-7618",
		"altura": "1,52",
		"peso": 79,
		"tipo_sanguineo": "AB+",
		"cor": "azul"
	},
	{
		"nome": "Antonella Tereza Teresinha Porto",
		"idade": 75,
		"cpf": "398.081.053-43",
		"rg": "42.110.484-3",
		"data_nasc": "19/01/1948",
		"sexo": "Feminino",
		"signo": "Capricórnio",
		"mae": "Marina Yasmin Aurora",
		"pai": "Ricardo Elias Carlos Eduardo Porto",
		"email": "antonellaterezaporto@lordello.com.br",
		"senha": "4BK3oYcLRz",
		"cep": "72318-005",
		"endereco": "Quadra QR 402 Conjunto 5",
		"numero": 326,
		"bairro": "Samambaia Norte (Samambaia)",
		"cidade": "Brasília",
		"estado": "DF",
		"telefone_fixo": "(61) 3584-0756",
		"celular": "(61) 98322-5899",
		"altura": "1,75",
		"peso": 59,
		"tipo_sanguineo": "A-",
		"cor": "roxo"
	}
]