[
	{
		"nome": "Hugo Anthony Luís Pinto",
		"idade": 28,
		"cpf": "494.946.071-47",
		"rg": "16.277.858-2",
		"data_nasc": "03/02/1995",
		"sexo": "Masculino",
		"signo": "Aquário",
		"mae": "Laís Stella",
		"pai": "Ryan Thales Pinto",
		"email": "hugo-pinto81@cotamtambores.com.br",
		"senha": "D9FunSd6KJ",
		"cep": "72319-527",
		"endereco": "Quadra QS 401 Conjunto G",
		"numero": 416,
		"bairro": "Samambaia Norte (Samambaia)",
		"cidade": "Brasília",
		"estado": "DF",
		"telefone_fixo": "(61) 2756-3838",
		"celular": "(61) 99787-9829",
		"altura": "1,76",
		"peso": 86,
		"tipo_sanguineo": "A-",
		"cor": "amarelo"
	},
	{
		"nome": "Emily Mariah Tânia Barbosa",
		"idade": 39,
		"cpf": "387.284.641-84",
		"rg": "15.124.740-7",
		"data_nasc": "03/02/1984",
		"sexo": "Feminino",
		"signo": "Aquário",
		"mae": "Lara Teresinha",
		"pai": "Sebastião Daniel André Barbosa",
		"email": "emily_mariah_barbosa@azulcargo.com.br",
		"senha": "OdJtKfUtuY",
		"cep": "71927-720",
		"endereco": "Rua Açaí",
		"numero": 187,
		"bairro": "Sul (Águas Claras)",
		"cidade": "Brasília",
		"estado": "DF",
		"telefone_fixo": "(61) 3808-9669",
		"celular": "(61) 99233-8044",
		"altura": "1,72",
		"peso": 79,
		"tipo_sanguineo": "B-",
		"cor": "laranja"
	},
	{
		"nome": "Louise Clara Luciana Ribeiro",
		"idade": 64,
		"cpf": "044.892.731-42",
		"rg": "37.225.128-6",
		"data_nasc": "02/01/1959",
		"sexo": "Feminino",
		"signo": "Capricórnio",
		"mae": "Carolina Lara Jennifer",
		"pai": "Kauê Marcos Ribeiro",
		"email": "louise-ribeiro80@hotrmail.com",
		"senha": "Z3ZUn2hQwA",
		"cep": "73051-640",
		"endereco": "Quadra Quadra 16 Comércio Local 16",
		"numero": 497,
		"bairro": "Sobradinho",
		"cidade": "Brasília",
		"estado": "DF",
		"telefone_fixo": "(61) 3949-2697",
		"celular": "(61) 99106-4821",
		"altura": "1,77",
		"peso": 88,
		"tipo_sanguineo": "A-",
		"cor": "vermelho"
	},
	{
		"nome": "Julio Pedro Henrique César da Silva",
		"idade": 42,
		"cpf": "594.021.771-08",
		"rg": "49.199.576-3",
		"data_nasc": "02/01/1981",
		"sexo": "Masculino",
		"signo": "Capricórnio",
		"mae": "Sueli Vitória",
		"pai": "Diogo Luís Francisco da Silva",
		"email": "julio_pedro_dasilva@nokia.com",
		"senha": "YGMMMtWcsD",
		"cep": "70380-758",
		"endereco": "Quadra SHIGS 714 Bloco H",
		"numero": 819,
		"bairro": "Asa Sul",
		"cidade": "Brasília",
		"estado": "DF",
		"telefone_fixo": "(61) 2669-5059",
		"celular": "(61) 98584-4184",
		"altura": "2,00",
		"peso": 79,
		"tipo_sanguineo": "A+",
		"cor": "amarelo"
	},
	{
		"nome": "Marina Benedita Fernandes",
		"idade": 24,
		"cpf": "474.744.311-81",
		"rg": "20.498.198-0",
		"data_nasc": "25/01/1999",
		"sexo": "Feminino",
		"signo": "Aquário",
		"mae": "Flávia Gabriela Giovanna",
		"pai": "Isaac Benjamin Anthony Fernandes",
		"email": "marina_benedita_fernandes@yahoo.com,br",
		"senha": "Ce4BIxZRQW",
		"cep": "71725-023",
		"endereco": "Condomínio Residencial",
		"numero": 628,
		"bairro": "Candangolândia",
		"cidade": "Brasília",
		"estado": "DF",
		"telefone_fixo": "(61) 3769-3270",
		"celular": "(61) 98847-9594",
		"altura": "1,63",
		"peso": 87,
		"tipo_sanguineo": "O+",
		"cor": "vermelho"
	},
	{
		"nome": "Marli Kamilly Fernanda Novaes",
		"idade": 45,
		"cpf": "329.920.341-00",
		"rg": "48.769.151-9",
		"data_nasc": "23/01/1978",
		"sexo": "Feminino",
		"signo": "Aquário",
		"mae": "Melissa Sophie Alice",
		"pai": "Pedro Bruno Diogo Novaes",
		"email": "marli-novaes83@telefonica.com",
		"senha": "UeNyfgG0TH",
		"cep": "70760-515",
		"endereco": "Quadra SCLRN 712 Bloco E",
		"numero": 455,
		"bairro": "Asa Norte",
		"cidade": "Brasília",
		"estado": "DF",
		"telefone_fixo": "(61) 2870-0729",
		"celular": "(61) 98111-2406",
		"altura": "1,77",
		"peso": 60,
		"tipo_sanguineo": "A+",
		"cor": "vermelho"
	},
	{
		"nome": "Stella Patrícia Ferreira",
		"idade": 69,
		"cpf": "557.572.141-80",
		"rg": "16.797.654-0",
		"data_nasc": "03/02/1954",
		"sexo": "Feminino",
		"signo": "Aquário",
		"mae": "Cláudia Simone Bárbara",
		"pai": "Nelson Eduardo Luís Ferreira",
		"email": "stella_ferreira@pciinformatica.com",
		"senha": "TLOQ22lBdi",
		"cep": "72425-057",
		"endereco": "Quadra EQ 5/8 Bloco A",
		"numero": 256,
		"bairro": "Setor Oeste (Gama)",
		"cidade": "Brasília",
		"estado": "DF",
		"telefone_fixo": "(61) 2554-3397",
		"celular": "(61) 99507-4866",
		"altura": "1,50",
		"peso": 45,
		"tipo_sanguineo": "B+",
		"cor": "verde"
	},
	{
		"nome": "Calebe Benjamin Matheus Castro",
		"idade": 68,
		"cpf": "032.582.351-04",
		"rg": "26.629.237-9",
		"data_nasc": "11/02/1955",
		"sexo": "Masculino",
		"signo": "Aquário",
		"mae": "Emanuelly Julia",
		"pai": "Leonardo Matheus Castro",
		"email": "calebe_benjamin_castro@santacasasjc.com.br",
		"senha": "CHERJ264Xo",
		"cep": "72620-202",
		"endereco": "Quadra Quadra 301 Conjunto 2",
		"numero": 980,
		"bairro": "Recanto das Emas",
		"cidade": "Brasília",
		"estado": "DF",
		"telefone_fixo": "(61) 3727-9675",
		"celular": "(61) 99235-8802",
		"altura": "1,80",
		"peso": 77,
		"tipo_sanguineo": "A-",
		"cor": "azul"
	},
	{
		"nome": "Gabrielly Ana Rocha",
		"idade": 34,
		"cpf": "785.259.341-00",
		"rg": "47.106.078-1",
		"data_nasc": "01/02/1989",
		"sexo": "Feminino",
		"signo": "Aquário",
		"mae": "Sueli Isadora Nina",
		"pai": "André Tomás Iago Rocha",
		"email": "gabrielly.ana.rocha@spires.com.br",
		"senha": "WHGEu5aZLI",
		"cep": "70760-779",
		"endereco": "Quadra SHCGN 714 Bloco S",
		"numero": 125,
		"bairro": "Asa Norte",
		"cidade": "Brasília",
		"estado": "DF",
		"telefone_fixo": "(61) 3607-8882",
		"celular": "(61) 98980-2226",
		"altura": "1,64",
		"peso": 45,
		"tipo_sanguineo": "B-",
		"cor": "laranja"
	},
	{
		"nome": "Guilherme Elias Pedro da Costa",
		"idade": 64,
		"cpf": "295.496.151-11",
		"rg": "43.740.460-2",
		"data_nasc": "11/01/1959",
		"sexo": "Masculino",
		"signo": "Capricórnio",
		"mae": "Heloise Gabriela",
		"pai": "Vinicius Enzo José da Costa",
		"email": "guilherme_dacosta@zyb.com.br",
		"senha": "I7DHedYA2K",
		"cep": "73062-210",
		"endereco": "Quadra AR 12 Conjunto 10",
		"numero": 171,
		"bairro": "Setor Oeste (Sobradinho II)",
		"cidade": "Brasília",
		"estado": "DF",
		"telefone_fixo": "(61) 3889-3932",
		"celular": "(61) 99216-7186",
		"altura": "1,82",
		"peso": 78,
		"tipo_sanguineo": "O-",
		"cor": "vermelho"
	},
	{
		"nome": "Julio Theo Caio Fogaça",
		"idade": 39,
		"cpf": "288.254.701-34",
		"rg": "50.359.175-0",
		"data_nasc": "18/01/1984",
		"sexo": "Masculino",
		"signo": "Capricórnio",
		"mae": "Marcela Rayssa",
		"pai": "Arthur Ricardo Fogaça",
		"email": "juliotheofogaca@lavorosjc.com.br",
		"senha": "yLjndmeTYE",
		"cep": "73358-610",
		"endereco": "Quadra Quadra 21 Conjunto B",
		"numero": 114,
		"bairro": "Setor Residencial Leste (Planaltina)",
		"cidade": "Brasília",
		"estado": "DF",
		"telefone_fixo": "(61) 3518-5424",
		"celular": "(61) 98320-1465",
		"altura": "1,62",
		"peso": 96,
		"tipo_sanguineo": "A-",
		"cor": "preto"
	},
	{
		"nome": "Luan Thiago Viana",
		"idade": 71,
		"cpf": "888.225.631-66",
		"rg": "36.055.469-6",
		"data_nasc": "07/01/1952",
		"sexo": "Masculino",
		"signo": "Capricórnio",
		"mae": "Beatriz Emanuelly Juliana",
		"pai": "Bernardo Bernardo Yuri Viana",
		"email": "luanthiagoviana@grupompe.com.br",
		"senha": "ogdO6aSTuo",
		"cep": "72625-004",
		"endereco": "Área ADE 400 Conjunto 4",
		"numero": 721,
		"bairro": "Recanto das Emas",
		"cidade": "Brasília",
		"estado": "DF",
		"telefone_fixo": "(61) 3715-1326",
		"celular": "(61) 99811-9253",
		"altura": "1,64",
		"peso": 98,
		"tipo_sanguineo": "O+",
		"cor": "vermelho"
	},
	{
		"nome": "Carlos Eduardo Luiz da Luz",
		"idade": 51,
		"cpf": "989.553.701-80",
		"rg": "43.787.688-3",
		"data_nasc": "12/01/1972",
		"sexo": "Masculino",
		"signo": "Capricórnio",
		"mae": "Mariana Malu",
		"pai": "Gustavo Vicente da Luz",
		"email": "carlos.eduardo.daluz@cheryamur.com.br",
		"senha": "ACAuldWFHy",
		"cep": "72125-720",
		"endereco": "Quadra QNF 22",
		"numero": 321,
		"bairro": "Taguatinga Norte (Taguatinga)",
		"cidade": "Brasília",
		"estado": "DF",
		"telefone_fixo": "(61) 2548-0749",
		"celular": "(61) 98811-3322",
		"altura": "1,69",
		"peso": 90,
		"tipo_sanguineo": "B+",
		"cor": "vermelho"
	},
	{
		"nome": "Henrique Marcos Vinicius Melo",
		"idade": 70,
		"cpf": "440.428.851-44",
		"rg": "17.469.870-7",
		"data_nasc": "16/02/1953",
		"sexo": "Masculino",
		"signo": "Aquário",
		"mae": "Brenda Josefa Silvana",
		"pai": "Luís Mário Noah Melo",
		"email": "henriquemarcosmelo@diebold.com",
		"senha": "fLD01N0yd7",
		"cep": "72428-248",
		"endereco": "Núcleo Rural Casa Grande Módulo 8 MA - 21",
		"numero": 607,
		"bairro": "Ponte Alta (Gama)",
		"cidade": "Brasília",
		"estado": "DF",
		"telefone_fixo": "(61) 3820-2891",
		"celular": "(61) 98735-3874",
		"altura": "1,90",
		"peso": 57,
		"tipo_sanguineo": "AB-",
		"cor": "roxo"
	},
	{
		"nome": "Manuela Gabriela Isadora Lima",
		"idade": 55,
		"cpf": "547.878.481-86",
		"rg": "20.724.064-4",
		"data_nasc": "18/02/1968",
		"sexo": "Feminino",
		"signo": "Aquário",
		"mae": "Francisca Clara",
		"pai": "Julio Arthur Roberto Lima",
		"email": "manuela-lima89@plastic.com.br",
		"senha": "tmXnUdTYKh",
		"cep": "72735-009",
		"endereco": "Quadra Quadra 35 Conjunto I",
		"numero": 229,
		"bairro": "Vila São José (Brazlândia)",
		"cidade": "Brasília",
		"estado": "DF",
		"telefone_fixo": "(61) 2564-6495",
		"celular": "(61) 99145-9901",
		"altura": "1,51",
		"peso": 82,
		"tipo_sanguineo": "O+",
		"cor": "preto"
	},
	{
		"nome": "Valentina Manuela Isadora Jesus",
		"idade": 42,
		"cpf": "480.564.171-17",
		"rg": "17.663.607-9",
		"data_nasc": "23/02/1981",
		"sexo": "Feminino",
		"signo": "Peixes",
		"mae": "Alana Jéssica",
		"pai": "Manuel Sérgio Jesus",
		"email": "valentina_jesus@maptec.com.br",
		"senha": "5Jw4uWEGkT",
		"cep": "72231-107",
		"endereco": "Quadra QNP 10 Conjunto G",
		"numero": 753,
		"bairro": "Ceilândia Sul (Ceilândia)",
		"cidade": "Brasília",
		"estado": "DF",
		"telefone_fixo": "(61) 2579-2146",
		"celular": "(61) 98178-2194",
		"altura": "1,72",
		"peso": 59,
		"tipo_sanguineo": "A+",
		"cor": "amarelo"
	},
	{
		"nome": "Cauã Theo Diego Mendes",
		"idade": 76,
		"cpf": "179.007.611-01",
		"rg": "14.717.393-0",
		"data_nasc": "13/01/1947",
		"sexo": "Masculino",
		"signo": "Capricórnio",
		"mae": "Rosângela Jaqueline Bianca",
		"pai": "Jorge Anderson Carlos Eduardo Mendes",
		"email": "caua_mendes@fileno.com.br",
		"senha": "r6luQU8orl",
		"cep": "71010-153",
		"endereco": "Quadra QI 4 Área Central",
		"numero": 597,
		"bairro": "Guará I",
		"cidade": "Brasília",
		"estado": "DF",
		"telefone_fixo": "(61) 2830-3558",
		"celular": "(61) 99860-5179",
		"altura": "1,87",
		"peso": 58,
		"tipo_sanguineo": "A+",
		"cor": "preto"
	},
	{
		"nome": "Leandro Antonio Alexandre Porto",
		"idade": 24,
		"cpf": "707.982.181-93",
		"rg": "12.064.802-7",
		"data_nasc": "08/02/1999",
		"sexo": "Masculino",
		"signo": "Aquário",
		"mae": "Mariana Alessandra",
		"pai": "Gael Joaquim Joaquim Porto",
		"email": "leandroantonioporto@pichler.com.br",
		"senha": "T2qMAJJydd",
		"cep": "70305-904",
		"endereco": "SCS Quadra 5 Bloco B Lote 80",
		"numero": 486,
		"bairro": "Asa Sul",
		"cidade": "Brasília",
		"estado": "DF",
		"telefone_fixo": "(61) 3647-9125",
		"celular": "(61) 98510-3295",
		"altura": "2,00",
		"peso": 64,
		"tipo_sanguineo": "A-",
		"cor": "laranja"
	},
	{
		"nome": "Márcia Maria dos Santos",
		"idade": 45,
		"cpf": "534.123.261-51",
		"rg": "37.310.994-5",
		"data_nasc": "16/01/1978",
		"sexo": "Feminino",
		"signo": "Capricórnio",
		"mae": "Eloá Heloise",
		"pai": "José Giovanni dos Santos",
		"email": "marciamariadossantos@br.live.com",
		"senha": "4QOGIhewu9",
		"cep": "72579-120",
		"endereco": "Chácara Chácara 12",
		"numero": 548,
		"bairro": "Condomínio Chácaras Ana Maria (Santa Maria)",
		"cidade": "Brasília",
		"estado": "DF",
		"telefone_fixo": "(61) 3562-2623",
		"celular": "(61) 98977-5028",
		"altura": "1,71",
		"peso": 65,
		"tipo_sanguineo": "B+",
		"cor": "azul"
	},
	{
		"nome": "Joana Giovanna Cristiane Cardoso",
		"idade": 59,
		"cpf": "062.088.921-71",
		"rg": "38.314.797-9",
		"data_nasc": "10/02/1964",
		"sexo": "Feminino",
		"signo": "Aquário",
		"mae": "Aparecida Giovanna Amanda",
		"pai": "Roberto Victor Cardoso",
		"email": "joana.giovanna.cardoso@juliosimoes.com.br",
		"senha": "8rP9gitUPI",
		"cep": "70746-510",
		"endereco": "Quadra CLN 307 Bloco A",
		"numero": 669,
		"bairro": "Asa Norte",
		"cidade": "Brasília",
		"estado": "DF",
		"telefone_fixo": "(61) 3538-3375",
		"celular": "(61) 99531-8518",
		"altura": "1,68",
		"peso": 55,
		"tipo_sanguineo": "AB+",
		"cor": "vermelho"
	},
	{
		"nome": "Daniela Kamilly Teixeira",
		"idade": 24,
		"cpf": "979.948.561-44",
		"rg": "27.793.692-5",
		"data_nasc": "18/01/1999",
		"sexo": "Feminino",
		"signo": "Capricórnio",
		"mae": "Marina Joana Alice",
		"pai": "Antonio Luiz Teixeira",
		"email": "daniela_teixeira@unink.com.br",
		"senha": "WdWDezeopj",
		"cep": "72610-665",
		"endereco": "Avenida Eucalipto Quadra 206 Conjunto 15",
		"numero": 603,
		"bairro": "Recanto das Emas",
		"cidade": "Brasília",
		"estado": "DF",
		"telefone_fixo": "(61) 3504-1589",
		"celular": "(61) 99529-2662",
		"altura": "1,82",
		"peso": 70,
		"tipo_sanguineo": "B+",
		"cor": "amarelo"
	},
	{
		"nome": "Cláudia Cristiane Galvão",
		"idade": 26,
		"cpf": "778.157.321-86",
		"rg": "15.679.456-1",
		"data_nasc": "20/02/1997",
		"sexo": "Feminino",
		"signo": "Peixes",
		"mae": "Carolina Louise Rafaela",
		"pai": "Fernando Augusto Galvão",
		"email": "claudia_cristiane_galvao@focusnetworks.com.br",
		"senha": "Ggt1uWJsuW",
		"cep": "73330-016",
		"endereco": "Avenida Gomes Rabelo",
		"numero": 853,
		"bairro": "Setor Tradicional (Planaltina)",
		"cidade": "Brasília",
		"estado": "DF",
		"telefone_fixo": "(61) 2980-5867",
		"celular": "(61) 99667-8838",
		"altura": "1,79",
		"peso": 71,
		"tipo_sanguineo": "O-",
		"cor": "azul"
	},
	{
		"nome": "Renato Bento Rodrigues",
		"idade": 50,
		"cpf": "026.935.261-91",
		"rg": "31.043.375-7",
		"data_nasc": "03/02/1973",
		"sexo": "Masculino",
		"signo": "Aquário",
		"mae": "Esther Eloá Hadassa",
		"pai": "Paulo Eduardo Rodrigues",
		"email": "renato_bento_rodrigues@hotmail.con",
		"senha": "Dbdml9rjgS",
		"cep": "72460-300",
		"endereco": "Quadra Quadra 30",
		"numero": 825,
		"bairro": "Setor Leste (Gama)",
		"cidade": "Brasília",
		"estado": "DF",
		"telefone_fixo": "(61) 2683-4609",
		"celular": "(61) 99640-7825",
		"altura": "1,87",
		"peso": 79,
		"tipo_sanguineo": "O-",
		"cor": "azul"
	},
	{
		"nome": "Lavínia Heloise Pereira",
		"idade": 32,
		"cpf": "047.963.321-54",
		"rg": "36.981.684-5",
		"data_nasc": "14/01/1991",
		"sexo": "Feminino",
		"signo": "Capricórnio",
		"mae": "Nicole Nair",
		"pai": "Samuel Anthony Pietro Pereira",
		"email": "lavinia_heloise_pereira@cerimoniallis.com.br",
		"senha": "2m38QaAPuT",
		"cep": "72161-621",
		"endereco": "Quadra QNL 26 Via 1",
		"numero": 888,
		"bairro": "Taguatinga Norte (Taguatinga)",
		"cidade": "Brasília",
		"estado": "DF",
		"telefone_fixo": "(61) 3659-7235",
		"celular": "(61) 99700-1131",
		"altura": "1,74",
		"peso": 79,
		"tipo_sanguineo": "B-",
		"cor": "vermelho"
	},
	{
		"nome": "Isabelle Esther Sebastiana Carvalho",
		"idade": 36,
		"cpf": "148.591.771-93",
		"rg": "30.808.726-4",
		"data_nasc": "02/02/1987",
		"sexo": "Feminino",
		"signo": "Aquário",
		"mae": "Benedita Alice Rafaela",
		"pai": "Marcos Vinicius Vicente Carvalho",
		"email": "isabelleesthercarvalho@dye.com.br",
		"senha": "ECAerhaz6D",
		"cep": "72430-209",
		"endereco": "Quadra Quadra 2 Conjunto I",
		"numero": 997,
		"bairro": "Setor Norte (Gama)",
		"cidade": "Brasília",
		"estado": "DF",
		"telefone_fixo": "(61) 3500-7106",
		"celular": "(61) 99191-3175",
		"altura": "1,81",
		"peso": 69,
		"tipo_sanguineo": "A-",
		"cor": "azul"
	},
	{
		"nome": "Emanuel Francisco da Cunha",
		"idade": 20,
		"cpf": "484.901.931-50",
		"rg": "28.803.131-3",
		"data_nasc": "10/02/2003",
		"sexo": "Masculino",
		"signo": "Aquário",
		"mae": "Flávia Sabrina",
		"pai": "Enrico Benedito Lucas da Cunha",
		"email": "emanuel-dacunha79@mirabeau.art.br",
		"senha": "YPWtSiD69S",
		"cep": "71590-532",
		"endereco": "Quadra QL 2 Conjunto D",
		"numero": 475,
		"bairro": "Itapoã II",
		"cidade": "Brasília",
		"estado": "DF",
		"telefone_fixo": "(61) 2806-6744",
		"celular": "(61) 98141-5459",
		"altura": "1,87",
		"peso": 50,
		"tipo_sanguineo": "B-",
		"cor": "laranja"
	},
	{
		"nome": "Maitê Manuela Nunes",
		"idade": 71,
		"cpf": "492.705.431-45",
		"rg": "30.773.127-3",
		"data_nasc": "27/01/1952",
		"sexo": "Feminino",
		"signo": "Aquário",
		"mae": "Daiane Milena Sarah",
		"pai": "Benício Erick Bento Nunes",
		"email": "maitemanuelanunes@iesa.com.br",
		"senha": "jlko8tyCUI",
		"cep": "70660-060",
		"endereco": "Quadra AOS 6",
		"numero": 148,
		"bairro": "Área Octogonal",
		"cidade": "Brasília",
		"estado": "DF",
		"telefone_fixo": "(61) 3569-1161",
		"celular": "(61) 98214-7851",
		"altura": "1,50",
		"peso": 53,
		"tipo_sanguineo": "AB+",
		"cor": "azul"
	},
	{
		"nome": "Jennifer Sabrina Flávia Araújo",
		"idade": 75,
		"cpf": "453.697.171-84",
		"rg": "27.423.375-7",
		"data_nasc": "02/01/1948",
		"sexo": "Feminino",
		"signo": "Capricórnio",
		"mae": "Lavínia Maitê",
		"pai": "Marcos Lucas Davi Araújo",
		"email": "jennifer.sabrina.araujo@trbvm.com",
		"senha": "tTTBitt7ry",
		"cep": "72302-850",
		"endereco": "Quadra QN 118",
		"numero": 467,
		"bairro": "Samambaia Sul (Samambaia)",
		"cidade": "Brasília",
		"estado": "DF",
		"telefone_fixo": "(61) 2772-8712",
		"celular": "(61) 98424-2175",
		"altura": "1,80",
		"peso": 89,
		"tipo_sanguineo": "A+",
		"cor": "roxo"
	},
	{
		"nome": "Roberto Pedro Aragão",
		"idade": 61,
		"cpf": "952.692.671-44",
		"rg": "31.158.448-2",
		"data_nasc": "24/02/1962",
		"sexo": "Masculino",
		"signo": "Peixes",
		"mae": "Agatha Kamilly",
		"pai": "Benjamin Thiago Leonardo Aragão",
		"email": "roberto_aragao@provale.com.br",
		"senha": "UYCwMCi5Dw",
		"cep": "70800-119",
		"endereco": "Trecho SCEN Trecho 1 Lotes 12 e 15",
		"numero": 790,
		"bairro": "Asa Norte",
		"cidade": "Brasília",
		"estado": "DF",
		"telefone_fixo": "(61) 3714-1396",
		"celular": "(61) 99374-6823",
		"altura": "1,63",
		"peso": 95,
		"tipo_sanguineo": "A+",
		"cor": "amarelo"
	},
	{
		"nome": "Luna Louise Carolina Gomes",
		"idade": 40,
		"cpf": "944.205.671-98",
		"rg": "33.429.889-1",
		"data_nasc": "07/02/1983",
		"sexo": "Feminino",
		"signo": "Aquário",
		"mae": "Letícia Amanda",
		"pai": "Yuri Ryan Gomes",
		"email": "luna.louise.gomes@poli.ufrj.br",
		"senha": "k2jCT9puOh",
		"cep": "71825-117",
		"endereco": "Quadra QS 10 Conjunto 7B",
		"numero": 155,
		"bairro": "Riacho Fundo I",
		"cidade": "Brasília",
		"estado": "DF",
		"telefone_fixo": "(61) 2959-9162",
		"celular": "(61) 99693-1012",
		"altura": "1,78",
		"peso": 81,
		"tipo_sanguineo": "B+",
		"cor": "vermelho"
	}
]