[
	{
		"nome": "Eduardo Enzo Raimundo Dias",
		"idade": 54,
		"cpf": "936.442.061-63",
		"rg": "13.656.251-6",
		"data_nasc": "26/01/1969",
		"sexo": "Masculino",
		"signo": "Aquário",
		"mae": "Allana Yasmin Gabrielly",
		"pai": "Guilherme Theo Dias",
		"email": "eduardo_dias@tarp.com.br",
		"senha": "PqIBkZhc9g",
		"cep": "72502-230",
		"endereco": "Quadra CL 302",
		"numero": 257,
		"bairro": "Santa Maria",
		"cidade": "Brasília",
		"estado": "DF",
		"telefone_fixo": "(61) 2828-3213",
		"celular": "(61) 99393-6934",
		"altura": "1,76",
		"peso": 59,
		"tipo_sanguineo": "O+",
		"cor": "preto"
	},
	{
		"nome": "Emanuel Ruan Cavalcanti",
		"idade": 30,
		"cpf": "653.207.901-47",
		"rg": "49.346.022-6",
		"data_nasc": "15/01/1993",
		"sexo": "Masculino",
		"signo": "Capricórnio",
		"mae": "Flávia Maria",
		"pai": "Carlos Eduardo Bento Cauã Cavalcanti",
		"email": "emanuel.ruan.cavalcanti@brasildakar.com.br",
		"senha": "1XWrePDWpI",
		"cep": "71715-029",
		"endereco": "Avenida Segunda Avenida Bloco 1080",
		"numero": 180,
		"bairro": "Núcleo Bandeirante",
		"cidade": "Brasília",
		"estado": "DF",
		"telefone_fixo": "(61) 2505-4719",
		"celular": "(61) 99397-2529",
		"altura": "1,80",
		"peso": 79,
		"tipo_sanguineo": "O-",
		"cor": "roxo"
	},
	{
		"nome": "Carlos Murilo Rocha",
		"idade": 66,
		"cpf": "501.269.801-01",
		"rg": "37.428.322-9",
		"data_nasc": "01/01/1957",
		"sexo": "Masculino",
		"signo": "Capricórnio",
		"mae": "Luzia Alessandra Raquel",
		"pai": "Roberto Otávio Lucca Rocha",
		"email": "carlosmurilorocha@budsoncorporation.com",
		"senha": "ebhciOoo7N",
		"cep": "72146-037",
		"endereco": "Quadra QNM 40 Conjunto G2",
		"numero": 449,
		"bairro": "Taguatinga Norte (Taguatinga)",
		"cidade": "Brasília",
		"estado": "DF",
		"telefone_fixo": "(61) 3837-4279",
		"celular": "(61) 98617-6281",
		"altura": "1,77",
		"peso": 60,
		"tipo_sanguineo": "O+",
		"cor": "verde"
	},
	{
		"nome": "Igor Mário Pereira",
		"idade": 20,
		"cpf": "290.575.391-95",
		"rg": "20.431.251-6",
		"data_nasc": "13/01/2003",
		"sexo": "Masculino",
		"signo": "Capricórnio",
		"mae": "Márcia Sara",
		"pai": "Bento Rodrigo Oliver Pereira",
		"email": "igormariopereira@dep.ufscar.br",
		"senha": "jlPsNiF38s",
		"cep": "72238-346",
		"endereco": "Quadra SHPS Quadra 601 Conjunto 97E",
		"numero": 995,
		"bairro": "Setor Habitacional Pôr do Sol (Ceilândia)",
		"cidade": "Brasília",
		"estado": "DF",
		"telefone_fixo": "(61) 2764-6254",
		"celular": "(61) 99454-7420",
		"altura": "1,68",
		"peso": 65,
		"tipo_sanguineo": "B-",
		"cor": "amarelo"
	},
	{
		"nome": "Eduarda Fátima Mariana Martins",
		"idade": 63,
		"cpf": "034.897.091-95",
		"rg": "26.637.733-6",
		"data_nasc": "17/02/1960",
		"sexo": "Feminino",
		"signo": "Aquário",
		"mae": "Mariane Heloisa",
		"pai": "José Enzo Martins",
		"email": "eduarda_fatima_martins@unimedara.com.br",
		"senha": "pX7wwp7tl0",
		"cep": "73065-224",
		"endereco": "Quadra AR 22 Conjunto 4",
		"numero": 123,
		"bairro": "Setor Oeste (Sobradinho II)",
		"cidade": "Brasília",
		"estado": "DF",
		"telefone_fixo": "(61) 2728-0702",
		"celular": "(61) 99953-4563",
		"altura": "1,62",
		"peso": 64,
		"tipo_sanguineo": "O-",
		"cor": "vermelho"
	},
	{
		"nome": "Beatriz Tânia Malu Porto",
		"idade": 63,
		"cpf": "141.145.871-01",
		"rg": "50.372.661-8",
		"data_nasc": "13/01/1960",
		"sexo": "Feminino",
		"signo": "Capricórnio",
		"mae": "Carla Olivia Catarina",
		"pai": "Giovanni Lucca Porto",
		"email": "beatriz_tania_porto@dvdja.com.br",
		"senha": "WDadBjQqX3",
		"cep": "73340-207",
		"endereco": "Quadra Quadra 2 Conjunto 2G",
		"numero": 770,
		"bairro": "Jardim Roriz (Planaltina)",
		"cidade": "Brasília",
		"estado": "DF",
		"telefone_fixo": "(61) 3961-9050",
		"celular": "(61) 99649-6634",
		"altura": "1,52",
		"peso": 59,
		"tipo_sanguineo": "A-",
		"cor": "vermelho"
	},
	{
		"nome": "Jaqueline Vera Gomes",
		"idade": 58,
		"cpf": "390.904.531-64",
		"rg": "37.924.445-7",
		"data_nasc": "20/01/1965",
		"sexo": "Feminino",
		"signo": "Capricórnio",
		"mae": "Antonella Antonella Sophie",
		"pai": "Murilo César Gomes",
		"email": "jaqueline_vera_gomes@alphacandies.com.br",
		"senha": "y0tc7rEJDJ",
		"cep": "70070-973",
		"endereco": "SAFS Quadra 6 Lote 1 Trecho III Térreo",
		"numero": 447,
		"bairro": "Zona Cívico-Administrativa",
		"cidade": "Brasília",
		"estado": "DF",
		"telefone_fixo": "(61) 2937-5985",
		"celular": "(61) 98786-4763",
		"altura": "1,54",
		"peso": 50,
		"tipo_sanguineo": "O+",
		"cor": "vermelho"
	},
	{
		"nome": "João Victor Ruan Caldeira",
		"idade": 64,
		"cpf": "920.457.591-30",
		"rg": "19.680.343-3",
		"data_nasc": "17/01/1959",
		"sexo": "Masculino",
		"signo": "Capricórnio",
		"mae": "Esther Beatriz",
		"pai": "Levi Jorge Yago Caldeira",
		"email": "joao_victor_caldeira@lhp.com.br",
		"senha": "PsPfTRSkD6",
		"cep": "71994-085",
		"endereco": "Conjunto SHA Conjunto 4 Chácara 15",
		"numero": 358,
		"bairro": "Setor Habitacional Arniqueira (Águas Claras)",
		"cidade": "Brasília",
		"estado": "DF",
		"telefone_fixo": "(61) 3857-0986",
		"celular": "(61) 98409-1497",
		"altura": "1,92",
		"peso": 59,
		"tipo_sanguineo": "AB-",
		"cor": "vermelho"
	},
	{
		"nome": "Paulo Gabriel Carlos Eduardo Brito",
		"idade": 42,
		"cpf": "374.272.091-09",
		"rg": "41.939.312-2",
		"data_nasc": "11/02/1981",
		"sexo": "Masculino",
		"signo": "Aquário",
		"mae": "Heloisa Maria Carolina",
		"pai": "Emanuel Kauê Brito",
		"email": "paulo-brito99@grupoarteoficio.com.br",
		"senha": "xRQKJPhxiG",
		"cep": "71605-180",
		"endereco": "Quadra SHIS QI 1 Conjunto B Bloco C",
		"numero": 596,
		"bairro": "Setor de Habitações Individuais Sul",
		"cidade": "Brasília",
		"estado": "DF",
		"telefone_fixo": "(61) 3756-8932",
		"celular": "(61) 99559-4579",
		"altura": "1,60",
		"peso": 75,
		"tipo_sanguineo": "AB-",
		"cor": "vermelho"
	},
	{
		"nome": "Marina Benedita Tânia Carvalho",
		"idade": 77,
		"cpf": "359.115.491-15",
		"rg": "21.786.979-8",
		"data_nasc": "12/01/1946",
		"sexo": "Feminino",
		"signo": "Capricórnio",
		"mae": "Vanessa Raquel",
		"pai": "Gabriel Lorenzo Carvalho",
		"email": "marina_benedita_carvalho@larioja.com.br",
		"senha": "8RQPNMi3YF",
		"cep": "71100-079",
		"endereco": "Quadra EPTG QE 2 Bloco B-14",
		"numero": 457,
		"bairro": "Quadras Econômicas Lúcio Costa (Guará)",
		"cidade": "Brasília",
		"estado": "DF",
		"telefone_fixo": "(61) 2979-8475",
		"celular": "(61) 99403-8482",
		"altura": "1,64",
		"peso": 57,
		"tipo_sanguineo": "B-",
		"cor": "roxo"
	},
	{
		"nome": "Lavínia Sophia Jéssica Jesus",
		"idade": 40,
		"cpf": "906.627.331-34",
		"rg": "13.413.287-7",
		"data_nasc": "06/01/1983",
		"sexo": "Feminino",
		"signo": "Capricórnio",
		"mae": "Alícia Agatha",
		"pai": "Bernardo Samuel Cauã Jesus",
		"email": "lavinia-jesus88@reval.net",
		"senha": "aKmdrboDRf",
		"cep": "72260-628",
		"endereco": "Quadra QNO 16 Conjunto 28",
		"numero": 373,
		"bairro": "Ceilândia Norte (Ceilândia)",
		"cidade": "Brasília",
		"estado": "DF",
		"telefone_fixo": "(61) 3938-4629",
		"celular": "(61) 99483-3710",
		"altura": "1,70",
		"peso": 86,
		"tipo_sanguineo": "O+",
		"cor": "vermelho"
	},
	{
		"nome": "Stefany Renata Nunes",
		"idade": 24,
		"cpf": "452.523.161-04",
		"rg": "45.341.706-1",
		"data_nasc": "07/02/1999",
		"sexo": "Feminino",
		"signo": "Aquário",
		"mae": "Priscila Camila",
		"pai": "Fábio Igor Benedito Nunes",
		"email": "stefany.renata.nunes@coldblock.com.br",
		"senha": "k75AOWPkaJ",
		"cep": "70648-027",
		"endereco": "Quadra SRES Quadra 8 Bloco B",
		"numero": 998,
		"bairro": "Cruzeiro Velho",
		"cidade": "Brasília",
		"estado": "DF",
		"telefone_fixo": "(61) 2922-4117",
		"celular": "(61) 99880-0297",
		"altura": "1,63",
		"peso": 55,
		"tipo_sanguineo": "A+",
		"cor": "laranja"
	},
	{
		"nome": "Agatha Isabelly Sophia Novaes",
		"idade": 68,
		"cpf": "780.992.991-75",
		"rg": "40.722.416-6",
		"data_nasc": "02/01/1955",
		"sexo": "Feminino",
		"signo": "Capricórnio",
		"mae": "Heloisa Daiane Isabelly",
		"pai": "Theo Ryan Gabriel Novaes",
		"email": "agatha-novaes70@gilconsultoria.com.br",
		"senha": "o0mQEESuMK",
		"cep": "71577-130",
		"endereco": "Área ADE Conjunto 13",
		"numero": 359,
		"bairro": "Paranoá",
		"cidade": "Brasília",
		"estado": "DF",
		"telefone_fixo": "(61) 2931-6712",
		"celular": "(61) 99377-9345",
		"altura": "1,60",
		"peso": 64,
		"tipo_sanguineo": "A-",
		"cor": "roxo"
	},
	{
		"nome": "Carlos Gabriel Giovanni Figueiredo",
		"idade": 60,
		"cpf": "244.941.501-77",
		"rg": "40.957.433-8",
		"data_nasc": "03/01/1963",
		"sexo": "Masculino",
		"signo": "Capricórnio",
		"mae": "Pietra Heloise Vitória",
		"pai": "Cláudio Danilo Figueiredo",
		"email": "carlosgabrielfigueiredo@nipnet.com.br",
		"senha": "PxzJTejtUD",
		"cep": "72255-001",
		"endereco": "Quadra QNO 10 Área Especial A",
		"numero": 403,
		"bairro": "Ceilândia Norte (Ceilândia)",
		"cidade": "Brasília",
		"estado": "DF",
		"telefone_fixo": "(61) 2728-3911",
		"celular": "(61) 98943-4307",
		"altura": "1,73",
		"peso": 102,
		"tipo_sanguineo": "O+",
		"cor": "preto"
	},
	{
		"nome": "Lavínia Aline Andrea dos Santos",
		"idade": 43,
		"cpf": "552.672.811-07",
		"rg": "21.735.694-1",
		"data_nasc": "23/01/1980",
		"sexo": "Feminino",
		"signo": "Aquário",
		"mae": "Natália Manuela Nicole",
		"pai": "Paulo Sebastião dos Santos",
		"email": "lavinia_aline_dossantos@lexos.com.br",
		"senha": "j55g0fNppK",
		"cep": "72547-806",
		"endereco": "Quadra QR 517 Conjunto F",
		"numero": 684,
		"bairro": "Santa Maria",
		"cidade": "Brasília",
		"estado": "DF",
		"telefone_fixo": "(61) 3944-5568",
		"celular": "(61) 98336-3080",
		"altura": "1,63",
		"peso": 63,
		"tipo_sanguineo": "AB-",
		"cor": "vermelho"
	},
	{
		"nome": "Miguel Breno Rafael Almeida",
		"idade": 76,
		"cpf": "160.971.381-80",
		"rg": "11.733.042-5",
		"data_nasc": "05/02/1947",
		"sexo": "Masculino",
		"signo": "Aquário",
		"mae": "Emilly Eliane",
		"pai": "Joaquim Breno Almeida",
		"email": "miguel_almeida@arysta.com.br",
		"senha": "HJins9dt1Y",
		"cep": "71692-010",
		"endereco": "Quadra Quadra 101 Conjunto 2",
		"numero": 510,
		"bairro": "Setor Residencial Oeste (São Sebastião)",
		"cidade": "Brasília",
		"estado": "DF",
		"telefone_fixo": "(61) 2696-6422",
		"celular": "(61) 99369-2687",
		"altura": "1,85",
		"peso": 57,
		"tipo_sanguineo": "B-",
		"cor": "preto"
	},
	{
		"nome": "Thiago Caio Assunção",
		"idade": 32,
		"cpf": "227.469.381-11",
		"rg": "44.348.309-7",
		"data_nasc": "17/02/1991",
		"sexo": "Masculino",
		"signo": "Aquário",
		"mae": "Regina Elisa",
		"pai": "Otávio Ruan João Assunção",
		"email": "thiago-assuncao71@phocus.com.br",
		"senha": "XcBqr71TQz",
		"cep": "71691-036",
		"endereco": "Rua 66",
		"numero": 407,
		"bairro": "Centro (São Sebastião)",
		"cidade": "Brasília",
		"estado": "DF",
		"telefone_fixo": "(61) 3699-8483",
		"celular": "(61) 98441-4707",
		"altura": "1,80",
		"peso": 92,
		"tipo_sanguineo": "AB-",
		"cor": "verde"
	},
	{
		"nome": "Débora Mariana Carla Teixeira",
		"idade": 35,
		"cpf": "766.271.041-64",
		"rg": "18.677.500-3",
		"data_nasc": "09/01/1988",
		"sexo": "Feminino",
		"signo": "Capricórnio",
		"mae": "Julia Daniela",
		"pai": "Lucas André Teixeira",
		"email": "debora.mariana.teixeira@morada.com.br",
		"senha": "Gxdc6LcLff",
		"cep": "70675-106",
		"endereco": "Quadra QRSW 1 Bloco A-6",
		"numero": 381,
		"bairro": "Setor Sudoeste",
		"cidade": "Brasília",
		"estado": "DF",
		"telefone_fixo": "(61) 2769-3760",
		"celular": "(61) 99752-5964",
		"altura": "1,64",
		"peso": 73,
		"tipo_sanguineo": "A-",
		"cor": "vermelho"
	},
	{
		"nome": "Fernanda Malu Gabrielly Duarte",
		"idade": 65,
		"cpf": "614.445.691-04",
		"rg": "40.732.807-5",
		"data_nasc": "10/01/1958",
		"sexo": "Feminino",
		"signo": "Capricórnio",
		"mae": "Elaine Beatriz Ana",
		"pai": "Bruno Thomas Fernando Duarte",
		"email": "fernanda.malu.duarte@cavalinho.srv.br",
		"senha": "YwJcwrHxOZ",
		"cep": "72238-000",
		"endereco": "Setor Habitacional Por do Sol",
		"numero": 279,
		"bairro": "Setor Habitacional Pôr do Sol (Ceilândia)",
		"cidade": "Brasília",
		"estado": "DF",
		"telefone_fixo": "(61) 3555-5768",
		"celular": "(61) 99989-7622",
		"altura": "1,56",
		"peso": 56,
		"tipo_sanguineo": "A+",
		"cor": "roxo"
	},
	{
		"nome": "Helena Daiane Bernardes",
		"idade": 55,
		"cpf": "197.017.871-02",
		"rg": "42.586.064-4",
		"data_nasc": "14/01/1968",
		"sexo": "Feminino",
		"signo": "Capricórnio",
		"mae": "Rita Sueli Francisca",
		"pai": "Benedito Daniel Levi Bernardes",
		"email": "helena-bernardes79@fibria.com.br",
		"senha": "kXMo2aNGlr",
		"cep": "72210-181",
		"endereco": "Quadra QNM 18 Conjunto A",
		"numero": 445,
		"bairro": "Ceilândia Norte (Ceilândia)",
		"cidade": "Brasília",
		"estado": "DF",
		"telefone_fixo": "(61) 2547-7695",
		"celular": "(61) 99489-2362",
		"altura": "1,60",
		"peso": 71,
		"tipo_sanguineo": "O-",
		"cor": "vermelho"
	},
	{
		"nome": "Valentina Natália Patrícia Nogueira",
		"idade": 34,
		"cpf": "739.702.211-10",
		"rg": "27.851.682-8",
		"data_nasc": "19/02/1989",
		"sexo": "Feminino",
		"signo": "Aquário",
		"mae": "Daiane Bruna",
		"pai": "Cláudio Gustavo Nogueira",
		"email": "valentina-nogueira93@sadefem.com.br",
		"senha": "0UAWk8aUsD",
		"cep": "72002-420",
		"endereco": "Rua Rua 1 Chácara 98/99",
		"numero": 825,
		"bairro": "Setor Habitacional Samambaia (Vicente Pires)",
		"cidade": "Brasília",
		"estado": "DF",
		"telefone_fixo": "(61) 3750-8636",
		"celular": "(61) 98857-5598",
		"altura": "1,81",
		"peso": 47,
		"tipo_sanguineo": "AB-",
		"cor": "laranja"
	},
	{
		"nome": "Isaac Lucas Moreira",
		"idade": 50,
		"cpf": "466.691.511-79",
		"rg": "31.117.347-0",
		"data_nasc": "16/01/1973",
		"sexo": "Masculino",
		"signo": "Capricórnio",
		"mae": "Renata Rayssa Evelyn",
		"pai": "Heitor Márcio Bento Moreira",
		"email": "isaac.lucas.moreira@hpelzer.com.br",
		"senha": "d5c22pepQq",
		"cep": "70655-653",
		"endereco": "Quadra SHCES Quadra 605 Bloco C",
		"numero": 976,
		"bairro": "Cruzeiro Novo",
		"cidade": "Brasília",
		"estado": "DF",
		"telefone_fixo": "(61) 3901-5735",
		"celular": "(61) 98570-3236",
		"altura": "1,83",
		"peso": 98,
		"tipo_sanguineo": "O+",
		"cor": "vermelho"
	},
	{
		"nome": "Ryan Marcos Vinicius Gabriel Monteiro",
		"idade": 56,
		"cpf": "345.591.611-27",
		"rg": "16.615.461-1",
		"data_nasc": "06/02/1967",
		"sexo": "Masculino",
		"signo": "Aquário",
		"mae": "Raimunda Sandra Sabrina",
		"pai": "Emanuel Murilo Alexandre Monteiro",
		"email": "ryanmarcosmonteiro@engineer.com",
		"senha": "fF9unBjsgm",
		"cep": "71256-375",
		"endereco": "Quadra Quadra 6 Conjunto 14",
		"numero": 205,
		"bairro": "Setor Oeste (Vila Estrutural - Guará)",
		"cidade": "Brasília",
		"estado": "DF",
		"telefone_fixo": "(61) 3713-6301",
		"celular": "(61) 99253-8161",
		"altura": "1,76",
		"peso": 56,
		"tipo_sanguineo": "O+",
		"cor": "laranja"
	},
	{
		"nome": "Cauã Luan da Costa",
		"idade": 49,
		"cpf": "593.687.551-24",
		"rg": "33.370.038-7",
		"data_nasc": "11/02/1974",
		"sexo": "Masculino",
		"signo": "Aquário",
		"mae": "Luzia Isis Eloá",
		"pai": "Lorenzo Heitor Manoel da Costa",
		"email": "caua_dacosta@focusnetworks.com.br",
		"senha": "ZF2WsGL239",
		"cep": "72579-290",
		"endereco": "Chácara Chácara 29",
		"numero": 728,
		"bairro": "Condomínio Chácaras Ana Maria (Santa Maria)",
		"cidade": "Brasília",
		"estado": "DF",
		"telefone_fixo": "(61) 3955-8922",
		"celular": "(61) 98471-0221",
		"altura": "1,96",
		"peso": 81,
		"tipo_sanguineo": "O-",
		"cor": "verde"
	},
	{
		"nome": "Sabrina Andrea Fogaça",
		"idade": 55,
		"cpf": "268.611.211-50",
		"rg": "19.069.499-3",
		"data_nasc": "06/02/1968",
		"sexo": "Feminino",
		"signo": "Aquário",
		"mae": "Isabela Isabelly Valentina",
		"pai": "Rodrigo Antonio Ruan Fogaça",
		"email": "sabrina_andrea_fogaca@djapan.com.br",
		"senha": "1n41dWIwYA",
		"cep": "72593-228",
		"endereco": "Quadra QRI 28",
		"numero": 415,
		"bairro": "Residencial Santos Dumont (Santa Maria)",
		"cidade": "Brasília",
		"estado": "DF",
		"telefone_fixo": "(61) 2823-4681",
		"celular": "(61) 98105-0875",
		"altura": "1,70",
		"peso": 78,
		"tipo_sanguineo": "B+",
		"cor": "laranja"
	},
	{
		"nome": "Joana Antônia Lopes",
		"idade": 72,
		"cpf": "856.761.991-21",
		"rg": "44.512.139-7",
		"data_nasc": "07/01/1951",
		"sexo": "Feminino",
		"signo": "Capricórnio",
		"mae": "Elisa Hadassa Malu",
		"pai": "Bryan Manuel Bruno Lopes",
		"email": "joana-lopes71@arablock.com.br",
		"senha": "Mjz335b2i6",
		"cep": "72536-120",
		"endereco": "Quadra QC 2 Conjunto L",
		"numero": 107,
		"bairro": "Santa Maria",
		"cidade": "Brasília",
		"estado": "DF",
		"telefone_fixo": "(61) 3882-5948",
		"celular": "(61) 98237-5990",
		"altura": "1,71",
		"peso": 74,
		"tipo_sanguineo": "AB-",
		"cor": "roxo"
	},
	{
		"nome": "Aurora Alice Tereza Lima",
		"idade": 53,
		"cpf": "575.197.401-88",
		"rg": "11.020.405-0",
		"data_nasc": "18/02/1970",
		"sexo": "Feminino",
		"signo": "Aquário",
		"mae": "Louise Emilly Regina",
		"pai": "Thomas Manuel Lima",
		"email": "auroraalicelima@unidademovel.com",
		"senha": "zxLCHR1059",
		"cep": "72440-460",
		"endereco": "Quadra Quadra 46",
		"numero": 430,
		"bairro": "Setor Leste (Gama)",
		"cidade": "Brasília",
		"estado": "DF",
		"telefone_fixo": "(61) 3725-3849",
		"celular": "(61) 98484-3823",
		"altura": "1,66",
		"peso": 61,
		"tipo_sanguineo": "A+",
		"cor": "roxo"
	},
	{
		"nome": "Amanda Silvana Raimunda Melo",
		"idade": 64,
		"cpf": "044.680.141-05",
		"rg": "39.975.400-3",
		"data_nasc": "13/02/1959",
		"sexo": "Feminino",
		"signo": "Aquário",
		"mae": "Eloá Catarina",
		"pai": "Lorenzo Bernardo Melo",
		"email": "amanda.silvana.melo@hotmal.com",
		"senha": "naTmFPTjLB",
		"cep": "73355-400",
		"endereco": "Quadra Quadra 14",
		"numero": 881,
		"bairro": "Setor Residencial Leste (Planaltina)",
		"cidade": "Brasília",
		"estado": "DF",
		"telefone_fixo": "(61) 3815-8388",
		"celular": "(61) 98833-2251",
		"altura": "1,55",
		"peso": 49,
		"tipo_sanguineo": "O-",
		"cor": "laranja"
	},
	{
		"nome": "Alessandra Vanessa Luana Costa",
		"idade": 61,
		"cpf": "072.396.031-30",
		"rg": "28.344.522-1",
		"data_nasc": "09/01/1962",
		"sexo": "Feminino",
		"signo": "Capricórnio",
		"mae": "Julia Kamilly",
		"pai": "Geraldo Ian Costa",
		"email": "alessandra.vanessa.costa@tafeta.com.br",
		"senha": "BLWKi8lcwJ",
		"cep": "71884-520",
		"endereco": "Quadra QS 14 Conjunto 5",
		"numero": 206,
		"bairro": "Riacho Fundo II",
		"cidade": "Brasília",
		"estado": "DF",
		"telefone_fixo": "(61) 3921-6901",
		"celular": "(61) 99805-1836",
		"altura": "1,85",
		"peso": 90,
		"tipo_sanguineo": "A-",
		"cor": "roxo"
	},
	{
		"nome": "Otávio Victor Carlos Eduardo das Neves",
		"idade": 37,
		"cpf": "248.502.221-61",
		"rg": "31.650.677-1",
		"data_nasc": "06/01/1986",
		"sexo": "Masculino",
		"signo": "Capricórnio",
		"mae": "Carolina Fabiana",
		"pai": "Bento Enrico das Neves",
		"email": "otavio.victor.dasneves@wizardsjc.com.br",
		"senha": "wuugbKmqPE",
		"cep": "71828-444",
		"endereco": "Colônia Agrícola Canegae",
		"numero": 745,
		"bairro": "Riacho Fundo I",
		"cidade": "Brasília",
		"estado": "DF",
		"telefone_fixo": "(61) 2840-3568",
		"celular": "(61) 99765-9312",
		"altura": "1,93",
		"peso": 79,
		"tipo_sanguineo": "A+",
		"cor": "verde"
	}
]