[
	{
		"nome": "Lorena Silvana Bruna da Cunha",
		"idade": 62,
		"cpf": "014.864.681-60",
		"rg": "42.325.433-9",
		"data_nasc": "24/02/1961",
		"sexo": "Feminino",
		"signo": "Peixes",
		"mae": "Elisa Emanuelly",
		"pai": "Benício Carlos Eduardo da Cunha",
		"email": "lorena-dacunha93@franciscofilho.adv.br",
		"senha": "w1JAwB7qTa",
		"cep": "71665-285",
		"endereco": "Quadra SHIS QL 28 Conjunto 8",
		"numero": 234,
		"bairro": "Setor de Habitações Individuais Sul",
		"cidade": "Brasília",
		"estado": "DF",
		"telefone_fixo": "(61) 3793-9597",
		"celular": "(61) 99262-9759",
		"altura": "1,77",
		"peso": 50,
		"tipo_sanguineo": "A+",
		"cor": "azul"
	},
	{
		"nome": "Jaqueline Catarina Daiane Porto",
		"idade": 24,
		"cpf": "769.279.491-00",
		"rg": "44.580.115-3",
		"data_nasc": "12/02/1999",
		"sexo": "Feminino",
		"signo": "Aquário",
		"mae": "Isadora Rayssa",
		"pai": "Danilo Roberto Porto",
		"email": "jaqueline_catarina_porto@terrabrasil.com.br",
		"senha": "Fo78fbPZZI",
		"cep": "70750-730",
		"endereco": "Quadra SHCGN 710",
		"numero": 295,
		"bairro": "Asa Norte",
		"cidade": "Brasília",
		"estado": "DF",
		"telefone_fixo": "(61) 2994-0580",
		"celular": "(61) 99284-5169",
		"altura": "1,77",
		"peso": 48,
		"tipo_sanguineo": "B+",
		"cor": "amarelo"
	},
	{
		"nome": "Brenda Daniela Carolina Monteiro",
		"idade": 60,
		"cpf": "691.210.671-47",
		"rg": "43.694.758-4",
		"data_nasc": "22/02/1963",
		"sexo": "Feminino",
		"signo": "Peixes",
		"mae": "Marli Heloisa Valentina",
		"pai": "Nicolas Eduardo Raul Monteiro",
		"email": "brenda.daniela.monteiro@etipel.com.br",
		"senha": "wjeG0lU1bg",
		"cep": "70834-400",
		"endereco": "Quadra EQN 402/403",
		"numero": 760,
		"bairro": "Asa Norte",
		"cidade": "Brasília",
		"estado": "DF",
		"telefone_fixo": "(61) 2849-3632",
		"celular": "(61) 98295-7746",
		"altura": "1,76",
		"peso": 87,
		"tipo_sanguineo": "O+",
		"cor": "vermelho"
	},
	{
		"nome": "Camila Gabriela Bernardes",
		"idade": 42,
		"cpf": "775.501.761-32",
		"rg": "18.647.484-2",
		"data_nasc": "20/02/1981",
		"sexo": "Feminino",
		"signo": "Peixes",
		"mae": "Laura Giovana",
		"pai": "Jorge Benjamin Bernardes",
		"email": "camilagabrielabernardes@torrez.com.br",
		"senha": "T3aKgxtH5Z",
		"cep": "72543-235",
		"endereco": "Quadra CL 313 Bloco E",
		"numero": 999,
		"bairro": "Santa Maria",
		"cidade": "Brasília",
		"estado": "DF",
		"telefone_fixo": "(61) 3767-3319",
		"celular": "(61) 98479-5555",
		"altura": "1,84",
		"peso": 49,
		"tipo_sanguineo": "B+",
		"cor": "verde"
	},
	{
		"nome": "Sara Catarina Bárbara Assis",
		"idade": 48,
		"cpf": "735.881.841-55",
		"rg": "42.371.230-5",
		"data_nasc": "07/02/1975",
		"sexo": "Feminino",
		"signo": "Aquário",
		"mae": "Rosa Bruna",
		"pai": "Gustavo Manoel Assis",
		"email": "sara.catarina.assis@nine9.com.br",
		"senha": "d7dCBctMgA",
		"cep": "72410-204",
		"endereco": "Quadra Quadra 3 Conjunto D",
		"numero": 700,
		"bairro": "Setor Sul (Gama)",
		"cidade": "Brasília",
		"estado": "DF",
		"telefone_fixo": "(61) 2529-7914",
		"celular": "(61) 99961-4345",
		"altura": "1,57",
		"peso": 61,
		"tipo_sanguineo": "B-",
		"cor": "vermelho"
	},
	{
		"nome": "Benedito Jorge Martins",
		"idade": 78,
		"cpf": "074.364.921-44",
		"rg": "32.459.709-5",
		"data_nasc": "23/01/1945",
		"sexo": "Masculino",
		"signo": "Aquário",
		"mae": "Louise Carla Olivia",
		"pai": "Vicente Anderson Kevin Martins",
		"email": "beneditojorgemartins@inglesasset.com.br",
		"senha": "MCZqZb6dGR",
		"cep": "71536-364",
		"endereco": "Trecho Trecho 06 Chácara 218",
		"numero": 474,
		"bairro": "Setor de Habitações Individuais Norte",
		"cidade": "Brasília",
		"estado": "DF",
		"telefone_fixo": "(61) 2665-4853",
		"celular": "(61) 98571-1081",
		"altura": "1,77",
		"peso": 54,
		"tipo_sanguineo": "O+",
		"cor": "azul"
	},
	{
		"nome": "Paulo Kevin Filipe Santos",
		"idade": 61,
		"cpf": "023.431.791-40",
		"rg": "27.815.060-3",
		"data_nasc": "06/02/1962",
		"sexo": "Masculino",
		"signo": "Aquário",
		"mae": "Vitória Jaqueline",
		"pai": "Julio Paulo Gael Santos",
		"email": "paulokevinsantos@sigtechbr.com",
		"senha": "4BA6rS0Jte",
		"cep": "73381-050",
		"endereco": "Conjunto Conjunto Residencial 50A",
		"numero": 767,
		"bairro": "Vale do Amanhecer (Planaltina)",
		"cidade": "Brasília",
		"estado": "DF",
		"telefone_fixo": "(61) 3542-4062",
		"celular": "(61) 98588-7938",
		"altura": "1,62",
		"peso": 105,
		"tipo_sanguineo": "O+",
		"cor": "preto"
	},
	{
		"nome": "Sophie Valentina Andrea Caldeira",
		"idade": 57,
		"cpf": "004.192.331-64",
		"rg": "43.779.463-5",
		"data_nasc": "11/02/1966",
		"sexo": "Feminino",
		"signo": "Aquário",
		"mae": "Brenda Bruna Ester",
		"pai": "Roberto Rodrigo Caldeira",
		"email": "sophie-caldeira84@saa.com.br",
		"senha": "bffK1uYotQ",
		"cep": "70295-520",
		"endereco": "Quadra CLS 216 Bloco B",
		"numero": 470,
		"bairro": "Asa Sul",
		"cidade": "Brasília",
		"estado": "DF",
		"telefone_fixo": "(61) 2500-4540",
		"celular": "(61) 99680-3044",
		"altura": "1,73",
		"peso": 46,
		"tipo_sanguineo": "O-",
		"cor": "roxo"
	},
	{
		"nome": "Danilo Davi Gonçalves",
		"idade": 74,
		"cpf": "732.746.931-11",
		"rg": "36.278.166-7",
		"data_nasc": "17/02/1949",
		"sexo": "Masculino",
		"signo": "Aquário",
		"mae": "Elza Daiane Isabela",
		"pai": "Kaique Raimundo Antonio Gonçalves",
		"email": "danilodavigoncalves@tanet.com.br",
		"senha": "uCcw5cmmee",
		"cep": "72231-600",
		"endereco": "Quadra QNP 16",
		"numero": 525,
		"bairro": "Ceilândia Sul (Ceilândia)",
		"cidade": "Brasília",
		"estado": "DF",
		"telefone_fixo": "(61) 2887-7427",
		"celular": "(61) 99618-1492",
		"altura": "1,98",
		"peso": 60,
		"tipo_sanguineo": "AB-",
		"cor": "preto"
	},
	{
		"nome": "Nicolas João Moraes",
		"idade": 57,
		"cpf": "226.855.271-33",
		"rg": "43.934.965-5",
		"data_nasc": "18/01/1966",
		"sexo": "Masculino",
		"signo": "Capricórnio",
		"mae": "Aurora Agatha",
		"pai": "Giovanni Julio Benjamin Moraes",
		"email": "nicolas_moraes@jammer.com.br",
		"senha": "7pz8f9ES1B",
		"cep": "73006-515",
		"endereco": "Quadra Quadra 10 Comércio Local 5",
		"numero": 938,
		"bairro": "Sobradinho",
		"cidade": "Brasília",
		"estado": "DF",
		"telefone_fixo": "(61) 2653-8744",
		"celular": "(61) 98644-9844",
		"altura": "1,98",
		"peso": 74,
		"tipo_sanguineo": "B+",
		"cor": "roxo"
	},
	{
		"nome": "Geraldo Raimundo Raul Lima",
		"idade": 58,
		"cpf": "848.151.741-05",
		"rg": "50.033.845-0",
		"data_nasc": "15/01/1965",
		"sexo": "Masculino",
		"signo": "Capricórnio",
		"mae": "Bianca Lorena Vitória",
		"pai": "Cauê Sérgio Lima",
		"email": "geraldoraimundolima@zigotto.com.br",
		"senha": "yorbbPu70H",
		"cep": "72220-327",
		"endereco": "Quadra QNN 32 Área Especial G",
		"numero": 983,
		"bairro": "Ceilândia Sul (Ceilândia)",
		"cidade": "Brasília",
		"estado": "DF",
		"telefone_fixo": "(61) 3897-9292",
		"celular": "(61) 99274-6807",
		"altura": "1,99",
		"peso": 54,
		"tipo_sanguineo": "B-",
		"cor": "amarelo"
	},
	{
		"nome": "Luís Gabriel Filipe Fernandes",
		"idade": 57,
		"cpf": "694.941.431-59",
		"rg": "17.505.618-3",
		"data_nasc": "19/01/1966",
		"sexo": "Masculino",
		"signo": "Capricórnio",
		"mae": "Aparecida Cecília Sophie",
		"pai": "Miguel Iago Thales Fernandes",
		"email": "luis_gabriel_fernandes@nogueiramoura.com.br",
		"senha": "oqa9Y8hd64",
		"cep": "72415-133",
		"endereco": "Praça 2 Bloco B",
		"numero": 932,
		"bairro": "Setor Sul (Gama)",
		"cidade": "Brasília",
		"estado": "DF",
		"telefone_fixo": "(61) 3770-9140",
		"celular": "(61) 98185-3595",
		"altura": "1,74",
		"peso": 69,
		"tipo_sanguineo": "AB+",
		"cor": "azul"
	},
	{
		"nome": "Benedita Andrea Pietra Peixoto",
		"idade": 72,
		"cpf": "976.524.121-61",
		"rg": "38.911.999-4",
		"data_nasc": "22/02/1951",
		"sexo": "Feminino",
		"signo": "Peixes",
		"mae": "Cláudia Sueli Ayla",
		"pai": "César José Noah Peixoto",
		"email": "benedita_peixoto@fibran.com.br",
		"senha": "1cGoEy0ZBi",
		"cep": "71692-407",
		"endereco": "Quadra Quadra 201 Conjunto 3",
		"numero": 787,
		"bairro": "Setor Residencial Oeste (São Sebastião)",
		"cidade": "Brasília",
		"estado": "DF",
		"telefone_fixo": "(61) 2758-6502",
		"celular": "(61) 98561-6838",
		"altura": "1,50",
		"peso": 67,
		"tipo_sanguineo": "O-",
		"cor": "vermelho"
	},
	{
		"nome": "Miguel Matheus Isaac da Luz",
		"idade": 35,
		"cpf": "119.787.171-30",
		"rg": "43.224.863-8",
		"data_nasc": "17/02/1988",
		"sexo": "Masculino",
		"signo": "Aquário",
		"mae": "Sebastiana Gabrielly Adriana",
		"pai": "Benjamin Yago Thales da Luz",
		"email": "miguelmatheusdaluz@spires.com.br",
		"senha": "ZHDUbb959y",
		"cep": "72302-970",
		"endereco": "QS 112 Bloco 6 Lotes 01/02",
		"numero": 464,
		"bairro": "Samambaia Sul (Samambaia)",
		"cidade": "Brasília",
		"estado": "DF",
		"telefone_fixo": "(61) 2523-9965",
		"celular": "(61) 98153-0949",
		"altura": "1,90",
		"peso": 98,
		"tipo_sanguineo": "B-",
		"cor": "laranja"
	},
	{
		"nome": "Caio Márcio Castro",
		"idade": 74,
		"cpf": "628.323.321-02",
		"rg": "41.658.091-9",
		"data_nasc": "08/01/1949",
		"sexo": "Masculino",
		"signo": "Capricórnio",
		"mae": "Adriana Nicole",
		"pai": "Márcio Samuel Castro",
		"email": "caiomarciocastro@papayacomunicacao.com.br",
		"senha": "q2xCTDzIuO",
		"cep": "70636-010",
		"endereco": "Quadra Quadra B",
		"numero": 579,
		"bairro": "Granja do Torto",
		"cidade": "Brasília",
		"estado": "DF",
		"telefone_fixo": "(61) 3983-9868",
		"celular": "(61) 98410-7318",
		"altura": "1,72",
		"peso": 67,
		"tipo_sanguineo": "A-",
		"cor": "vermelho"
	},
	{
		"nome": "Fátima Maria Patrícia Gomes",
		"idade": 60,
		"cpf": "829.079.651-07",
		"rg": "14.412.386-1",
		"data_nasc": "01/02/1963",
		"sexo": "Feminino",
		"signo": "Aquário",
		"mae": "Tânia Natália Rayssa",
		"pai": "Gael Raul Gomes",
		"email": "fatima_gomes@dpi.ig.br",
		"senha": "YxMS5u66CA",
		"cep": "73026-555",
		"endereco": "Quadra Quadra 6 Comércio Local 21",
		"numero": 840,
		"bairro": "Sobradinho",
		"cidade": "Brasília",
		"estado": "DF",
		"telefone_fixo": "(61) 2681-3916",
		"celular": "(61) 98643-3573",
		"altura": "1,63",
		"peso": 86,
		"tipo_sanguineo": "O-",
		"cor": "vermelho"
	},
	{
		"nome": "Pietro Elias Calebe da Silva",
		"idade": 35,
		"cpf": "013.753.781-63",
		"rg": "37.378.508-2",
		"data_nasc": "23/01/1988",
		"sexo": "Masculino",
		"signo": "Aquário",
		"mae": "Benedita Patrícia Elaine",
		"pai": "Enrico Yuri da Silva",
		"email": "pietro-dasilva90@vlcorporate.com",
		"senha": "l3ECTDT0iB",
		"cep": "70380-756",
		"endereco": "Quadra SHIGS 714 Bloco F",
		"numero": 409,
		"bairro": "Asa Sul",
		"cidade": "Brasília",
		"estado": "DF",
		"telefone_fixo": "(61) 3734-8586",
		"celular": "(61) 99513-1528",
		"altura": "1,84",
		"peso": 81,
		"tipo_sanguineo": "AB-",
		"cor": "vermelho"
	},
	{
		"nome": "Juan Luiz da Conceição",
		"idade": 77,
		"cpf": "934.721.131-11",
		"rg": "46.353.923-0",
		"data_nasc": "03/01/1946",
		"sexo": "Masculino",
		"signo": "Capricórnio",
		"mae": "Marli Nina Vera",
		"pai": "Murilo Edson Marcos da Conceição",
		"email": "juanluizdaconceicao@umbernardo.com.br",
		"senha": "TE302Xsmlg",
		"cep": "72734-016",
		"endereco": "Quadra Quadra 34 Conjunto P",
		"numero": 594,
		"bairro": "Vila São José (Brazlândia)",
		"cidade": "Brasília",
		"estado": "DF",
		"telefone_fixo": "(61) 3964-6459",
		"celular": "(61) 99926-2644",
		"altura": "1,68",
		"peso": 51,
		"tipo_sanguineo": "AB+",
		"cor": "vermelho"
	},
	{
		"nome": "Roberto Cauê Brito",
		"idade": 33,
		"cpf": "287.692.471-45",
		"rg": "10.731.752-7",
		"data_nasc": "01/01/1990",
		"sexo": "Masculino",
		"signo": "Capricórnio",
		"mae": "Laura Flávia",
		"pai": "Yuri Joaquim Miguel Brito",
		"email": "roberto_caue_brito@acaocontabilsjc.com.br",
		"senha": "ImPpYqn1Nz",
		"cep": "72725-124",
		"endereco": "Quadra Quadra 1 Chácara 3",
		"numero": 955,
		"bairro": "Veredas (Brazlândia)",
		"cidade": "Brasília",
		"estado": "DF",
		"telefone_fixo": "(61) 3600-8460",
		"celular": "(61) 98460-4115",
		"altura": "1,61",
		"peso": 93,
		"tipo_sanguineo": "AB+",
		"cor": "laranja"
	},
	{
		"nome": "Manuel Iago Pires",
		"idade": 49,
		"cpf": "215.465.441-00",
		"rg": "47.024.366-1",
		"data_nasc": "27/01/1974",
		"sexo": "Masculino",
		"signo": "Aquário",
		"mae": "Sophia Emilly",
		"pai": "Ian Kaique Pires",
		"email": "manuel-pires92@marithimaconstrutora.com.br",
		"senha": "S2T8sOxztR",
		"cep": "72025-190",
		"endereco": "Quadra QSE 19",
		"numero": 735,
		"bairro": "Taguatinga Sul (Taguatinga)",
		"cidade": "Brasília",
		"estado": "DF",
		"telefone_fixo": "(61) 2557-3954",
		"celular": "(61) 99245-5070",
		"altura": "1,89",
		"peso": 90,
		"tipo_sanguineo": "AB-",
		"cor": "laranja"
	},
	{
		"nome": "Julia Vitória Bianca Oliveira",
		"idade": 47,
		"cpf": "015.564.741-56",
		"rg": "35.649.030-0",
		"data_nasc": "11/02/1976",
		"sexo": "Feminino",
		"signo": "Aquário",
		"mae": "Benedita Flávia",
		"pai": "Marcos Vinicius Igor Edson Oliveira",
		"email": "juliavitoriaoliveira@trevorh.com.br",
		"senha": "XPXW7Tz5hR",
		"cep": "70381-705",
		"endereco": "Quadra SHIGS 715 Bloco E",
		"numero": 300,
		"bairro": "Asa Sul",
		"cidade": "Brasília",
		"estado": "DF",
		"telefone_fixo": "(61) 3840-2490",
		"celular": "(61) 98375-9212",
		"altura": "1,71",
		"peso": 47,
		"tipo_sanguineo": "A+",
		"cor": "amarelo"
	},
	{
		"nome": "Andrea Carolina Nogueira",
		"idade": 45,
		"cpf": "190.916.051-20",
		"rg": "27.002.417-7",
		"data_nasc": "15/02/1978",
		"sexo": "Feminino",
		"signo": "Aquário",
		"mae": "Elza Benedita Amanda",
		"pai": "Murilo Arthur Nogueira",
		"email": "andreacarolinanogueira@danielvasconcelos.com.br",
		"senha": "8akAxG7L95",
		"cep": "71615-730",
		"endereco": "Quadra SHIS QI 7 Bloco C",
		"numero": 188,
		"bairro": "Setor de Habitações Individuais Sul",
		"cidade": "Brasília",
		"estado": "DF",
		"telefone_fixo": "(61) 3992-5595",
		"celular": "(61) 98996-4560",
		"altura": "1,76",
		"peso": 73,
		"tipo_sanguineo": "AB+",
		"cor": "vermelho"
	},
	{
		"nome": "Bianca Priscila Amanda Rodrigues",
		"idade": 42,
		"cpf": "082.176.351-29",
		"rg": "36.016.322-1",
		"data_nasc": "17/01/1981",
		"sexo": "Feminino",
		"signo": "Capricórnio",
		"mae": "Yasmin Eliane Milena",
		"pai": "Benício Bryan Bruno Rodrigues",
		"email": "bianca_rodrigues@amplisat.com.br",
		"senha": "tZF5GYqk4d",
		"cep": "70056-900",
		"endereco": "Esplanada dos Ministérios Bloco F",
		"numero": 500,
		"bairro": "Zona Cívico-Administrativa",
		"cidade": "Brasília",
		"estado": "DF",
		"telefone_fixo": "(61) 3982-6661",
		"celular": "(61) 99176-7930",
		"altura": "1,65",
		"peso": 50,
		"tipo_sanguineo": "A-",
		"cor": "preto"
	},
	{
		"nome": "Lucas Anderson Cavalcanti",
		"idade": 80,
		"cpf": "123.134.371-08",
		"rg": "47.823.413-2",
		"data_nasc": "08/01/1943",
		"sexo": "Masculino",
		"signo": "Capricórnio",
		"mae": "Adriana Julia Emilly",
		"pai": "Geraldo Alexandre Cavalcanti",
		"email": "lucas.anderson.cavalcanti@l3ambiental.com.br",
		"senha": "pboEsNh1b9",
		"cep": "72220-252",
		"endereco": "Quadra QNN 24 Conjunto L",
		"numero": 277,
		"bairro": "Ceilândia Sul (Ceilândia)",
		"cidade": "Brasília",
		"estado": "DF",
		"telefone_fixo": "(61) 2679-2505",
		"celular": "(61) 98319-1509",
		"altura": "1,81",
		"peso": 109,
		"tipo_sanguineo": "AB-",
		"cor": "verde"
	},
	{
		"nome": "Victor Miguel Freitas",
		"idade": 18,
		"cpf": "014.249.611-14",
		"rg": "33.522.341-2",
		"data_nasc": "24/02/2005",
		"sexo": "Masculino",
		"signo": "Peixes",
		"mae": "Adriana Melissa Elisa",
		"pai": "Jorge Hugo Bruno Freitas",
		"email": "victormiguelfreitas@zk.arq.br",
		"senha": "jBzR9dxYXF",
		"cep": "72210-071",
		"endereco": "Quadra QNM 6 Conjunto K",
		"numero": 266,
		"bairro": "Ceilândia Norte (Ceilândia)",
		"cidade": "Brasília",
		"estado": "DF",
		"telefone_fixo": "(61) 3978-7773",
		"celular": "(61) 99903-5476",
		"altura": "1,70",
		"peso": 95,
		"tipo_sanguineo": "B+",
		"cor": "verde"
	},
	{
		"nome": "Yuri Bernardo Roberto Teixeira",
		"idade": 51,
		"cpf": "119.918.631-79",
		"rg": "22.756.708-0",
		"data_nasc": "11/01/1972",
		"sexo": "Masculino",
		"signo": "Capricórnio",
		"mae": "Vanessa Daiane Tereza",
		"pai": "Anderson Marcelo Teixeira",
		"email": "yuribernardoteixeira@lonza.com",
		"senha": "6hEc2DHuhx",
		"cep": "72260-775",
		"endereco": "Quadra QNO 17 Conjunto E",
		"numero": 631,
		"bairro": "Ceilândia Norte (Ceilândia)",
		"cidade": "Brasília",
		"estado": "DF",
		"telefone_fixo": "(61) 3760-5411",
		"celular": "(61) 99848-2470",
		"altura": "1,86",
		"peso": 87,
		"tipo_sanguineo": "A+",
		"cor": "roxo"
	},
	{
		"nome": "Luan Marcelo Diego da Costa",
		"idade": 74,
		"cpf": "550.995.631-39",
		"rg": "33.385.355-6",
		"data_nasc": "18/01/1949",
		"sexo": "Masculino",
		"signo": "Capricórnio",
		"mae": "Ester Agatha Hadassa",
		"pai": "Leandro Leandro da Costa",
		"email": "luan-dacosta87@zipmail.com.br",
		"senha": "iMObi6ec1X",
		"cep": "72275-554",
		"endereco": "Quadra QNR 4 Área Especial 22",
		"numero": 756,
		"bairro": "Ceilândia Norte (Ceilândia)",
		"cidade": "Brasília",
		"estado": "DF",
		"telefone_fixo": "(61) 2843-7448",
		"celular": "(61) 98914-7641",
		"altura": "1,69",
		"peso": 89,
		"tipo_sanguineo": "A+",
		"cor": "preto"
	},
	{
		"nome": "Josefa Giovanna Carvalho",
		"idade": 60,
		"cpf": "090.993.231-07",
		"rg": "22.949.241-1",
		"data_nasc": "09/02/1963",
		"sexo": "Feminino",
		"signo": "Aquário",
		"mae": "Luna Rebeca",
		"pai": "João Thiago João Carvalho",
		"email": "josefagiovannacarvalho@unipsicotaubate.com.br",
		"senha": "SpY5orZ07K",
		"cep": "72255-307",
		"endereco": "Quadra QNO 13 Conjunto G",
		"numero": 432,
		"bairro": "Ceilândia Norte (Ceilândia)",
		"cidade": "Brasília",
		"estado": "DF",
		"telefone_fixo": "(61) 2764-4009",
		"celular": "(61) 99284-1239",
		"altura": "1,65",
		"peso": 77,
		"tipo_sanguineo": "B+",
		"cor": "amarelo"
	},
	{
		"nome": "Nair Helena Sara Corte Real",
		"idade": 71,
		"cpf": "215.855.041-49",
		"rg": "21.432.255-5",
		"data_nasc": "04/01/1952",
		"sexo": "Feminino",
		"signo": "Capricórnio",
		"mae": "Adriana Antônia",
		"pai": "Lorenzo Martin Corte Real",
		"email": "nairhelenacortereal@dglnet.com.br",
		"senha": "rcyqb2MZSJ",
		"cep": "71882-277",
		"endereco": "Quadra QC 6 Conjunto 27",
		"numero": 680,
		"bairro": "Riacho Fundo II",
		"cidade": "Brasília",
		"estado": "DF",
		"telefone_fixo": "(61) 2534-1771",
		"celular": "(61) 98218-9264",
		"altura": "1,62",
		"peso": 53,
		"tipo_sanguineo": "O+",
		"cor": "azul"
	},
	{
		"nome": "Jennifer Analu Aparício",
		"idade": 20,
		"cpf": "977.504.541-01",
		"rg": "29.046.502-3",
		"data_nasc": "24/01/2003",
		"sexo": "Feminino",
		"signo": "Aquário",
		"mae": "Isabelly Stella Priscila",
		"pai": "Lucas Eduardo Pedro Aparício",
		"email": "jennifer_aparicio@starmidia.tv",
		"senha": "qOpE1iwLRP",
		"cep": "72640-416",
		"endereco": "Quadra Quadra 604 Conjunto 16",
		"numero": 243,
		"bairro": "Recanto das Emas",
		"cidade": "Brasília",
		"estado": "DF",
		"telefone_fixo": "(61) 2681-9687",
		"celular": "(61) 98374-2915",
		"altura": "1,84",
		"peso": 71,
		"tipo_sanguineo": "A+",
		"cor": "vermelho"
	}
]