[
	{
		"nome": "César Pietro Rafael Viana",
		"idade": 50,
		"cpf": "930.254.224-67",
		"rg": "45.768.843-9",
		"data_nasc": "22/01/1973",
		"sexo": "Masculino",
		"signo": "Aquário",
		"mae": "Emily Isabella Gabrielly",
		"pai": "Danilo Carlos Matheus Viana",
		"email": "cesar.pietro.viana@gineco.med.br",
		"senha": "aseFe0kdDe",
		"cep": "79082-125",
		"endereco": "Rua Iranduba",
		"numero": 361,
		"bairro": "Guanandi II",
		"cidade": "Campo Grande",
		"estado": "MS",
		"telefone_fixo": "(67) 2904-5574",
		"celular": "(67) 98918-1393",
		"altura": "1,63",
		"peso": 98,
		"tipo_sanguineo": "B+",
		"cor": "laranja"
	},
	{
		"nome": "Jennifer Andrea Monteiro",
		"idade": 28,
		"cpf": "327.034.296-90",
		"rg": "38.074.375-9",
		"data_nasc": "26/01/1995",
		"sexo": "Feminino",
		"signo": "Aquário",
		"mae": "Emilly Sandra Sueli",
		"pai": "Gustavo Márcio Hugo Monteiro",
		"email": "jennifer_monteiro@multieventos.art.br",
		"senha": "Yomq090Q4R",
		"cep": "91780-788",
		"endereco": "Rua dos Flamboaiãs",
		"numero": 401,
		"bairro": "Ponta Grossa",
		"cidade": "Porto Alegre",
		"estado": "RS",
		"telefone_fixo": "(51) 3807-9670",
		"celular": "(51) 98504-7326",
		"altura": "1,80",
		"peso": 54,
		"tipo_sanguineo": "B+",
		"cor": "laranja"
	},
	{
		"nome": "Alice Stella Mariana Duarte",
		"idade": 77,
		"cpf": "821.581.222-85",
		"rg": "30.033.081-9",
		"data_nasc": "06/01/1946",
		"sexo": "Feminino",
		"signo": "Capricórnio",
		"mae": "Rafaela Mirella Renata",
		"pai": "Marcelo Roberto Duarte",
		"email": "alice-duarte71@resource.com.br",
		"senha": "bairOUE3i8",
		"cep": "69301-200",
		"endereco": "Avenida Mário Homem de Melo",
		"numero": 157,
		"bairro": "Centro",
		"cidade": "Boa Vista",
		"estado": "RR",
		"telefone_fixo": "(95) 2878-7194",
		"celular": "(95) 98389-0595",
		"altura": "1,50",
		"peso": 84,
		"tipo_sanguineo": "A+",
		"cor": "amarelo"
	},
	{
		"nome": "Ana Sophie Aparício",
		"idade": 75,
		"cpf": "050.875.851-32",
		"rg": "33.473.316-9",
		"data_nasc": "06/01/1948",
		"sexo": "Feminino",
		"signo": "Capricórnio",
		"mae": "Valentina Adriana Pietra",
		"pai": "Osvaldo Tiago Lucas Aparício",
		"email": "anasophieaparicio@technocut.com.br",
		"senha": "LMufhtSi8X",
		"cep": "96081-070",
		"endereco": "Passeio Dois",
		"numero": 965,
		"bairro": "Areal",
		"cidade": "Pelotas",
		"estado": "RS",
		"telefone_fixo": "(53) 3678-0758",
		"celular": "(53) 98302-3125",
		"altura": "1,64",
		"peso": 75,
		"tipo_sanguineo": "B-",
		"cor": "preto"
	},
	{
		"nome": "Francisco Gabriel Ribeiro",
		"idade": 78,
		"cpf": "446.108.070-68",
		"rg": "16.768.712-8",
		"data_nasc": "12/01/1945",
		"sexo": "Masculino",
		"signo": "Capricórnio",
		"mae": "Emily Bianca Gabriela",
		"pai": "Marcelo Kaique Ribeiro",
		"email": "francisco_gabriel_ribeiro@hpelzer.com.br",
		"senha": "HdJBhDBJ81",
		"cep": "60527-420",
		"endereco": "Rua 4",
		"numero": 704,
		"bairro": "Autran Nunes",
		"cidade": "Fortaleza",
		"estado": "CE",
		"telefone_fixo": "(85) 2586-7752",
		"celular": "(85) 98227-7739",
		"altura": "1,74",
		"peso": 85,
		"tipo_sanguineo": "O+",
		"cor": "verde"
	},
	{
		"nome": "Hugo Kauê Julio Almada",
		"idade": 18,
		"cpf": "566.886.536-30",
		"rg": "45.113.446-1",
		"data_nasc": "11/02/2005",
		"sexo": "Masculino",
		"signo": "Aquário",
		"mae": "Rita Nina Rafaela",
		"pai": "Pedro Henrique Elias Almada",
		"email": "hugokauealmada@fepextrusao.com.br",
		"senha": "ChADYyzJfi",
		"cep": "69313-595",
		"endereco": "Avenida Cabo-Polícia Militar José Tabira de Alencar Macêdo",
		"numero": 493,
		"bairro": "Caranã",
		"cidade": "Boa Vista",
		"estado": "RR",
		"telefone_fixo": "(95) 2922-0192",
		"celular": "(95) 98918-0415",
		"altura": "1,72",
		"peso": 70,
		"tipo_sanguineo": "A-",
		"cor": "vermelho"
	},
	{
		"nome": "Lorenzo Thales Ferreira",
		"idade": 68,
		"cpf": "244.933.684-20",
		"rg": "11.240.899-0",
		"data_nasc": "05/01/1955",
		"sexo": "Masculino",
		"signo": "Capricórnio",
		"mae": "Maria Aurora",
		"pai": "Juan Kauê André Ferreira",
		"email": "lorenzo_ferreira@cbaidiomas.com",
		"senha": "bM8k4CSLFt",
		"cep": "68506-610",
		"endereco": "Quadra Onze",
		"numero": 454,
		"bairro": "Nova Marabá",
		"cidade": "Marabá",
		"estado": "PA",
		"telefone_fixo": "(94) 3536-2190",
		"celular": "(94) 99953-8150",
		"altura": "1,68",
		"peso": 105,
		"tipo_sanguineo": "B-",
		"cor": "verde"
	},
	{
		"nome": "Aparecida Hadassa Raquel Assis",
		"idade": 76,
		"cpf": "750.561.225-56",
		"rg": "18.681.605-4",
		"data_nasc": "05/02/1947",
		"sexo": "Feminino",
		"signo": "Aquário",
		"mae": "Hadassa Beatriz Isabella",
		"pai": "Daniel Luiz Rafael Assis",
		"email": "aparecida_assis@sefaz.am.gov.br",
		"senha": "WPOZeiIiIm",
		"cep": "69083-390",
		"endereco": "Rua Engenheiro Otávio Câmara",
		"numero": 292,
		"bairro": "Aleixo",
		"cidade": "Manaus",
		"estado": "AM",
		"telefone_fixo": "(92) 2828-3591",
		"celular": "(92) 98340-6057",
		"altura": "1,79",
		"peso": 61,
		"tipo_sanguineo": "O-",
		"cor": "vermelho"
	},
	{
		"nome": "Gabrielly Eliane Vanessa Vieira",
		"idade": 59,
		"cpf": "947.187.587-00",
		"rg": "32.304.375-6",
		"data_nasc": "11/02/1964",
		"sexo": "Feminino",
		"signo": "Aquário",
		"mae": "Beatriz Bruna",
		"pai": "Bruno Martin Oliver Vieira",
		"email": "gabrielly-vieira97@bsd.com.br",
		"senha": "oy2s0slx1K",
		"cep": "93348-340",
		"endereco": "Rua Congo",
		"numero": 131,
		"bairro": "Rincão",
		"cidade": "Novo Hamburgo",
		"estado": "RS",
		"telefone_fixo": "(51) 3924-2387",
		"celular": "(51) 99340-5786",
		"altura": "1,61",
		"peso": 66,
		"tipo_sanguineo": "O-",
		"cor": "laranja"
	},
	{
		"nome": "Andrea Sophie Melo",
		"idade": 22,
		"cpf": "529.276.793-04",
		"rg": "22.975.178-7",
		"data_nasc": "09/02/2001",
		"sexo": "Feminino",
		"signo": "Aquário",
		"mae": "Eliane Emanuelly",
		"pai": "Caio Anderson Eduardo Melo",
		"email": "andrea.sophie.melo@engeseg.com.br",
		"senha": "DEmoCkBUAp",
		"cep": "78144-418",
		"endereco": "Rua da Saudade",
		"numero": 467,
		"bairro": "Petrópolis",
		"cidade": "Várzea Grande",
		"estado": "MT",
		"telefone_fixo": "(65) 2628-1627",
		"celular": "(65) 98806-4949",
		"altura": "1,80",
		"peso": 85,
		"tipo_sanguineo": "AB+",
		"cor": "roxo"
	},
	{
		"nome": "José Isaac Silva",
		"idade": 56,
		"cpf": "851.198.170-50",
		"rg": "29.684.132-8",
		"data_nasc": "10/02/1967",
		"sexo": "Masculino",
		"signo": "Aquário",
		"mae": "Marlene Tatiane Clara",
		"pai": "Kauê Caio Silva",
		"email": "joseisaacsilva@ftcomercial.com.br",
		"senha": "TrpXYbCHzU",
		"cep": "62051-020",
		"endereco": "Rua Jurema",
		"numero": 531,
		"bairro": "Sinhá Sabóia",
		"cidade": "Sobral",
		"estado": "CE",
		"telefone_fixo": "(88) 2947-2995",
		"celular": "(88) 98424-8214",
		"altura": "1,88",
		"peso": 91,
		"tipo_sanguineo": "O+",
		"cor": "vermelho"
	},
	{
		"nome": "Francisco Kauê Gael Costa",
		"idade": 70,
		"cpf": "687.626.480-71",
		"rg": "46.782.953-6",
		"data_nasc": "03/01/1953",
		"sexo": "Masculino",
		"signo": "Capricórnio",
		"mae": "Sophia Simone Flávia",
		"pai": "Enrico César Kevin Costa",
		"email": "francisco_kaue_costa@comunikapublicidade.com.br",
		"senha": "NpQLI7GzLO",
		"cep": "60520-110",
		"endereco": "Vila Liana",
		"numero": 330,
		"bairro": "Jóquei Clube",
		"cidade": "Fortaleza",
		"estado": "CE",
		"telefone_fixo": "(85) 3705-4420",
		"celular": "(85) 99974-6371",
		"altura": "1,98",
		"peso": 103,
		"tipo_sanguineo": "A-",
		"cor": "vermelho"
	},
	{
		"nome": "Luan Erick Ruan Porto",
		"idade": 54,
		"cpf": "373.927.549-98",
		"rg": "27.315.490-4",
		"data_nasc": "22/01/1969",
		"sexo": "Masculino",
		"signo": "Aquário",
		"mae": "Stella Beatriz Elaine",
		"pai": "Felipe Victor Porto",
		"email": "luan-porto73@igoralcantara.com.br",
		"senha": "0O5EuxxeDN",
		"cep": "59151-305",
		"endereco": "Rua Tangará",
		"numero": 516,
		"bairro": "Nova Parnamirim",
		"cidade": "Parnamirim",
		"estado": "RN",
		"telefone_fixo": "(84) 2838-9879",
		"celular": "(84) 99413-6649",
		"altura": "1,64",
		"peso": 107,
		"tipo_sanguineo": "B-",
		"cor": "vermelho"
	},
	{
		"nome": "Henrique Marcos Márcio Rodrigues",
		"idade": 26,
		"cpf": "289.612.576-09",
		"rg": "42.374.580-3",
		"data_nasc": "23/01/1997",
		"sexo": "Masculino",
		"signo": "Aquário",
		"mae": "Gabriela Márcia Isabella",
		"pai": "Elias Diogo Rodrigues",
		"email": "henrique-rodrigues76@rotauniformes.com.br",
		"senha": "abUxp0gptz",
		"cep": "79107-392",
		"endereco": "Travessa Maria Esther Feire",
		"numero": 857,
		"bairro": "Jardim Zé Pereira",
		"cidade": "Campo Grande",
		"estado": "MS",
		"telefone_fixo": "(67) 2798-9615",
		"celular": "(67) 99798-8701",
		"altura": "1,77",
		"peso": 77,
		"tipo_sanguineo": "B+",
		"cor": "verde"
	},
	{
		"nome": "Miguel Julio Cláudio Araújo",
		"idade": 67,
		"cpf": "693.017.338-03",
		"rg": "17.536.200-2",
		"data_nasc": "10/02/1956",
		"sexo": "Masculino",
		"signo": "Aquário",
		"mae": "Isadora Beatriz Luna",
		"pai": "Samuel Roberto Araújo",
		"email": "migueljulioaraujo@dr.com",
		"senha": "d5d1AdQKrO",
		"cep": "69098-383",
		"endereco": "Avenida Nathan Xavier de Albuquerque",
		"numero": 843,
		"bairro": "Novo Aleixo",
		"cidade": "Manaus",
		"estado": "AM",
		"telefone_fixo": "(92) 2698-3179",
		"celular": "(92) 98947-2986",
		"altura": "1,63",
		"peso": 61,
		"tipo_sanguineo": "AB-",
		"cor": "laranja"
	},
	{
		"nome": "Diogo Hugo Nunes",
		"idade": 38,
		"cpf": "675.686.634-69",
		"rg": "16.142.735-2",
		"data_nasc": "05/02/1985",
		"sexo": "Masculino",
		"signo": "Aquário",
		"mae": "Ester Mariana",
		"pai": "Bento Nelson Nunes",
		"email": "diogo.hugo.nunes@lucaslima.com",
		"senha": "0JIwTkhX9F",
		"cep": "74945-180",
		"endereco": "Rua Hello Caldas",
		"numero": 926,
		"bairro": "Goiânia Park Sul",
		"cidade": "Aparecida de Goiânia",
		"estado": "GO",
		"telefone_fixo": "(62) 2706-0371",
		"celular": "(62) 99297-8716",
		"altura": "1,77",
		"peso": 102,
		"tipo_sanguineo": "O-",
		"cor": "laranja"
	},
	{
		"nome": "Marcelo Renato da Paz",
		"idade": 52,
		"cpf": "810.558.554-59",
		"rg": "38.178.239-6",
		"data_nasc": "14/02/1971",
		"sexo": "Masculino",
		"signo": "Aquário",
		"mae": "Josefa Allana",
		"pai": "Fábio Emanuel Caio da Paz",
		"email": "marcelo-dapaz73@impactatp.com.br",
		"senha": "z14KsK0ncc",
		"cep": "26196-000",
		"endereco": "Rua da Fé",
		"numero": 970,
		"bairro": "Vila João Rodrigues",
		"cidade": "Belford Roxo",
		"estado": "RJ",
		"telefone_fixo": "(21) 3734-3051",
		"celular": "(21) 98705-4256",
		"altura": "1,97",
		"peso": 63,
		"tipo_sanguineo": "A+",
		"cor": "preto"
	},
	{
		"nome": "Rafaela Elaine da Mota",
		"idade": 36,
		"cpf": "086.165.048-42",
		"rg": "26.983.769-3",
		"data_nasc": "08/02/1987",
		"sexo": "Feminino",
		"signo": "Aquário",
		"mae": "Aline Vanessa",
		"pai": "Fábio Giovanni da Mota",
		"email": "rafaela-damota90@expressotaubate.com.br",
		"senha": "Jp7WGnwCyx",
		"cep": "89233-068",
		"endereco": "Rua Paulo Padilha",
		"numero": 882,
		"bairro": "Santa Catarina",
		"cidade": "Joinville",
		"estado": "SC",
		"telefone_fixo": "(47) 3948-6924",
		"celular": "(47) 99527-2984",
		"altura": "1,56",
		"peso": 61,
		"tipo_sanguineo": "B+",
		"cor": "preto"
	},
	{
		"nome": "Felipe Cauê Marcelo da Costa",
		"idade": 52,
		"cpf": "798.012.360-35",
		"rg": "42.229.502-4",
		"data_nasc": "09/02/1971",
		"sexo": "Masculino",
		"signo": "Aquário",
		"mae": "Alessandra Catarina Larissa",
		"pai": "Severino Francisco Anderson da Costa",
		"email": "felipe_dacosta@lifefp.com.br",
		"senha": "B1tSyfHKgo",
		"cep": "69036-141",
		"endereco": "Beco Natal",
		"numero": 168,
		"bairro": "Compensa",
		"cidade": "Manaus",
		"estado": "AM",
		"telefone_fixo": "(92) 3707-9136",
		"celular": "(92) 99236-3279",
		"altura": "1,64",
		"peso": 54,
		"tipo_sanguineo": "AB+",
		"cor": "verde"
	},
	{
		"nome": "Rosa Cristiane Cardoso",
		"idade": 43,
		"cpf": "340.860.845-89",
		"rg": "14.883.495-4",
		"data_nasc": "01/01/1980",
		"sexo": "Feminino",
		"signo": "Capricórnio",
		"mae": "Isabela Tereza Regina",
		"pai": "Samuel Leonardo Marcos Vinicius Cardoso",
		"email": "rosa_cardoso@rafaeladson.com",
		"senha": "WIO0Jro2SK",
		"cep": "65068-072",
		"endereco": "1ª Travessa Argentina",
		"numero": 333,
		"bairro": "Divinéia",
		"cidade": "São Luís",
		"estado": "MA",
		"telefone_fixo": "(98) 2571-1272",
		"celular": "(98) 99658-1319",
		"altura": "1,73",
		"peso": 49,
		"tipo_sanguineo": "A-",
		"cor": "amarelo"
	},
	{
		"nome": "Elias Felipe Silveira",
		"idade": 69,
		"cpf": "653.016.985-75",
		"rg": "10.918.005-7",
		"data_nasc": "21/01/1954",
		"sexo": "Masculino",
		"signo": "Aquário",
		"mae": "Emilly Gabriela",
		"pai": "Marcos Vinicius Márcio Luís Silveira",
		"email": "elias_silveira@predialnet.com.br",
		"senha": "KQE04nr5tn",
		"cep": "75091-120",
		"endereco": "Rua André Wilson Fleuri",
		"numero": 351,
		"bairro": "Conjunto Habitacional Filostro Machado Carneiro",
		"cidade": "Anápolis",
		"estado": "GO",
		"telefone_fixo": "(62) 2865-0605",
		"celular": "(62) 99841-7314",
		"altura": "1,83",
		"peso": 67,
		"tipo_sanguineo": "O-",
		"cor": "vermelho"
	},
	{
		"nome": "Clara Vanessa Alice Martins",
		"idade": 30,
		"cpf": "759.785.371-86",
		"rg": "15.508.553-0",
		"data_nasc": "11/01/1993",
		"sexo": "Feminino",
		"signo": "Capricórnio",
		"mae": "Isabelle Luzia Marlene",
		"pai": "Cauã Raimundo Martins",
		"email": "clara.vanessa.martins@vnews.com.br",
		"senha": "sKUze6ZDSF",
		"cep": "57020-710",
		"endereco": "Rua Silvério Jorge",
		"numero": 676,
		"bairro": "Centro",
		"cidade": "Maceió",
		"estado": "AL",
		"telefone_fixo": "(82) 3976-6864",
		"celular": "(82) 99383-5210",
		"altura": "1,70",
		"peso": 59,
		"tipo_sanguineo": "A-",
		"cor": "vermelho"
	},
	{
		"nome": "Louise Isis Almeida",
		"idade": 67,
		"cpf": "380.094.780-32",
		"rg": "11.526.024-9",
		"data_nasc": "22/02/1956",
		"sexo": "Feminino",
		"signo": "Peixes",
		"mae": "Marina Rosângela Sarah",
		"pai": "Lorenzo Fernando Sérgio Almeida",
		"email": "louise-almeida91@mx.labinal.com",
		"senha": "8Y1mUii44J",
		"cep": "68927-036",
		"endereco": "Travessa 5",
		"numero": 918,
		"bairro": "Remedios",
		"cidade": "Santana",
		"estado": "AP",
		"telefone_fixo": "(96) 2759-0849",
		"celular": "(96) 98804-8971",
		"altura": "1,66",
		"peso": 63,
		"tipo_sanguineo": "AB+",
		"cor": "verde"
	},
	{
		"nome": "Clara Liz Louise dos Santos",
		"idade": 41,
		"cpf": "216.607.575-41",
		"rg": "44.797.187-6",
		"data_nasc": "19/01/1982",
		"sexo": "Feminino",
		"signo": "Capricórnio",
		"mae": "Melissa Agatha",
		"pai": "Emanuel Rodrigo dos Santos",
		"email": "clara.liz.dossantos@arablock.com.br",
		"senha": "Ppp7be6GfP",
		"cep": "29315-446",
		"endereco": "Rua Hermes Gomes da Silva",
		"numero": 516,
		"bairro": "Boa Vista",
		"cidade": "Cachoeiro de Itapemirim",
		"estado": "ES",
		"telefone_fixo": "(28) 2772-6140",
		"celular": "(28) 98558-6300",
		"altura": "1,57",
		"peso": 68,
		"tipo_sanguineo": "O-",
		"cor": "roxo"
	},
	{
		"nome": "Milena Analu da Mata",
		"idade": 30,
		"cpf": "600.828.779-71",
		"rg": "31.808.478-8",
		"data_nasc": "03/02/1993",
		"sexo": "Feminino",
		"signo": "Aquário",
		"mae": "Emilly Vera Sebastiana",
		"pai": "Gabriel Henry Ruan da Mata",
		"email": "milena.analu.damata@psq.med.br",
		"senha": "pgj28yiWYF",
		"cep": "79042-081",
		"endereco": "Travessa Frederico",
		"numero": 557,
		"bairro": "Tiradentes",
		"cidade": "Campo Grande",
		"estado": "MS",
		"telefone_fixo": "(67) 2871-2707",
		"celular": "(67) 98568-4339",
		"altura": "1,74",
		"peso": 72,
		"tipo_sanguineo": "AB+",
		"cor": "laranja"
	},
	{
		"nome": "Maya Caroline Barbosa",
		"idade": 37,
		"cpf": "942.484.719-06",
		"rg": "12.407.334-7",
		"data_nasc": "01/02/1986",
		"sexo": "Feminino",
		"signo": "Aquário",
		"mae": "Giovanna Marina Teresinha",
		"pai": "Breno Francisco Guilherme Barbosa",
		"email": "maya_caroline_barbosa@zyb.com.br",
		"senha": "yBAJ3QP0jQ",
		"cep": "68909-606",
		"endereco": "Alameda Andorinha",
		"numero": 156,
		"bairro": "Boné Azul",
		"cidade": "Macapá",
		"estado": "AP",
		"telefone_fixo": "(96) 2658-8983",
		"celular": "(96) 99433-7348",
		"altura": "1,76",
		"peso": 48,
		"tipo_sanguineo": "AB-",
		"cor": "vermelho"
	},
	{
		"nome": "Carla Helena Melissa Lopes",
		"idade": 34,
		"cpf": "790.259.350-87",
		"rg": "12.906.690-4",
		"data_nasc": "02/01/1989",
		"sexo": "Feminino",
		"signo": "Capricórnio",
		"mae": "Bianca Ayla Sueli",
		"pai": "Oliver Felipe Diego Lopes",
		"email": "carla_lopes@thacconstrutora.com.br",
		"senha": "IPNJJo4Rzf",
		"cep": "65075-450",
		"endereco": "Rua Anturius",
		"numero": 292,
		"bairro": "Jardim Renascença",
		"cidade": "São Luís",
		"estado": "MA",
		"telefone_fixo": "(98) 2783-2701",
		"celular": "(98) 99182-8667",
		"altura": "1,65",
		"peso": 85,
		"tipo_sanguineo": "A-",
		"cor": "roxo"
	},
	{
		"nome": "Luís João Filipe da Rocha",
		"idade": 28,
		"cpf": "706.702.464-17",
		"rg": "47.586.514-5",
		"data_nasc": "05/02/1995",
		"sexo": "Masculino",
		"signo": "Aquário",
		"mae": "Yasmin Lúcia",
		"pai": "Leonardo Matheus Thiago da Rocha",
		"email": "luisjoaodarocha@paraisopolis.com.br",
		"senha": "2RqwsEJHtT",
		"cep": "58431-000",
		"endereco": "Rua Emiliano Rosendo da Silva",
		"numero": 804,
		"bairro": "Novo Bodocongó",
		"cidade": "Campina Grande",
		"estado": "PB",
		"telefone_fixo": "(83) 2593-4916",
		"celular": "(83) 99774-1439",
		"altura": "1,72",
		"peso": 76,
		"tipo_sanguineo": "AB-",
		"cor": "preto"
	},
	{
		"nome": "Alana Larissa Galvão",
		"idade": 68,
		"cpf": "612.431.658-71",
		"rg": "33.748.697-9",
		"data_nasc": "21/02/1955",
		"sexo": "Feminino",
		"signo": "Peixes",
		"mae": "Yasmin Raquel",
		"pai": "Benjamin Elias Galvão",
		"email": "alana-galvao94@valdulion.com.br",
		"senha": "bA3XsUCtju",
		"cep": "73752-121",
		"endereco": "Quadra QA 21",
		"numero": 924,
		"bairro": "Setor Leste",
		"cidade": "Planaltina",
		"estado": "GO",
		"telefone_fixo": "(61) 3649-9803",
		"celular": "(61) 99720-2236",
		"altura": "1,69",
		"peso": 49,
		"tipo_sanguineo": "A-",
		"cor": "verde"
	},
	{
		"nome": "Luiz Nathan Carvalho",
		"idade": 64,
		"cpf": "895.111.989-04",
		"rg": "24.306.797-5",
		"data_nasc": "07/02/1959",
		"sexo": "Masculino",
		"signo": "Aquário",
		"mae": "Patrícia Natália Clarice",
		"pai": "Kauê Pedro Henrique Carvalho",
		"email": "luiznathancarvalho@hushmail.com",
		"senha": "bfDQJ53xEm",
		"cep": "58051-730",
		"endereco": "Rua Bancário Jarbas Moura da Costa",
		"numero": 467,
		"bairro": "Bancários",
		"cidade": "João Pessoa",
		"estado": "PB",
		"telefone_fixo": "(83) 3715-3452",
		"celular": "(83) 99386-2309",
		"altura": "1,96",
		"peso": 78,
		"tipo_sanguineo": "AB-",
		"cor": "azul"
	}
]