[
	{
		"nome": "Manuela Marcela Rebeca Rocha",
		"idade": 78,
		"cpf": "001.308.471-27",
		"rg": "20.875.502-0",
		"data_nasc": "25/01/1945",
		"sexo": "Feminino",
		"signo": "Aquário",
		"mae": "Sandra Heloise Isabella",
		"pai": "Enrico Kauê Rocha",
		"email": "manuela_rocha@habby-appe.com.br",
		"senha": "KkXIDh0Ex0",
		"cep": "72668-100",
		"endereco": "Condomínio Residencial Asa Branca",
		"numero": 507,
		"bairro": "Recanto das Emas",
		"cidade": "Brasília",
		"estado": "DF",
		"telefone_fixo": "(61) 2803-8989",
		"celular": "(61) 99751-9095",
		"altura": "1,59",
		"peso": 59,
		"tipo_sanguineo": "AB+",
		"cor": "azul"
	},
	{
		"nome": "Sara Allana da Luz",
		"idade": 56,
		"cpf": "978.806.001-32",
		"rg": "50.939.671-9",
		"data_nasc": "08/01/1967",
		"sexo": "Feminino",
		"signo": "Capricórnio",
		"mae": "Luna Nair",
		"pai": "Ryan Erick da Luz",
		"email": "sara_daluz@cantinadafazenda.com.br",
		"senha": "EmbdAxO6Mr",
		"cep": "70658-530",
		"endereco": "Quadra SHCES Quadra 1503",
		"numero": 121,
		"bairro": "Cruzeiro Novo",
		"cidade": "Brasília",
		"estado": "DF",
		"telefone_fixo": "(61) 2769-4863",
		"celular": "(61) 98635-7581",
		"altura": "1,74",
		"peso": 50,
		"tipo_sanguineo": "O+",
		"cor": "amarelo"
	},
	{
		"nome": "Amanda Jéssica Sabrina Assunção",
		"idade": 80,
		"cpf": "088.927.371-55",
		"rg": "40.028.488-1",
		"data_nasc": "09/02/1943",
		"sexo": "Feminino",
		"signo": "Aquário",
		"mae": "Jéssica Sandra Eloá",
		"pai": "Mateus Kauê Vicente Assunção",
		"email": "amanda_assuncao@plaman.com.br",
		"senha": "2Ad19gAPrG",
		"cep": "72502-401",
		"endereco": "Quadra QR 202 Conjunto A",
		"numero": 614,
		"bairro": "Santa Maria",
		"cidade": "Brasília",
		"estado": "DF",
		"telefone_fixo": "(61) 2749-0931",
		"celular": "(61) 98743-0129",
		"altura": "1,84",
		"peso": 67,
		"tipo_sanguineo": "AB+",
		"cor": "laranja"
	},
	{
		"nome": "Nelson Geraldo Martins",
		"idade": 78,
		"cpf": "933.539.861-62",
		"rg": "48.762.830-5",
		"data_nasc": "08/01/1945",
		"sexo": "Masculino",
		"signo": "Capricórnio",
		"mae": "Silvana Clarice",
		"pai": "Eduardo Nathan Rodrigo Martins",
		"email": "nelson_martins@trustsign.com.br",
		"senha": "ATh1J5QCuG",
		"cep": "71065-140",
		"endereco": "Quadra QE 30 Conjunto N",
		"numero": 754,
		"bairro": "Guará II",
		"cidade": "Brasília",
		"estado": "DF",
		"telefone_fixo": "(61) 2504-0786",
		"celular": "(61) 98590-1982",
		"altura": "1,92",
		"peso": 61,
		"tipo_sanguineo": "B-",
		"cor": "laranja"
	},
	{
		"nome": "Clara Louise Isabelly Peixoto",
		"idade": 62,
		"cpf": "265.062.321-70",
		"rg": "12.833.811-8",
		"data_nasc": "12/01/1961",
		"sexo": "Feminino",
		"signo": "Capricórnio",
		"mae": "Tereza Lara Fabiana",
		"pai": "Raimundo Fernando Peixoto",
		"email": "clara_peixoto@midiasim.com.br",
		"senha": "Bd7Ry7SLCB",
		"cep": "72280-682",
		"endereco": "Rua Rua 12 Módulo 16",
		"numero": 483,
		"bairro": "Condomínio Privê Lucena Roriz (Ceilândia)",
		"cidade": "Brasília",
		"estado": "DF",
		"telefone_fixo": "(61) 3965-9087",
		"celular": "(61) 98270-5110",
		"altura": "1,58",
		"peso": 76,
		"tipo_sanguineo": "O-",
		"cor": "amarelo"
	},
	{
		"nome": "Heloise Giovana Heloisa da Rocha",
		"idade": 24,
		"cpf": "963.961.961-23",
		"rg": "46.704.778-9",
		"data_nasc": "25/01/1999",
		"sexo": "Feminino",
		"signo": "Aquário",
		"mae": "Rayssa Luiza Alice",
		"pai": "José Manoel da Rocha",
		"email": "heloise.giovana.darocha@vipsaude.com.br",
		"senha": "OpAW0fRZBX",
		"cep": "72405-552",
		"endereco": "Quadra Quadra 55 Lote 14",
		"numero": 258,
		"bairro": "Setor Central (Gama)",
		"cidade": "Brasília",
		"estado": "DF",
		"telefone_fixo": "(61) 3617-8128",
		"celular": "(61) 98643-5033",
		"altura": "1,70",
		"peso": 67,
		"tipo_sanguineo": "AB+",
		"cor": "vermelho"
	},
	{
		"nome": "Emilly Carolina Vieira",
		"idade": 38,
		"cpf": "395.503.741-06",
		"rg": "45.104.863-5",
		"data_nasc": "09/02/1985",
		"sexo": "Feminino",
		"signo": "Aquário",
		"mae": "Alessandra Vitória Vitória",
		"pai": "Theo Sebastião Thomas Vieira",
		"email": "emillycarolinavieira@raizen.com",
		"senha": "arNN5htmMM",
		"cep": "71881-708",
		"endereco": "Quadra QN 18 Conjunto 8",
		"numero": 559,
		"bairro": "Riacho Fundo II",
		"cidade": "Brasília",
		"estado": "DF",
		"telefone_fixo": "(61) 2874-1960",
		"celular": "(61) 98220-3045",
		"altura": "1,54",
		"peso": 64,
		"tipo_sanguineo": "AB+",
		"cor": "roxo"
	},
	{
		"nome": "Lívia Teresinha Moreira",
		"idade": 26,
		"cpf": "396.450.321-56",
		"rg": "28.242.757-0",
		"data_nasc": "07/01/1997",
		"sexo": "Feminino",
		"signo": "Capricórnio",
		"mae": "Andrea Fátima",
		"pai": "Bernardo Fernando Levi Moreira",
		"email": "livia_moreira@2registrocivil.com.br",
		"senha": "9QcoOjSdSp",
		"cep": "72622-302",
		"endereco": "Quadra Quadra 310 Conjunto 1-A",
		"numero": 304,
		"bairro": "Recanto das Emas",
		"cidade": "Brasília",
		"estado": "DF",
		"telefone_fixo": "(61) 2941-2170",
		"celular": "(61) 98737-9492",
		"altura": "1,77",
		"peso": 66,
		"tipo_sanguineo": "AB-",
		"cor": "vermelho"
	},
	{
		"nome": "Márcio Ryan Gael Pereira",
		"idade": 58,
		"cpf": "899.655.511-89",
		"rg": "35.309.021-9",
		"data_nasc": "14/01/1965",
		"sexo": "Masculino",
		"signo": "Capricórnio",
		"mae": "Helena Emilly",
		"pai": "Anthony Lucca Edson Pereira",
		"email": "marcio_ryan_pereira@eccofibra.com.br",
		"senha": "94YyE2yPSR",
		"cep": "71020-046",
		"endereco": "Quadra QI 7 Conjunto D",
		"numero": 669,
		"bairro": "Guará I",
		"cidade": "Brasília",
		"estado": "DF",
		"telefone_fixo": "(61) 2855-0569",
		"celular": "(61) 99901-6426",
		"altura": "2,00",
		"peso": 89,
		"tipo_sanguineo": "AB+",
		"cor": "azul"
	},
	{
		"nome": "Maria Maya da Mata",
		"idade": 53,
		"cpf": "964.053.751-96",
		"rg": "42.423.634-5",
		"data_nasc": "20/02/1970",
		"sexo": "Feminino",
		"signo": "Peixes",
		"mae": "Liz Heloise Patrícia",
		"pai": "Cauã Isaac da Mata",
		"email": "maria_damata@vitalliimoveis.com",
		"senha": "FZn7JOce3y",
		"cep": "73065-248",
		"endereco": "Quadra AR 24 Conjunto 4",
		"numero": 840,
		"bairro": "Setor Oeste (Sobradinho II)",
		"cidade": "Brasília",
		"estado": "DF",
		"telefone_fixo": "(61) 2522-0542",
		"celular": "(61) 99205-0954",
		"altura": "1,70",
		"peso": 82,
		"tipo_sanguineo": "AB+",
		"cor": "vermelho"
	},
	{
		"nome": "Camila Sônia da Mota",
		"idade": 38,
		"cpf": "070.258.531-94",
		"rg": "27.967.458-2",
		"data_nasc": "10/02/1985",
		"sexo": "Feminino",
		"signo": "Aquário",
		"mae": "Sophie Sophia Luana",
		"pai": "Eduardo Caleb da Mota",
		"email": "camila-damota97@chalu.com.br",
		"senha": "Tc2NQR52IW",
		"cep": "72327-554",
		"endereco": "Quadra QS 427 Conjunto D",
		"numero": 803,
		"bairro": "Samambaia Norte (Samambaia)",
		"cidade": "Brasília",
		"estado": "DF",
		"telefone_fixo": "(61) 2892-0721",
		"celular": "(61) 98813-3586",
		"altura": "1,82",
		"peso": 85,
		"tipo_sanguineo": "AB-",
		"cor": "preto"
	},
	{
		"nome": "Martin Lucas Sales",
		"idade": 37,
		"cpf": "259.830.051-38",
		"rg": "10.548.574-3",
		"data_nasc": "01/02/1986",
		"sexo": "Masculino",
		"signo": "Aquário",
		"mae": "Luna Gabrielly Malu",
		"pai": "Marcos Vinicius Diogo Sales",
		"email": "martin_sales@live.co.uk",
		"senha": "zWCKuEO3nk",
		"cep": "70756-520",
		"endereco": "Quadra CLN 310 Bloco B",
		"numero": 258,
		"bairro": "Asa Norte",
		"cidade": "Brasília",
		"estado": "DF",
		"telefone_fixo": "(61) 2673-3155",
		"celular": "(61) 98203-1841",
		"altura": "1,85",
		"peso": 100,
		"tipo_sanguineo": "A-",
		"cor": "azul"
	},
	{
		"nome": "Carolina Bárbara Luana Barbosa",
		"idade": 61,
		"cpf": "556.240.051-05",
		"rg": "23.871.839-6",
		"data_nasc": "18/02/1962",
		"sexo": "Feminino",
		"signo": "Aquário",
		"mae": "Antonella Carolina Jennifer",
		"pai": "Manuel Cauê Otávio Barbosa",
		"email": "carolina.barbara.barbosa@alliancarh.com.br",
		"senha": "mid81xKjhC",
		"cep": "71200-100",
		"endereco": "Trecho SIA Trecho 10",
		"numero": 600,
		"bairro": "Zona Industrial (Guará)",
		"cidade": "Brasília",
		"estado": "DF",
		"telefone_fixo": "(61) 2607-4922",
		"celular": "(61) 98631-6361",
		"altura": "1,82",
		"peso": 63,
		"tipo_sanguineo": "B-",
		"cor": "azul"
	},
	{
		"nome": "Calebe Cauã Arthur Nogueira",
		"idade": 68,
		"cpf": "302.262.881-10",
		"rg": "38.140.652-0",
		"data_nasc": "20/01/1955",
		"sexo": "Masculino",
		"signo": "Capricórnio",
		"mae": "Mariah Bárbara",
		"pai": "Raul Cauã Nogueira",
		"email": "calebe_caua_nogueira@laramjeirabaumann.com.br",
		"senha": "Nq6BcXxsru",
		"cep": "72630-255",
		"endereco": "Quadra Quadra 402 Conjunto 5",
		"numero": 940,
		"bairro": "Recanto das Emas",
		"cidade": "Brasília",
		"estado": "DF",
		"telefone_fixo": "(61) 3716-2056",
		"celular": "(61) 99321-2054",
		"altura": "1,98",
		"peso": 55,
		"tipo_sanguineo": "AB-",
		"cor": "preto"
	},
	{
		"nome": "Melissa Alana Betina Barros",
		"idade": 65,
		"cpf": "890.462.871-73",
		"rg": "35.180.296-4",
		"data_nasc": "07/01/1958",
		"sexo": "Feminino",
		"signo": "Capricórnio",
		"mae": "Cláudia Eliane",
		"pai": "Geraldo Benedito Barros",
		"email": "melissa-barros91@caej.com.br",
		"senha": "jxkqcFLLbZ",
		"cep": "71535-215",
		"endereco": "Quadra SHIN QL 15 Conjunto 1",
		"numero": 320,
		"bairro": "Setor de Habitações Individuais Norte",
		"cidade": "Brasília",
		"estado": "DF",
		"telefone_fixo": "(61) 3938-8149",
		"celular": "(61) 98689-5226",
		"altura": "1,67",
		"peso": 66,
		"tipo_sanguineo": "AB-",
		"cor": "laranja"
	},
	{
		"nome": "Patrícia Emily Brito",
		"idade": 80,
		"cpf": "281.176.681-22",
		"rg": "15.297.721-1",
		"data_nasc": "25/01/1943",
		"sexo": "Feminino",
		"signo": "Aquário",
		"mae": "Heloise Emilly",
		"pai": "Severino Henrique Mário Brito",
		"email": "patriciaemilybrito@mciimoveis.com.br",
		"senha": "BzAs6xL3s2",
		"cep": "71660-030",
		"endereco": "Quadra SHIS QI 23 Conjunto 3",
		"numero": 303,
		"bairro": "Setor de Habitações Individuais Sul",
		"cidade": "Brasília",
		"estado": "DF",
		"telefone_fixo": "(61) 3568-1968",
		"celular": "(61) 98773-6922",
		"altura": "1,65",
		"peso": 68,
		"tipo_sanguineo": "AB-",
		"cor": "verde"
	},
	{
		"nome": "Adriana Julia Adriana Nascimento",
		"idade": 62,
		"cpf": "917.991.221-40",
		"rg": "34.041.208-2",
		"data_nasc": "04/02/1961",
		"sexo": "Feminino",
		"signo": "Aquário",
		"mae": "Josefa Clarice",
		"pai": "Fernando Sérgio Benjamin Nascimento",
		"email": "adriana-nascimento89@unicamp.br",
		"senha": "ze17ued1lw",
		"cep": "71882-170",
		"endereco": "Quadra QC 4 Conjunto 20",
		"numero": 338,
		"bairro": "Riacho Fundo II",
		"cidade": "Brasília",
		"estado": "DF",
		"telefone_fixo": "(61) 3976-7247",
		"celular": "(61) 99900-4522",
		"altura": "1,75",
		"peso": 64,
		"tipo_sanguineo": "A+",
		"cor": "vermelho"
	},
	{
		"nome": "Emilly Lorena Isabelly Alves",
		"idade": 69,
		"cpf": "238.205.841-29",
		"rg": "23.488.365-0",
		"data_nasc": "05/02/1954",
		"sexo": "Feminino",
		"signo": "Aquário",
		"mae": "Sophia Valentina Gabrielly",
		"pai": "Bruno Leonardo Alves",
		"email": "emillylorenaalves@bn.com.br",
		"senha": "cBKcIeGAo0",
		"cep": "71010-209",
		"endereco": "Quadra QI 12 Bloco T",
		"numero": 120,
		"bairro": "Guará I",
		"cidade": "Brasília",
		"estado": "DF",
		"telefone_fixo": "(61) 3872-1723",
		"celular": "(61) 99564-9302",
		"altura": "1,65",
		"peso": 88,
		"tipo_sanguineo": "B+",
		"cor": "azul"
	},
	{
		"nome": "Igor Giovanni Cavalcanti",
		"idade": 34,
		"cpf": "121.831.121-58",
		"rg": "31.264.091-2",
		"data_nasc": "13/01/1989",
		"sexo": "Masculino",
		"signo": "Capricórnio",
		"mae": "Carolina Elza",
		"pai": "Nathan Luiz Vitor Cavalcanti",
		"email": "igorgiovannicavalcanti@r7.com",
		"senha": "JUk8Efx1NC",
		"cep": "71020-180",
		"endereco": "Quadra QI 1 Conjunto R",
		"numero": 571,
		"bairro": "Guará I",
		"cidade": "Brasília",
		"estado": "DF",
		"telefone_fixo": "(61) 2675-3919",
		"celular": "(61) 98448-7498",
		"altura": "1,65",
		"peso": 93,
		"tipo_sanguineo": "O+",
		"cor": "amarelo"
	},
	{
		"nome": "Gabrielly Clara da Rosa",
		"idade": 72,
		"cpf": "666.524.771-65",
		"rg": "44.885.858-7",
		"data_nasc": "12/02/1951",
		"sexo": "Feminino",
		"signo": "Aquário",
		"mae": "Elisa Beatriz",
		"pai": "Juan José Bento da Rosa",
		"email": "gabrielly_darosa@thacconstrutora.com.br",
		"senha": "0kQnwsI2rB",
		"cep": "70235-080",
		"endereco": "Quadra SQS 205 Bloco H",
		"numero": 807,
		"bairro": "Asa Sul",
		"cidade": "Brasília",
		"estado": "DF",
		"telefone_fixo": "(61) 3528-9739",
		"celular": "(61) 98670-5370",
		"altura": "1,63",
		"peso": 70,
		"tipo_sanguineo": "B+",
		"cor": "roxo"
	},
	{
		"nome": "Jéssica Allana Costa",
		"idade": 63,
		"cpf": "719.227.491-76",
		"rg": "13.494.942-0",
		"data_nasc": "05/02/1960",
		"sexo": "Feminino",
		"signo": "Aquário",
		"mae": "Sandra Marli",
		"pai": "Nelson Iago Vinicius Costa",
		"email": "jessica_allana_costa@mls.com.br",
		"senha": "IHEUTnd2ki",
		"cep": "72238-145",
		"endereco": "Quadra SHPS Quadra 204 Conjunto D",
		"numero": 808,
		"bairro": "Setor Habitacional Pôr do Sol (Ceilândia)",
		"cidade": "Brasília",
		"estado": "DF",
		"telefone_fixo": "(61) 2929-6015",
		"celular": "(61) 98840-1588",
		"altura": "1,76",
		"peso": 90,
		"tipo_sanguineo": "AB+",
		"cor": "roxo"
	},
	{
		"nome": "Rafael Kauê Joaquim Jesus",
		"idade": 60,
		"cpf": "785.710.321-73",
		"rg": "40.289.310-4",
		"data_nasc": "13/02/1963",
		"sexo": "Masculino",
		"signo": "Aquário",
		"mae": "Cecília Esther",
		"pai": "Luan Manoel Iago Jesus",
		"email": "rafael-jesus78@estagiarios.com",
		"senha": "X07CGQmuf8",
		"cep": "70640-533",
		"endereco": "Bloco Centro Comercial Bloco C",
		"numero": 940,
		"bairro": "Cruzeiro Velho",
		"cidade": "Brasília",
		"estado": "DF",
		"telefone_fixo": "(61) 2859-8121",
		"celular": "(61) 98390-0890",
		"altura": "1,99",
		"peso": 65,
		"tipo_sanguineo": "A-",
		"cor": "azul"
	},
	{
		"nome": "Bryan Leonardo Pires",
		"idade": 32,
		"cpf": "107.555.991-01",
		"rg": "35.356.888-0",
		"data_nasc": "08/01/1991",
		"sexo": "Masculino",
		"signo": "Capricórnio",
		"mae": "Silvana Alícia",
		"pai": "Elias Samuel Guilherme Pires",
		"email": "bryan.leonardo.pires@univap.br",
		"senha": "KukenZEWCP",
		"cep": "70658-316",
		"endereco": "Quadra SHCES Quadra 1311 Bloco F",
		"numero": 182,
		"bairro": "Cruzeiro Novo",
		"cidade": "Brasília",
		"estado": "DF",
		"telefone_fixo": "(61) 2799-2112",
		"celular": "(61) 98339-5547",
		"altura": "1,91",
		"peso": 51,
		"tipo_sanguineo": "O+",
		"cor": "amarelo"
	},
	{
		"nome": "Márcio Vinicius da Conceição",
		"idade": 37,
		"cpf": "950.146.681-78",
		"rg": "30.176.354-9",
		"data_nasc": "09/01/1986",
		"sexo": "Masculino",
		"signo": "Capricórnio",
		"mae": "Andreia Bruna",
		"pai": "Carlos Joaquim Murilo da Conceição",
		"email": "marcio_vinicius_daconceicao@jbtc.com",
		"senha": "7tQMS2sJT4",
		"cep": "70658-230",
		"endereco": "Quadra SHCES Quadra 1203",
		"numero": 528,
		"bairro": "Cruzeiro Novo",
		"cidade": "Brasília",
		"estado": "DF",
		"telefone_fixo": "(61) 2755-5048",
		"celular": "(61) 98234-0658",
		"altura": "1,82",
		"peso": 85,
		"tipo_sanguineo": "AB+",
		"cor": "roxo"
	},
	{
		"nome": "Rosa Cláudia Brenda Baptista",
		"idade": 70,
		"cpf": "181.311.471-42",
		"rg": "19.997.130-4",
		"data_nasc": "20/02/1953",
		"sexo": "Feminino",
		"signo": "Peixes",
		"mae": "Valentina Carla Benedita",
		"pai": "Arthur Arthur Cauã Baptista",
		"email": "rosa_claudia_baptista@vgl.com.br",
		"senha": "A4ZyslBMJo",
		"cep": "73340-704",
		"endereco": "Quadra Quadra 7 Conjunto 7D",
		"numero": 220,
		"bairro": "Jardim Roriz (Planaltina)",
		"cidade": "Brasília",
		"estado": "DF",
		"telefone_fixo": "(61) 3797-4409",
		"celular": "(61) 99195-2726",
		"altura": "1,51",
		"peso": 63,
		"tipo_sanguineo": "B-",
		"cor": "preto"
	},
	{
		"nome": "Betina Marcela Viana",
		"idade": 26,
		"cpf": "445.983.681-52",
		"rg": "20.428.842-3",
		"data_nasc": "03/02/1997",
		"sexo": "Feminino",
		"signo": "Aquário",
		"mae": "Marcela Luana",
		"pai": "Leandro Carlos Viana",
		"email": "betina-viana97@hlt.arq.br",
		"senha": "oAf3ajhsg9",
		"cep": "72620-155",
		"endereco": "Quadra Quadra 300 Conjunto 54",
		"numero": 698,
		"bairro": "Recanto das Emas",
		"cidade": "Brasília",
		"estado": "DF",
		"telefone_fixo": "(61) 2938-5413",
		"celular": "(61) 98967-5924",
		"altura": "1,79",
		"peso": 59,
		"tipo_sanguineo": "A-",
		"cor": "azul"
	},
	{
		"nome": "Larissa Mariane Jéssica Teixeira",
		"idade": 25,
		"cpf": "479.011.301-99",
		"rg": "27.533.449-1",
		"data_nasc": "20/02/1998",
		"sexo": "Feminino",
		"signo": "Peixes",
		"mae": "Mariah Jaqueline Tereza",
		"pai": "Carlos Theo Raimundo Teixeira",
		"email": "larissa_teixeira@bcconsult.com.br",
		"senha": "M2PpHHAPCj",
		"cep": "71699-767",
		"endereco": "Quadra QC 14 Rua B",
		"numero": 926,
		"bairro": "Jardins Mangueiral (São Sebastião)",
		"cidade": "Brasília",
		"estado": "DF",
		"telefone_fixo": "(61) 3892-1849",
		"celular": "(61) 99368-9474",
		"altura": "1,57",
		"peso": 52,
		"tipo_sanguineo": "A+",
		"cor": "vermelho"
	},
	{
		"nome": "Tomás Ruan Oliver Gonçalves",
		"idade": 69,
		"cpf": "652.298.541-11",
		"rg": "43.499.689-0",
		"data_nasc": "22/02/1954",
		"sexo": "Masculino",
		"signo": "Peixes",
		"mae": "Liz Andreia",
		"pai": "Lucas Leandro Enrico Gonçalves",
		"email": "tomas.ruan.goncalves@bidoul.eng.br",
		"senha": "uY92KrLYlq",
		"cep": "70834-010",
		"endereco": "Quadra SQN 402 Bloco A",
		"numero": 418,
		"bairro": "Asa Norte",
		"cidade": "Brasília",
		"estado": "DF",
		"telefone_fixo": "(61) 2819-2440",
		"celular": "(61) 99310-5542",
		"altura": "1,87",
		"peso": 110,
		"tipo_sanguineo": "O-",
		"cor": "azul"
	},
	{
		"nome": "Geraldo Bernardo Jorge Drumond",
		"idade": 64,
		"cpf": "515.038.461-56",
		"rg": "12.615.021-7",
		"data_nasc": "07/01/1959",
		"sexo": "Masculino",
		"signo": "Capricórnio",
		"mae": "Rosa Laís Esther",
		"pai": "Bryan Benjamin Fernando Drumond",
		"email": "geraldo-drumond99@allcor.com.br",
		"senha": "6ZrTGfFnkc",
		"cep": "71575-620",
		"endereco": "Quadra Quadra 41 Conjunto D",
		"numero": 922,
		"bairro": "Paranoá",
		"cidade": "Brasília",
		"estado": "DF",
		"telefone_fixo": "(61) 3910-9667",
		"celular": "(61) 98165-5242",
		"altura": "1,73",
		"peso": 89,
		"tipo_sanguineo": "B+",
		"cor": "amarelo"
	},
	{
		"nome": "Débora Lorena Gomes",
		"idade": 55,
		"cpf": "341.453.901-21",
		"rg": "13.224.071-3",
		"data_nasc": "05/02/1968",
		"sexo": "Feminino",
		"signo": "Aquário",
		"mae": "Regina Jennifer",
		"pai": "César Vicente Gomes",
		"email": "debora.lorena.gomes@unimedara.com.br",
		"senha": "8DnEOxMUw8",
		"cep": "72771-060",
		"endereco": "Setor Habitacional Cascalheira Chácara 08",
		"numero": 235,
		"bairro": "Brazlândia",
		"cidade": "Brasília",
		"estado": "DF",
		"telefone_fixo": "(61) 2971-0906",
		"celular": "(61) 98620-8935",
		"altura": "1,79",
		"peso": 81,
		"tipo_sanguineo": "AB+",
		"cor": "azul"
	}
]