[
	{
		"nome": "Ruan Noah Assis",
		"idade": 35,
		"cpf": "019.632.571-46",
		"rg": "37.278.833-6",
		"data_nasc": "18/02/1988",
		"sexo": "Masculino",
		"signo": "Aquário",
		"mae": "Fernanda Betina Valentina",
		"pai": "Diogo Nelson Caleb Assis",
		"email": "ruan-assis83@gabiaatelier.com.br",
		"senha": "9I066pYjCr",
		"cep": "72415-312",
		"endereco": "Quadra Quadra 6 Conjunto L",
		"numero": 408,
		"bairro": "Setor Sul (Gama)",
		"cidade": "Brasília",
		"estado": "DF",
		"telefone_fixo": "(61) 2569-4635",
		"celular": "(61) 99446-6153",
		"altura": "1,90",
		"peso": 90,
		"tipo_sanguineo": "AB-",
		"cor": "azul"
	},
	{
		"nome": "Victor Edson Corte Real",
		"idade": 38,
		"cpf": "410.154.341-00",
		"rg": "46.825.585-0",
		"data_nasc": "18/01/1985",
		"sexo": "Masculino",
		"signo": "Capricórnio",
		"mae": "Cecília Sophia Emilly",
		"pai": "Francisco Cauã Leandro Corte Real",
		"email": "victor_edson_cortereal@tetrapark.com",
		"senha": "QwAfDJ0P6F",
		"cep": "70743-530",
		"endereco": "Quadra CLN 107 Bloco C",
		"numero": 866,
		"bairro": "Asa Norte",
		"cidade": "Brasília",
		"estado": "DF",
		"telefone_fixo": "(61) 2727-6629",
		"celular": "(61) 99486-1163",
		"altura": "1,98",
		"peso": 75,
		"tipo_sanguineo": "AB-",
		"cor": "roxo"
	},
	{
		"nome": "Otávio Ryan Yuri Nascimento",
		"idade": 19,
		"cpf": "769.898.181-90",
		"rg": "14.336.291-4",
		"data_nasc": "19/02/2004",
		"sexo": "Masculino",
		"signo": "Aquário",
		"mae": "Sebastiana Isabela",
		"pai": "Iago Alexandre Bento Nascimento",
		"email": "otavio.ryan.nascimento@ahlstrom.com",
		"senha": "dD2wyzdqZg",
		"cep": "72306-531",
		"endereco": "Quadra QS 310 Conjunto 1",
		"numero": 974,
		"bairro": "Samambaia Sul (Samambaia)",
		"cidade": "Brasília",
		"estado": "DF",
		"telefone_fixo": "(61) 3940-3089",
		"celular": "(61) 99993-1089",
		"altura": "1,64",
		"peso": 57,
		"tipo_sanguineo": "B-",
		"cor": "amarelo"
	},
	{
		"nome": "Marina Cecília da Paz",
		"idade": 48,
		"cpf": "711.802.781-27",
		"rg": "10.889.433-2",
		"data_nasc": "13/01/1975",
		"sexo": "Feminino",
		"signo": "Capricórnio",
		"mae": "Marcela Cecília Isis",
		"pai": "Renan Giovanni Nicolas da Paz",
		"email": "marina_dapaz@gruposeteestrelas.com.br",
		"senha": "7hJu8QH8RG",
		"cep": "72130-095",
		"endereco": "Quadra CNG 9",
		"numero": 258,
		"bairro": "Taguatinga Norte (Taguatinga)",
		"cidade": "Brasília",
		"estado": "DF",
		"telefone_fixo": "(61) 2564-8137",
		"celular": "(61) 98423-7967",
		"altura": "1,69",
		"peso": 65,
		"tipo_sanguineo": "B-",
		"cor": "amarelo"
	},
	{
		"nome": "Esther Raquel Moreira",
		"idade": 30,
		"cpf": "932.367.391-93",
		"rg": "27.451.110-1",
		"data_nasc": "21/01/1993",
		"sexo": "Feminino",
		"signo": "Aquário",
		"mae": "Alessandra Giovanna",
		"pai": "Gustavo Márcio Levi Moreira",
		"email": "esther_raquel_moreira@evolink.com.br",
		"senha": "fJiFHUmf0A",
		"cep": "71536-402",
		"endereco": "Trecho Trecho 08 Chácara 247",
		"numero": 706,
		"bairro": "Setor de Habitações Individuais Norte",
		"cidade": "Brasília",
		"estado": "DF",
		"telefone_fixo": "(61) 3938-3743",
		"celular": "(61) 99949-8490",
		"altura": "1,79",
		"peso": 84,
		"tipo_sanguineo": "O-",
		"cor": "roxo"
	},
	{
		"nome": "Ian Pedro Henrique Heitor da Luz",
		"idade": 75,
		"cpf": "289.582.771-06",
		"rg": "43.094.523-1",
		"data_nasc": "01/01/1948",
		"sexo": "Masculino",
		"signo": "Capricórnio",
		"mae": "Francisca Jennifer Maria",
		"pai": "Murilo Leandro da Luz",
		"email": "ian_daluz@alstom.com",
		"senha": "ecnhcH7UUo",
		"cep": "71590-494",
		"endereco": "Quadra QL 1 Conjunto H",
		"numero": 241,
		"bairro": "Itapoã II",
		"cidade": "Brasília",
		"estado": "DF",
		"telefone_fixo": "(61) 3732-2837",
		"celular": "(61) 99502-1679",
		"altura": "1,77",
		"peso": 54,
		"tipo_sanguineo": "A+",
		"cor": "verde"
	},
	{
		"nome": "Cristiane Mariana Galvão",
		"idade": 52,
		"cpf": "852.487.451-10",
		"rg": "45.364.150-7",
		"data_nasc": "02/02/1971",
		"sexo": "Feminino",
		"signo": "Aquário",
		"mae": "Tânia Liz",
		"pai": "Bryan Geraldo Galvão",
		"email": "cristiane-galvao85@c-a-m.com",
		"senha": "CI5uU3X01N",
		"cep": "71593-623",
		"endereco": "Quadra 378 Conjunto D",
		"numero": 872,
		"bairro": "Del Lago II (Itapoã)",
		"cidade": "Brasília",
		"estado": "DF",
		"telefone_fixo": "(61) 2859-0793",
		"celular": "(61) 98964-0420",
		"altura": "1,71",
		"peso": 65,
		"tipo_sanguineo": "B+",
		"cor": "roxo"
	},
	{
		"nome": "Eduardo Filipe Guilherme Pereira",
		"idade": 30,
		"cpf": "019.018.971-17",
		"rg": "13.669.249-7",
		"data_nasc": "10/02/1993",
		"sexo": "Masculino",
		"signo": "Aquário",
		"mae": "Patrícia Márcia",
		"pai": "Manoel Henry Erick Pereira",
		"email": "eduardo.filipe.pereira@hpelzer.com.br",
		"senha": "3NO9HYZDB2",
		"cep": "70683-500",
		"endereco": "Quadra CLNW 4/5 Lote I",
		"numero": 235,
		"bairro": "Setor Noroeste",
		"cidade": "Brasília",
		"estado": "DF",
		"telefone_fixo": "(61) 3806-4783",
		"celular": "(61) 98566-4400",
		"altura": "1,99",
		"peso": 50,
		"tipo_sanguineo": "A+",
		"cor": "azul"
	},
	{
		"nome": "Nelson Ruan da Mata",
		"idade": 25,
		"cpf": "999.816.311-08",
		"rg": "35.390.435-1",
		"data_nasc": "23/02/1998",
		"sexo": "Masculino",
		"signo": "Peixes",
		"mae": "Flávia Aline",
		"pai": "Bento Gabriel Leandro da Mata",
		"email": "nelsonruandamata@netservicos.com.br",
		"senha": "8Qk8klXWGO",
		"cep": "72428-180",
		"endereco": "Núcleo Rural Casa Grande Módulo 6 MA - 15",
		"numero": 112,
		"bairro": "Ponte Alta (Gama)",
		"cidade": "Brasília",
		"estado": "DF",
		"telefone_fixo": "(61) 2744-4386",
		"celular": "(61) 98623-8140",
		"altura": "1,78",
		"peso": 91,
		"tipo_sanguineo": "B+",
		"cor": "amarelo"
	},
	{
		"nome": "Samuel Joaquim das Neves",
		"idade": 60,
		"cpf": "975.508.431-20",
		"rg": "32.074.275-1",
		"data_nasc": "07/01/1963",
		"sexo": "Masculino",
		"signo": "Capricórnio",
		"mae": "Isabelly Benedita Nair",
		"pai": "Nelson Mateus Raimundo das Neves",
		"email": "samuel_joaquim_dasneves@agen-pegeuot.com.br",
		"senha": "ms2140FQCi",
		"cep": "72035-970",
		"endereco": "CSG 9 Lote 3",
		"numero": 476,
		"bairro": "Taguatinga Sul (Taguatinga)",
		"cidade": "Brasília",
		"estado": "DF",
		"telefone_fixo": "(61) 2924-0580",
		"celular": "(61) 99635-2793",
		"altura": "1,90",
		"peso": 67,
		"tipo_sanguineo": "A+",
		"cor": "amarelo"
	},
	{
		"nome": "Lúcia Bruna Amanda Pires",
		"idade": 27,
		"cpf": "339.382.841-02",
		"rg": "34.849.065-3",
		"data_nasc": "10/02/1996",
		"sexo": "Feminino",
		"signo": "Aquário",
		"mae": "Mariana Milena",
		"pai": "Levi Edson Pires",
		"email": "lucia_bruna_pires@fclar.net.br",
		"senha": "mZDypoQjeP",
		"cep": "72306-408",
		"endereco": "Quadra QN 308 Conjunto 8",
		"numero": 510,
		"bairro": "Samambaia Sul (Samambaia)",
		"cidade": "Brasília",
		"estado": "DF",
		"telefone_fixo": "(61) 2545-0557",
		"celular": "(61) 99309-3725",
		"altura": "1,55",
		"peso": 60,
		"tipo_sanguineo": "B-",
		"cor": "amarelo"
	},
	{
		"nome": "Flávia Antonella Monteiro",
		"idade": 80,
		"cpf": "381.894.401-60",
		"rg": "32.185.743-4",
		"data_nasc": "12/02/1943",
		"sexo": "Feminino",
		"signo": "Aquário",
		"mae": "Rafaela Rafaela",
		"pai": "Calebe Vinicius Renato Monteiro",
		"email": "flavia_antonella_monteiro@purkyt.com",
		"senha": "yJJFO4Fz1P",
		"cep": "72265-100",
		"endereco": "Quadra Quadra 10",
		"numero": 780,
		"bairro": "Setor Industrial (Ceilândia)",
		"cidade": "Brasília",
		"estado": "DF",
		"telefone_fixo": "(61) 3935-5554",
		"celular": "(61) 98185-7369",
		"altura": "1,60",
		"peso": 67,
		"tipo_sanguineo": "AB-",
		"cor": "laranja"
	},
	{
		"nome": "Leonardo Osvaldo Cardoso",
		"idade": 64,
		"cpf": "310.126.391-34",
		"rg": "11.595.927-0",
		"data_nasc": "06/01/1959",
		"sexo": "Masculino",
		"signo": "Capricórnio",
		"mae": "Ayla Rayssa",
		"pai": "Eduardo Fernando Raimundo Cardoso",
		"email": "leonardo_osvaldo_cardoso@eton.com.br",
		"senha": "b5HD3oqOwt",
		"cep": "72542-514",
		"endereco": "Quadra QR 312 Conjunto N",
		"numero": 745,
		"bairro": "Santa Maria",
		"cidade": "Brasília",
		"estado": "DF",
		"telefone_fixo": "(61) 3797-7616",
		"celular": "(61) 98131-2380",
		"altura": "1,68",
		"peso": 87,
		"tipo_sanguineo": "O+",
		"cor": "roxo"
	},
	{
		"nome": "Olivia Amanda Castro",
		"idade": 75,
		"cpf": "013.793.521-85",
		"rg": "37.460.112-4",
		"data_nasc": "11/02/1948",
		"sexo": "Feminino",
		"signo": "Aquário",
		"mae": "Hadassa Rafaela",
		"pai": "Rodrigo Rodrigo Yuri Castro",
		"email": "olivia-castro90@tjsp.jus.br",
		"senha": "XeIryfBeEU",
		"cep": "71573-201",
		"endereco": "Quadra Quadra 32 Conjunto A",
		"numero": 595,
		"bairro": "Paranoá",
		"cidade": "Brasília",
		"estado": "DF",
		"telefone_fixo": "(61) 3837-6251",
		"celular": "(61) 98263-7726",
		"altura": "1,84",
		"peso": 66,
		"tipo_sanguineo": "B+",
		"cor": "vermelho"
	},
	{
		"nome": "Thiago Levi Sales",
		"idade": 28,
		"cpf": "255.068.491-50",
		"rg": "42.899.985-2",
		"data_nasc": "07/02/1995",
		"sexo": "Masculino",
		"signo": "Aquário",
		"mae": "Carolina Fernanda",
		"pai": "Carlos Marcelo Sales",
		"email": "thiagolevisales@coldblock.com.br",
		"senha": "DAEFuX6fBh",
		"cep": "72593-023",
		"endereco": "Quadra QBR 2 Bloco M",
		"numero": 547,
		"bairro": "Residencial Santos Dumont (Santa Maria)",
		"cidade": "Brasília",
		"estado": "DF",
		"telefone_fixo": "(61) 3792-5813",
		"celular": "(61) 99506-0291",
		"altura": "1,63",
		"peso": 91,
		"tipo_sanguineo": "O+",
		"cor": "vermelho"
	},
	{
		"nome": "Vitor César Severino Oliveira",
		"idade": 33,
		"cpf": "831.738.991-05",
		"rg": "10.794.372-4",
		"data_nasc": "14/01/1990",
		"sexo": "Masculino",
		"signo": "Capricórnio",
		"mae": "Giovana Sabrina",
		"pai": "Severino Tomás Oliveira",
		"email": "vitor.cesar.oliveira@castromobile.com.br",
		"senha": "FxEytGrZ73",
		"cep": "72640-103",
		"endereco": "Quadra Quadra 601 Conjunto 3",
		"numero": 588,
		"bairro": "Recanto das Emas",
		"cidade": "Brasília",
		"estado": "DF",
		"telefone_fixo": "(61) 3772-7655",
		"celular": "(61) 98147-0481",
		"altura": "1,70",
		"peso": 105,
		"tipo_sanguineo": "AB-",
		"cor": "roxo"
	},
	{
		"nome": "Camila Nina Alice Rodrigues",
		"idade": 38,
		"cpf": "467.497.651-06",
		"rg": "15.798.181-2",
		"data_nasc": "20/01/1985",
		"sexo": "Feminino",
		"signo": "Capricórnio",
		"mae": "Carla Camila Laís",
		"pai": "Eduardo Márcio Julio Rodrigues",
		"email": "camila-rodrigues90@custodes.com.br",
		"senha": "87qkEU8oye",
		"cep": "72610-114",
		"endereco": "Quadra Quadra 201 Conjunto 14",
		"numero": 202,
		"bairro": "Recanto das Emas",
		"cidade": "Brasília",
		"estado": "DF",
		"telefone_fixo": "(61) 3697-5581",
		"celular": "(61) 99807-8859",
		"altura": "1,64",
		"peso": 84,
		"tipo_sanguineo": "A-",
		"cor": "amarelo"
	},
	{
		"nome": "Gustavo Leonardo Nicolas de Paula",
		"idade": 59,
		"cpf": "275.953.651-39",
		"rg": "24.628.641-6",
		"data_nasc": "03/02/1964",
		"sexo": "Masculino",
		"signo": "Aquário",
		"mae": "Patrícia Sophia",
		"pai": "Thales Theo Caleb de Paula",
		"email": "gustavo_leonardo_depaula@a.com",
		"senha": "Ze0wydgLfL",
		"cep": "72405-280",
		"endereco": "Quadra Quadra 28",
		"numero": 424,
		"bairro": "Setor Central (Gama)",
		"cidade": "Brasília",
		"estado": "DF",
		"telefone_fixo": "(61) 2758-1020",
		"celular": "(61) 98155-6306",
		"altura": "1,74",
		"peso": 100,
		"tipo_sanguineo": "O-",
		"cor": "verde"
	},
	{
		"nome": "Larissa Teresinha Kamilly Moura",
		"idade": 30,
		"cpf": "361.303.771-85",
		"rg": "43.226.919-8",
		"data_nasc": "02/01/1993",
		"sexo": "Feminino",
		"signo": "Capricórnio",
		"mae": "Isabella Alana Josefa",
		"pai": "Pietro Kevin Heitor Moura",
		"email": "larissa-moura79@agacapital.com.br",
		"senha": "eWqf5HAWZF",
		"cep": "72225-310",
		"endereco": "Quadra QNN 31",
		"numero": 921,
		"bairro": "Ceilândia Norte (Ceilândia)",
		"cidade": "Brasília",
		"estado": "DF",
		"telefone_fixo": "(61) 2608-1009",
		"celular": "(61) 98408-0376",
		"altura": "1,55",
		"peso": 80,
		"tipo_sanguineo": "AB+",
		"cor": "verde"
	},
	{
		"nome": "Sophia Giovanna Brito",
		"idade": 44,
		"cpf": "030.345.551-99",
		"rg": "32.506.982-7",
		"data_nasc": "12/02/1979",
		"sexo": "Feminino",
		"signo": "Aquário",
		"mae": "Isabelly Giovanna",
		"pai": "Pietro Julio Brito",
		"email": "sophiagiovannabrito@schon.com.br",
		"senha": "yfXq5GxNhy",
		"cep": "72015-034",
		"endereco": "Quadra QSA 3/5 Área Especial 1",
		"numero": 980,
		"bairro": "Taguatinga Sul (Taguatinga)",
		"cidade": "Brasília",
		"estado": "DF",
		"telefone_fixo": "(61) 3926-9298",
		"celular": "(61) 99713-1307",
		"altura": "1,63",
		"peso": 72,
		"tipo_sanguineo": "O-",
		"cor": "verde"
	},
	{
		"nome": "Liz Lívia Carvalho",
		"idade": 65,
		"cpf": "717.550.551-53",
		"rg": "10.332.742-3",
		"data_nasc": "16/02/1958",
		"sexo": "Feminino",
		"signo": "Aquário",
		"mae": "Juliana Aurora Camila",
		"pai": "Heitor Tiago Matheus Carvalho",
		"email": "liz-carvalho71@murosterrae.com.br",
		"senha": "OBjMkYKeuo",
		"cep": "71250-055",
		"endereco": "Setor SCIA Quadra 15 Conjunto 11",
		"numero": 432,
		"bairro": "Zona Industrial (Guará)",
		"cidade": "Brasília",
		"estado": "DF",
		"telefone_fixo": "(61) 2648-2501",
		"celular": "(61) 99539-1601",
		"altura": "1,63",
		"peso": 71,
		"tipo_sanguineo": "O-",
		"cor": "vermelho"
	},
	{
		"nome": "Lorena Raimunda Sophia Costa",
		"idade": 31,
		"cpf": "300.731.461-53",
		"rg": "34.405.420-2",
		"data_nasc": "06/02/1992",
		"sexo": "Feminino",
		"signo": "Aquário",
		"mae": "Isis Emily Renata",
		"pai": "Yuri Filipe Costa",
		"email": "lorena.raimunda.costa@fcfar.unesp.br",
		"senha": "PpoAYXtFbK",
		"cep": "72252-094",
		"endereco": "Quadra QNO 9 Conjunto D",
		"numero": 270,
		"bairro": "Ceilândia Norte (Ceilândia)",
		"cidade": "Brasília",
		"estado": "DF",
		"telefone_fixo": "(61) 2907-0285",
		"celular": "(61) 98682-5655",
		"altura": "1,84",
		"peso": 50,
		"tipo_sanguineo": "B+",
		"cor": "amarelo"
	},
	{
		"nome": "Eduarda Cláudia Ferreira",
		"idade": 36,
		"cpf": "802.628.651-06",
		"rg": "10.566.188-0",
		"data_nasc": "15/01/1987",
		"sexo": "Feminino",
		"signo": "Capricórnio",
		"mae": "Maya Clarice",
		"pai": "Luís Yuri Filipe Ferreira",
		"email": "eduardaclaudiaferreira@newpark.com",
		"senha": "xtTfUo3G9Y",
		"cep": "71670-740",
		"endereco": "Quadra SHIS QI 26 Chácaras 18 a 23",
		"numero": 197,
		"bairro": "Setor de Habitações Individuais Sul",
		"cidade": "Brasília",
		"estado": "DF",
		"telefone_fixo": "(61) 3828-4351",
		"celular": "(61) 98424-3662",
		"altura": "1,74",
		"peso": 70,
		"tipo_sanguineo": "O-",
		"cor": "preto"
	},
	{
		"nome": "Jorge Anthony Manoel Almada",
		"idade": 27,
		"cpf": "220.729.831-00",
		"rg": "13.664.400-4",
		"data_nasc": "24/02/1996",
		"sexo": "Masculino",
		"signo": "Peixes",
		"mae": "Isabelle Vanessa Larissa",
		"pai": "Francisco Giovanni Caleb Almada",
		"email": "jorge_anthony_almada@yahoo.com.com.br",
		"senha": "qCNR0oRumW",
		"cep": "73357-070",
		"endereco": "Quadra Quadra 19 Área Especial 2",
		"numero": 736,
		"bairro": "Setor Residencial Leste (Planaltina)",
		"cidade": "Brasília",
		"estado": "DF",
		"telefone_fixo": "(61) 2686-5176",
		"celular": "(61) 98630-8268",
		"altura": "1,72",
		"peso": 72,
		"tipo_sanguineo": "AB+",
		"cor": "verde"
	},
	{
		"nome": "Elias José Arthur Barros",
		"idade": 73,
		"cpf": "691.954.421-03",
		"rg": "11.991.803-1",
		"data_nasc": "14/02/1950",
		"sexo": "Masculino",
		"signo": "Aquário",
		"mae": "Laís Lorena",
		"pai": "Kevin Heitor Barros",
		"email": "elias-barros98@ddfnet.com.br",
		"senha": "fDr2HAkFDT",
		"cep": "72322-400",
		"endereco": "Quadra QR 610",
		"numero": 651,
		"bairro": "Samambaia Norte (Samambaia)",
		"cidade": "Brasília",
		"estado": "DF",
		"telefone_fixo": "(61) 2721-1023",
		"celular": "(61) 98215-7244",
		"altura": "1,88",
		"peso": 100,
		"tipo_sanguineo": "B+",
		"cor": "vermelho"
	},
	{
		"nome": "Daiane Heloise Ana Peixoto",
		"idade": 78,
		"cpf": "588.957.331-42",
		"rg": "19.145.368-7",
		"data_nasc": "10/02/1945",
		"sexo": "Feminino",
		"signo": "Aquário",
		"mae": "Julia Jennifer",
		"pai": "Thiago Raul Peixoto",
		"email": "daianeheloisepeixoto@thibe.com.br",
		"senha": "MLM7jkwltp",
		"cep": "72016-115",
		"endereco": "Quadra CSC 11",
		"numero": 943,
		"bairro": "Taguatinga Sul (Taguatinga)",
		"cidade": "Brasília",
		"estado": "DF",
		"telefone_fixo": "(61) 3519-2415",
		"celular": "(61) 98755-6992",
		"altura": "1,53",
		"peso": 61,
		"tipo_sanguineo": "B+",
		"cor": "verde"
	},
	{
		"nome": "Emily Cristiane Duarte",
		"idade": 65,
		"cpf": "784.345.551-58",
		"rg": "31.993.513-9",
		"data_nasc": "06/02/1958",
		"sexo": "Feminino",
		"signo": "Aquário",
		"mae": "Alessandra Agatha Jennifer",
		"pai": "Pedro Rafael Duarte",
		"email": "emily_duarte@construtorastaizabel.com.br",
		"senha": "nnFs8s4KrW",
		"cep": "72503-405",
		"endereco": "Quadra QR 103 Conjunto E",
		"numero": 143,
		"bairro": "Santa Maria",
		"cidade": "Brasília",
		"estado": "DF",
		"telefone_fixo": "(61) 2777-6749",
		"celular": "(61) 98648-3747",
		"altura": "1,57",
		"peso": 65,
		"tipo_sanguineo": "B-",
		"cor": "vermelho"
	},
	{
		"nome": "Marli Cecília Helena Moraes",
		"idade": 62,
		"cpf": "080.955.191-89",
		"rg": "13.936.683-0",
		"data_nasc": "20/01/1961",
		"sexo": "Feminino",
		"signo": "Capricórnio",
		"mae": "Jennifer Allana Giovana",
		"pai": "Osvaldo Luiz Moraes",
		"email": "marli.cecilia.moraes@dpauladecor.com.br",
		"senha": "wHblScxl4f",
		"cep": "70834-050",
		"endereco": "Quadra SQN 402 Bloco E",
		"numero": 494,
		"bairro": "Asa Norte",
		"cidade": "Brasília",
		"estado": "DF",
		"telefone_fixo": "(61) 3673-8997",
		"celular": "(61) 98385-6175",
		"altura": "1,67",
		"peso": 66,
		"tipo_sanguineo": "A-",
		"cor": "verde"
	},
	{
		"nome": "Jéssica Rayssa Fernanda da Conceição",
		"idade": 38,
		"cpf": "524.270.681-36",
		"rg": "27.777.832-3",
		"data_nasc": "06/02/1985",
		"sexo": "Feminino",
		"signo": "Aquário",
		"mae": "Ana Marcela Evelyn",
		"pai": "Miguel Antonio da Conceição",
		"email": "jessica-daconceicao80@gruposantin.com.br",
		"senha": "mEuEZqlfwN",
		"cep": "73081-495",
		"endereco": "Quadra QMS 30A Bloco N",
		"numero": 799,
		"bairro": "Setor de Mansões de Sobradinho",
		"cidade": "Brasília",
		"estado": "DF",
		"telefone_fixo": "(61) 2601-7413",
		"celular": "(61) 98524-9546",
		"altura": "1,66",
		"peso": 66,
		"tipo_sanguineo": "B+",
		"cor": "preto"
	},
	{
		"nome": "Leonardo Yago César Bernardes",
		"idade": 66,
		"cpf": "053.188.391-42",
		"rg": "35.403.839-4",
		"data_nasc": "25/01/1957",
		"sexo": "Masculino",
		"signo": "Aquário",
		"mae": "Emily Lara",
		"pai": "Sérgio Anthony Renato Bernardes",
		"email": "leonardo.yago.bernardes@alcoa.com.br",
		"senha": "xNscER1MM3",
		"cep": "72006-341",
		"endereco": "Rua Rua 4 Chácara 300",
		"numero": 905,
		"bairro": "Setor Habitacional Vicente Pires",
		"cidade": "Brasília",
		"estado": "DF",
		"telefone_fixo": "(61) 3729-1369",
		"celular": "(61) 98133-9288",
		"altura": "1,60",
		"peso": 93,
		"tipo_sanguineo": "B+",
		"cor": "vermelho"
	}
]