[
	{
		"nome": "Ryan Matheus da Costa",
		"idade": 45,
		"cpf": "014.227.851-30",
		"rg": "47.991.417-5",
		"data_nasc": "11/01/1978",
		"sexo": "Masculino",
		"signo": "Capricórnio",
		"mae": "Valentina Jéssica",
		"pai": "Emanuel Severino Fábio da Costa",
		"email": "ryanmatheusdacosta@zf-lenksysteme.com",
		"senha": "bres4HtWEd",
		"cep": "72610-117",
		"endereco": "Quadra Quadra 201 Conjunto 17",
		"numero": 156,
		"bairro": "Recanto das Emas",
		"cidade": "Brasília",
		"estado": "DF",
		"telefone_fixo": "(61) 3531-8731",
		"celular": "(61) 99701-0146",
		"altura": "1,70",
		"peso": 62,
		"tipo_sanguineo": "O-",
		"cor": "verde"
	},
	{
		"nome": "Miguel Vitor Anthony Santos",
		"idade": 69,
		"cpf": "731.246.921-36",
		"rg": "33.249.594-2",
		"data_nasc": "19/01/1954",
		"sexo": "Masculino",
		"signo": "Capricórnio",
		"mae": "Aparecida Nicole",
		"pai": "Paulo Enzo Santos",
		"email": "miguel_santos@contabilidadelibra.com.br",
		"senha": "B4YCZSxLq6",
		"cep": "72440-510",
		"endereco": "Quadra Quadra 50 Conjunto J",
		"numero": 911,
		"bairro": "Setor Leste (Gama)",
		"cidade": "Brasília",
		"estado": "DF",
		"telefone_fixo": "(61) 3544-9531",
		"celular": "(61) 98430-3050",
		"altura": "1,79",
		"peso": 66,
		"tipo_sanguineo": "AB+",
		"cor": "azul"
	},
	{
		"nome": "Juliana Aparecida Silva",
		"idade": 63,
		"cpf": "335.623.131-60",
		"rg": "19.392.124-8",
		"data_nasc": "03/02/1960",
		"sexo": "Feminino",
		"signo": "Aquário",
		"mae": "Laura Fabiana Aurora",
		"pai": "Davi Thomas Kaique Silva",
		"email": "julianaaparecidasilva@statusseguros.com.br",
		"senha": "Pzbxspx66k",
		"cep": "72504-201",
		"endereco": "Quadra CL 104 Bloco A",
		"numero": 631,
		"bairro": "Santa Maria",
		"cidade": "Brasília",
		"estado": "DF",
		"telefone_fixo": "(61) 3845-6731",
		"celular": "(61) 98794-8391",
		"altura": "1,79",
		"peso": 53,
		"tipo_sanguineo": "A+",
		"cor": "roxo"
	},
	{
		"nome": "Helena Benedita Moura",
		"idade": 39,
		"cpf": "517.354.471-61",
		"rg": "47.028.432-8",
		"data_nasc": "03/01/1984",
		"sexo": "Feminino",
		"signo": "Capricórnio",
		"mae": "Malu Beatriz Andreia",
		"pai": "Matheus Caleb Cauã Moura",
		"email": "helenabeneditamoura@tjsp.jus.br",
		"senha": "RkCOL95gR0",
		"cep": "70730-630",
		"endereco": "Quadra SCRN 704/705 Bloco C",
		"numero": 915,
		"bairro": "Asa Norte",
		"cidade": "Brasília",
		"estado": "DF",
		"telefone_fixo": "(61) 2737-1504",
		"celular": "(61) 98699-5863",
		"altura": "1,70",
		"peso": 81,
		"tipo_sanguineo": "B-",
		"cor": "vermelho"
	},
	{
		"nome": "Renan Tomás Thomas da Luz",
		"idade": 38,
		"cpf": "367.504.211-13",
		"rg": "47.370.679-9",
		"data_nasc": "03/01/1985",
		"sexo": "Masculino",
		"signo": "Capricórnio",
		"mae": "Clarice Luana",
		"pai": "Anthony Francisco da Luz",
		"email": "renan-daluz99@igoralcantara.com.br",
		"senha": "k4fNygqnUh",
		"cep": "71680-116",
		"endereco": "Conjunto SMDB Conjunto 12 Bloco F",
		"numero": 183,
		"bairro": "Setor de Mansões Dom Bosco",
		"cidade": "Brasília",
		"estado": "DF",
		"telefone_fixo": "(61) 3885-2113",
		"celular": "(61) 99775-4395",
		"altura": "1,67",
		"peso": 63,
		"tipo_sanguineo": "AB-",
		"cor": "roxo"
	},
	{
		"nome": "Gabriela Fátima Nascimento",
		"idade": 79,
		"cpf": "301.905.211-47",
		"rg": "27.413.130-4",
		"data_nasc": "01/02/1944",
		"sexo": "Feminino",
		"signo": "Aquário",
		"mae": "Clara Eloá",
		"pai": "Daniel Thales Nascimento",
		"email": "gabriela_fatima_nascimento@iaru.com.br",
		"senha": "EOlfGrgxFZ",
		"cep": "73340-410",
		"endereco": "Quadra Quadra 4 Conjunto 4J",
		"numero": 810,
		"bairro": "Jardim Roriz (Planaltina)",
		"cidade": "Brasília",
		"estado": "DF",
		"telefone_fixo": "(61) 2519-5357",
		"celular": "(61) 99965-1946",
		"altura": "1,60",
		"peso": 82,
		"tipo_sanguineo": "A+",
		"cor": "amarelo"
	},
	{
		"nome": "Camila Daniela Silveira",
		"idade": 44,
		"cpf": "349.047.411-29",
		"rg": "29.421.468-9",
		"data_nasc": "21/02/1979",
		"sexo": "Feminino",
		"signo": "Peixes",
		"mae": "Bruna Melissa",
		"pai": "Cláudio Kaique Francisco Silveira",
		"email": "camila_daniela_silveira@dgh.com.br",
		"senha": "qQZZq0xZ1y",
		"cep": "72331-403",
		"endereco": "Quadra QR 609 Conjunto 3",
		"numero": 971,
		"bairro": "Samambaia Norte (Samambaia)",
		"cidade": "Brasília",
		"estado": "DF",
		"telefone_fixo": "(61) 2566-9644",
		"celular": "(61) 98239-4108",
		"altura": "1,53",
		"peso": 86,
		"tipo_sanguineo": "O-",
		"cor": "vermelho"
	},
	{
		"nome": "Giovana Letícia dos Santos",
		"idade": 47,
		"cpf": "180.742.531-20",
		"rg": "27.432.229-8",
		"data_nasc": "04/02/1976",
		"sexo": "Feminino",
		"signo": "Aquário",
		"mae": "Marcela Ester",
		"pai": "Kauê Caleb Julio dos Santos",
		"email": "giovana_leticia_dossantos@hotmmail.com",
		"senha": "5Xol10Y63j",
		"cep": "72594-011",
		"endereco": "Quadra QBR 7 Bloco K",
		"numero": 637,
		"bairro": "Residencial Santos Dumont (Santa Maria)",
		"cidade": "Brasília",
		"estado": "DF",
		"telefone_fixo": "(61) 2923-7945",
		"celular": "(61) 99647-6468",
		"altura": "1,71",
		"peso": 51,
		"tipo_sanguineo": "O-",
		"cor": "roxo"
	},
	{
		"nome": "Alice Liz Bernardes",
		"idade": 29,
		"cpf": "632.741.921-63",
		"rg": "29.786.864-0",
		"data_nasc": "04/02/1994",
		"sexo": "Feminino",
		"signo": "Aquário",
		"mae": "Luiza Bárbara Priscila",
		"pai": "Samuel Geraldo Bernardes",
		"email": "alice_bernardes@grupointegraambiental.com.br",
		"senha": "j3CF29Pld4",
		"cep": "72771-175",
		"endereco": "Setor Habitacional Cascalheira Chácara 21",
		"numero": 766,
		"bairro": "Brazlândia",
		"cidade": "Brasília",
		"estado": "DF",
		"telefone_fixo": "(61) 3609-4692",
		"celular": "(61) 98531-0564",
		"altura": "1,51",
		"peso": 84,
		"tipo_sanguineo": "B-",
		"cor": "roxo"
	},
	{
		"nome": "Melissa Isis Raimunda Melo",
		"idade": 35,
		"cpf": "558.465.411-60",
		"rg": "10.473.174-6",
		"data_nasc": "15/02/1988",
		"sexo": "Feminino",
		"signo": "Aquário",
		"mae": "Tereza Esther",
		"pai": "Guilherme Vinicius Melo",
		"email": "melissa.isis.melo@signa.net.br",
		"senha": "xhK8Dz9Jqs",
		"cep": "72275-178",
		"endereco": "Quadra CNR 1 Conjunto O",
		"numero": 195,
		"bairro": "Ceilândia Norte (Ceilândia)",
		"cidade": "Brasília",
		"estado": "DF",
		"telefone_fixo": "(61) 3686-9061",
		"celular": "(61) 98197-2187",
		"altura": "1,59",
		"peso": 48,
		"tipo_sanguineo": "O+",
		"cor": "vermelho"
	},
	{
		"nome": "Letícia Bianca Rodrigues",
		"idade": 23,
		"cpf": "747.283.941-82",
		"rg": "16.327.670-5",
		"data_nasc": "26/01/2000",
		"sexo": "Feminino",
		"signo": "Aquário",
		"mae": "Bruna Luciana Priscila",
		"pai": "Raimundo Augusto Cauã Rodrigues",
		"email": "leticiabiancarodrigues@emcinfo.com.br",
		"senha": "dYmO3maUh1",
		"cep": "70834-070",
		"endereco": "Quadra SQN 402 Bloco G",
		"numero": 857,
		"bairro": "Asa Norte",
		"cidade": "Brasília",
		"estado": "DF",
		"telefone_fixo": "(61) 3847-0141",
		"celular": "(61) 99135-9104",
		"altura": "1,63",
		"peso": 47,
		"tipo_sanguineo": "A+",
		"cor": "azul"
	},
	{
		"nome": "Felipe Márcio da Rosa",
		"idade": 31,
		"cpf": "310.973.431-11",
		"rg": "29.705.571-9",
		"data_nasc": "23/02/1992",
		"sexo": "Masculino",
		"signo": "Peixes",
		"mae": "Hadassa Joana",
		"pai": "Iago Vinicius da Rosa",
		"email": "felipe_marcio_darosa@simsvale.com.br",
		"senha": "N4RjCeOZW9",
		"cep": "70610-640",
		"endereco": "Quadra SGO Quadra 4",
		"numero": 836,
		"bairro": "Setores Complementares",
		"cidade": "Brasília",
		"estado": "DF",
		"telefone_fixo": "(61) 2724-3180",
		"celular": "(61) 98988-9418",
		"altura": "1,75",
		"peso": 57,
		"tipo_sanguineo": "B-",
		"cor": "roxo"
	},
	{
		"nome": "Liz Mariana Daiane de Paula",
		"idade": 60,
		"cpf": "593.503.041-12",
		"rg": "44.198.574-9",
		"data_nasc": "22/01/1963",
		"sexo": "Feminino",
		"signo": "Aquário",
		"mae": "Sophia Kamilly Sueli",
		"pai": "Paulo Alexandre de Paula",
		"email": "lizmarianadepaula@nonesiglio.com.br",
		"senha": "x1wIbifx44",
		"cep": "72333-574",
		"endereco": "Quadra QS 625 Conjunto D",
		"numero": 743,
		"bairro": "Samambaia Norte (Samambaia)",
		"cidade": "Brasília",
		"estado": "DF",
		"telefone_fixo": "(61) 2523-1404",
		"celular": "(61) 98790-5103",
		"altura": "1,58",
		"peso": 83,
		"tipo_sanguineo": "AB+",
		"cor": "roxo"
	},
	{
		"nome": "Simone Laís Lavínia Lopes",
		"idade": 62,
		"cpf": "884.958.591-81",
		"rg": "17.699.386-1",
		"data_nasc": "04/02/1961",
		"sexo": "Feminino",
		"signo": "Aquário",
		"mae": "Luzia Isabelle Vitória",
		"pai": "Benício Arthur Kevin Lopes",
		"email": "simonelaislopes@teadit.com.br",
		"senha": "1F8Dr75UAj",
		"cep": "72320-220",
		"endereco": "Quadra QR 414 Conjunto 14",
		"numero": 795,
		"bairro": "Samambaia Norte (Samambaia)",
		"cidade": "Brasília",
		"estado": "DF",
		"telefone_fixo": "(61) 3643-1345",
		"celular": "(61) 99912-0979",
		"altura": "1,73",
		"peso": 79,
		"tipo_sanguineo": "A-",
		"cor": "vermelho"
	},
	{
		"nome": "Luan Bento Enrico Ferreira",
		"idade": 55,
		"cpf": "204.351.581-04",
		"rg": "35.607.291-5",
		"data_nasc": "12/02/1968",
		"sexo": "Masculino",
		"signo": "Aquário",
		"mae": "Francisca Tânia",
		"pai": "Samuel Felipe Noah Ferreira",
		"email": "luan-ferreira81@bb.com.br",
		"senha": "TPPBL8OPBz",
		"cep": "72603-222",
		"endereco": "Quadra Quadra 114 Área Especial 1",
		"numero": 382,
		"bairro": "Recanto das Emas",
		"cidade": "Brasília",
		"estado": "DF",
		"telefone_fixo": "(61) 2666-6419",
		"celular": "(61) 99655-8232",
		"altura": "1,67",
		"peso": 72,
		"tipo_sanguineo": "A+",
		"cor": "roxo"
	},
	{
		"nome": "Isabelle Marlene das Neves",
		"idade": 40,
		"cpf": "354.931.471-06",
		"rg": "48.025.458-8",
		"data_nasc": "26/01/1983",
		"sexo": "Feminino",
		"signo": "Aquário",
		"mae": "Benedita Valentina Betina",
		"pai": "Diego Gustavo Edson das Neves",
		"email": "isabellemarlenedasneves@ipk.org.br",
		"senha": "IxGYSrTL7u",
		"cep": "71070-653",
		"endereco": "Área Especial Área Especial 2-A Módulo E",
		"numero": 404,
		"bairro": "Guará II",
		"cidade": "Brasília",
		"estado": "DF",
		"telefone_fixo": "(61) 2838-8100",
		"celular": "(61) 98556-5282",
		"altura": "1,77",
		"peso": 58,
		"tipo_sanguineo": "AB+",
		"cor": "vermelho"
	},
	{
		"nome": "Eliane Adriana Milena Ribeiro",
		"idade": 51,
		"cpf": "815.587.941-07",
		"rg": "43.019.280-0",
		"data_nasc": "17/01/1972",
		"sexo": "Feminino",
		"signo": "Capricórnio",
		"mae": "Melissa Alana",
		"pai": "Bryan Gael Diogo Ribeiro",
		"email": "elianeadrianaribeiro@marmorariauchoa.com",
		"senha": "T7Pxmc0yNx",
		"cep": "71680-270",
		"endereco": "Conjunto SMDB Conjunto 27",
		"numero": 403,
		"bairro": "Setor de Mansões Dom Bosco",
		"cidade": "Brasília",
		"estado": "DF",
		"telefone_fixo": "(61) 2596-5099",
		"celular": "(61) 98116-1970",
		"altura": "1,78",
		"peso": 67,
		"tipo_sanguineo": "O-",
		"cor": "roxo"
	},
	{
		"nome": "Manoel Felipe Porto",
		"idade": 32,
		"cpf": "475.918.901-74",
		"rg": "20.530.032-7",
		"data_nasc": "23/01/1991",
		"sexo": "Masculino",
		"signo": "Aquário",
		"mae": "Rosa Rosângela Melissa",
		"pai": "Luís Enzo Rodrigo Porto",
		"email": "manoel-porto98@escritorioindaia.com.br",
		"senha": "w90cnb8nUb",
		"cep": "70760-711",
		"endereco": "Quadra SHCGN 712 Bloco K",
		"numero": 391,
		"bairro": "Asa Norte",
		"cidade": "Brasília",
		"estado": "DF",
		"telefone_fixo": "(61) 3904-9619",
		"celular": "(61) 99766-2531",
		"altura": "1,65",
		"peso": 66,
		"tipo_sanguineo": "A+",
		"cor": "preto"
	},
	{
		"nome": "Isabel Hadassa Liz Cavalcanti",
		"idade": 20,
		"cpf": "024.296.411-78",
		"rg": "44.107.339-6",
		"data_nasc": "02/02/2003",
		"sexo": "Feminino",
		"signo": "Aquário",
		"mae": "Analu Eliane Maria",
		"pai": "Luiz Theo Gustavo Cavalcanti",
		"email": "isabel-cavalcanti85@desir.com.br",
		"senha": "qdSXLmweMd",
		"cep": "73150-150",
		"endereco": "Setor Rua do Mato",
		"numero": 411,
		"bairro": "Setor Habitacional Fercal (Sobradinho)",
		"cidade": "Brasília",
		"estado": "DF",
		"telefone_fixo": "(61) 2564-0218",
		"celular": "(61) 98874-5971",
		"altura": "1,56",
		"peso": 81,
		"tipo_sanguineo": "AB-",
		"cor": "preto"
	},
	{
		"nome": "Laura Bruna Vitória Alves",
		"idade": 33,
		"cpf": "084.513.331-41",
		"rg": "48.757.958-6",
		"data_nasc": "16/02/1990",
		"sexo": "Feminino",
		"signo": "Aquário",
		"mae": "Mirella Lorena",
		"pai": "Thomas João Alves",
		"email": "laura-alves73@steadyoffice.com.br",
		"senha": "EXeuIHfArr",
		"cep": "71725-406",
		"endereco": "Quadra QR 4 Conjunto F",
		"numero": 859,
		"bairro": "Candangolândia",
		"cidade": "Brasília",
		"estado": "DF",
		"telefone_fixo": "(61) 2814-9683",
		"celular": "(61) 98873-5292",
		"altura": "1,74",
		"peso": 78,
		"tipo_sanguineo": "O+",
		"cor": "vermelho"
	},
	{
		"nome": "Diogo Gael Martin da Silva",
		"idade": 32,
		"cpf": "276.249.261-05",
		"rg": "35.615.437-3",
		"data_nasc": "12/02/1991",
		"sexo": "Masculino",
		"signo": "Aquário",
		"mae": "Rebeca Lavínia Elisa",
		"pai": "Henry Ian da Silva",
		"email": "diogo_gael_dasilva@bzness.com.br",
		"senha": "PJCLk5mkXH",
		"cep": "71596-171",
		"endereco": "Quadra 1 Conjunto G",
		"numero": 171,
		"bairro": "Fazendinha (Itapoã)",
		"cidade": "Brasília",
		"estado": "DF",
		"telefone_fixo": "(61) 2788-4354",
		"celular": "(61) 98168-3892",
		"altura": "1,87",
		"peso": 67,
		"tipo_sanguineo": "AB+",
		"cor": "verde"
	},
	{
		"nome": "Sarah Nicole Vieira",
		"idade": 27,
		"cpf": "400.721.201-50",
		"rg": "18.370.533-6",
		"data_nasc": "09/02/1996",
		"sexo": "Feminino",
		"signo": "Aquário",
		"mae": "Bruna Renata",
		"pai": "Alexandre Arthur Davi Vieira",
		"email": "sarah.nicole.vieira@outlock.com",
		"senha": "IkI1R7MciK",
		"cep": "72610-217",
		"endereco": "Quadra Quadra 202 Conjunto 17",
		"numero": 192,
		"bairro": "Recanto das Emas",
		"cidade": "Brasília",
		"estado": "DF",
		"telefone_fixo": "(61) 3621-4617",
		"celular": "(61) 99516-9898",
		"altura": "1,72",
		"peso": 46,
		"tipo_sanguineo": "AB+",
		"cor": "laranja"
	},
	{
		"nome": "Jennifer Laís Corte Real",
		"idade": 45,
		"cpf": "114.098.931-62",
		"rg": "44.942.917-9",
		"data_nasc": "15/01/1978",
		"sexo": "Feminino",
		"signo": "Capricórnio",
		"mae": "Elaine Joana Caroline",
		"pai": "Sérgio Yuri Corte Real",
		"email": "jenniferlaiscortereal@anac.gov.br",
		"senha": "gkrlJGwZSQ",
		"cep": "71571-004",
		"endereco": "Quadra Quadra 9 Conjunto D",
		"numero": 928,
		"bairro": "Paranoá",
		"cidade": "Brasília",
		"estado": "DF",
		"telefone_fixo": "(61) 2874-9878",
		"celular": "(61) 99368-1269",
		"altura": "1,62",
		"peso": 69,
		"tipo_sanguineo": "B-",
		"cor": "preto"
	},
	{
		"nome": "Calebe Marcos Vinicius Baptista",
		"idade": 72,
		"cpf": "957.395.131-20",
		"rg": "48.923.470-7",
		"data_nasc": "14/02/1951",
		"sexo": "Masculino",
		"signo": "Aquário",
		"mae": "Marli Nicole Luzia",
		"pai": "Kevin Rodrigo Emanuel Baptista",
		"email": "calebe-baptista82@ft.unicamp.br",
		"senha": "bR5iKdUkP8",
		"cep": "71600-600",
		"endereco": "Quadra SHIS QI 5 Chácaras 68 a 73",
		"numero": 404,
		"bairro": "Setor de Habitações Individuais Sul",
		"cidade": "Brasília",
		"estado": "DF",
		"telefone_fixo": "(61) 3987-9149",
		"celular": "(61) 99790-1595",
		"altura": "1,62",
		"peso": 103,
		"tipo_sanguineo": "AB-",
		"cor": "vermelho"
	},
	{
		"nome": "Benjamin Edson Martin Moraes",
		"idade": 33,
		"cpf": "719.745.511-13",
		"rg": "27.734.273-9",
		"data_nasc": "22/02/1990",
		"sexo": "Masculino",
		"signo": "Peixes",
		"mae": "Cecília Emilly",
		"pai": "Erick Danilo Moraes",
		"email": "benjamin_edson_moraes@carubelli.com.br",
		"senha": "KLXAu8cE0I",
		"cep": "70344-510",
		"endereco": "Quadra CLS 105 Bloco A",
		"numero": 886,
		"bairro": "Asa Sul",
		"cidade": "Brasília",
		"estado": "DF",
		"telefone_fixo": "(61) 2767-6464",
		"celular": "(61) 99292-6615",
		"altura": "1,90",
		"peso": 100,
		"tipo_sanguineo": "B+",
		"cor": "verde"
	},
	{
		"nome": "Beatriz Cláudia Agatha Gomes",
		"idade": 57,
		"cpf": "980.459.941-42",
		"rg": "35.367.421-7",
		"data_nasc": "27/01/1966",
		"sexo": "Feminino",
		"signo": "Aquário",
		"mae": "Sarah Lívia",
		"pai": "Severino Juan Arthur Gomes",
		"email": "beatriz_gomes@dpi.indl.com.br",
		"senha": "6LBJBBk8Xx",
		"cep": "72345-006",
		"endereco": "Quadra Quadra 219 Conjunto 5",
		"numero": 390,
		"bairro": "Samambaia Norte (Samambaia)",
		"cidade": "Brasília",
		"estado": "DF",
		"telefone_fixo": "(61) 3658-3343",
		"celular": "(61) 98978-1744",
		"altura": "1,80",
		"peso": 88,
		"tipo_sanguineo": "O+",
		"cor": "vermelho"
	},
	{
		"nome": "Marina Jennifer Pires",
		"idade": 74,
		"cpf": "543.432.101-46",
		"rg": "19.435.105-1",
		"data_nasc": "23/01/1949",
		"sexo": "Feminino",
		"signo": "Aquário",
		"mae": "Marli Nina",
		"pai": "Mário Mário Elias Pires",
		"email": "marinajenniferpires@guiandotelecom.com.br",
		"senha": "CXieueMjMp",
		"cep": "72323-540",
		"endereco": "Quadra QN 417",
		"numero": 589,
		"bairro": "Samambaia Norte (Samambaia)",
		"cidade": "Brasília",
		"estado": "DF",
		"telefone_fixo": "(61) 3794-4181",
		"celular": "(61) 99806-3144",
		"altura": "1,54",
		"peso": 57,
		"tipo_sanguineo": "A-",
		"cor": "amarelo"
	},
	{
		"nome": "Analu Lívia Tatiane Fogaça",
		"idade": 45,
		"cpf": "862.774.231-69",
		"rg": "37.363.477-8",
		"data_nasc": "26/01/1978",
		"sexo": "Feminino",
		"signo": "Aquário",
		"mae": "Manuela Melissa Maya",
		"pai": "Samuel Guilherme Fogaça",
		"email": "analu-fogaca84@reconciliare.com.br",
		"senha": "pcrjcflcTn",
		"cep": "71575-350",
		"endereco": "Quadra Quadra 38 Conjunto J",
		"numero": 301,
		"bairro": "Paranoá",
		"cidade": "Brasília",
		"estado": "DF",
		"telefone_fixo": "(61) 3768-2788",
		"celular": "(61) 99275-3244",
		"altura": "1,80",
		"peso": 50,
		"tipo_sanguineo": "O-",
		"cor": "laranja"
	},
	{
		"nome": "Lorenzo Paulo Nogueira",
		"idade": 39,
		"cpf": "960.417.841-50",
		"rg": "50.696.030-4",
		"data_nasc": "26/01/1984",
		"sexo": "Masculino",
		"signo": "Aquário",
		"mae": "Rebeca Eloá Bárbara",
		"pai": "Enzo Sérgio Nogueira",
		"email": "lorenzo_nogueira@dglnet.com.br",
		"senha": "rChzkWALxo",
		"cep": "72602-414",
		"endereco": "Quadra Quadra 112 Área Especial 2",
		"numero": 377,
		"bairro": "Recanto das Emas",
		"cidade": "Brasília",
		"estado": "DF",
		"telefone_fixo": "(61) 3537-9607",
		"celular": "(61) 99750-5726",
		"altura": "1,72",
		"peso": 93,
		"tipo_sanguineo": "A-",
		"cor": "preto"
	},
	{
		"nome": "Luana Mariah Lima",
		"idade": 56,
		"cpf": "188.949.891-27",
		"rg": "19.913.581-2",
		"data_nasc": "14/01/1967",
		"sexo": "Feminino",
		"signo": "Capricórnio",
		"mae": "Simone Hadassa Daiane",
		"pai": "Severino Samuel Lima",
		"email": "luana-lima85@premierpet.com.br",
		"senha": "o2r5h9NCGq",
		"cep": "73050-152",
		"endereco": "Quadra Quadra 16 Área Especial 02",
		"numero": 184,
		"bairro": "Sobradinho",
		"cidade": "Brasília",
		"estado": "DF",
		"telefone_fixo": "(61) 2785-0481",
		"celular": "(61) 99132-6125",
		"altura": "1,79",
		"peso": 66,
		"tipo_sanguineo": "AB-",
		"cor": "verde"
	}
]