[
	{
		"nome": "Severino Marcos Gustavo Freitas",
		"idade": 30,
		"cpf": "469.468.721-26",
		"rg": "48.075.963-7",
		"data_nasc": "15/01/1993",
		"sexo": "Masculino",
		"signo": "Capricórnio",
		"mae": "Melissa Camila Hadassa",
		"pai": "Diogo Kevin Freitas",
		"email": "severino_marcos_freitas@mtic.net.br",
		"senha": "x0xCDjtH8r",
		"cep": "71600-590",
		"endereco": "Quadra SHIS QI 5 Chácaras 62 a 67",
		"numero": 345,
		"bairro": "Setor de Habitações Individuais Sul",
		"cidade": "Brasília",
		"estado": "DF",
		"telefone_fixo": "(61) 3539-1536",
		"celular": "(61) 99458-0111",
		"altura": "1,97",
		"peso": 95,
		"tipo_sanguineo": "A-",
		"cor": "vermelho"
	},
	{
		"nome": "Anthony Benjamin Samuel Carvalho",
		"idade": 47,
		"cpf": "662.209.981-20",
		"rg": "25.659.530-6",
		"data_nasc": "05/02/1976",
		"sexo": "Masculino",
		"signo": "Aquário",
		"mae": "Isabella Tânia Benedita",
		"pai": "Gustavo Fernando Juan Carvalho",
		"email": "anthonybenjamincarvalho@athoscontabil.com.br",
		"senha": "dcYFWL7hAl",
		"cep": "71710-560",
		"endereco": "Avenida Central Bloco 1645",
		"numero": 769,
		"bairro": "Núcleo Bandeirante",
		"cidade": "Brasília",
		"estado": "DF",
		"telefone_fixo": "(61) 3989-6986",
		"celular": "(61) 98705-3966",
		"altura": "1,81",
		"peso": 86,
		"tipo_sanguineo": "B+",
		"cor": "verde"
	},
	{
		"nome": "Pietro Henrique Ruan Rodrigues",
		"idade": 30,
		"cpf": "928.770.351-58",
		"rg": "40.860.064-0",
		"data_nasc": "20/02/1993",
		"sexo": "Masculino",
		"signo": "Peixes",
		"mae": "Valentina Emilly",
		"pai": "Pedro Henrique Kaique Diego Rodrigues",
		"email": "pietro-rodrigues70@premierpet.com.br",
		"senha": "E2pP4P5pIA",
		"cep": "70757-010",
		"endereco": "Quadra SQN 311 Bloco A",
		"numero": 984,
		"bairro": "Asa Norte",
		"cidade": "Brasília",
		"estado": "DF",
		"telefone_fixo": "(61) 2767-3188",
		"celular": "(61) 98415-7690",
		"altura": "1,91",
		"peso": 53,
		"tipo_sanguineo": "AB+",
		"cor": "vermelho"
	},
	{
		"nome": "Allana Rita Viana",
		"idade": 18,
		"cpf": "688.641.661-81",
		"rg": "37.942.989-5",
		"data_nasc": "06/02/2005",
		"sexo": "Feminino",
		"signo": "Aquário",
		"mae": "Jéssica Renata Malu",
		"pai": "Nathan Filipe Augusto Viana",
		"email": "allana-viana75@hidrara.com.br",
		"senha": "d8Zm09GyGq",
		"cep": "72310-602",
		"endereco": "Quadra QN 504 Conjunto 2",
		"numero": 820,
		"bairro": "Samambaia Sul (Samambaia)",
		"cidade": "Brasília",
		"estado": "DF",
		"telefone_fixo": "(61) 2967-2906",
		"celular": "(61) 99475-4413",
		"altura": "1,59",
		"peso": 47,
		"tipo_sanguineo": "A-",
		"cor": "azul"
	},
	{
		"nome": "Isabel Sarah Barros",
		"idade": 69,
		"cpf": "853.932.781-36",
		"rg": "49.138.236-4",
		"data_nasc": "07/01/1954",
		"sexo": "Feminino",
		"signo": "Capricórnio",
		"mae": "Bianca Rafaela",
		"pai": "Kaique Vicente Elias Barros",
		"email": "isabel.sarah.barros@bluespropaganda.com",
		"senha": "u9bSlMBmeZ",
		"cep": "72003-550",
		"endereco": "Rua Rua 8 Chácara 229",
		"numero": 685,
		"bairro": "Vila São José (Vicente Pires)",
		"cidade": "Brasília",
		"estado": "DF",
		"telefone_fixo": "(61) 2620-2572",
		"celular": "(61) 98603-6011",
		"altura": "1,57",
		"peso": 72,
		"tipo_sanguineo": "O+",
		"cor": "laranja"
	},
	{
		"nome": "Benício Murilo Benjamin da Silva",
		"idade": 27,
		"cpf": "913.026.221-61",
		"rg": "48.044.532-1",
		"data_nasc": "24/01/1996",
		"sexo": "Masculino",
		"signo": "Aquário",
		"mae": "Letícia Luiza Luiza",
		"pai": "Felipe Nicolas Igor da Silva",
		"email": "benicio_dasilva@pozzer.net",
		"senha": "cCFmm6u1py",
		"cep": "72450-020",
		"endereco": "Quadra Quadra 2",
		"numero": 363,
		"bairro": "Setor Leste (Gama)",
		"cidade": "Brasília",
		"estado": "DF",
		"telefone_fixo": "(61) 3622-2825",
		"celular": "(61) 98840-6036",
		"altura": "1,93",
		"peso": 92,
		"tipo_sanguineo": "O+",
		"cor": "roxo"
	},
	{
		"nome": "Murilo Erick Bernardo Nogueira",
		"idade": 41,
		"cpf": "833.845.381-10",
		"rg": "47.258.077-2",
		"data_nasc": "03/01/1982",
		"sexo": "Masculino",
		"signo": "Capricórnio",
		"mae": "Nicole Benedita Liz",
		"pai": "Yago Roberto Renan Nogueira",
		"email": "murilo_erick_nogueira@marquesalcantra.comabdv.com.br",
		"senha": "mSx39k8ckq",
		"cep": "72240-400",
		"endereco": "Quadra QNP 5",
		"numero": 405,
		"bairro": "Ceilândia Norte (Ceilândia)",
		"cidade": "Brasília",
		"estado": "DF",
		"telefone_fixo": "(61) 2653-4422",
		"celular": "(61) 99285-3511",
		"altura": "1,74",
		"peso": 96,
		"tipo_sanguineo": "AB-",
		"cor": "vermelho"
	},
	{
		"nome": "Thales Felipe Rocha",
		"idade": 65,
		"cpf": "577.465.511-30",
		"rg": "22.617.155-3",
		"data_nasc": "23/02/1958",
		"sexo": "Masculino",
		"signo": "Peixes",
		"mae": "Luiza Larissa",
		"pai": "Kaique Victor Rocha",
		"email": "thales.felipe.rocha@pciinformatica.com",
		"senha": "YHbQdSFql1",
		"cep": "72220-532",
		"endereco": "Quadra EQNN 6/8 Bloco B",
		"numero": 824,
		"bairro": "Ceilândia Sul (Ceilândia)",
		"cidade": "Brasília",
		"estado": "DF",
		"telefone_fixo": "(61) 3614-7763",
		"celular": "(61) 99657-2577",
		"altura": "1,62",
		"peso": 88,
		"tipo_sanguineo": "B-",
		"cor": "vermelho"
	},
	{
		"nome": "Rita Hadassa Fernandes",
		"idade": 43,
		"cpf": "665.885.381-97",
		"rg": "29.426.945-9",
		"data_nasc": "10/02/1980",
		"sexo": "Feminino",
		"signo": "Aquário",
		"mae": "Gabrielly Luana",
		"pai": "Vitor Cauê Jorge Fernandes",
		"email": "rita_hadassa_fernandes@splicenet.com.br",
		"senha": "gjFu7GHXEa",
		"cep": "70842-060",
		"endereco": "Quadra SQN 204 Bloco F",
		"numero": 767,
		"bairro": "Asa Norte",
		"cidade": "Brasília",
		"estado": "DF",
		"telefone_fixo": "(61) 2849-3095",
		"celular": "(61) 98370-6260",
		"altura": "1,72",
		"peso": 46,
		"tipo_sanguineo": "A+",
		"cor": "amarelo"
	},
	{
		"nome": "Breno Arthur Sebastião Santos",
		"idade": 80,
		"cpf": "471.307.371-74",
		"rg": "25.576.595-2",
		"data_nasc": "18/01/1943",
		"sexo": "Masculino",
		"signo": "Capricórnio",
		"mae": "Márcia Mariah Sophia",
		"pai": "Arthur Ian Rafael Santos",
		"email": "brenoarthursantos@dddrin.com.br",
		"senha": "D4NK7GYyua",
		"cep": "70395-900",
		"endereco": "SCS Quadra 1 Bloco C Lote 30",
		"numero": 315,
		"bairro": "Asa Sul",
		"cidade": "Brasília",
		"estado": "DF",
		"telefone_fixo": "(61) 2958-2783",
		"celular": "(61) 99693-9611",
		"altura": "1,99",
		"peso": 94,
		"tipo_sanguineo": "B-",
		"cor": "preto"
	},
	{
		"nome": "Emanuel César Gabriel Pereira",
		"idade": 53,
		"cpf": "252.781.431-00",
		"rg": "31.576.266-4",
		"data_nasc": "04/01/1970",
		"sexo": "Masculino",
		"signo": "Capricórnio",
		"mae": "Daiane Clara Alice",
		"pai": "Anderson Danilo Pereira",
		"email": "emanuel_cesar_pereira@brunofaria.com",
		"senha": "zAp9uYUnwW",
		"cep": "72250-200",
		"endereco": "Quadra QNO 2",
		"numero": 118,
		"bairro": "Ceilândia Norte (Ceilândia)",
		"cidade": "Brasília",
		"estado": "DF",
		"telefone_fixo": "(61) 2943-9939",
		"celular": "(61) 98696-6185",
		"altura": "1,77",
		"peso": 52,
		"tipo_sanguineo": "B-",
		"cor": "roxo"
	},
	{
		"nome": "Patrícia Luciana Nunes",
		"idade": 68,
		"cpf": "134.706.831-74",
		"rg": "38.045.934-6",
		"data_nasc": "24/02/1955",
		"sexo": "Feminino",
		"signo": "Peixes",
		"mae": "Sabrina Carolina",
		"pai": "César Rodrigo César Nunes",
		"email": "patricialuciananunes@accent.com.br",
		"senha": "aSfsgdaKWR",
		"cep": "70686-505",
		"endereco": "Quadra SQNW 110 Bloco A",
		"numero": 185,
		"bairro": "Setor Noroeste",
		"cidade": "Brasília",
		"estado": "DF",
		"telefone_fixo": "(61) 3796-8075",
		"celular": "(61) 98721-2326",
		"altura": "1,65",
		"peso": 89,
		"tipo_sanguineo": "A-",
		"cor": "vermelho"
	},
	{
		"nome": "Samuel Edson Jesus",
		"idade": 79,
		"cpf": "664.682.301-44",
		"rg": "35.824.017-7",
		"data_nasc": "22/02/1944",
		"sexo": "Masculino",
		"signo": "Peixes",
		"mae": "Giovana Isabelle",
		"pai": "Severino Raimundo Augusto Jesus",
		"email": "samueledsonjesus@agrosb.com.br",
		"senha": "WbyodEkRgs",
		"cep": "70764-500",
		"endereco": "Quadra CLN 114",
		"numero": 317,
		"bairro": "Asa Norte",
		"cidade": "Brasília",
		"estado": "DF",
		"telefone_fixo": "(61) 2802-9280",
		"celular": "(61) 99573-8217",
		"altura": "1,70",
		"peso": 75,
		"tipo_sanguineo": "A+",
		"cor": "roxo"
	},
	{
		"nome": "Augusto Calebe da Mota",
		"idade": 18,
		"cpf": "269.707.201-28",
		"rg": "10.799.404-5",
		"data_nasc": "06/01/2005",
		"sexo": "Masculino",
		"signo": "Capricórnio",
		"mae": "Eduarda Emilly",
		"pai": "Cauê Jorge Sérgio da Mota",
		"email": "augusto_damota@mpv.org.br",
		"senha": "w3hmhJWOSW",
		"cep": "72225-330",
		"endereco": "Quadra QNN 33",
		"numero": 265,
		"bairro": "Ceilândia Norte (Ceilândia)",
		"cidade": "Brasília",
		"estado": "DF",
		"telefone_fixo": "(61) 3796-8388",
		"celular": "(61) 98239-8653",
		"altura": "1,73",
		"peso": 94,
		"tipo_sanguineo": "B+",
		"cor": "verde"
	},
	{
		"nome": "Jaqueline Adriana Bernardes",
		"idade": 35,
		"cpf": "015.665.411-31",
		"rg": "44.841.842-3",
		"data_nasc": "22/02/1988",
		"sexo": "Feminino",
		"signo": "Peixes",
		"mae": "Luzia Luna",
		"pai": "Benedito Theo Bernardes",
		"email": "jaqueline-bernardes77@outllok.com",
		"senha": "Mb7FMoQWjg",
		"cep": "72622-221",
		"endereco": "Quadra Quadra 309 Área Especial 7",
		"numero": 710,
		"bairro": "Recanto das Emas",
		"cidade": "Brasília",
		"estado": "DF",
		"telefone_fixo": "(61) 3675-9946",
		"celular": "(61) 98733-2675",
		"altura": "1,59",
		"peso": 86,
		"tipo_sanguineo": "AB+",
		"cor": "verde"
	},
	{
		"nome": "Cláudia Hadassa Baptista",
		"idade": 53,
		"cpf": "268.688.381-23",
		"rg": "14.276.039-0",
		"data_nasc": "18/01/1970",
		"sexo": "Feminino",
		"signo": "Capricórnio",
		"mae": "Marli Milena Yasmin",
		"pai": "Kauê César Baptista",
		"email": "claudia-baptista89@knowconsulting.com.br",
		"senha": "JU7YPLTBQE",
		"cep": "71200-237",
		"endereco": "Trecho SIA Trecho 17 Rua 13",
		"numero": 784,
		"bairro": "Zona Industrial (Guará)",
		"cidade": "Brasília",
		"estado": "DF",
		"telefone_fixo": "(61) 3983-3060",
		"celular": "(61) 99210-3404",
		"altura": "1,63",
		"peso": 54,
		"tipo_sanguineo": "B+",
		"cor": "preto"
	},
	{
		"nome": "Manoel Márcio Monteiro",
		"idade": 31,
		"cpf": "177.324.801-47",
		"rg": "41.946.084-6",
		"data_nasc": "02/02/1992",
		"sexo": "Masculino",
		"signo": "Aquário",
		"mae": "Mariah Emanuelly",
		"pai": "Gabriel Gustavo Monteiro",
		"email": "manoelmarciomonteiro@brasildakar.com.br",
		"senha": "RAZlZx1T2B",
		"cep": "70275-450",
		"endereco": "Quadra EQS 212/412",
		"numero": 953,
		"bairro": "Asa Sul",
		"cidade": "Brasília",
		"estado": "DF",
		"telefone_fixo": "(61) 3775-8584",
		"celular": "(61) 99222-0455",
		"altura": "1,79",
		"peso": 63,
		"tipo_sanguineo": "A-",
		"cor": "verde"
	},
	{
		"nome": "Manoel Carlos Oliveira",
		"idade": 50,
		"cpf": "457.817.191-48",
		"rg": "36.964.290-9",
		"data_nasc": "13/01/1973",
		"sexo": "Masculino",
		"signo": "Capricórnio",
		"mae": "Débora Isabela",
		"pai": "Caleb Murilo Oliveira",
		"email": "manoel-oliveira90@renoveseuseguro.com",
		"senha": "wx92mPT6x2",
		"cep": "73062-409",
		"endereco": "Conjunto AR 14 Conjunto 9",
		"numero": 767,
		"bairro": "Setor Oeste (Sobradinho II)",
		"cidade": "Brasília",
		"estado": "DF",
		"telefone_fixo": "(61) 2641-4342",
		"celular": "(61) 98637-5677",
		"altura": "1,87",
		"peso": 76,
		"tipo_sanguineo": "AB-",
		"cor": "laranja"
	},
	{
		"nome": "Hadassa Stefany Eduarda Sales",
		"idade": 55,
		"cpf": "849.621.201-74",
		"rg": "35.682.920-0",
		"data_nasc": "24/01/1968",
		"sexo": "Feminino",
		"signo": "Aquário",
		"mae": "Manuela Sônia Helena",
		"pai": "Eduardo Gael Kevin Sales",
		"email": "hadassa-sales97@juliosimoes.com.br",
		"senha": "ysDIdYGznK",
		"cep": "72158-316",
		"endereco": "Quadra 3 Conjunto A Bloco F",
		"numero": 431,
		"bairro": "Taguatinga Norte (Taguatinga)",
		"cidade": "Brasília",
		"estado": "DF",
		"telefone_fixo": "(61) 2572-1654",
		"celular": "(61) 98431-2065",
		"altura": "1,83",
		"peso": 84,
		"tipo_sanguineo": "AB+",
		"cor": "laranja"
	},
	{
		"nome": "Sebastião Bento da Rocha",
		"idade": 37,
		"cpf": "507.637.371-60",
		"rg": "18.183.727-4",
		"data_nasc": "25/01/1986",
		"sexo": "Masculino",
		"signo": "Aquário",
		"mae": "Nina Carolina",
		"pai": "Carlos Daniel Julio da Rocha",
		"email": "sebastiao.bento.darocha@bakerhughes.com",
		"senha": "BUonEkcfGD",
		"cep": "70361-713",
		"endereco": "Quadra SHIGS 711 Bloco M",
		"numero": 337,
		"bairro": "Asa Sul",
		"cidade": "Brasília",
		"estado": "DF",
		"telefone_fixo": "(61) 3832-5391",
		"celular": "(61) 98801-1400",
		"altura": "1,66",
		"peso": 58,
		"tipo_sanguineo": "B-",
		"cor": "laranja"
	},
	{
		"nome": "Antônia Ester Moreira",
		"idade": 24,
		"cpf": "606.934.741-22",
		"rg": "12.506.798-7",
		"data_nasc": "22/02/1999",
		"sexo": "Feminino",
		"signo": "Peixes",
		"mae": "Sophie Aurora",
		"pai": "Augusto Breno Arthur Moreira",
		"email": "antonia_moreira@raioazul.com.br",
		"senha": "xjRs2mbWpz",
		"cep": "70070-929",
		"endereco": "SBS Quadra 2 Bloco F",
		"numero": 524,
		"bairro": "Asa Sul",
		"cidade": "Brasília",
		"estado": "DF",
		"telefone_fixo": "(61) 3537-6453",
		"celular": "(61) 98153-3908",
		"altura": "1,85",
		"peso": 84,
		"tipo_sanguineo": "AB-",
		"cor": "amarelo"
	},
	{
		"nome": "Carlos Eduardo Gustavo Calebe Assunção",
		"idade": 30,
		"cpf": "267.095.181-32",
		"rg": "41.648.975-8",
		"data_nasc": "16/02/1993",
		"sexo": "Masculino",
		"signo": "Aquário",
		"mae": "Isadora Carolina",
		"pai": "Leandro Cauã Marcos Assunção",
		"email": "carloseduardoassuncao@stetnet.com.br",
		"senha": "A9k2ikQ7aP",
		"cep": "73086-400",
		"endereco": "Quadra Quadra 4",
		"numero": 855,
		"bairro": "Vila Rabelo II (Sobradinho)",
		"cidade": "Brasília",
		"estado": "DF",
		"telefone_fixo": "(61) 2716-1998",
		"celular": "(61) 99525-5031",
		"altura": "1,73",
		"peso": 108,
		"tipo_sanguineo": "A+",
		"cor": "vermelho"
	},
	{
		"nome": "Benedita Lavínia Renata Lopes",
		"idade": 35,
		"cpf": "094.737.951-73",
		"rg": "34.687.939-5",
		"data_nasc": "24/01/1988",
		"sexo": "Feminino",
		"signo": "Aquário",
		"mae": "Cecília Marina",
		"pai": "Augusto Benjamin Cauã Lopes",
		"email": "benedita_lopes@gutembier.com.br",
		"senha": "ANMjuiZf3I",
		"cep": "72339-078",
		"endereco": "Quadra QR 1033 Conjunto 8",
		"numero": 434,
		"bairro": "Samambaia Norte (Samambaia)",
		"cidade": "Brasília",
		"estado": "DF",
		"telefone_fixo": "(61) 2999-6712",
		"celular": "(61) 99336-9137",
		"altura": "1,60",
		"peso": 78,
		"tipo_sanguineo": "O+",
		"cor": "vermelho"
	},
	{
		"nome": "Vanessa Sueli Teixeira",
		"idade": 67,
		"cpf": "545.689.901-90",
		"rg": "27.378.929-6",
		"data_nasc": "03/01/1956",
		"sexo": "Feminino",
		"signo": "Capricórnio",
		"mae": "Louise Kamilly",
		"pai": "Vinicius Antonio Gustavo Teixeira",
		"email": "vanessa_teixeira@focustg.com.br",
		"senha": "nxc89JRdAc",
		"cep": "73270-515",
		"endereco": "Condomínio Lara Conjunto C",
		"numero": 810,
		"bairro": "Nova Colina (Sobradinho)",
		"cidade": "Brasília",
		"estado": "DF",
		"telefone_fixo": "(61) 2998-6274",
		"celular": "(61) 99951-1008",
		"altura": "1,59",
		"peso": 73,
		"tipo_sanguineo": "A+",
		"cor": "amarelo"
	},
	{
		"nome": "Stefany Elisa Carla Galvão",
		"idade": 77,
		"cpf": "799.278.751-00",
		"rg": "27.895.102-8",
		"data_nasc": "05/01/1946",
		"sexo": "Feminino",
		"signo": "Capricórnio",
		"mae": "Vera Fernanda Maya",
		"pai": "Augusto Paulo Galvão",
		"email": "stefany.elisa.galvao@mnproducoes.com",
		"senha": "HEcCfbqNOW",
		"cep": "73366-785",
		"endereco": "Conjunto E",
		"numero": 646,
		"bairro": "Portal do Amanhecer III (Planaltina)",
		"cidade": "Brasília",
		"estado": "DF",
		"telefone_fixo": "(61) 2594-2128",
		"celular": "(61) 98462-7285",
		"altura": "1,76",
		"peso": 79,
		"tipo_sanguineo": "AB-",
		"cor": "vermelho"
	},
	{
		"nome": "Ryan Mário Marcos Vinicius Cardoso",
		"idade": 22,
		"cpf": "428.040.361-97",
		"rg": "22.266.165-3",
		"data_nasc": "27/01/2001",
		"sexo": "Masculino",
		"signo": "Aquário",
		"mae": "Fernanda Aline",
		"pai": "Elias Bruno Daniel Cardoso",
		"email": "ryan_cardoso@guiamaritimo.com.br",
		"senha": "6tUFOKeyrA",
		"cep": "72156-202",
		"endereco": "Quadra QNL 12 Conjunto B",
		"numero": 673,
		"bairro": "Taguatinga Norte (Taguatinga)",
		"cidade": "Brasília",
		"estado": "DF",
		"telefone_fixo": "(61) 3937-1559",
		"celular": "(61) 98403-1171",
		"altura": "1,66",
		"peso": 68,
		"tipo_sanguineo": "AB+",
		"cor": "preto"
	},
	{
		"nome": "Nina Isabel Sophia Castro",
		"idade": 27,
		"cpf": "251.327.261-78",
		"rg": "38.069.615-0",
		"data_nasc": "08/02/1996",
		"sexo": "Feminino",
		"signo": "Aquário",
		"mae": "Andrea Joana",
		"pai": "Gabriel Gustavo Otávio Castro",
		"email": "nina_castro@unicohost.com.br",
		"senha": "dgBB7H0Yi1",
		"cep": "72548-713",
		"endereco": "Quadra QR 418 Conjunto M",
		"numero": 995,
		"bairro": "Santa Maria",
		"cidade": "Brasília",
		"estado": "DF",
		"telefone_fixo": "(61) 3738-0760",
		"celular": "(61) 98452-8945",
		"altura": "1,62",
		"peso": 53,
		"tipo_sanguineo": "B+",
		"cor": "amarelo"
	},
	{
		"nome": "André Benedito Ramos",
		"idade": 34,
		"cpf": "576.850.791-43",
		"rg": "37.495.759-9",
		"data_nasc": "09/02/1989",
		"sexo": "Masculino",
		"signo": "Aquário",
		"mae": "Priscila Antonella",
		"pai": "Benício Anthony Ruan Ramos",
		"email": "andre.benedito.ramos@transportadoratransdel.com.br",
		"senha": "dDq1uUFWHj",
		"cep": "70740-777",
		"endereco": "Quadra SHCGN 708 Bloco Q",
		"numero": 114,
		"bairro": "Asa Norte",
		"cidade": "Brasília",
		"estado": "DF",
		"telefone_fixo": "(61) 3506-1218",
		"celular": "(61) 98325-4942",
		"altura": "1,93",
		"peso": 95,
		"tipo_sanguineo": "B-",
		"cor": "amarelo"
	},
	{
		"nome": "Esther Débora Francisca da Luz",
		"idade": 37,
		"cpf": "428.793.201-35",
		"rg": "41.843.260-0",
		"data_nasc": "19/01/1986",
		"sexo": "Feminino",
		"signo": "Capricórnio",
		"mae": "Stella Julia",
		"pai": "Marcos Vinicius Ruan Alexandre da Luz",
		"email": "esther-daluz79@celiosilva.com",
		"senha": "bFiKWBoi3E",
		"cep": "72150-516",
		"endereco": "Quadra EQNL 5/7 Bloco F",
		"numero": 938,
		"bairro": "Taguatinga Norte (Taguatinga)",
		"cidade": "Brasília",
		"estado": "DF",
		"telefone_fixo": "(61) 2761-3004",
		"celular": "(61) 98420-2985",
		"altura": "1,83",
		"peso": 85,
		"tipo_sanguineo": "O-",
		"cor": "vermelho"
	},
	{
		"nome": "Letícia Luna Brito",
		"idade": 77,
		"cpf": "544.052.531-96",
		"rg": "30.720.429-7",
		"data_nasc": "19/02/1946",
		"sexo": "Feminino",
		"signo": "Aquário",
		"mae": "Fabiana Teresinha",
		"pai": "Victor Carlos Eduardo Brito",
		"email": "leticia_brito@zulix.com.br",
		"senha": "If72lTPHz2",
		"cep": "72610-307",
		"endereco": "Quadra Quadra 203 Conjunto 7",
		"numero": 100,
		"bairro": "Recanto das Emas",
		"cidade": "Brasília",
		"estado": "DF",
		"telefone_fixo": "(61) 2828-3096",
		"celular": "(61) 98164-5911",
		"altura": "1,51",
		"peso": 47,
		"tipo_sanguineo": "AB-",
		"cor": "roxo"
	}
]