[
	{
		"nome": "Vanessa Luna Galvão",
		"idade": 35,
		"cpf": "505.795.091-68",
		"rg": "23.723.993-0",
		"data_nasc": "06/02/1988",
		"sexo": "Feminino",
		"signo": "Aquário",
		"mae": "Silvana Eduarda",
		"pai": "Lucca Ricardo Luiz Galvão",
		"email": "vanessa-galvao96@comercialmendes.net",
		"senha": "9fLIdgUWDX",
		"cep": "72546-810",
		"endereco": "Quadra QR 516 Conjunto J",
		"numero": 421,
		"bairro": "Santa Maria",
		"cidade": "Brasília",
		"estado": "DF",
		"telefone_fixo": "(61) 2699-9387",
		"celular": "(61) 99701-0965",
		"altura": "1,66",
		"peso": 70,
		"tipo_sanguineo": "A+",
		"cor": "vermelho"
	},
	{
		"nome": "Heloise Natália da Luz",
		"idade": 66,
		"cpf": "209.348.281-99",
		"rg": "13.054.926-5",
		"data_nasc": "22/01/1957",
		"sexo": "Feminino",
		"signo": "Aquário",
		"mae": "Carolina Francisca Joana",
		"pai": "Carlos Erick da Luz",
		"email": "heloise_natalia_daluz@achievecidadenova.com.br",
		"senha": "6Pp5C5iUNh",
		"cep": "71070-505",
		"endereco": "Rua 5",
		"numero": 922,
		"bairro": "Guará II",
		"cidade": "Brasília",
		"estado": "DF",
		"telefone_fixo": "(61) 3872-9836",
		"celular": "(61) 99731-1199",
		"altura": "1,63",
		"peso": 50,
		"tipo_sanguineo": "AB-",
		"cor": "laranja"
	},
	{
		"nome": "Miguel Bruno Cláudio Baptista",
		"idade": 60,
		"cpf": "624.347.981-10",
		"rg": "21.620.760-5",
		"data_nasc": "19/02/1963",
		"sexo": "Masculino",
		"signo": "Aquário",
		"mae": "Agatha Analu Carolina",
		"pai": "Benício Marcos Vinicius Marcelo Baptista",
		"email": "miguel.bruno.baptista@maissaude.adm.br",
		"senha": "CphfgIwqLY",
		"cep": "72210-090",
		"endereco": "Quadra QNM 8 Conjunto J",
		"numero": 799,
		"bairro": "Ceilândia Norte (Ceilândia)",
		"cidade": "Brasília",
		"estado": "DF",
		"telefone_fixo": "(61) 2819-7859",
		"celular": "(61) 98714-5572",
		"altura": "1,96",
		"peso": 54,
		"tipo_sanguineo": "O+",
		"cor": "verde"
	},
	{
		"nome": "Paulo Luan Bernardo Porto",
		"idade": 36,
		"cpf": "592.009.071-56",
		"rg": "29.998.224-5",
		"data_nasc": "23/01/1987",
		"sexo": "Masculino",
		"signo": "Aquário",
		"mae": "Bianca Catarina Emanuelly",
		"pai": "Francisco Kauê Erick Porto",
		"email": "paulo-porto70@centerdiesel.com.br",
		"senha": "aFQEdAFSZg",
		"cep": "70834-500",
		"endereco": "Quadra CLN 402",
		"numero": 761,
		"bairro": "Asa Norte",
		"cidade": "Brasília",
		"estado": "DF",
		"telefone_fixo": "(61) 3840-8887",
		"celular": "(61) 98626-4157",
		"altura": "1,89",
		"peso": 51,
		"tipo_sanguineo": "B+",
		"cor": "amarelo"
	},
	{
		"nome": "Rebeca Eduarda da Cunha",
		"idade": 47,
		"cpf": "863.317.531-25",
		"rg": "36.416.361-6",
		"data_nasc": "08/01/1976",
		"sexo": "Feminino",
		"signo": "Capricórnio",
		"mae": "Carla Olivia Ana",
		"pai": "Augusto Anthony da Cunha",
		"email": "rebeca_eduarda_dacunha@maptec.com.br",
		"senha": "BLXc2QCKAf",
		"cep": "72158-322",
		"endereco": "Quadra 3 Conjunto A Bloco L",
		"numero": 123,
		"bairro": "Taguatinga Norte (Taguatinga)",
		"cidade": "Brasília",
		"estado": "DF",
		"telefone_fixo": "(61) 3788-7332",
		"celular": "(61) 99963-1725",
		"altura": "1,61",
		"peso": 76,
		"tipo_sanguineo": "AB-",
		"cor": "preto"
	},
	{
		"nome": "Priscila Fátima Pires",
		"idade": 44,
		"cpf": "921.082.441-58",
		"rg": "12.950.976-0",
		"data_nasc": "16/02/1979",
		"sexo": "Feminino",
		"signo": "Aquário",
		"mae": "Lorena Josefa",
		"pai": "Rodrigo Danilo Sérgio Pires",
		"email": "priscila_pires@vasconcelosdias.com",
		"senha": "tsJtTOtkFd",
		"cep": "71255-635",
		"endereco": "Quadra Quadra 2 Conjunto 7",
		"numero": 449,
		"bairro": "Setor Oeste (Vila Estrutural - Guará)",
		"cidade": "Brasília",
		"estado": "DF",
		"telefone_fixo": "(61) 3861-8586",
		"celular": "(61) 98605-6715",
		"altura": "1,62",
		"peso": 67,
		"tipo_sanguineo": "B-",
		"cor": "laranja"
	},
	{
		"nome": "Mateus Erick Moura",
		"idade": 68,
		"cpf": "210.613.881-40",
		"rg": "26.183.394-7",
		"data_nasc": "16/01/1955",
		"sexo": "Masculino",
		"signo": "Capricórnio",
		"mae": "Raimunda Kamilly",
		"pai": "José Anthony Sebastião Moura",
		"email": "mateus_erick_moura@raninho.com.br",
		"senha": "q8XXESIoHL",
		"cep": "72303-012",
		"endereco": "Quadra QR 123 Conjunto 12",
		"numero": 682,
		"bairro": "Samambaia Sul (Samambaia)",
		"cidade": "Brasília",
		"estado": "DF",
		"telefone_fixo": "(61) 2955-5378",
		"celular": "(61) 98513-4721",
		"altura": "1,91",
		"peso": 102,
		"tipo_sanguineo": "A-",
		"cor": "vermelho"
	},
	{
		"nome": "Emanuel Enzo Cavalcanti",
		"idade": 30,
		"cpf": "974.815.301-06",
		"rg": "49.414.590-0",
		"data_nasc": "05/01/1993",
		"sexo": "Masculino",
		"signo": "Capricórnio",
		"mae": "Antônia Rayssa",
		"pai": "Geraldo Tomás Cavalcanti",
		"email": "emanuel_cavalcanti@hotmai.com",
		"senha": "Qz7CDjunLj",
		"cep": "70743-080",
		"endereco": "Quadra SQN 107 Bloco H",
		"numero": 712,
		"bairro": "Asa Norte",
		"cidade": "Brasília",
		"estado": "DF",
		"telefone_fixo": "(61) 2596-3804",
		"celular": "(61) 99259-8047",
		"altura": "1,85",
		"peso": 55,
		"tipo_sanguineo": "B-",
		"cor": "amarelo"
	},
	{
		"nome": "Luís Mário Souza",
		"idade": 62,
		"cpf": "378.699.161-88",
		"rg": "46.991.373-3",
		"data_nasc": "21/02/1961",
		"sexo": "Masculino",
		"signo": "Peixes",
		"mae": "Catarina Nicole",
		"pai": "Elias Diogo Matheus Souza",
		"email": "luis_mario_souza@sabereler.com.br",
		"senha": "g1hzJz0WbP",
		"cep": "72007-780",
		"endereco": "Rua Rua 12 Chácara 313",
		"numero": 726,
		"bairro": "Setor Habitacional Vicente Pires",
		"cidade": "Brasília",
		"estado": "DF",
		"telefone_fixo": "(61) 3638-1651",
		"celular": "(61) 99180-3598",
		"altura": "1,79",
		"peso": 77,
		"tipo_sanguineo": "A-",
		"cor": "laranja"
	},
	{
		"nome": "Rosa Eloá Stefany Araújo",
		"idade": 48,
		"cpf": "329.096.021-84",
		"rg": "26.379.766-1",
		"data_nasc": "26/01/1975",
		"sexo": "Feminino",
		"signo": "Aquário",
		"mae": "Heloise Lara",
		"pai": "Paulo Bryan Severino Araújo",
		"email": "rosa.eloa.araujo@alcastro.com.br",
		"senha": "lQ4KDJ8j5d",
		"cep": "72302-555",
		"endereco": "Quadra QS 114 Conjunto 5",
		"numero": 600,
		"bairro": "Samambaia Sul (Samambaia)",
		"cidade": "Brasília",
		"estado": "DF",
		"telefone_fixo": "(61) 3823-5620",
		"celular": "(61) 99196-3121",
		"altura": "1,73",
		"peso": 54,
		"tipo_sanguineo": "A-",
		"cor": "vermelho"
	},
	{
		"nome": "Yasmin Fabiana Aparício",
		"idade": 40,
		"cpf": "558.787.701-99",
		"rg": "33.153.353-4",
		"data_nasc": "03/02/1983",
		"sexo": "Feminino",
		"signo": "Aquário",
		"mae": "Bianca Rita Julia",
		"pai": "André Giovanni Mateus Aparício",
		"email": "yasmin-aparicio85@atiara.com.br",
		"senha": "waWklEcIsK",
		"cep": "70660-061",
		"endereco": "Quadra AOS 6 Bloco A",
		"numero": 430,
		"bairro": "Área Octogonal",
		"cidade": "Brasília",
		"estado": "DF",
		"telefone_fixo": "(61) 2651-6252",
		"celular": "(61) 98742-6399",
		"altura": "1,56",
		"peso": 81,
		"tipo_sanguineo": "AB-",
		"cor": "verde"
	},
	{
		"nome": "Luiza Larissa Novaes",
		"idade": 35,
		"cpf": "506.889.621-73",
		"rg": "11.841.507-4",
		"data_nasc": "03/02/1988",
		"sexo": "Feminino",
		"signo": "Aquário",
		"mae": "Joana Rosa",
		"pai": "Enzo Victor Leonardo Novaes",
		"email": "luiza.larissa.novaes@delboux.com.br",
		"senha": "gzJN10zF7H",
		"cep": "72641-113",
		"endereco": "Quadra Quadra 605 Conjunto 13",
		"numero": 248,
		"bairro": "Recanto das Emas",
		"cidade": "Brasília",
		"estado": "DF",
		"telefone_fixo": "(61) 2671-8133",
		"celular": "(61) 98832-3405",
		"altura": "1,76",
		"peso": 45,
		"tipo_sanguineo": "B-",
		"cor": "verde"
	},
	{
		"nome": "Daniel Marcos Rodrigo da Cruz",
		"idade": 20,
		"cpf": "523.158.271-91",
		"rg": "36.390.750-6",
		"data_nasc": "25/01/2003",
		"sexo": "Masculino",
		"signo": "Aquário",
		"mae": "Sarah Kamilly Bianca",
		"pai": "Paulo Osvaldo Luiz da Cruz",
		"email": "daniel_marcos_dacruz@statusseguros.com.br",
		"senha": "LCRSCzJ45r",
		"cep": "72261-225",
		"endereco": "Quadra QNO 20 Conjunto 25",
		"numero": 679,
		"bairro": "Ceilândia Norte (Ceilândia)",
		"cidade": "Brasília",
		"estado": "DF",
		"telefone_fixo": "(61) 2832-3783",
		"celular": "(61) 99718-4209",
		"altura": "1,88",
		"peso": 79,
		"tipo_sanguineo": "AB-",
		"cor": "verde"
	},
	{
		"nome": "Ruan Henry Victor Figueiredo",
		"idade": 59,
		"cpf": "706.359.851-10",
		"rg": "11.253.944-0",
		"data_nasc": "19/02/1964",
		"sexo": "Masculino",
		"signo": "Aquário",
		"mae": "Adriana Olivia",
		"pai": "Vinicius Ryan Figueiredo",
		"email": "ruan-figueiredo81@eletroaquila.net",
		"senha": "6plTZUWEWP",
		"cep": "71691-141",
		"endereco": "Rua 34",
		"numero": 754,
		"bairro": "Setor Tradicional (São Sebastião)",
		"cidade": "Brasília",
		"estado": "DF",
		"telefone_fixo": "(61) 3740-5890",
		"celular": "(61) 98860-0390",
		"altura": "1,81",
		"peso": 85,
		"tipo_sanguineo": "A-",
		"cor": "preto"
	},
	{
		"nome": "Alessandra Jennifer Brito",
		"idade": 74,
		"cpf": "237.988.361-08",
		"rg": "41.714.618-8",
		"data_nasc": "12/02/1949",
		"sexo": "Feminino",
		"signo": "Aquário",
		"mae": "Lavínia Carolina",
		"pai": "Antonio Pedro Henrique Brito",
		"email": "alessandrajenniferbrito@contabilidaderangel.com.br",
		"senha": "BMIQKAkHwU",
		"cep": "71655-150",
		"endereco": "Quadra SHIS QI 19 Conjunto 15",
		"numero": 866,
		"bairro": "Setor de Habitações Individuais Sul",
		"cidade": "Brasília",
		"estado": "DF",
		"telefone_fixo": "(61) 3967-0497",
		"celular": "(61) 98418-3303",
		"altura": "1,70",
		"peso": 88,
		"tipo_sanguineo": "A-",
		"cor": "vermelho"
	},
	{
		"nome": "Lorena Natália Manuela Fernandes",
		"idade": 48,
		"cpf": "955.856.881-38",
		"rg": "48.859.977-5",
		"data_nasc": "03/02/1975",
		"sexo": "Feminino",
		"signo": "Aquário",
		"mae": "Gabriela Eduarda Maya",
		"pai": "Lorenzo Márcio Thales Fernandes",
		"email": "lorenanataliafernandes@evolink.com.br",
		"senha": "JleD4yar04",
		"cep": "72338-668",
		"endereco": "Quadra QR 829 Conjunto 8",
		"numero": 698,
		"bairro": "Samambaia Norte (Samambaia)",
		"cidade": "Brasília",
		"estado": "DF",
		"telefone_fixo": "(61) 3586-2896",
		"celular": "(61) 98919-0342",
		"altura": "1,55",
		"peso": 87,
		"tipo_sanguineo": "AB-",
		"cor": "preto"
	},
	{
		"nome": "Lucas Diego Jesus",
		"idade": 77,
		"cpf": "526.558.031-08",
		"rg": "13.900.624-2",
		"data_nasc": "22/02/1946",
		"sexo": "Masculino",
		"signo": "Peixes",
		"mae": "Antonella Simone Marina",
		"pai": "Julio Gustavo Benício Jesus",
		"email": "lucas_diego_jesus@torrez.com.br",
		"senha": "p7rzu6ECgP",
		"cep": "72547-600",
		"endereco": "Quadra QR 317",
		"numero": 493,
		"bairro": "Santa Maria",
		"cidade": "Brasília",
		"estado": "DF",
		"telefone_fixo": "(61) 2717-8104",
		"celular": "(61) 99165-3300",
		"altura": "1,88",
		"peso": 105,
		"tipo_sanguineo": "O-",
		"cor": "verde"
	},
	{
		"nome": "Hadassa Larissa Clarice das Neves",
		"idade": 20,
		"cpf": "449.425.871-74",
		"rg": "28.903.724-4",
		"data_nasc": "01/01/2003",
		"sexo": "Feminino",
		"signo": "Capricórnio",
		"mae": "Tatiane Ana Elza",
		"pai": "Hugo Pedro Thomas das Neves",
		"email": "hadassa_dasneves@cernizza.com.br",
		"senha": "OQLDC5J72W",
		"cep": "72327-527",
		"endereco": "Quadra QS 425 Conjunto G",
		"numero": 259,
		"bairro": "Samambaia Norte (Samambaia)",
		"cidade": "Brasília",
		"estado": "DF",
		"telefone_fixo": "(61) 3981-9853",
		"celular": "(61) 98651-2133",
		"altura": "1,85",
		"peso": 51,
		"tipo_sanguineo": "AB+",
		"cor": "amarelo"
	},
	{
		"nome": "Allana Kamilly Vieira",
		"idade": 80,
		"cpf": "606.055.731-74",
		"rg": "46.954.775-3",
		"data_nasc": "11/01/1943",
		"sexo": "Feminino",
		"signo": "Capricórnio",
		"mae": "Emanuelly Olivia",
		"pai": "Yago Caio Emanuel Vieira",
		"email": "allanakamillyvieira@homail.com",
		"senha": "wU0CTmCllO",
		"cep": "72603-200",
		"endereco": "Quadra Quadra 114",
		"numero": 823,
		"bairro": "Recanto das Emas",
		"cidade": "Brasília",
		"estado": "DF",
		"telefone_fixo": "(61) 3589-4110",
		"celular": "(61) 98387-3342",
		"altura": "1,60",
		"peso": 85,
		"tipo_sanguineo": "AB-",
		"cor": "preto"
	},
	{
		"nome": "Raul Kaique Barros",
		"idade": 30,
		"cpf": "512.556.161-48",
		"rg": "50.845.142-5",
		"data_nasc": "18/02/1993",
		"sexo": "Masculino",
		"signo": "Aquário",
		"mae": "Luzia Luciana",
		"pai": "Leonardo Augusto Barros",
		"email": "raul_barros@renoveseuseguro.com",
		"senha": "H2K2qyqkOU",
		"cep": "71725-200",
		"endereco": "Quadra QR 2",
		"numero": 168,
		"bairro": "Candangolândia",
		"cidade": "Brasília",
		"estado": "DF",
		"telefone_fixo": "(61) 3600-0784",
		"celular": "(61) 99649-1983",
		"altura": "1,98",
		"peso": 64,
		"tipo_sanguineo": "O+",
		"cor": "vermelho"
	},
	{
		"nome": "Nelson Yuri da Silva",
		"idade": 55,
		"cpf": "361.177.631-90",
		"rg": "12.986.899-1",
		"data_nasc": "25/01/1968",
		"sexo": "Masculino",
		"signo": "Aquário",
		"mae": "Clarice Aurora",
		"pai": "Pedro Henrique Pedro Henrique da Silva",
		"email": "nelson-dasilva73@contabilidadelibra.com.br",
		"senha": "a6L8XA13P7",
		"cep": "72592-209",
		"endereco": "Quadra QRI 9",
		"numero": 248,
		"bairro": "Residencial Santos Dumont (Santa Maria)",
		"cidade": "Brasília",
		"estado": "DF",
		"telefone_fixo": "(61) 2998-9827",
		"celular": "(61) 99111-2065",
		"altura": "1,94",
		"peso": 88,
		"tipo_sanguineo": "B-",
		"cor": "verde"
	},
	{
		"nome": "Vera Eduarda da Rosa",
		"idade": 20,
		"cpf": "670.630.121-34",
		"rg": "28.313.118-4",
		"data_nasc": "02/01/2003",
		"sexo": "Feminino",
		"signo": "Capricórnio",
		"mae": "Giovanna Maria Ana",
		"pai": "Nelson Benício da Rosa",
		"email": "vera-darosa78@sp.senac.com.br",
		"senha": "KNu2S4MzSX",
		"cep": "72240-554",
		"endereco": "Quadra EQNP 7/11 Módulo D",
		"numero": 998,
		"bairro": "Ceilândia Norte (Ceilândia)",
		"cidade": "Brasília",
		"estado": "DF",
		"telefone_fixo": "(61) 3791-1587",
		"celular": "(61) 98831-2398",
		"altura": "1,53",
		"peso": 49,
		"tipo_sanguineo": "AB+",
		"cor": "vermelho"
	},
	{
		"nome": "Ester Julia Gomes",
		"idade": 45,
		"cpf": "145.358.601-65",
		"rg": "47.463.046-8",
		"data_nasc": "04/01/1978",
		"sexo": "Feminino",
		"signo": "Capricórnio",
		"mae": "Sabrina Silvana",
		"pai": "Ian Fernando Gomes",
		"email": "ester_gomes@montcalm.com.br",
		"senha": "SbqCI3ROK7",
		"cep": "72318-315",
		"endereco": "Quadra QR 408 Conjunto 14",
		"numero": 211,
		"bairro": "Samambaia Norte (Samambaia)",
		"cidade": "Brasília",
		"estado": "DF",
		"telefone_fixo": "(61) 2798-9838",
		"celular": "(61) 98370-5673",
		"altura": "1,57",
		"peso": 90,
		"tipo_sanguineo": "B+",
		"cor": "preto"
	},
	{
		"nome": "Benedita Mirella Farias",
		"idade": 46,
		"cpf": "699.859.081-47",
		"rg": "49.334.623-5",
		"data_nasc": "01/02/1977",
		"sexo": "Feminino",
		"signo": "Aquário",
		"mae": "Beatriz Cristiane Gabrielly",
		"pai": "Leonardo Gustavo Farias",
		"email": "benedita-farias88@danzarin.com.br",
		"senha": "XOSUlp2Nwa",
		"cep": "72546-510",
		"endereco": "Quadra QR 216 Conjunto J",
		"numero": 302,
		"bairro": "Santa Maria",
		"cidade": "Brasília",
		"estado": "DF",
		"telefone_fixo": "(61) 3925-7574",
		"celular": "(61) 98768-2636",
		"altura": "1,59",
		"peso": 51,
		"tipo_sanguineo": "B+",
		"cor": "verde"
	},
	{
		"nome": "Yasmin Nair Viana",
		"idade": 35,
		"cpf": "837.312.011-43",
		"rg": "44.547.891-3",
		"data_nasc": "23/02/1988",
		"sexo": "Feminino",
		"signo": "Peixes",
		"mae": "Isadora Rosa",
		"pai": "Edson Luís Eduardo Viana",
		"email": "yasminnairviana@granvale.com.br",
		"senha": "wXnKl0LNil",
		"cep": "72210-525",
		"endereco": "Quadra EQNM 4/6 Bloco E",
		"numero": 429,
		"bairro": "Ceilândia Norte (Ceilândia)",
		"cidade": "Brasília",
		"estado": "DF",
		"telefone_fixo": "(61) 3542-4745",
		"celular": "(61) 99351-8275",
		"altura": "1,53",
		"peso": 80,
		"tipo_sanguineo": "AB+",
		"cor": "vermelho"
	},
	{
		"nome": "Caroline Caroline Andrea Nunes",
		"idade": 80,
		"cpf": "913.812.661-34",
		"rg": "40.314.364-0",
		"data_nasc": "18/01/1943",
		"sexo": "Feminino",
		"signo": "Capricórnio",
		"mae": "Mirella Renata",
		"pai": "Renan Davi Bento Nunes",
		"email": "caroline_nunes@semco.com.br",
		"senha": "nHaCuh67rg",
		"cep": "70684-320",
		"endereco": "Quadra CRNW 503 Bloco A Loe 4",
		"numero": 949,
		"bairro": "Setor Noroeste",
		"cidade": "Brasília",
		"estado": "DF",
		"telefone_fixo": "(61) 2848-8706",
		"celular": "(61) 98905-1856",
		"altura": "1,69",
		"peso": 82,
		"tipo_sanguineo": "A-",
		"cor": "amarelo"
	},
	{
		"nome": "Fernando Bryan Benedito Lopes",
		"idade": 62,
		"cpf": "603.207.881-72",
		"rg": "30.420.942-9",
		"data_nasc": "10/01/1961",
		"sexo": "Masculino",
		"signo": "Capricórnio",
		"mae": "Yasmin Gabrielly",
		"pai": "Gustavo Bryan Cauê Lopes",
		"email": "fernando.bryan.lopes@moderna.com.br",
		"senha": "MrjrGRST2D",
		"cep": "71880-180",
		"endereco": "Quadra QN 8F Bloco A",
		"numero": 241,
		"bairro": "Riacho Fundo II",
		"cidade": "Brasília",
		"estado": "DF",
		"telefone_fixo": "(61) 3631-8740",
		"celular": "(61) 99379-3721",
		"altura": "1,71",
		"peso": 92,
		"tipo_sanguineo": "O-",
		"cor": "laranja"
	},
	{
		"nome": "Betina Teresinha Dias",
		"idade": 28,
		"cpf": "995.340.301-55",
		"rg": "27.417.492-3",
		"data_nasc": "24/01/1995",
		"sexo": "Feminino",
		"signo": "Aquário",
		"mae": "Stefany Vitória Sebastiana",
		"pai": "Emanuel Roberto Marcos Dias",
		"email": "betina-dias92@grupova.com.br",
		"senha": "8fQRWuU05I",
		"cep": "71805-804",
		"endereco": "Quadra QN 9 Conjunto 4",
		"numero": 610,
		"bairro": "Riacho Fundo I",
		"cidade": "Brasília",
		"estado": "DF",
		"telefone_fixo": "(61) 2734-5727",
		"celular": "(61) 99293-0157",
		"altura": "1,53",
		"peso": 63,
		"tipo_sanguineo": "A+",
		"cor": "preto"
	},
	{
		"nome": "Mário Gustavo Matheus Santos",
		"idade": 44,
		"cpf": "230.507.421-27",
		"rg": "15.079.642-0",
		"data_nasc": "13/02/1979",
		"sexo": "Masculino",
		"signo": "Aquário",
		"mae": "Emanuelly Mariana",
		"pai": "Tomás Roberto Santos",
		"email": "mario_gustavo_santos@tanby.com.br",
		"senha": "H48PurP905",
		"cep": "72312-703",
		"endereco": "Quadra QN 512 Conjunto 3",
		"numero": 262,
		"bairro": "Samambaia Sul (Samambaia)",
		"cidade": "Brasília",
		"estado": "DF",
		"telefone_fixo": "(61) 3731-0117",
		"celular": "(61) 99419-1338",
		"altura": "1,63",
		"peso": 94,
		"tipo_sanguineo": "B-",
		"cor": "verde"
	},
	{
		"nome": "Cauê Benedito Castro",
		"idade": 23,
		"cpf": "098.329.151-98",
		"rg": "28.186.107-9",
		"data_nasc": "05/02/2000",
		"sexo": "Masculino",
		"signo": "Aquário",
		"mae": "Alessandra Isabela Rosa",
		"pai": "Marcos Lorenzo Henrique Castro",
		"email": "cauebeneditocastro@willianareiaepedra.com.br",
		"senha": "iLza68U8iT",
		"cep": "70258-190",
		"endereco": "Quadra SQS 409 Bloco S",
		"numero": 622,
		"bairro": "Asa Sul",
		"cidade": "Brasília",
		"estado": "DF",
		"telefone_fixo": "(61) 3582-5594",
		"celular": "(61) 98387-1887",
		"altura": "1,90",
		"peso": 61,
		"tipo_sanguineo": "AB+",
		"cor": "laranja"
	}
]