[
	{
		"nome": "Davi Manoel Francisco Barros",
		"idade": 21,
		"cpf": "033.171.701-82",
		"rg": "40.908.004-4",
		"data_nasc": "05/01/2002",
		"sexo": "Masculino",
		"signo": "Capricórnio",
		"mae": "Hadassa Isabelle Fátima",
		"pai": "Lucca Julio Barros",
		"email": "davi-barros91@nelsoncosta.com.br",
		"senha": "5FOICX8cKD",
		"cep": "70360-758",
		"endereco": "Quadra SHIGS 710 Bloco H",
		"numero": 559,
		"bairro": "Asa Sul",
		"cidade": "Brasília",
		"estado": "DF",
		"telefone_fixo": "(61) 3896-8300",
		"celular": "(61) 98506-8702",
		"altura": "1,85",
		"peso": 88,
		"tipo_sanguineo": "B+",
		"cor": "laranja"
	},
	{
		"nome": "Márcia Antonella Moura",
		"idade": 40,
		"cpf": "216.890.971-75",
		"rg": "43.422.184-3",
		"data_nasc": "12/01/1983",
		"sexo": "Feminino",
		"signo": "Capricórnio",
		"mae": "Bruna Fernanda Regina",
		"pai": "Mário Benício Moura",
		"email": "marciaantonellamoura@vasconcelosdias.com",
		"senha": "wmZ0tpMHRt",
		"cep": "72005-145",
		"endereco": "Rua Rua 1 Chácara 9",
		"numero": 109,
		"bairro": "Setor Habitacional Vicente Pires",
		"cidade": "Brasília",
		"estado": "DF",
		"telefone_fixo": "(61) 3585-6948",
		"celular": "(61) 99535-3468",
		"altura": "1,84",
		"peso": 60,
		"tipo_sanguineo": "B+",
		"cor": "verde"
	},
	{
		"nome": "Regina Elaine Camila Campos",
		"idade": 64,
		"cpf": "506.677.031-36",
		"rg": "40.240.378-2",
		"data_nasc": "11/02/1959",
		"sexo": "Feminino",
		"signo": "Aquário",
		"mae": "Maria Daiane",
		"pai": "Pedro Bernardo Alexandre Campos",
		"email": "regina_elaine_campos@futureteeth.com.br",
		"senha": "XYlrKHDkzF",
		"cep": "71571-401",
		"endereco": "Quadra Quadra 14 Conjunto A",
		"numero": 529,
		"bairro": "Paranoá",
		"cidade": "Brasília",
		"estado": "DF",
		"telefone_fixo": "(61) 2922-5212",
		"celular": "(61) 99640-6771",
		"altura": "1,68",
		"peso": 47,
		"tipo_sanguineo": "AB-",
		"cor": "amarelo"
	},
	{
		"nome": "Juan Renato Tiago Duarte",
		"idade": 77,
		"cpf": "236.865.481-00",
		"rg": "32.198.235-6",
		"data_nasc": "01/02/1946",
		"sexo": "Masculino",
		"signo": "Aquário",
		"mae": "Stefany Aurora Raquel",
		"pai": "Bernardo Caio Duarte",
		"email": "juan_duarte@prositeweb.com.br",
		"senha": "3EEldrGa7I",
		"cep": "72507-246",
		"endereco": "Quadra CL 407 Bloco F",
		"numero": 401,
		"bairro": "Santa Maria",
		"cidade": "Brasília",
		"estado": "DF",
		"telefone_fixo": "(61) 2976-1789",
		"celular": "(61) 99807-5516",
		"altura": "1,70",
		"peso": 90,
		"tipo_sanguineo": "A+",
		"cor": "verde"
	},
	{
		"nome": "Thiago Paulo da Mota",
		"idade": 70,
		"cpf": "814.144.711-49",
		"rg": "40.856.259-6",
		"data_nasc": "01/02/1953",
		"sexo": "Masculino",
		"signo": "Aquário",
		"mae": "Carla Milena Laís",
		"pai": "Victor Bento Enzo da Mota",
		"email": "thiago-damota77@proxion.com.br",
		"senha": "1fe835OBXR",
		"cep": "71536-346",
		"endereco": "Trecho Trecho 05 Chácara 203",
		"numero": 847,
		"bairro": "Setor de Habitações Individuais Norte",
		"cidade": "Brasília",
		"estado": "DF",
		"telefone_fixo": "(61) 2545-4484",
		"celular": "(61) 99735-7959",
		"altura": "1,86",
		"peso": 53,
		"tipo_sanguineo": "O-",
		"cor": "vermelho"
	},
	{
		"nome": "João Yuri Bernardes",
		"idade": 74,
		"cpf": "712.804.901-01",
		"rg": "40.011.614-5",
		"data_nasc": "16/02/1949",
		"sexo": "Masculino",
		"signo": "Aquário",
		"mae": "Andrea Adriana Antonella",
		"pai": "Igor Victor Bernardes",
		"email": "joao-bernardes81@malosti.com.br",
		"senha": "hMFjo6Je6z",
		"cep": "71020-052",
		"endereco": "Quadra QI 3 Bloco E",
		"numero": 716,
		"bairro": "Guará I",
		"cidade": "Brasília",
		"estado": "DF",
		"telefone_fixo": "(61) 3794-2906",
		"celular": "(61) 98282-0489",
		"altura": "1,95",
		"peso": 68,
		"tipo_sanguineo": "B-",
		"cor": "verde"
	},
	{
		"nome": "Sônia Sophia Maya Melo",
		"idade": 27,
		"cpf": "444.052.181-96",
		"rg": "16.143.054-5",
		"data_nasc": "15/01/1996",
		"sexo": "Feminino",
		"signo": "Capricórnio",
		"mae": "Liz Débora",
		"pai": "Yago Gael Melo",
		"email": "sonia_sophia_melo@facilitycom.com.br",
		"senha": "73DrAI5l8l",
		"cep": "72307-004",
		"endereco": "Quadra QN 311 Conjunto D",
		"numero": 917,
		"bairro": "Samambaia Sul (Samambaia)",
		"cidade": "Brasília",
		"estado": "DF",
		"telefone_fixo": "(61) 2985-0087",
		"celular": "(61) 98604-5228",
		"altura": "1,73",
		"peso": 82,
		"tipo_sanguineo": "AB+",
		"cor": "roxo"
	},
	{
		"nome": "Carlos Eduardo Julio Nunes",
		"idade": 49,
		"cpf": "665.834.031-53",
		"rg": "27.264.925-9",
		"data_nasc": "14/02/1974",
		"sexo": "Masculino",
		"signo": "Aquário",
		"mae": "Marli Cecília",
		"pai": "Lucca Emanuel Anthony Nunes",
		"email": "carlos-nunes93@tita.com.br",
		"senha": "iDNdUOlYat",
		"cep": "71691-134",
		"endereco": "Rua 29",
		"numero": 531,
		"bairro": "Setor Tradicional (São Sebastião)",
		"cidade": "Brasília",
		"estado": "DF",
		"telefone_fixo": "(61) 2940-1612",
		"celular": "(61) 99675-7355",
		"altura": "1,64",
		"peso": 101,
		"tipo_sanguineo": "O+",
		"cor": "amarelo"
	},
	{
		"nome": "Alana Beatriz Assunção",
		"idade": 44,
		"cpf": "301.642.131-39",
		"rg": "49.640.896-3",
		"data_nasc": "13/01/1979",
		"sexo": "Feminino",
		"signo": "Capricórnio",
		"mae": "Aline Natália Evelyn",
		"pai": "Otávio Daniel Anderson Assunção",
		"email": "alana.beatriz.assuncao@megasurgical.com.br",
		"senha": "fOGqPnideu",
		"cep": "72715-543",
		"endereco": "Quadra Quadra 4 Bloco C",
		"numero": 124,
		"bairro": "Setor Sul (Brazlândia)",
		"cidade": "Brasília",
		"estado": "DF",
		"telefone_fixo": "(61) 3849-4967",
		"celular": "(61) 99214-2481",
		"altura": "1,83",
		"peso": 81,
		"tipo_sanguineo": "AB+",
		"cor": "roxo"
	},
	{
		"nome": "Alexandre Daniel Cauã Rodrigues",
		"idade": 66,
		"cpf": "133.561.331-52",
		"rg": "49.035.608-4",
		"data_nasc": "09/02/1957",
		"sexo": "Masculino",
		"signo": "Aquário",
		"mae": "Emilly Sophie Joana",
		"pai": "Henrique Breno Rodrigues",
		"email": "alexandre-rodrigues96@cbaidiomas.com",
		"senha": "dgAfypBkDo",
		"cep": "72578-450",
		"endereco": "Chácara Chácaras 35",
		"numero": 842,
		"bairro": "Núcleo Rural Hortigranjeiro de Santa Maria",
		"cidade": "Brasília",
		"estado": "DF",
		"telefone_fixo": "(61) 2959-9610",
		"celular": "(61) 98368-2909",
		"altura": "1,81",
		"peso": 51,
		"tipo_sanguineo": "O-",
		"cor": "amarelo"
	},
	{
		"nome": "Cauê Anderson André Nogueira",
		"idade": 33,
		"cpf": "696.088.031-95",
		"rg": "42.044.839-1",
		"data_nasc": "02/02/1990",
		"sexo": "Masculino",
		"signo": "Aquário",
		"mae": "Jennifer Rebeca Nicole",
		"pai": "Benjamin Tiago Osvaldo Nogueira",
		"email": "caueandersonnogueira@startingfitness.com.br",
		"senha": "aKqhI2z2CP",
		"cep": "72316-201",
		"endereco": "Quadra QR 210 Conjunto 1",
		"numero": 432,
		"bairro": "Samambaia Norte (Samambaia)",
		"cidade": "Brasília",
		"estado": "DF",
		"telefone_fixo": "(61) 3720-1990",
		"celular": "(61) 98902-4909",
		"altura": "1,62",
		"peso": 106,
		"tipo_sanguineo": "O+",
		"cor": "verde"
	},
	{
		"nome": "Simone Ester Mariane Martins",
		"idade": 74,
		"cpf": "359.610.081-00",
		"rg": "18.332.816-4",
		"data_nasc": "16/01/1949",
		"sexo": "Feminino",
		"signo": "Capricórnio",
		"mae": "Luzia Tereza",
		"pai": "Enzo Luan Fábio Martins",
		"email": "simone_ester_martins@iq.unesp.br",
		"senha": "FhLKybbcJj",
		"cep": "71880-627",
		"endereco": "Quadra QN 26 Conjunto 7",
		"numero": 524,
		"bairro": "Riacho Fundo II",
		"cidade": "Brasília",
		"estado": "DF",
		"telefone_fixo": "(61) 3638-6894",
		"celular": "(61) 99571-9699",
		"altura": "1,57",
		"peso": 70,
		"tipo_sanguineo": "A+",
		"cor": "roxo"
	},
	{
		"nome": "Kamilly Evelyn Antonella Porto",
		"idade": 73,
		"cpf": "715.703.821-82",
		"rg": "50.699.446-6",
		"data_nasc": "22/02/1950",
		"sexo": "Feminino",
		"signo": "Peixes",
		"mae": "Elza Luciana",
		"pai": "Kevin Victor Danilo Porto",
		"email": "kamillyevelynporto@directnet.com",
		"senha": "bmFi5h1Jn5",
		"cep": "71515-810",
		"endereco": "Quadra SHIN QI 11 Conjunto 11",
		"numero": 169,
		"bairro": "Setor de Habitações Individuais Norte",
		"cidade": "Brasília",
		"estado": "DF",
		"telefone_fixo": "(61) 3536-7517",
		"celular": "(61) 98645-3921",
		"altura": "1,61",
		"peso": 51,
		"tipo_sanguineo": "B-",
		"cor": "vermelho"
	},
	{
		"nome": "Sara Renata Mariah Rocha",
		"idade": 67,
		"cpf": "156.584.221-91",
		"rg": "19.445.800-3",
		"data_nasc": "26/01/1956",
		"sexo": "Feminino",
		"signo": "Aquário",
		"mae": "Elisa Sabrina",
		"pai": "Luís Martin Rocha",
		"email": "sara-rocha79@teravida.com.br",
		"senha": "NcG6CWW5H2",
		"cep": "72120-200",
		"endereco": "Quadra QND 20",
		"numero": 424,
		"bairro": "Taguatinga Norte (Taguatinga)",
		"cidade": "Brasília",
		"estado": "DF",
		"telefone_fixo": "(61) 2843-3987",
		"celular": "(61) 98780-4641",
		"altura": "1,84",
		"peso": 62,
		"tipo_sanguineo": "AB+",
		"cor": "azul"
	},
	{
		"nome": "Isabelly Tânia Luzia Cardoso",
		"idade": 70,
		"cpf": "143.297.081-08",
		"rg": "11.049.315-1",
		"data_nasc": "21/02/1953",
		"sexo": "Feminino",
		"signo": "Peixes",
		"mae": "Gabrielly Daniela Larissa",
		"pai": "Gael Lucas Cardoso",
		"email": "isabelly.tania.cardoso@hotmmail.com",
		"senha": "RR53rR53NR",
		"cep": "71996-620",
		"endereco": "Conjunto SHA Conjunto 7 Chácara 22",
		"numero": 244,
		"bairro": "Setor Habitacional Arniqueira (Águas Claras)",
		"cidade": "Brasília",
		"estado": "DF",
		"telefone_fixo": "(61) 2795-1348",
		"celular": "(61) 99310-9984",
		"altura": "1,76",
		"peso": 54,
		"tipo_sanguineo": "AB+",
		"cor": "amarelo"
	},
	{
		"nome": "Breno Thales Raimundo da Paz",
		"idade": 41,
		"cpf": "143.210.101-36",
		"rg": "14.461.078-4",
		"data_nasc": "08/02/1982",
		"sexo": "Masculino",
		"signo": "Aquário",
		"mae": "Emanuelly Melissa",
		"pai": "Cauã Daniel da Paz",
		"email": "brenothalesdapaz@raya3.com.br",
		"senha": "OrcHWaA7Pb",
		"cep": "70634-500",
		"endereco": "Quadra SOFN Quadra 5",
		"numero": 441,
		"bairro": "Zona Industrial",
		"cidade": "Brasília",
		"estado": "DF",
		"telefone_fixo": "(61) 2745-7350",
		"celular": "(61) 98408-1911",
		"altura": "1,63",
		"peso": 86,
		"tipo_sanguineo": "A+",
		"cor": "vermelho"
	},
	{
		"nome": "Pietro Pedro Henrique Luís Monteiro",
		"idade": 25,
		"cpf": "179.696.081-08",
		"rg": "26.649.494-8",
		"data_nasc": "11/01/1998",
		"sexo": "Masculino",
		"signo": "Capricórnio",
		"mae": "Pietra Rebeca",
		"pai": "Hugo Martin Monteiro",
		"email": "pietro_monteiro@kimmay.com.br",
		"senha": "Mnbn63P3ZG",
		"cep": "72548-200",
		"endereco": "Quadra CL 118",
		"numero": 254,
		"bairro": "Santa Maria",
		"cidade": "Brasília",
		"estado": "DF",
		"telefone_fixo": "(61) 2544-8375",
		"celular": "(61) 99693-6501",
		"altura": "1,97",
		"peso": 78,
		"tipo_sanguineo": "AB-",
		"cor": "preto"
	},
	{
		"nome": "Bárbara Olivia Pinto",
		"idade": 26,
		"cpf": "987.991.451-11",
		"rg": "18.992.073-7",
		"data_nasc": "22/01/1997",
		"sexo": "Feminino",
		"signo": "Aquário",
		"mae": "Elaine Isabela Marlene",
		"pai": "Danilo Miguel Juan Pinto",
		"email": "barbara_pinto@fclcapital.com",
		"senha": "yqjkR9q8co",
		"cep": "70730-514",
		"endereco": "Quadra SCLRN 703 Bloco D",
		"numero": 689,
		"bairro": "Asa Norte",
		"cidade": "Brasília",
		"estado": "DF",
		"telefone_fixo": "(61) 2951-0603",
		"celular": "(61) 99971-6107",
		"altura": "1,76",
		"peso": 82,
		"tipo_sanguineo": "AB-",
		"cor": "azul"
	},
	{
		"nome": "Yago Leonardo Gomes",
		"idade": 69,
		"cpf": "760.766.981-79",
		"rg": "28.340.038-9",
		"data_nasc": "06/02/1954",
		"sexo": "Masculino",
		"signo": "Aquário",
		"mae": "Sara Daiane",
		"pai": "Gael Tomás Gomes",
		"email": "yago_gomes@sociedadeweb.com.br",
		"senha": "tpha2b8jYL",
		"cep": "70673-425",
		"endereco": "Quadra SQSW 305 Bloco E",
		"numero": 727,
		"bairro": "Setor Sudoeste",
		"cidade": "Brasília",
		"estado": "DF",
		"telefone_fixo": "(61) 3891-7024",
		"celular": "(61) 99290-3240",
		"altura": "1,75",
		"peso": 62,
		"tipo_sanguineo": "B-",
		"cor": "laranja"
	},
	{
		"nome": "Fernanda Ana Caldeira",
		"idade": 34,
		"cpf": "067.812.611-93",
		"rg": "31.922.651-7",
		"data_nasc": "23/01/1989",
		"sexo": "Feminino",
		"signo": "Aquário",
		"mae": "Vera Betina",
		"pai": "Noah João Sebastião Caldeira",
		"email": "fernanda_caldeira@biconsult.com.br",
		"senha": "mro01pzEgm",
		"cep": "72316-010",
		"endereco": "Quadra QR 206 Conjunto 10",
		"numero": 193,
		"bairro": "Samambaia Norte (Samambaia)",
		"cidade": "Brasília",
		"estado": "DF",
		"telefone_fixo": "(61) 2587-9222",
		"celular": "(61) 99571-3591",
		"altura": "1,55",
		"peso": 58,
		"tipo_sanguineo": "O-",
		"cor": "azul"
	},
	{
		"nome": "Fernanda Francisca Esther Costa",
		"idade": 75,
		"cpf": "201.248.581-20",
		"rg": "39.525.980-0",
		"data_nasc": "09/02/1948",
		"sexo": "Feminino",
		"signo": "Aquário",
		"mae": "Lavínia Maya",
		"pai": "Victor Theo Caleb Costa",
		"email": "fernandafranciscacosta@gabiaatelier.com.br",
		"senha": "ck8FBNmqRw",
		"cep": "72760-060",
		"endereco": "Quadra Quadra 6",
		"numero": 328,
		"bairro": "Incra 8 (Brazlândia)",
		"cidade": "Brasília",
		"estado": "DF",
		"telefone_fixo": "(61) 3612-1592",
		"celular": "(61) 99931-4621",
		"altura": "1,64",
		"peso": 85,
		"tipo_sanguineo": "O+",
		"cor": "laranja"
	},
	{
		"nome": "Sebastiana Valentina Clarice Almada",
		"idade": 61,
		"cpf": "475.715.381-30",
		"rg": "44.329.184-6",
		"data_nasc": "24/01/1962",
		"sexo": "Feminino",
		"signo": "Aquário",
		"mae": "Luciana Isabelly",
		"pai": "Carlos Eduardo Marcelo Almada",
		"email": "sebastianavalentinaalmada@agenziamarketing.com.br",
		"senha": "cp2dAMgdgj",
		"cep": "72610-501",
		"endereco": "Quadra Quadra 205 Conjunto 1",
		"numero": 804,
		"bairro": "Recanto das Emas",
		"cidade": "Brasília",
		"estado": "DF",
		"telefone_fixo": "(61) 2959-7210",
		"celular": "(61) 99370-7619",
		"altura": "1,83",
		"peso": 74,
		"tipo_sanguineo": "A+",
		"cor": "laranja"
	},
	{
		"nome": "Thomas Erick Breno Fogaça",
		"idade": 32,
		"cpf": "357.282.671-30",
		"rg": "21.699.627-2",
		"data_nasc": "16/01/1991",
		"sexo": "Masculino",
		"signo": "Capricórnio",
		"mae": "Isabelle Sara Letícia",
		"pai": "Gael Matheus Emanuel Fogaça",
		"email": "thomas-fogaca81@yahoo.se",
		"senha": "rdPa6j6qBu",
		"cep": "71995-280",
		"endereco": "Conjunto SHA Conjunto 5 Chácara 44",
		"numero": 205,
		"bairro": "Setor Habitacional Arniqueira (Águas Claras)",
		"cidade": "Brasília",
		"estado": "DF",
		"telefone_fixo": "(61) 3794-7965",
		"celular": "(61) 99784-3849",
		"altura": "1,78",
		"peso": 63,
		"tipo_sanguineo": "AB-",
		"cor": "verde"
	},
	{
		"nome": "Patrícia Nicole Silvana dos Santos",
		"idade": 62,
		"cpf": "569.925.261-46",
		"rg": "39.339.954-0",
		"data_nasc": "18/02/1961",
		"sexo": "Feminino",
		"signo": "Aquário",
		"mae": "Esther Isabelle Sophie",
		"pai": "Francisco Márcio dos Santos",
		"email": "patricia_dossantos@hotmail.con",
		"senha": "a3CsXDkaqs",
		"cep": "71575-105",
		"endereco": "Quadra Quadra 36 Conjunto A",
		"numero": 779,
		"bairro": "Paranoá",
		"cidade": "Brasília",
		"estado": "DF",
		"telefone_fixo": "(61) 3839-1356",
		"celular": "(61) 98848-0488",
		"altura": "1,59",
		"peso": 52,
		"tipo_sanguineo": "A+",
		"cor": "preto"
	},
	{
		"nome": "Ana Lúcia Drumond",
		"idade": 46,
		"cpf": "841.612.981-96",
		"rg": "13.608.794-2",
		"data_nasc": "13/02/1977",
		"sexo": "Feminino",
		"signo": "Aquário",
		"mae": "Carla Isabel Sabrina",
		"pai": "Luiz Igor Drumond",
		"email": "ana_lucia_drumond@jetstar.com.br",
		"senha": "yK1sYIPhU1",
		"cep": "71925-000",
		"endereco": "Quadra Quadra 205",
		"numero": 929,
		"bairro": "Sul (Águas Claras)",
		"cidade": "Brasília",
		"estado": "DF",
		"telefone_fixo": "(61) 2538-3670",
		"celular": "(61) 99201-9454",
		"altura": "1,71",
		"peso": 56,
		"tipo_sanguineo": "O+",
		"cor": "laranja"
	},
	{
		"nome": "Maitê Rafaela Carvalho",
		"idade": 49,
		"cpf": "167.363.381-15",
		"rg": "13.335.031-9",
		"data_nasc": "17/01/1974",
		"sexo": "Feminino",
		"signo": "Capricórnio",
		"mae": "Sueli Flávia Analu",
		"pai": "Pedro Anderson Carvalho",
		"email": "maite_carvalho@aclnet.com.br",
		"senha": "mUOWu4ChfM",
		"cep": "72260-611",
		"endereco": "Quadra QNO 16 Conjunto 11",
		"numero": 558,
		"bairro": "Ceilândia Norte (Ceilândia)",
		"cidade": "Brasília",
		"estado": "DF",
		"telefone_fixo": "(61) 2602-1570",
		"celular": "(61) 99883-4005",
		"altura": "1,56",
		"peso": 80,
		"tipo_sanguineo": "B-",
		"cor": "vermelho"
	},
	{
		"nome": "Renato Raimundo Silva",
		"idade": 38,
		"cpf": "351.386.181-80",
		"rg": "25.541.463-8",
		"data_nasc": "27/01/1985",
		"sexo": "Masculino",
		"signo": "Aquário",
		"mae": "Mirella Andrea",
		"pai": "Enzo Benedito Marcelo Silva",
		"email": "renato.raimundo.silva@homail.com",
		"senha": "0BEruohnGx",
		"cep": "71697-325",
		"endereco": "Vila do Boa Rua 6",
		"numero": 751,
		"bairro": "Vila do Boa (São Sebastião)",
		"cidade": "Brasília",
		"estado": "DF",
		"telefone_fixo": "(61) 3718-7486",
		"celular": "(61) 98182-9555",
		"altura": "1,83",
		"peso": 66,
		"tipo_sanguineo": "A+",
		"cor": "vermelho"
	},
	{
		"nome": "Evelyn Eliane Baptista",
		"idade": 32,
		"cpf": "458.507.941-66",
		"rg": "19.076.078-3",
		"data_nasc": "11/01/1991",
		"sexo": "Feminino",
		"signo": "Capricórnio",
		"mae": "Sarah Gabriela",
		"pai": "Carlos Lucca Baptista",
		"email": "evelyn-baptista84@yahoo.it",
		"senha": "PDZuT97GZa",
		"cep": "72115-953",
		"endereco": "CNB 8 Lote 1 a 14 Loja 8",
		"numero": 954,
		"bairro": "Taguatinga Norte (Taguatinga)",
		"cidade": "Brasília",
		"estado": "DF",
		"telefone_fixo": "(61) 3801-9108",
		"celular": "(61) 99242-4775",
		"altura": "1,75",
		"peso": 60,
		"tipo_sanguineo": "AB+",
		"cor": "vermelho"
	},
	{
		"nome": "Marcelo Fernando Fábio da Cunha",
		"idade": 18,
		"cpf": "922.631.921-90",
		"rg": "28.731.600-2",
		"data_nasc": "25/01/2005",
		"sexo": "Masculino",
		"signo": "Aquário",
		"mae": "Manuela Lúcia",
		"pai": "Victor Thiago Samuel da Cunha",
		"email": "marcelo-dacunha90@realbit.com.br",
		"senha": "DMjIFFqfWj",
		"cep": "72410-105",
		"endereco": "Quadra Quadra 1 Conjunto E",
		"numero": 149,
		"bairro": "Setor Sul (Gama)",
		"cidade": "Brasília",
		"estado": "DF",
		"telefone_fixo": "(61) 3709-0596",
		"celular": "(61) 99101-6926",
		"altura": "1,66",
		"peso": 97,
		"tipo_sanguineo": "B+",
		"cor": "preto"
	},
	{
		"nome": "Giovanna Bianca Aragão",
		"idade": 23,
		"cpf": "638.745.771-80",
		"rg": "23.762.514-3",
		"data_nasc": "15/02/2000",
		"sexo": "Feminino",
		"signo": "Aquário",
		"mae": "Luna Evelyn",
		"pai": "Jorge Vinicius Aragão",
		"email": "giovanna_aragao@cressem.com.br",
		"senha": "GXbk55dZMz",
		"cep": "72210-254",
		"endereco": "Quadra QNM 24 Conjunto N",
		"numero": 615,
		"bairro": "Ceilândia Norte (Ceilândia)",
		"cidade": "Brasília",
		"estado": "DF",
		"telefone_fixo": "(61) 2564-1141",
		"celular": "(61) 99408-7349",
		"altura": "1,62",
		"peso": 63,
		"tipo_sanguineo": "AB-",
		"cor": "roxo"
	}
]