[
	{
		"nome": "Luiza Rafaela Esther Farias",
		"idade": 51,
		"cpf": "728.045.401-11",
		"rg": "24.708.919-9",
		"data_nasc": "04/01/1972",
		"sexo": "Feminino",
		"signo": "Capricórnio",
		"mae": "Cristiane Alice Jennifer",
		"pai": "Nicolas Jorge Farias",
		"email": "luiza.rafaela.farias@pisbrasil.com.br",
		"senha": "4LmzsOYkCW",
		"cep": "70687-690",
		"endereco": "Quadra CRNW 508 Bloco B Lote 4",
		"numero": 867,
		"bairro": "Setor Noroeste",
		"cidade": "Brasília",
		"estado": "DF",
		"telefone_fixo": "(61) 2932-2432",
		"celular": "(61) 99253-4496",
		"altura": "1,69",
		"peso": 67,
		"tipo_sanguineo": "B+",
		"cor": "verde"
	},
	{
		"nome": "Isabelle Brenda Isabelle Ferreira",
		"idade": 48,
		"cpf": "938.142.091-25",
		"rg": "45.779.335-1",
		"data_nasc": "10/02/1975",
		"sexo": "Feminino",
		"signo": "Aquário",
		"mae": "Mariah Regina",
		"pai": "Tomás Otávio Renato Ferreira",
		"email": "isabelle_ferreira@terra.com.br",
		"senha": "sURoxAQyzS",
		"cep": "70842-040",
		"endereco": "Quadra SQN 204 Bloco D",
		"numero": 393,
		"bairro": "Asa Norte",
		"cidade": "Brasília",
		"estado": "DF",
		"telefone_fixo": "(61) 2624-1984",
		"celular": "(61) 99110-7586",
		"altura": "1,85",
		"peso": 69,
		"tipo_sanguineo": "A+",
		"cor": "azul"
	},
	{
		"nome": "Simone Aparecida Rezende",
		"idade": 32,
		"cpf": "888.847.041-70",
		"rg": "15.385.271-9",
		"data_nasc": "05/01/1991",
		"sexo": "Feminino",
		"signo": "Capricórnio",
		"mae": "Rayssa Aline",
		"pai": "Pedro Henrique Arthur Joaquim Rezende",
		"email": "simone_rezende@gemail.com",
		"senha": "sDUXWkgOB0",
		"cep": "72135-250",
		"endereco": "Quadra QI 25",
		"numero": 127,
		"bairro": "Setor Industrial (Taguatinga)",
		"cidade": "Brasília",
		"estado": "DF",
		"telefone_fixo": "(61) 3873-8672",
		"celular": "(61) 99902-7547",
		"altura": "1,66",
		"peso": 79,
		"tipo_sanguineo": "AB-",
		"cor": "azul"
	},
	{
		"nome": "Davi Renato de Paula",
		"idade": 78,
		"cpf": "978.586.851-63",
		"rg": "28.981.916-7",
		"data_nasc": "04/02/1945",
		"sexo": "Masculino",
		"signo": "Aquário",
		"mae": "Rebeca Louise Luiza",
		"pai": "Cauê Daniel Diego de Paula",
		"email": "davi-depaula76@ddfnet.com.br",
		"senha": "F4GpzkXyOH",
		"cep": "72510-409",
		"endereco": "Quadra QR 210 Conjunto I",
		"numero": 382,
		"bairro": "Santa Maria",
		"cidade": "Brasília",
		"estado": "DF",
		"telefone_fixo": "(61) 3702-2131",
		"celular": "(61) 98792-3546",
		"altura": "1,96",
		"peso": 91,
		"tipo_sanguineo": "B+",
		"cor": "verde"
	},
	{
		"nome": "Luiza Clara Vera Almada",
		"idade": 27,
		"cpf": "840.203.401-29",
		"rg": "19.896.415-8",
		"data_nasc": "21/02/1996",
		"sexo": "Feminino",
		"signo": "Peixes",
		"mae": "Giovana Eliane",
		"pai": "Augusto Ian Manoel Almada",
		"email": "luiza-almada87@ambarnet.com.br",
		"senha": "0kHcCIO8yn",
		"cep": "70673-426",
		"endereco": "Quadra SQSW 305 Bloco F",
		"numero": 842,
		"bairro": "Setor Sudoeste",
		"cidade": "Brasília",
		"estado": "DF",
		"telefone_fixo": "(61) 3769-9888",
		"celular": "(61) 98442-2183",
		"altura": "1,57",
		"peso": 52,
		"tipo_sanguineo": "AB+",
		"cor": "roxo"
	},
	{
		"nome": "Bryan Cauã Noah Monteiro",
		"idade": 52,
		"cpf": "146.270.371-20",
		"rg": "50.824.070-0",
		"data_nasc": "13/01/1971",
		"sexo": "Masculino",
		"signo": "Capricórnio",
		"mae": "Emily Andreia",
		"pai": "Geraldo Thomas Enrico Monteiro",
		"email": "bryan.caua.monteiro@edu.uniso.br",
		"senha": "7XiqTtL0G6",
		"cep": "72502-501",
		"endereco": "Quadra QR 302 Conjunto A",
		"numero": 523,
		"bairro": "Santa Maria",
		"cidade": "Brasília",
		"estado": "DF",
		"telefone_fixo": "(61) 2997-1392",
		"celular": "(61) 99408-9650",
		"altura": "1,64",
		"peso": 90,
		"tipo_sanguineo": "O-",
		"cor": "azul"
	},
	{
		"nome": "Eduardo Kevin Kauê Vieira",
		"idade": 77,
		"cpf": "461.933.761-78",
		"rg": "31.664.869-3",
		"data_nasc": "13/01/1946",
		"sexo": "Masculino",
		"signo": "Capricórnio",
		"mae": "Daiane Mariane",
		"pai": "Enrico Calebe Vieira",
		"email": "eduardo.kevin.vieira@projetemovelaria.com.br",
		"senha": "7GAnjbSdkt",
		"cep": "71980-540",
		"endereco": "Quadra QS 11 Conjunto O",
		"numero": 351,
		"bairro": "Areal (Águas Claras)",
		"cidade": "Brasília",
		"estado": "DF",
		"telefone_fixo": "(61) 3574-0807",
		"celular": "(61) 99455-9760",
		"altura": "1,71",
		"peso": 101,
		"tipo_sanguineo": "A+",
		"cor": "azul"
	},
	{
		"nome": "Luís Julio Aragão",
		"idade": 30,
		"cpf": "684.960.011-72",
		"rg": "35.263.386-4",
		"data_nasc": "01/02/1993",
		"sexo": "Masculino",
		"signo": "Aquário",
		"mae": "Sebastiana Maitê Beatriz",
		"pai": "Rafael Pedro Aragão",
		"email": "luis_aragao@viacorte.com.br",
		"senha": "BSPujNa3Po",
		"cep": "72015-535",
		"endereco": "Quadra CSB 3",
		"numero": 130,
		"bairro": "Taguatinga Sul (Taguatinga)",
		"cidade": "Brasília",
		"estado": "DF",
		"telefone_fixo": "(61) 3867-2435",
		"celular": "(61) 98105-6341",
		"altura": "1,76",
		"peso": 63,
		"tipo_sanguineo": "AB+",
		"cor": "preto"
	},
	{
		"nome": "Ayla Mariana Louise Bernardes",
		"idade": 19,
		"cpf": "781.951.131-17",
		"rg": "11.432.434-7",
		"data_nasc": "19/02/2004",
		"sexo": "Feminino",
		"signo": "Aquário",
		"mae": "Cláudia Fernanda Daiane",
		"pai": "Benjamin Mateus Joaquim Bernardes",
		"email": "ayla_mariana_bernardes@iahoo.com",
		"senha": "qrawFNn7qA",
		"cep": "70340-909",
		"endereco": "SRTVS Bloco M Lote 12",
		"numero": 203,
		"bairro": "Asa Sul",
		"cidade": "Brasília",
		"estado": "DF",
		"telefone_fixo": "(61) 2760-8831",
		"celular": "(61) 99167-6777",
		"altura": "1,80",
		"peso": 61,
		"tipo_sanguineo": "A-",
		"cor": "preto"
	},
	{
		"nome": "Osvaldo Nelson Freitas",
		"idade": 44,
		"cpf": "708.330.411-42",
		"rg": "33.790.171-5",
		"data_nasc": "06/01/1979",
		"sexo": "Masculino",
		"signo": "Capricórnio",
		"mae": "Ayla Lívia",
		"pai": "Joaquim Hugo Benício Freitas",
		"email": "osvaldo-freitas73@dkcarmo.com",
		"senha": "aFbdq0CeIP",
		"cep": "72316-207",
		"endereco": "Quadra QR 210 Conjunto 7",
		"numero": 676,
		"bairro": "Samambaia Norte (Samambaia)",
		"cidade": "Brasília",
		"estado": "DF",
		"telefone_fixo": "(61) 2579-3404",
		"celular": "(61) 99146-6246",
		"altura": "1,79",
		"peso": 85,
		"tipo_sanguineo": "B-",
		"cor": "azul"
	},
	{
		"nome": "Marcelo Vinicius José Silveira",
		"idade": 54,
		"cpf": "648.535.221-07",
		"rg": "37.013.804-1",
		"data_nasc": "18/01/1969",
		"sexo": "Masculino",
		"signo": "Capricórnio",
		"mae": "Mariane Sarah",
		"pai": "Arthur Levi Guilherme Silveira",
		"email": "marcelo_vinicius_silveira@eletrovip.com",
		"senha": "RDfqnJg1hq",
		"cep": "71680-200",
		"endereco": "Conjunto SMDB Conjunto 20",
		"numero": 245,
		"bairro": "Setor de Mansões Dom Bosco",
		"cidade": "Brasília",
		"estado": "DF",
		"telefone_fixo": "(61) 3696-7661",
		"celular": "(61) 98435-0739",
		"altura": "1,71",
		"peso": 82,
		"tipo_sanguineo": "O-",
		"cor": "preto"
	},
	{
		"nome": "Bryan Enzo da Costa",
		"idade": 42,
		"cpf": "978.590.991-36",
		"rg": "21.218.813-6",
		"data_nasc": "16/01/1981",
		"sexo": "Masculino",
		"signo": "Capricórnio",
		"mae": "Sabrina Vera Alana",
		"pai": "Raul Matheus Giovanni da Costa",
		"email": "bryan-dacosta78@danzarin.com.br",
		"senha": "ScAep991hK",
		"cep": "72241-110",
		"endereco": "Quadra QNP 11 Conjunto J",
		"numero": 553,
		"bairro": "Ceilândia Norte (Ceilândia)",
		"cidade": "Brasília",
		"estado": "DF",
		"telefone_fixo": "(61) 2706-7405",
		"celular": "(61) 99718-6187",
		"altura": "1,93",
		"peso": 61,
		"tipo_sanguineo": "B+",
		"cor": "verde"
	},
	{
		"nome": "Bento Rodrigo Campos",
		"idade": 42,
		"cpf": "113.532.221-01",
		"rg": "40.571.131-1",
		"data_nasc": "06/01/1981",
		"sexo": "Masculino",
		"signo": "Capricórnio",
		"mae": "Olivia Rita Pietra",
		"pai": "Fábio Gustavo Caleb Campos",
		"email": "bentorodrigocampos@prlme.com.br",
		"senha": "ZkomgLlrqm",
		"cep": "73365-103",
		"endereco": "Quadra Quadra 32",
		"numero": 314,
		"bairro": "Nossa Senhora de Fátima (Planaltina)",
		"cidade": "Brasília",
		"estado": "DF",
		"telefone_fixo": "(61) 3936-5255",
		"celular": "(61) 99584-9509",
		"altura": "1,86",
		"peso": 57,
		"tipo_sanguineo": "AB+",
		"cor": "roxo"
	},
	{
		"nome": "Renato Julio Guilherme Sales",
		"idade": 57,
		"cpf": "428.071.451-75",
		"rg": "38.836.944-9",
		"data_nasc": "08/01/1966",
		"sexo": "Masculino",
		"signo": "Capricórnio",
		"mae": "Raimunda Alícia",
		"pai": "Samuel Guilherme Sales",
		"email": "renato.julio.sales@anac.gov.br",
		"senha": "TDZ0MPQBrq",
		"cep": "72425-013",
		"endereco": "Quadra EQ 1/2 Bloco A",
		"numero": 386,
		"bairro": "Setor Oeste (Gama)",
		"cidade": "Brasília",
		"estado": "DF",
		"telefone_fixo": "(61) 2772-5766",
		"celular": "(61) 98411-3069",
		"altura": "1,79",
		"peso": 73,
		"tipo_sanguineo": "B+",
		"cor": "laranja"
	},
	{
		"nome": "Eduarda Ayla Figueiredo",
		"idade": 32,
		"cpf": "705.657.531-50",
		"rg": "45.358.926-1",
		"data_nasc": "27/01/1991",
		"sexo": "Feminino",
		"signo": "Aquário",
		"mae": "Tatiane Sophia",
		"pai": "Paulo Benício Figueiredo",
		"email": "eduardaaylafigueiredo@maiamaquinas.com.br",
		"senha": "KPm9aHnMfE",
		"cep": "71071-012",
		"endereco": "Quadra QE 50 Conjunto A",
		"numero": 196,
		"bairro": "Guará II",
		"cidade": "Brasília",
		"estado": "DF",
		"telefone_fixo": "(61) 3985-1210",
		"celular": "(61) 99848-8381",
		"altura": "1,57",
		"peso": 61,
		"tipo_sanguineo": "A-",
		"cor": "laranja"
	},
	{
		"nome": "Roberto Cauê Joaquim Melo",
		"idade": 19,
		"cpf": "067.065.661-52",
		"rg": "13.980.801-2",
		"data_nasc": "17/01/2004",
		"sexo": "Masculino",
		"signo": "Capricórnio",
		"mae": "Sueli Marli",
		"pai": "Kauê Joaquim Melo",
		"email": "roberto-melo84@elevaconsultancy.com.br",
		"senha": "ITNgstNH7i",
		"cep": "70732-520",
		"endereco": "Quadra CLN 103 Bloco B",
		"numero": 532,
		"bairro": "Asa Norte",
		"cidade": "Brasília",
		"estado": "DF",
		"telefone_fixo": "(61) 2503-1797",
		"celular": "(61) 99985-7077",
		"altura": "1,90",
		"peso": 70,
		"tipo_sanguineo": "AB-",
		"cor": "laranja"
	},
	{
		"nome": "Sebastiana Laís Rocha",
		"idade": 72,
		"cpf": "627.894.221-68",
		"rg": "11.304.640-6",
		"data_nasc": "22/02/1951",
		"sexo": "Feminino",
		"signo": "Peixes",
		"mae": "Débora Ester Fabiana",
		"pai": "Cauã Manuel Caleb Rocha",
		"email": "sebastiana.lais.rocha@aspadvocacia.com",
		"senha": "7dpQ5EoMl9",
		"cep": "73026-520",
		"endereco": "Quadra Quadra 6 Comércio Local 7",
		"numero": 679,
		"bairro": "Sobradinho",
		"cidade": "Brasília",
		"estado": "DF",
		"telefone_fixo": "(61) 3595-7624",
		"celular": "(61) 98739-5022",
		"altura": "1,54",
		"peso": 65,
		"tipo_sanguineo": "A-",
		"cor": "amarelo"
	},
	{
		"nome": "Marlene Ester Teixeira",
		"idade": 66,
		"cpf": "478.900.131-83",
		"rg": "38.510.236-7",
		"data_nasc": "21/02/1957",
		"sexo": "Feminino",
		"signo": "Peixes",
		"mae": "Clarice Carla Agatha",
		"pai": "Yago Luís Teixeira",
		"email": "marlene_ester_teixeira@gap.com.br",
		"senha": "quEdIOc6cZ",
		"cep": "72631-270",
		"endereco": "Quadra Quadra 407",
		"numero": 255,
		"bairro": "Recanto das Emas",
		"cidade": "Brasília",
		"estado": "DF",
		"telefone_fixo": "(61) 3793-7668",
		"celular": "(61) 99925-5122",
		"altura": "1,71",
		"peso": 89,
		"tipo_sanguineo": "AB-",
		"cor": "verde"
	},
	{
		"nome": "Lucca Carlos Eduardo Pedro Henrique da Luz",
		"idade": 31,
		"cpf": "076.359.311-72",
		"rg": "17.360.262-9",
		"data_nasc": "06/01/1992",
		"sexo": "Masculino",
		"signo": "Capricórnio",
		"mae": "Bruna Cecília Marlene",
		"pai": "Manuel Anthony da Luz",
		"email": "luccacarlosdaluz@fernandaleal.com.br",
		"senha": "Bot2LPpj12",
		"cep": "71540-100",
		"endereco": "Quadra SMLN ML Trecho 10",
		"numero": 466,
		"bairro": "Setor de Mansões do Lago Norte",
		"cidade": "Brasília",
		"estado": "DF",
		"telefone_fixo": "(61) 3504-0716",
		"celular": "(61) 99608-7126",
		"altura": "1,94",
		"peso": 110,
		"tipo_sanguineo": "AB+",
		"cor": "amarelo"
	},
	{
		"nome": "Elias Hugo Rodrigues",
		"idade": 30,
		"cpf": "677.430.421-46",
		"rg": "10.243.651-4",
		"data_nasc": "22/01/1993",
		"sexo": "Masculino",
		"signo": "Aquário",
		"mae": "Antônia Lívia Raquel",
		"pai": "Felipe Rodrigo Rodrigues",
		"email": "elias_rodrigues@owl-ti.com.br",
		"senha": "j8GjTuKz1f",
		"cep": "72023-515",
		"endereco": "Conjunto SMT Chácara 22.",
		"numero": 840,
		"bairro": "Taguatinga Sul (Taguatinga)",
		"cidade": "Brasília",
		"estado": "DF",
		"telefone_fixo": "(61) 3830-3540",
		"celular": "(61) 98708-3102",
		"altura": "1,63",
		"peso": 86,
		"tipo_sanguineo": "A-",
		"cor": "vermelho"
	},
	{
		"nome": "Laura Raimunda Costa",
		"idade": 70,
		"cpf": "493.152.031-60",
		"rg": "28.610.879-3",
		"data_nasc": "04/02/1953",
		"sexo": "Feminino",
		"signo": "Aquário",
		"mae": "Marina Antônia Eduarda",
		"pai": "Benício Roberto Manoel Costa",
		"email": "lauraraimundacosta@acaocontabilsjc.com.br",
		"senha": "7g5QoJGg2S",
		"cep": "71071-114",
		"endereco": "Quadra QE 52 Conjunto G",
		"numero": 280,
		"bairro": "Guará II",
		"cidade": "Brasília",
		"estado": "DF",
		"telefone_fixo": "(61) 2859-0005",
		"celular": "(61) 98431-3182",
		"altura": "1,72",
		"peso": 71,
		"tipo_sanguineo": "B+",
		"cor": "laranja"
	},
	{
		"nome": "Evelyn Kamilly Nunes",
		"idade": 72,
		"cpf": "854.864.101-07",
		"rg": "48.619.710-4",
		"data_nasc": "04/02/1951",
		"sexo": "Feminino",
		"signo": "Aquário",
		"mae": "Beatriz Marli",
		"pai": "Tiago Enzo Nunes",
		"email": "evelyn-nunes94@hellokitty.com",
		"senha": "nnsLSxm15x",
		"cep": "71100-175",
		"endereco": "Quadra EPTG QE 4 Bloco B-10",
		"numero": 735,
		"bairro": "Quadras Econômicas Lúcio Costa (Guará)",
		"cidade": "Brasília",
		"estado": "DF",
		"telefone_fixo": "(61) 2601-3358",
		"celular": "(61) 98114-6269",
		"altura": "1,76",
		"peso": 82,
		"tipo_sanguineo": "O+",
		"cor": "amarelo"
	},
	{
		"nome": "Carlos Eduardo Kaique Fábio Barros",
		"idade": 68,
		"cpf": "693.912.981-25",
		"rg": "33.715.337-1",
		"data_nasc": "21/01/1955",
		"sexo": "Masculino",
		"signo": "Aquário",
		"mae": "Hadassa Agatha Julia",
		"pai": "Kaique Antonio Theo Barros",
		"email": "carlos.eduardo.barros@foar.unesp.br",
		"senha": "5CEWQ2XDNf",
		"cep": "72640-208",
		"endereco": "Quadra Quadra 602 Conjunto 8",
		"numero": 257,
		"bairro": "Recanto das Emas",
		"cidade": "Brasília",
		"estado": "DF",
		"telefone_fixo": "(61) 2664-1424",
		"celular": "(61) 99651-7329",
		"altura": "1,99",
		"peso": 78,
		"tipo_sanguineo": "B+",
		"cor": "vermelho"
	},
	{
		"nome": "Samuel Manuel Aparício",
		"idade": 36,
		"cpf": "952.284.221-45",
		"rg": "18.635.063-6",
		"data_nasc": "21/01/1987",
		"sexo": "Masculino",
		"signo": "Aquário",
		"mae": "Malu Luciana",
		"pai": "Benício Breno Aparício",
		"email": "samuel.manuel.aparicio@outlock.com",
		"senha": "PjhNIXH0An",
		"cep": "71590-227",
		"endereco": "Quadra Quadra 1 Conjunto I",
		"numero": 117,
		"bairro": "Itapoã I",
		"cidade": "Brasília",
		"estado": "DF",
		"telefone_fixo": "(61) 2895-7802",
		"celular": "(61) 99747-9906",
		"altura": "1,89",
		"peso": 63,
		"tipo_sanguineo": "B-",
		"cor": "roxo"
	},
	{
		"nome": "Isabella Larissa da Conceição",
		"idade": 54,
		"cpf": "510.657.141-30",
		"rg": "28.085.184-4",
		"data_nasc": "11/02/1969",
		"sexo": "Feminino",
		"signo": "Aquário",
		"mae": "Carla Andreia",
		"pai": "Antonio Severino da Conceição",
		"email": "isabellalarissadaconceicao@araraquara.com.br",
		"senha": "XTn4eU1sMW",
		"cep": "72545-247",
		"endereco": "Quadra CL 415 Bloco G",
		"numero": 718,
		"bairro": "Santa Maria",
		"cidade": "Brasília",
		"estado": "DF",
		"telefone_fixo": "(61) 2943-7209",
		"celular": "(61) 98660-9713",
		"altura": "1,79",
		"peso": 54,
		"tipo_sanguineo": "B-",
		"cor": "laranja"
	},
	{
		"nome": "Sophie Luzia Priscila dos Santos",
		"idade": 78,
		"cpf": "359.198.861-88",
		"rg": "17.613.112-7",
		"data_nasc": "07/02/1945",
		"sexo": "Feminino",
		"signo": "Aquário",
		"mae": "Priscila Giovanna Pietra",
		"pai": "Enzo Thomas dos Santos",
		"email": "sophieluziadossantos@sitran.com.br",
		"senha": "klnmtmlkOL",
		"cep": "71699-012",
		"endereco": "Quadra QC 1 Rua A",
		"numero": 214,
		"bairro": "Jardins Mangueiral (São Sebastião)",
		"cidade": "Brasília",
		"estado": "DF",
		"telefone_fixo": "(61) 3527-0189",
		"celular": "(61) 99156-1252",
		"altura": "1,63",
		"peso": 80,
		"tipo_sanguineo": "AB+",
		"cor": "laranja"
	},
	{
		"nome": "Enrico Lucas Souza",
		"idade": 44,
		"cpf": "558.966.791-73",
		"rg": "34.989.604-5",
		"data_nasc": "02/01/1979",
		"sexo": "Masculino",
		"signo": "Capricórnio",
		"mae": "Lavínia Emanuelly",
		"pai": "Geraldo Arthur Benedito Souza",
		"email": "enrico_lucas_souza@molsanto.com",
		"senha": "xqeYuiaU1L",
		"cep": "70385-530",
		"endereco": "Quadra CLS 115 Bloco C",
		"numero": 835,
		"bairro": "Asa Sul",
		"cidade": "Brasília",
		"estado": "DF",
		"telefone_fixo": "(61) 2757-5522",
		"celular": "(61) 98178-1562",
		"altura": "1,71",
		"peso": 59,
		"tipo_sanguineo": "B-",
		"cor": "vermelho"
	},
	{
		"nome": "Carlos Eduardo Tomás Marcos Moraes",
		"idade": 56,
		"cpf": "012.301.401-82",
		"rg": "50.279.731-9",
		"data_nasc": "23/02/1967",
		"sexo": "Masculino",
		"signo": "Peixes",
		"mae": "Valentina Ayla Gabrielly",
		"pai": "Nelson Yago Moraes",
		"email": "carlos-moraes86@juliosimoes.com.br",
		"senha": "PWJnEtmdXl",
		"cep": "71691-411",
		"endereco": "Quadra Quadra 204 Conjunto 6",
		"numero": 304,
		"bairro": "Setor Residencial Oeste (São Sebastião)",
		"cidade": "Brasília",
		"estado": "DF",
		"telefone_fixo": "(61) 2801-4555",
		"celular": "(61) 99618-4206",
		"altura": "1,62",
		"peso": 85,
		"tipo_sanguineo": "A+",
		"cor": "vermelho"
	},
	{
		"nome": "Clarice Isabella Cavalcanti",
		"idade": 20,
		"cpf": "783.846.301-78",
		"rg": "20.582.587-4",
		"data_nasc": "22/01/2003",
		"sexo": "Feminino",
		"signo": "Aquário",
		"mae": "Andrea Camila Mariah",
		"pai": "Theo Lucca Cavalcanti",
		"email": "clariceisabellacavalcanti@plaman.com.br",
		"senha": "W0hbqPn4TR",
		"cep": "72260-864",
		"endereco": "Quadra QNO 18 Conjunto 64",
		"numero": 570,
		"bairro": "Ceilândia Norte (Ceilândia)",
		"cidade": "Brasília",
		"estado": "DF",
		"telefone_fixo": "(61) 2695-2936",
		"celular": "(61) 98982-0231",
		"altura": "1,68",
		"peso": 89,
		"tipo_sanguineo": "O-",
		"cor": "azul"
	},
	{
		"nome": "Sophie Stella Maitê Silva",
		"idade": 22,
		"cpf": "164.588.671-90",
		"rg": "23.402.636-4",
		"data_nasc": "15/01/2001",
		"sexo": "Feminino",
		"signo": "Capricórnio",
		"mae": "Elza Marli Larissa",
		"pai": "Tiago Benjamin Silva",
		"email": "sophiestellasilva@brunofaria.com",
		"senha": "U84g1ysOlR",
		"cep": "71625-100",
		"endereco": "Quadra SHIS QI 9 Conjunto 10",
		"numero": 982,
		"bairro": "Setor de Habitações Individuais Sul",
		"cidade": "Brasília",
		"estado": "DF",
		"telefone_fixo": "(61) 3598-3030",
		"celular": "(61) 99411-0330",
		"altura": "1,59",
		"peso": 79,
		"tipo_sanguineo": "B-",
		"cor": "azul"
	}
]