[
	{
		"nome": "Isabela Fátima Esther Campos",
		"idade": 56,
		"cpf": "996.382.981-38",
		"rg": "12.892.649-1",
		"data_nasc": "18/02/1967",
		"sexo": "Feminino",
		"signo": "Aquário",
		"mae": "Débora Fernanda Sandra",
		"pai": "Henrique Luiz Marcos Vinicius Campos",
		"email": "isabela_campos@wnetrj.com.br",
		"senha": "Jk4PLZ7Zsn",
		"cep": "73401-642",
		"endereco": "Módulo Módulo 14",
		"numero": 952,
		"bairro": "Estância Mestre D'Armas III (Planaltina)",
		"cidade": "Brasília",
		"estado": "DF",
		"telefone_fixo": "(61) 3977-0049",
		"celular": "(61) 99456-6543",
		"altura": "1,76",
		"peso": 62,
		"tipo_sanguineo": "AB-",
		"cor": "laranja"
	},
	{
		"nome": "Nicole Gabriela Heloisa Gonçalves",
		"idade": 27,
		"cpf": "282.296.421-17",
		"rg": "18.573.341-4",
		"data_nasc": "07/02/1996",
		"sexo": "Feminino",
		"signo": "Aquário",
		"mae": "Teresinha Fabiana Teresinha",
		"pai": "Leonardo Nathan Gonçalves",
		"email": "nicole_gabriela_goncalves@hotmail.com",
		"senha": "SSH3u8SaMS",
		"cep": "70256-080",
		"endereco": "Quadra SQS 407 Bloco H",
		"numero": 621,
		"bairro": "Asa Sul",
		"cidade": "Brasília",
		"estado": "DF",
		"telefone_fixo": "(61) 2895-0359",
		"celular": "(61) 99261-4003",
		"altura": "1,66",
		"peso": 78,
		"tipo_sanguineo": "B+",
		"cor": "laranja"
	},
	{
		"nome": "Thales Breno Yago Santos",
		"idade": 76,
		"cpf": "359.651.001-59",
		"rg": "33.624.217-7",
		"data_nasc": "20/02/1947",
		"sexo": "Masculino",
		"signo": "Peixes",
		"mae": "Juliana Flávia Elza",
		"pai": "Ricardo Iago Anthony Santos",
		"email": "thales.breno.santos@onset.com.br",
		"senha": "4DO6G9Y6PQ",
		"cep": "70041-904",
		"endereco": "SAUN Quadra 1 Bloco E",
		"numero": 529,
		"bairro": "Asa Norte",
		"cidade": "Brasília",
		"estado": "DF",
		"telefone_fixo": "(61) 2506-8051",
		"celular": "(61) 98842-6141",
		"altura": "1,76",
		"peso": 97,
		"tipo_sanguineo": "A-",
		"cor": "preto"
	},
	{
		"nome": "Marlene Giovanna Brenda Fogaça",
		"idade": 73,
		"cpf": "303.494.601-59",
		"rg": "27.997.156-4",
		"data_nasc": "03/01/1950",
		"sexo": "Feminino",
		"signo": "Capricórnio",
		"mae": "Sophie Sophia",
		"pai": "Mário Francisco Benjamin Fogaça",
		"email": "marlenegiovannafogaca@zipmail.com",
		"senha": "hbEy8xoaUO",
		"cep": "72319-557",
		"endereco": "Quadra QS 403 Área Especial s/n",
		"numero": 142,
		"bairro": "Samambaia Norte (Samambaia)",
		"cidade": "Brasília",
		"estado": "DF",
		"telefone_fixo": "(61) 3841-2384",
		"celular": "(61) 98738-6827",
		"altura": "1,78",
		"peso": 76,
		"tipo_sanguineo": "O-",
		"cor": "laranja"
	},
	{
		"nome": "Nelson Benedito Benício Rocha",
		"idade": 19,
		"cpf": "283.670.121-86",
		"rg": "42.304.465-5",
		"data_nasc": "03/01/2004",
		"sexo": "Masculino",
		"signo": "Capricórnio",
		"mae": "Jennifer Nina",
		"pai": "Marcelo Cauã Rocha",
		"email": "nelson.benedito.rocha@detorsul.com",
		"senha": "A5EJqa9q9C",
		"cep": "72270-102",
		"endereco": "Quadra QNQ 1 Conjunto 2",
		"numero": 678,
		"bairro": "Ceilândia Norte (Ceilândia)",
		"cidade": "Brasília",
		"estado": "DF",
		"telefone_fixo": "(61) 2636-8017",
		"celular": "(61) 98480-7387",
		"altura": "1,77",
		"peso": 69,
		"tipo_sanguineo": "AB-",
		"cor": "preto"
	},
	{
		"nome": "Luzia Raquel Peixoto",
		"idade": 79,
		"cpf": "843.946.021-06",
		"rg": "46.011.569-8",
		"data_nasc": "02/01/1944",
		"sexo": "Feminino",
		"signo": "Capricórnio",
		"mae": "Patrícia Luiza",
		"pai": "José José Nathan Peixoto",
		"email": "luzia_peixoto@agltda.com.br",
		"senha": "PfXmSmqxxL",
		"cep": "72236-507",
		"endereco": "Quadra EQNP 30/34 Bloco G",
		"numero": 976,
		"bairro": "Ceilândia Sul (Ceilândia)",
		"cidade": "Brasília",
		"estado": "DF",
		"telefone_fixo": "(61) 2642-1961",
		"celular": "(61) 99510-5781",
		"altura": "1,58",
		"peso": 86,
		"tipo_sanguineo": "O+",
		"cor": "verde"
	},
	{
		"nome": "Alícia Aline Porto",
		"idade": 79,
		"cpf": "903.811.721-39",
		"rg": "45.478.300-0",
		"data_nasc": "01/01/1944",
		"sexo": "Feminino",
		"signo": "Capricórnio",
		"mae": "Olivia Liz",
		"pai": "Elias Juan Porto",
		"email": "aliciaalineporto@emcinfo.com.br",
		"senha": "KmIjRYmSx1",
		"cep": "72315-110",
		"endereco": "Quadra QR 515 Conjunto 10",
		"numero": 845,
		"bairro": "Samambaia Sul (Samambaia)",
		"cidade": "Brasília",
		"estado": "DF",
		"telefone_fixo": "(61) 3512-8521",
		"celular": "(61) 98524-4237",
		"altura": "1,72",
		"peso": 81,
		"tipo_sanguineo": "AB+",
		"cor": "roxo"
	},
	{
		"nome": "Roberto Raimundo Ribeiro",
		"idade": 35,
		"cpf": "385.535.711-06",
		"rg": "39.938.617-8",
		"data_nasc": "02/01/1988",
		"sexo": "Masculino",
		"signo": "Capricórnio",
		"mae": "Cristiane Marlene",
		"pai": "Felipe Rafael Ribeiro",
		"email": "roberto-ribeiro90@rotauniformes.com.br",
		"senha": "Ge7Y6FN9ZZ",
		"cep": "73350-202",
		"endereco": "Quadra Quadra 2 Conjunto B",
		"numero": 520,
		"bairro": "Setor Residencial Leste (Planaltina)",
		"cidade": "Brasília",
		"estado": "DF",
		"telefone_fixo": "(61) 3613-5325",
		"celular": "(61) 99455-0736",
		"altura": "1,85",
		"peso": 103,
		"tipo_sanguineo": "O-",
		"cor": "verde"
	},
	{
		"nome": "Renan Benício Sales",
		"idade": 24,
		"cpf": "660.768.411-41",
		"rg": "28.510.559-0",
		"data_nasc": "24/01/1999",
		"sexo": "Masculino",
		"signo": "Aquário",
		"mae": "Nicole Alana",
		"pai": "Thales Anderson Sales",
		"email": "renanbeniciosales@sabereler.com.br",
		"senha": "HedwnSP8FR",
		"cep": "70740-776",
		"endereco": "Quadra SHCGN 708 Bloco P",
		"numero": 782,
		"bairro": "Asa Norte",
		"cidade": "Brasília",
		"estado": "DF",
		"telefone_fixo": "(61) 2914-4846",
		"celular": "(61) 99989-9354",
		"altura": "1,64",
		"peso": 81,
		"tipo_sanguineo": "B-",
		"cor": "vermelho"
	},
	{
		"nome": "Cauã Bento Hugo Bernardes",
		"idade": 51,
		"cpf": "189.063.091-80",
		"rg": "30.226.928-9",
		"data_nasc": "20/02/1972",
		"sexo": "Masculino",
		"signo": "Peixes",
		"mae": "Elza Lavínia",
		"pai": "Diego Joaquim Luan Bernardes",
		"email": "caua_bento_bernardes@pronta.com.br",
		"senha": "W15nljYziB",
		"cep": "71880-142",
		"endereco": "Quadra QN 8D Conjunto 2",
		"numero": 949,
		"bairro": "Riacho Fundo II",
		"cidade": "Brasília",
		"estado": "DF",
		"telefone_fixo": "(61) 3837-8171",
		"celular": "(61) 99110-9179",
		"altura": "1,99",
		"peso": 72,
		"tipo_sanguineo": "B+",
		"cor": "roxo"
	},
	{
		"nome": "Adriana Alice Sônia Nunes",
		"idade": 73,
		"cpf": "044.983.571-59",
		"rg": "14.899.590-1",
		"data_nasc": "22/02/1950",
		"sexo": "Feminino",
		"signo": "Peixes",
		"mae": "Giovana Lavínia Teresinha",
		"pai": "Bruno Lucas Nunes",
		"email": "adriana_nunes@shimu.com.br",
		"senha": "CPhaKE91Mb",
		"cep": "71615-020",
		"endereco": "Quadra SHIS QI 5 Conjunto 2",
		"numero": 202,
		"bairro": "Setor de Habitações Individuais Sul",
		"cidade": "Brasília",
		"estado": "DF",
		"telefone_fixo": "(61) 3737-3137",
		"celular": "(61) 98124-2350",
		"altura": "1,75",
		"peso": 55,
		"tipo_sanguineo": "A-",
		"cor": "roxo"
	},
	{
		"nome": "Emanuel Erick da Cruz",
		"idade": 48,
		"cpf": "887.653.321-48",
		"rg": "46.360.173-7",
		"data_nasc": "26/01/1975",
		"sexo": "Masculino",
		"signo": "Aquário",
		"mae": "Vera Eduarda Brenda",
		"pai": "Levi Arthur da Cruz",
		"email": "emanuel_erick_dacruz@geopx.com.br",
		"senha": "DhZxiSyLEL",
		"cep": "70393-905",
		"endereco": "SDS Bloco O",
		"numero": 198,
		"bairro": "Asa Sul",
		"cidade": "Brasília",
		"estado": "DF",
		"telefone_fixo": "(61) 3551-9412",
		"celular": "(61) 98453-0002",
		"altura": "1,93",
		"peso": 69,
		"tipo_sanguineo": "A-",
		"cor": "vermelho"
	},
	{
		"nome": "Laís Malu Carolina da Mota",
		"idade": 30,
		"cpf": "360.227.811-59",
		"rg": "40.209.445-1",
		"data_nasc": "04/01/1993",
		"sexo": "Feminino",
		"signo": "Capricórnio",
		"mae": "Alana Eduarda",
		"pai": "Ruan César Julio da Mota",
		"email": "laismaludamota@recoferindustria.com.br",
		"senha": "bJ0NuHC3wS",
		"cep": "72235-411",
		"endereco": "Quadra QNP 24 Conjunto K",
		"numero": 676,
		"bairro": "Ceilândia Sul (Ceilândia)",
		"cidade": "Brasília",
		"estado": "DF",
		"telefone_fixo": "(61) 3708-9890",
		"celular": "(61) 98131-3620",
		"altura": "1,56",
		"peso": 54,
		"tipo_sanguineo": "O-",
		"cor": "laranja"
	},
	{
		"nome": "Malu Tatiane Lara Alves",
		"idade": 52,
		"cpf": "847.560.371-86",
		"rg": "26.635.521-3",
		"data_nasc": "06/02/1971",
		"sexo": "Feminino",
		"signo": "Aquário",
		"mae": "Joana Lívia",
		"pai": "Victor Nelson Alves",
		"email": "malu_alves@fojsc.unesp.br",
		"senha": "FiSSz8wR5M",
		"cep": "72260-739",
		"endereco": "Quadra QNO 17 Conjunto 39",
		"numero": 859,
		"bairro": "Ceilândia Norte (Ceilândia)",
		"cidade": "Brasília",
		"estado": "DF",
		"telefone_fixo": "(61) 2992-8243",
		"celular": "(61) 99875-2058",
		"altura": "1,54",
		"peso": 74,
		"tipo_sanguineo": "O+",
		"cor": "vermelho"
	},
	{
		"nome": "Yago Gabriel Carlos Eduardo Mendes",
		"idade": 46,
		"cpf": "505.777.131-08",
		"rg": "24.039.620-0",
		"data_nasc": "11/02/1977",
		"sexo": "Masculino",
		"signo": "Aquário",
		"mae": "Luciana Sônia Elisa",
		"pai": "Raimundo Iago Diogo Mendes",
		"email": "yago_gabriel_mendes@ovale.com.br",
		"senha": "OxDzJKjFfR",
		"cep": "72323-007",
		"endereco": "Quadra QR 415 Conjunto 7",
		"numero": 288,
		"bairro": "Samambaia Norte (Samambaia)",
		"cidade": "Brasília",
		"estado": "DF",
		"telefone_fixo": "(61) 2688-0377",
		"celular": "(61) 98742-9895",
		"altura": "1,96",
		"peso": 72,
		"tipo_sanguineo": "O-",
		"cor": "preto"
	},
	{
		"nome": "Sophia Analu Duarte",
		"idade": 41,
		"cpf": "816.108.281-27",
		"rg": "47.496.885-6",
		"data_nasc": "05/02/1982",
		"sexo": "Feminino",
		"signo": "Aquário",
		"mae": "Jéssica Cláudia Regina",
		"pai": "Nelson Rafael Pietro Duarte",
		"email": "sophia_analu_duarte@grupomegavale.com.br",
		"senha": "z8JYmcl1X6",
		"cep": "72430-270",
		"endereco": "Área Especial SLU",
		"numero": 359,
		"bairro": "Setor Norte (Gama)",
		"cidade": "Brasília",
		"estado": "DF",
		"telefone_fixo": "(61) 2622-2510",
		"celular": "(61) 99323-8175",
		"altura": "1,65",
		"peso": 86,
		"tipo_sanguineo": "AB+",
		"cor": "roxo"
	},
	{
		"nome": "Ricardo Osvaldo Renan Drumond",
		"idade": 19,
		"cpf": "252.565.431-56",
		"rg": "35.348.271-7",
		"data_nasc": "05/01/2004",
		"sexo": "Masculino",
		"signo": "Capricórnio",
		"mae": "Sandra Josefa",
		"pai": "Pedro Hugo Drumond",
		"email": "ricardo-drumond77@live.com",
		"senha": "WLy06fuO5B",
		"cep": "73016-015",
		"endereco": "Quadra Quadra 2 Comércio Local 5",
		"numero": 581,
		"bairro": "Sobradinho",
		"cidade": "Brasília",
		"estado": "DF",
		"telefone_fixo": "(61) 3628-3708",
		"celular": "(61) 99626-6890",
		"altura": "1,70",
		"peso": 50,
		"tipo_sanguineo": "A-",
		"cor": "vermelho"
	},
	{
		"nome": "Raul Vitor Fábio Aragão",
		"idade": 40,
		"cpf": "243.571.061-50",
		"rg": "29.317.427-1",
		"data_nasc": "19/01/1983",
		"sexo": "Masculino",
		"signo": "Capricórnio",
		"mae": "Alessandra Mariah",
		"pai": "Augusto Caleb Aragão",
		"email": "raul_aragao@dprf.gov.br",
		"senha": "POosz4904y",
		"cep": "72238-422",
		"endereco": "Quadra SHPS Quadra 703 Conjunto 89 R 4",
		"numero": 749,
		"bairro": "Setor Habitacional Pôr do Sol (Ceilândia)",
		"cidade": "Brasília",
		"estado": "DF",
		"telefone_fixo": "(61) 3830-6876",
		"celular": "(61) 98205-0245",
		"altura": "1,97",
		"peso": 96,
		"tipo_sanguineo": "B+",
		"cor": "laranja"
	},
	{
		"nome": "Juan Vinicius Castro",
		"idade": 71,
		"cpf": "155.387.801-98",
		"rg": "15.988.060-9",
		"data_nasc": "09/02/1952",
		"sexo": "Masculino",
		"signo": "Aquário",
		"mae": "Sabrina Rafaela Letícia",
		"pai": "Pietro Renan Daniel Castro",
		"email": "juanviniciuscastro@pgpci.com.br",
		"senha": "aU5JHgetMS",
		"cep": "71880-749",
		"endereco": "Quadra QN 33 Conjunto 3",
		"numero": 975,
		"bairro": "Riacho Fundo II",
		"cidade": "Brasília",
		"estado": "DF",
		"telefone_fixo": "(61) 2619-6018",
		"celular": "(61) 98992-8019",
		"altura": "1,90",
		"peso": 104,
		"tipo_sanguineo": "A-",
		"cor": "vermelho"
	},
	{
		"nome": "Lavínia Lavínia Antonella Barros",
		"idade": 65,
		"cpf": "689.375.261-07",
		"rg": "15.660.269-6",
		"data_nasc": "22/02/1958",
		"sexo": "Feminino",
		"signo": "Peixes",
		"mae": "Tânia Isabelle",
		"pai": "Kevin Bruno Barros",
		"email": "lavinia_lavinia_barros@ipmmi.org.br",
		"senha": "xlTXnwjQnq",
		"cep": "70364-100",
		"endereco": "Quadra SQS 311 Bloco J",
		"numero": 216,
		"bairro": "Asa Sul",
		"cidade": "Brasília",
		"estado": "DF",
		"telefone_fixo": "(61) 2770-6161",
		"celular": "(61) 99382-4092",
		"altura": "1,78",
		"peso": 64,
		"tipo_sanguineo": "A-",
		"cor": "preto"
	},
	{
		"nome": "Priscila Raimunda Alice Pires",
		"idade": 34,
		"cpf": "427.101.271-80",
		"rg": "13.021.575-2",
		"data_nasc": "19/01/1989",
		"sexo": "Feminino",
		"signo": "Capricórnio",
		"mae": "Hadassa Sandra",
		"pai": "Kevin Tiago Osvaldo Pires",
		"email": "priscila_raimunda_pires@humanfit.com.br",
		"senha": "j2kFjpDllR",
		"cep": "71608-060",
		"endereco": "Aeroporto Portão II Sul",
		"numero": 750,
		"bairro": "Setor de Habitações Individuais Sul",
		"cidade": "Brasília",
		"estado": "DF",
		"telefone_fixo": "(61) 2950-9136",
		"celular": "(61) 99720-3250",
		"altura": "1,80",
		"peso": 79,
		"tipo_sanguineo": "O-",
		"cor": "vermelho"
	},
	{
		"nome": "Francisco Geraldo Juan da Paz",
		"idade": 75,
		"cpf": "168.040.361-31",
		"rg": "41.421.823-1",
		"data_nasc": "01/01/1948",
		"sexo": "Masculino",
		"signo": "Capricórnio",
		"mae": "Fabiana Sabrina",
		"pai": "Ruan Henrique da Paz",
		"email": "francisco.geraldo.dapaz@c-a-m.com",
		"senha": "B2qtDWPgpd",
		"cep": "73031-620",
		"endereco": "Quadra Quadra 5 Comércio Local 8",
		"numero": 196,
		"bairro": "Sobradinho",
		"cidade": "Brasília",
		"estado": "DF",
		"telefone_fixo": "(61) 2922-1711",
		"celular": "(61) 98279-6527",
		"altura": "1,89",
		"peso": 78,
		"tipo_sanguineo": "A-",
		"cor": "roxo"
	},
	{
		"nome": "Yasmin Giovana Alessandra Teixeira",
		"idade": 75,
		"cpf": "560.006.191-97",
		"rg": "43.198.371-9",
		"data_nasc": "01/02/1948",
		"sexo": "Feminino",
		"signo": "Aquário",
		"mae": "Alana Valentina",
		"pai": "Bernardo Gael Teixeira",
		"email": "yasmin_giovana_teixeira@wikimetal.com.br",
		"senha": "hQQDPBQ6LR",
		"cep": "73020-014",
		"endereco": "Quadra Quadra 1 Conjunto D",
		"numero": 549,
		"bairro": "Sobradinho",
		"cidade": "Brasília",
		"estado": "DF",
		"telefone_fixo": "(61) 2972-7183",
		"celular": "(61) 99609-4815",
		"altura": "1,84",
		"peso": 66,
		"tipo_sanguineo": "A+",
		"cor": "amarelo"
	},
	{
		"nome": "Iago Danilo Sebastião Fernandes",
		"idade": 64,
		"cpf": "906.253.921-16",
		"rg": "31.427.069-3",
		"data_nasc": "10/01/1959",
		"sexo": "Masculino",
		"signo": "Capricórnio",
		"mae": "Sophia Benedita Gabrielly",
		"pai": "Cauê Julio João Fernandes",
		"email": "iago-fernandes81@quarttus.com.br",
		"senha": "QN4rNRUD2y",
		"cep": "72236-212",
		"endereco": "Quadra QNP 32 Conjunto L",
		"numero": 824,
		"bairro": "Ceilândia Sul (Ceilândia)",
		"cidade": "Brasília",
		"estado": "DF",
		"telefone_fixo": "(61) 2616-7443",
		"celular": "(61) 98550-4479",
		"altura": "1,91",
		"peso": 68,
		"tipo_sanguineo": "AB-",
		"cor": "vermelho"
	},
	{
		"nome": "Guilherme Miguel Vieira",
		"idade": 76,
		"cpf": "018.747.621-71",
		"rg": "11.974.402-8",
		"data_nasc": "01/01/1947",
		"sexo": "Masculino",
		"signo": "Capricórnio",
		"mae": "Yasmin Cláudia",
		"pai": "Martin Giovanni Victor Vieira",
		"email": "guilherme.miguel.vieira@eldor.it",
		"senha": "uBdHPxqqlk",
		"cep": "72310-200",
		"endereco": "Setor de Mansões Sudeste",
		"numero": 176,
		"bairro": "Samambaia Sul (Samambaia)",
		"cidade": "Brasília",
		"estado": "DF",
		"telefone_fixo": "(61) 3961-0969",
		"celular": "(61) 99885-0592",
		"altura": "1,80",
		"peso": 87,
		"tipo_sanguineo": "O-",
		"cor": "roxo"
	},
	{
		"nome": "Diogo Augusto Severino Silva",
		"idade": 71,
		"cpf": "237.557.631-41",
		"rg": "50.066.734-2",
		"data_nasc": "12/02/1952",
		"sexo": "Masculino",
		"signo": "Aquário",
		"mae": "Luna Betina Benedita",
		"pai": "Tomás Renato Silva",
		"email": "diogo-silva90@righettorosa.com.br",
		"senha": "UClUMnBf3z",
		"cep": "72333-573",
		"endereco": "Quadra QS 625 Conjunto C",
		"numero": 622,
		"bairro": "Samambaia Norte (Samambaia)",
		"cidade": "Brasília",
		"estado": "DF",
		"telefone_fixo": "(61) 2752-9332",
		"celular": "(61) 99361-7256",
		"altura": "1,90",
		"peso": 52,
		"tipo_sanguineo": "AB-",
		"cor": "vermelho"
	},
	{
		"nome": "Thales Juan Henrique Carvalho",
		"idade": 50,
		"cpf": "912.431.241-05",
		"rg": "23.847.279-6",
		"data_nasc": "14/01/1973",
		"sexo": "Masculino",
		"signo": "Capricórnio",
		"mae": "Fabiana Stella Catarina",
		"pai": "Otávio Raimundo Bernardo Carvalho",
		"email": "thales.juan.carvalho@projetti.com",
		"senha": "oRe5Q4tjQi",
		"cep": "72405-070",
		"endereco": "Quadra Quadra 7",
		"numero": 967,
		"bairro": "Setor Central (Gama)",
		"cidade": "Brasília",
		"estado": "DF",
		"telefone_fixo": "(61) 2821-4248",
		"celular": "(61) 98153-0698",
		"altura": "1,72",
		"peso": 80,
		"tipo_sanguineo": "O-",
		"cor": "vermelho"
	},
	{
		"nome": "Isabelle Tânia Joana Dias",
		"idade": 20,
		"cpf": "291.159.171-26",
		"rg": "22.866.743-4",
		"data_nasc": "16/02/2003",
		"sexo": "Feminino",
		"signo": "Aquário",
		"mae": "Giovanna Daiane Clara",
		"pai": "Francisco Manoel Leonardo Dias",
		"email": "isabelle_tania_dias@signatreinamentos.com.br",
		"senha": "CnWH16RTsc",
		"cep": "72322-515",
		"endereco": "Quadra QS 602 Conjunto O",
		"numero": 547,
		"bairro": "Samambaia Norte (Samambaia)",
		"cidade": "Brasília",
		"estado": "DF",
		"telefone_fixo": "(61) 2814-3113",
		"celular": "(61) 99428-5813",
		"altura": "1,61",
		"peso": 56,
		"tipo_sanguineo": "B+",
		"cor": "laranja"
	},
	{
		"nome": "João Gabriel Leonardo Araújo",
		"idade": 38,
		"cpf": "592.601.291-09",
		"rg": "44.927.118-3",
		"data_nasc": "23/01/1985",
		"sexo": "Masculino",
		"signo": "Aquário",
		"mae": "Sandra Francisca",
		"pai": "Henrique Yago Bento Araújo",
		"email": "joao_gabriel_araujo@chalu.com.br",
		"senha": "9sPILfB9nb",
		"cep": "71539-815",
		"endereco": "Condomínio Privê II Quadra 5 Conjunto C",
		"numero": 375,
		"bairro": "Setor de Mansões do Lago Norte",
		"cidade": "Brasília",
		"estado": "DF",
		"telefone_fixo": "(61) 3793-1259",
		"celular": "(61) 98372-0869",
		"altura": "1,69",
		"peso": 63,
		"tipo_sanguineo": "O-",
		"cor": "amarelo"
	},
	{
		"nome": "Benjamin Rafael Ramos",
		"idade": 42,
		"cpf": "007.798.081-69",
		"rg": "12.920.740-8",
		"data_nasc": "11/02/1981",
		"sexo": "Masculino",
		"signo": "Aquário",
		"mae": "Sophia Catarina Silvana",
		"pai": "Kauê Hugo Augusto Ramos",
		"email": "benjamin_ramos@techs.com.br",
		"senha": "ZkQ6EiQl7K",
		"cep": "71535-035",
		"endereco": "Quadra SHIN QL 13 Conjunto 3",
		"numero": 982,
		"bairro": "Setor de Habitações Individuais Norte",
		"cidade": "Brasília",
		"estado": "DF",
		"telefone_fixo": "(61) 2739-5536",
		"celular": "(61) 99447-1625",
		"altura": "1,87",
		"peso": 76,
		"tipo_sanguineo": "A+",
		"cor": "vermelho"
	}
]