[
	{
		"nome": "Clarice Vanessa Antonella Araújo",
		"idade": 67,
		"cpf": "256.905.781-93",
		"rg": "40.796.724-2",
		"data_nasc": "25/02/1956",
		"sexo": "Feminino",
		"signo": "Peixes",
		"mae": "Eduarda Antonella",
		"pai": "Leandro Yuri Araújo",
		"email": "clarice.vanessa.araujo@ravi.com.br",
		"senha": "iT7GTNKSiS",
		"cep": "72548-708",
		"endereco": "Quadra QR 418 Conjunto H",
		"numero": 267,
		"bairro": "Santa Maria",
		"cidade": "Brasília",
		"estado": "DF",
		"telefone_fixo": "(61) 3893-8319",
		"celular": "(61) 98813-9674",
		"altura": "1,68",
		"peso": 76,
		"tipo_sanguineo": "AB+",
		"cor": "vermelho"
	},
	{
		"nome": "Sophia Rafaela Martins",
		"idade": 44,
		"cpf": "880.728.051-50",
		"rg": "39.679.604-7",
		"data_nasc": "24/02/1979",
		"sexo": "Feminino",
		"signo": "Peixes",
		"mae": "Amanda Milena Rosângela",
		"pai": "Miguel Marcos Martins",
		"email": "sophia_martins@pop.com.br",
		"senha": "KRjSnqfcC7",
		"cep": "72650-700",
		"endereco": "Quadra Quadra 804 Conjunto 14",
		"numero": 635,
		"bairro": "Recanto das Emas",
		"cidade": "Brasília",
		"estado": "DF",
		"telefone_fixo": "(61) 3501-8275",
		"celular": "(61) 99845-6050",
		"altura": "1,55",
		"peso": 57,
		"tipo_sanguineo": "B+",
		"cor": "laranja"
	},
	{
		"nome": "Roberto Edson das Neves",
		"idade": 61,
		"cpf": "879.404.651-47",
		"rg": "21.579.051-0",
		"data_nasc": "25/01/1962",
		"sexo": "Masculino",
		"signo": "Aquário",
		"mae": "Sophia Melissa Jéssica",
		"pai": "Emanuel Henry Eduardo das Neves",
		"email": "roberto.edson.dasneves@beminvestir.com.br",
		"senha": "hFmmsMkcjJ",
		"cep": "72235-819",
		"endereco": "Quadra QNP 28 Conjunto S",
		"numero": 312,
		"bairro": "Ceilândia Sul (Ceilândia)",
		"cidade": "Brasília",
		"estado": "DF",
		"telefone_fixo": "(61) 3660-7072",
		"celular": "(61) 98858-3670",
		"altura": "1,91",
		"peso": 65,
		"tipo_sanguineo": "A-",
		"cor": "vermelho"
	},
	{
		"nome": "Sara Marlene Pereira",
		"idade": 76,
		"cpf": "561.739.041-44",
		"rg": "35.110.707-1",
		"data_nasc": "08/01/1947",
		"sexo": "Feminino",
		"signo": "Capricórnio",
		"mae": "Emilly Jennifer",
		"pai": "Otávio Leandro Pereira",
		"email": "sara_pereira@etep.edu.br",
		"senha": "Xg5UmUjpeX",
		"cep": "71571-507",
		"endereco": "Quadra Quadra 15 Conjunto G",
		"numero": 768,
		"bairro": "Paranoá",
		"cidade": "Brasília",
		"estado": "DF",
		"telefone_fixo": "(61) 2963-6189",
		"celular": "(61) 98536-3241",
		"altura": "1,58",
		"peso": 85,
		"tipo_sanguineo": "A+",
		"cor": "verde"
	},
	{
		"nome": "Betina Patrícia Pietra Farias",
		"idade": 71,
		"cpf": "228.715.831-61",
		"rg": "43.392.377-5",
		"data_nasc": "22/02/1952",
		"sexo": "Feminino",
		"signo": "Peixes",
		"mae": "Luzia Hadassa",
		"pai": "Kaique Victor Carlos Eduardo Farias",
		"email": "betina_farias@roche.com",
		"senha": "pXSweakl5T",
		"cep": "72303-532",
		"endereco": "Quadra QS 127 Conjunto B",
		"numero": 285,
		"bairro": "Samambaia Sul (Samambaia)",
		"cidade": "Brasília",
		"estado": "DF",
		"telefone_fixo": "(61) 2673-4286",
		"celular": "(61) 98876-8893",
		"altura": "1,85",
		"peso": 56,
		"tipo_sanguineo": "AB-",
		"cor": "vermelho"
	},
	{
		"nome": "Renato Vitor Cavalcanti",
		"idade": 19,
		"cpf": "452.368.241-09",
		"rg": "27.595.602-7",
		"data_nasc": "12/01/2004",
		"sexo": "Masculino",
		"signo": "Capricórnio",
		"mae": "Eduarda Larissa",
		"pai": "Ian Noah Giovanni Cavalcanti",
		"email": "renato_cavalcanti@tera.com.br",
		"senha": "i5fC1IIEi5",
		"cep": "70670-510",
		"endereco": "Quadra CLSW 102",
		"numero": 308,
		"bairro": "Setor Sudoeste",
		"cidade": "Brasília",
		"estado": "DF",
		"telefone_fixo": "(61) 2516-2287",
		"celular": "(61) 99957-4159",
		"altura": "1,96",
		"peso": 95,
		"tipo_sanguineo": "A-",
		"cor": "laranja"
	},
	{
		"nome": "Benício Bryan Noah Nascimento",
		"idade": 53,
		"cpf": "984.293.261-38",
		"rg": "20.612.920-8",
		"data_nasc": "23/01/1970",
		"sexo": "Masculino",
		"signo": "Aquário",
		"mae": "Fátima Sebastiana",
		"pai": "Matheus Fernando Vicente Nascimento",
		"email": "benicio_bryan_nascimento@cincoentretenimentos.com.br",
		"senha": "c1OprkAN0X",
		"cep": "72547-613",
		"endereco": "Quadra QR 317 Conjunto M",
		"numero": 786,
		"bairro": "Santa Maria",
		"cidade": "Brasília",
		"estado": "DF",
		"telefone_fixo": "(61) 2516-5768",
		"celular": "(61) 98293-7172",
		"altura": "1,81",
		"peso": 98,
		"tipo_sanguineo": "B-",
		"cor": "vermelho"
	},
	{
		"nome": "Silvana Isabella Sophia Vieira",
		"idade": 39,
		"cpf": "535.746.621-14",
		"rg": "40.741.186-0",
		"data_nasc": "24/01/1984",
		"sexo": "Feminino",
		"signo": "Aquário",
		"mae": "Luiza Agatha",
		"pai": "Mateus José Kaique Vieira",
		"email": "silvanaisabellavieira@isometro.com.br",
		"senha": "pAb7oHWUTT",
		"cep": "71967-180",
		"endereco": "Quadra QS 7 Praça 200",
		"numero": 947,
		"bairro": "Areal (Águas Claras)",
		"cidade": "Brasília",
		"estado": "DF",
		"telefone_fixo": "(61) 3792-3871",
		"celular": "(61) 98857-7657",
		"altura": "1,83",
		"peso": 69,
		"tipo_sanguineo": "AB+",
		"cor": "roxo"
	},
	{
		"nome": "Carlos Eduardo Francisco Gomes",
		"idade": 29,
		"cpf": "219.874.881-99",
		"rg": "43.459.028-9",
		"data_nasc": "24/02/1994",
		"sexo": "Masculino",
		"signo": "Peixes",
		"mae": "Antonella Jennifer",
		"pai": "Benedito Noah Gomes",
		"email": "carlos-gomes99@imail.com",
		"senha": "2bzsYGzrZC",
		"cep": "70254-010",
		"endereco": "Quadra SQS 208 Bloco A",
		"numero": 468,
		"bairro": "Asa Sul",
		"cidade": "Brasília",
		"estado": "DF",
		"telefone_fixo": "(61) 3520-0955",
		"celular": "(61) 98410-0424",
		"altura": "1,62",
		"peso": 50,
		"tipo_sanguineo": "A-",
		"cor": "preto"
	},
	{
		"nome": "Geraldo Gael da Mota",
		"idade": 23,
		"cpf": "375.737.001-56",
		"rg": "21.805.066-5",
		"data_nasc": "05/01/2000",
		"sexo": "Masculino",
		"signo": "Capricórnio",
		"mae": "Carla Lúcia Isabelly",
		"pai": "Benedito Luís Emanuel da Mota",
		"email": "geraldo.gael.damota@clcimoveis.com.br",
		"senha": "OXm1S7YRP3",
		"cep": "73065-163",
		"endereco": "Conjunto AR 16 Conjunto 3",
		"numero": 193,
		"bairro": "Setor Oeste (Sobradinho II)",
		"cidade": "Brasília",
		"estado": "DF",
		"telefone_fixo": "(61) 3788-5372",
		"celular": "(61) 98835-4531",
		"altura": "1,61",
		"peso": 83,
		"tipo_sanguineo": "A+",
		"cor": "vermelho"
	},
	{
		"nome": "Fabiana Andreia Ribeiro",
		"idade": 31,
		"cpf": "317.233.961-09",
		"rg": "25.450.569-7",
		"data_nasc": "11/02/1992",
		"sexo": "Feminino",
		"signo": "Aquário",
		"mae": "Luna Maria Heloisa",
		"pai": "Renato Diego Vicente Ribeiro",
		"email": "fabiana_andreia_ribeiro@parker.com",
		"senha": "W8bdLHX4gZ",
		"cep": "72444-155",
		"endereco": "Colônia Agrícola Córrego do Crispim Chácara 53",
		"numero": 655,
		"bairro": "Setor Leste (Gama)",
		"cidade": "Brasília",
		"estado": "DF",
		"telefone_fixo": "(61) 3615-9736",
		"celular": "(61) 98550-4160",
		"altura": "1,62",
		"peso": 47,
		"tipo_sanguineo": "B+",
		"cor": "amarelo"
	},
	{
		"nome": "Sebastião Levi Leonardo Sales",
		"idade": 78,
		"cpf": "810.662.421-86",
		"rg": "18.701.280-5",
		"data_nasc": "13/02/1945",
		"sexo": "Masculino",
		"signo": "Aquário",
		"mae": "Sandra Teresinha Natália",
		"pai": "Mário Vinicius Thiago Sales",
		"email": "sebastiao-sales72@progetamos.com.br",
		"senha": "Bos419MWmY",
		"cep": "71572-403",
		"endereco": "Quadra Quadra 24 Conjunto C",
		"numero": 306,
		"bairro": "Paranoá",
		"cidade": "Brasília",
		"estado": "DF",
		"telefone_fixo": "(61) 3650-5752",
		"celular": "(61) 98179-1253",
		"altura": "1,91",
		"peso": 89,
		"tipo_sanguineo": "A-",
		"cor": "preto"
	},
	{
		"nome": "Jaqueline Sophia Fátima Ferreira",
		"idade": 77,
		"cpf": "058.825.081-34",
		"rg": "22.649.898-0",
		"data_nasc": "04/02/1946",
		"sexo": "Feminino",
		"signo": "Aquário",
		"mae": "Marli Aline Manuela",
		"pai": "Yuri Davi Ferreira",
		"email": "jaquelinesophiaferreira@oi15.com.br",
		"senha": "0qjFlaIefG",
		"cep": "71995-095",
		"endereco": "Conjunto SHA Conjunto 5 Chácara 13B",
		"numero": 823,
		"bairro": "Setor Habitacional Arniqueira (Águas Claras)",
		"cidade": "Brasília",
		"estado": "DF",
		"telefone_fixo": "(61) 2782-4111",
		"celular": "(61) 99228-7194",
		"altura": "1,84",
		"peso": 70,
		"tipo_sanguineo": "AB+",
		"cor": "azul"
	},
	{
		"nome": "Heloisa Rita Sophia da Cruz",
		"idade": 79,
		"cpf": "923.769.561-61",
		"rg": "27.416.644-6",
		"data_nasc": "16/02/1944",
		"sexo": "Feminino",
		"signo": "Aquário",
		"mae": "Julia Elaine",
		"pai": "Bryan Arthur da Cruz",
		"email": "heloisa.rita.dacruz@universo3d.com.br",
		"senha": "CxCzY3rfSi",
		"cep": "72210-266",
		"endereco": "Quadra QNM 26 Conjunto F",
		"numero": 340,
		"bairro": "Ceilândia Norte (Ceilândia)",
		"cidade": "Brasília",
		"estado": "DF",
		"telefone_fixo": "(61) 2859-6647",
		"celular": "(61) 99685-5546",
		"altura": "1,56",
		"peso": 87,
		"tipo_sanguineo": "AB+",
		"cor": "amarelo"
	},
	{
		"nome": "Raul Arthur Lopes",
		"idade": 27,
		"cpf": "751.043.411-43",
		"rg": "14.789.814-6",
		"data_nasc": "27/01/1996",
		"sexo": "Masculino",
		"signo": "Aquário",
		"mae": "Isabelle Olivia",
		"pai": "Tomás Gustavo Lopes",
		"email": "raularthurlopes@qmagico.com.br",
		"senha": "F7Dao7TgE0",
		"cep": "72316-092",
		"endereco": "Quadra QR 204 Conjunto 12",
		"numero": 744,
		"bairro": "Samambaia Norte (Samambaia)",
		"cidade": "Brasília",
		"estado": "DF",
		"telefone_fixo": "(61) 3963-4230",
		"celular": "(61) 99933-1404",
		"altura": "1,95",
		"peso": 55,
		"tipo_sanguineo": "B-",
		"cor": "vermelho"
	},
	{
		"nome": "Aurora Andreia Viana",
		"idade": 79,
		"cpf": "445.180.061-78",
		"rg": "19.854.708-0",
		"data_nasc": "14/01/1944",
		"sexo": "Feminino",
		"signo": "Capricórnio",
		"mae": "Aparecida Alícia Andreia",
		"pai": "Arthur Raul Juan Viana",
		"email": "aurora.andreia.viana@lifefp.com.br",
		"senha": "NUQ2wQKnLK",
		"cep": "72261-038",
		"endereco": "Quadra QNO 19 Conjunto 38",
		"numero": 587,
		"bairro": "Ceilândia Norte (Ceilândia)",
		"cidade": "Brasília",
		"estado": "DF",
		"telefone_fixo": "(61) 3545-8422",
		"celular": "(61) 99760-5214",
		"altura": "1,69",
		"peso": 46,
		"tipo_sanguineo": "A-",
		"cor": "laranja"
	},
	{
		"nome": "Luís Anderson Nunes",
		"idade": 54,
		"cpf": "513.624.581-63",
		"rg": "27.565.676-7",
		"data_nasc": "07/02/1969",
		"sexo": "Masculino",
		"signo": "Aquário",
		"mae": "Débora Luciana Eloá",
		"pai": "Raimundo Márcio Nunes",
		"email": "luis_anderson_nunes@vipsaude.com.br",
		"senha": "wHIrWhQBnp",
		"cep": "72215-073",
		"endereco": "Quadra QNM 7 Conjunto C",
		"numero": 236,
		"bairro": "Ceilândia Sul (Ceilândia)",
		"cidade": "Brasília",
		"estado": "DF",
		"telefone_fixo": "(61) 3794-1132",
		"celular": "(61) 99523-1930",
		"altura": "1,67",
		"peso": 61,
		"tipo_sanguineo": "A+",
		"cor": "amarelo"
	},
	{
		"nome": "Marli Isabelly Carvalho",
		"idade": 46,
		"cpf": "768.579.101-38",
		"rg": "44.990.253-5",
		"data_nasc": "05/01/1977",
		"sexo": "Feminino",
		"signo": "Capricórnio",
		"mae": "Melissa Rita",
		"pai": "Diogo Giovanni Lorenzo Carvalho",
		"email": "marli_isabelly_carvalho@bseletronicos.com.br",
		"senha": "r3osx0RGTj",
		"cep": "72504-303",
		"endereco": "Quadra EQ 304/307 Módulo C",
		"numero": 493,
		"bairro": "Santa Maria",
		"cidade": "Brasília",
		"estado": "DF",
		"telefone_fixo": "(61) 3980-2666",
		"celular": "(61) 98657-2350",
		"altura": "1,64",
		"peso": 48,
		"tipo_sanguineo": "B+",
		"cor": "laranja"
	},
	{
		"nome": "Caleb Alexandre Bruno de Paula",
		"idade": 36,
		"cpf": "193.398.471-64",
		"rg": "19.069.593-6",
		"data_nasc": "12/02/1987",
		"sexo": "Masculino",
		"signo": "Aquário",
		"mae": "Teresinha Nair Isabel",
		"pai": "Ricardo Bento de Paula",
		"email": "caleb_depaula@cenia.com.br",
		"senha": "YtwtEFyYgn",
		"cep": "71691-635",
		"endereco": "Quadra Quadra 307 Conjunto 3",
		"numero": 321,
		"bairro": "Setor Residencial Oeste (São Sebastião)",
		"cidade": "Brasília",
		"estado": "DF",
		"telefone_fixo": "(61) 2528-7146",
		"celular": "(61) 98454-6868",
		"altura": "1,67",
		"peso": 83,
		"tipo_sanguineo": "B+",
		"cor": "roxo"
	},
	{
		"nome": "Carla Maya Dias",
		"idade": 54,
		"cpf": "275.608.491-30",
		"rg": "20.078.065-7",
		"data_nasc": "17/02/1969",
		"sexo": "Feminino",
		"signo": "Aquário",
		"mae": "Débora Isabelly",
		"pai": "Mário Leandro Vicente Dias",
		"email": "carla.maya.dias@corp.globo.com",
		"senha": "1iXKNEOQoZ",
		"cep": "72312-806",
		"endereco": "Quadra QR 512 Conjunto 6",
		"numero": 129,
		"bairro": "Samambaia Sul (Samambaia)",
		"cidade": "Brasília",
		"estado": "DF",
		"telefone_fixo": "(61) 3766-6778",
		"celular": "(61) 98558-0195",
		"altura": "1,68",
		"peso": 56,
		"tipo_sanguineo": "O-",
		"cor": "preto"
	},
	{
		"nome": "Flávia Emanuelly Kamilly da Luz",
		"idade": 22,
		"cpf": "545.682.841-39",
		"rg": "16.004.032-2",
		"data_nasc": "22/02/2001",
		"sexo": "Feminino",
		"signo": "Peixes",
		"mae": "Carla Mariah",
		"pai": "Renato Daniel Pietro da Luz",
		"email": "flaviaemanuellydaluz@nonesiglio.com.br",
		"senha": "EbIzB0hxsP",
		"cep": "72323-569",
		"endereco": "Quadra QS 417 Conjunto I",
		"numero": 170,
		"bairro": "Samambaia Norte (Samambaia)",
		"cidade": "Brasília",
		"estado": "DF",
		"telefone_fixo": "(61) 3856-5146",
		"celular": "(61) 99732-7188",
		"altura": "1,70",
		"peso": 46,
		"tipo_sanguineo": "O+",
		"cor": "laranja"
	},
	{
		"nome": "Marlene Bárbara Antônia Pires",
		"idade": 52,
		"cpf": "352.902.331-05",
		"rg": "16.123.314-4",
		"data_nasc": "23/02/1971",
		"sexo": "Feminino",
		"signo": "Peixes",
		"mae": "Raquel Cecília",
		"pai": "Matheus Paulo Vitor Pires",
		"email": "marlene_barbara_pires@lhp.com.br",
		"senha": "S1E0Nr1Hcq",
		"cep": "71715-060",
		"endereco": "Avenida Segunda Avenida Entre Bloco 960/1060",
		"numero": 531,
		"bairro": "Núcleo Bandeirante",
		"cidade": "Brasília",
		"estado": "DF",
		"telefone_fixo": "(61) 3624-6080",
		"celular": "(61) 99766-4459",
		"altura": "1,51",
		"peso": 78,
		"tipo_sanguineo": "A-",
		"cor": "vermelho"
	},
	{
		"nome": "Murilo Heitor Freitas",
		"idade": 75,
		"cpf": "325.762.821-80",
		"rg": "10.088.239-0",
		"data_nasc": "17/02/1948",
		"sexo": "Masculino",
		"signo": "Aquário",
		"mae": "Isabelly Rita Aurora",
		"pai": "Henrique André Erick Freitas",
		"email": "murilo_freitas@icloud.com",
		"senha": "wr1OUjaTj1",
		"cep": "71635-130",
		"endereco": "Quadra SHIS QI 13 Conjunto 13",
		"numero": 156,
		"bairro": "Setor de Habitações Individuais Sul",
		"cidade": "Brasília",
		"estado": "DF",
		"telefone_fixo": "(61) 3904-3913",
		"celular": "(61) 98555-6567",
		"altura": "1,83",
		"peso": 105,
		"tipo_sanguineo": "AB-",
		"cor": "preto"
	},
	{
		"nome": "Andreia Larissa Gonçalves",
		"idade": 76,
		"cpf": "348.416.841-23",
		"rg": "14.765.728-3",
		"data_nasc": "11/01/1947",
		"sexo": "Feminino",
		"signo": "Capricórnio",
		"mae": "Elza Alícia",
		"pai": "Caleb Leonardo Eduardo Gonçalves",
		"email": "andreialarissagoncalves@uol.com.br",
		"senha": "BMNUPEI9p2",
		"cep": "73015-616",
		"endereco": "Quadra Quadra 2 Conjunto E-16",
		"numero": 910,
		"bairro": "Sobradinho",
		"cidade": "Brasília",
		"estado": "DF",
		"telefone_fixo": "(61) 3516-4641",
		"celular": "(61) 99942-1988",
		"altura": "1,55",
		"peso": 77,
		"tipo_sanguineo": "A+",
		"cor": "verde"
	},
	{
		"nome": "Leonardo Osvaldo Leandro Figueiredo",
		"idade": 20,
		"cpf": "782.936.221-13",
		"rg": "44.815.337-3",
		"data_nasc": "10/02/2003",
		"sexo": "Masculino",
		"signo": "Aquário",
		"mae": "Rosa Eliane Mariana",
		"pai": "Cauê Danilo Davi Figueiredo",
		"email": "leonardoosvaldofigueiredo@life.com",
		"senha": "AEDG0xUBmD",
		"cep": "72327-107",
		"endereco": "Quadra QR 427 Conjunto 7",
		"numero": 407,
		"bairro": "Samambaia Norte (Samambaia)",
		"cidade": "Brasília",
		"estado": "DF",
		"telefone_fixo": "(61) 2505-9838",
		"celular": "(61) 99344-9421",
		"altura": "1,60",
		"peso": 65,
		"tipo_sanguineo": "B-",
		"cor": "vermelho"
	},
	{
		"nome": "Sebastiana Sarah Pinto",
		"idade": 33,
		"cpf": "892.834.671-16",
		"rg": "36.730.293-7",
		"data_nasc": "20/01/1990",
		"sexo": "Feminino",
		"signo": "Capricórnio",
		"mae": "Mariana Ayla Fabiana",
		"pai": "Tiago Miguel Pinto",
		"email": "sebastiana-pinto83@abdalathomaz.adv.br",
		"senha": "qPopp63d2Z",
		"cep": "72578-250",
		"endereco": "Chácara Chácaras 15",
		"numero": 670,
		"bairro": "Núcleo Rural Hortigranjeiro de Santa Maria",
		"cidade": "Brasília",
		"estado": "DF",
		"telefone_fixo": "(61) 2524-4675",
		"celular": "(61) 98350-4269",
		"altura": "1,80",
		"peso": 47,
		"tipo_sanguineo": "A-",
		"cor": "laranja"
	},
	{
		"nome": "Kamilly Vera Elza Galvão",
		"idade": 35,
		"cpf": "327.742.711-00",
		"rg": "26.822.375-0",
		"data_nasc": "16/02/1988",
		"sexo": "Feminino",
		"signo": "Aquário",
		"mae": "Márcia Jaqueline",
		"pai": "Tomás Samuel Galvão",
		"email": "kamilly_vera_galvao@estruturalbr.com.br",
		"senha": "DrPzwuXuUK",
		"cep": "70675-402",
		"endereco": "Quadra QRSW 4 Bloco A-2",
		"numero": 753,
		"bairro": "Setor Sudoeste",
		"cidade": "Brasília",
		"estado": "DF",
		"telefone_fixo": "(61) 3768-7585",
		"celular": "(61) 99287-4603",
		"altura": "1,84",
		"peso": 65,
		"tipo_sanguineo": "O+",
		"cor": "preto"
	},
	{
		"nome": "Vitória Rita dos Santos",
		"idade": 47,
		"cpf": "679.766.731-30",
		"rg": "41.727.289-3",
		"data_nasc": "15/02/1976",
		"sexo": "Feminino",
		"signo": "Aquário",
		"mae": "Lara Julia Gabrielly",
		"pai": "Anderson Yuri dos Santos",
		"email": "vitoria-dossantos94@maxilajes.com.br",
		"senha": "uUjJC3hEy1",
		"cep": "72015-140",
		"endereco": "Quadra QSA 14",
		"numero": 388,
		"bairro": "Taguatinga Sul (Taguatinga)",
		"cidade": "Brasília",
		"estado": "DF",
		"telefone_fixo": "(61) 3926-0342",
		"celular": "(61) 99450-9503",
		"altura": "1,73",
		"peso": 74,
		"tipo_sanguineo": "AB+",
		"cor": "laranja"
	},
	{
		"nome": "Joaquim Jorge Brito",
		"idade": 70,
		"cpf": "692.663.741-56",
		"rg": "10.617.024-7",
		"data_nasc": "07/01/1953",
		"sexo": "Masculino",
		"signo": "Capricórnio",
		"mae": "Isabella Andreia",
		"pai": "Geraldo Samuel Brito",
		"email": "joaquim.jorge.brito@zootecnista.com.br",
		"senha": "Du9gH23T6L",
		"cep": "72312-704",
		"endereco": "Quadra QN 512 Conjunto 4",
		"numero": 961,
		"bairro": "Samambaia Sul (Samambaia)",
		"cidade": "Brasília",
		"estado": "DF",
		"telefone_fixo": "(61) 3909-1513",
		"celular": "(61) 98739-4785",
		"altura": "1,68",
		"peso": 74,
		"tipo_sanguineo": "A+",
		"cor": "vermelho"
	},
	{
		"nome": "Giovana Cláudia Drumond",
		"idade": 58,
		"cpf": "152.699.371-66",
		"rg": "44.454.829-4",
		"data_nasc": "23/01/1965",
		"sexo": "Feminino",
		"signo": "Aquário",
		"mae": "Marcela Allana Melissa",
		"pai": "Manuel Anthony Drumond",
		"email": "giovanaclaudiadrumond@iclud.com",
		"senha": "stLCTZGjG2",
		"cep": "72547-325",
		"endereco": "Entre Quadra 417-517 Módulo E",
		"numero": 934,
		"bairro": "Santa Maria",
		"cidade": "Brasília",
		"estado": "DF",
		"telefone_fixo": "(61) 3546-5905",
		"celular": "(61) 98310-1001",
		"altura": "1,79",
		"peso": 80,
		"tipo_sanguineo": "AB-",
		"cor": "vermelho"
	}
]