[
	{
		"nome": "Lúcia Renata Aparício",
		"idade": 60,
		"cpf": "092.051.871-00",
		"rg": "45.492.924-9",
		"data_nasc": "03/02/1963",
		"sexo": "Feminino",
		"signo": "Aquário",
		"mae": "Isadora Mariah",
		"pai": "Marcos Miguel Aparício",
		"email": "lucia_renata_aparicio@castromobile.com.br",
		"senha": "f9cnFDmthZ",
		"cep": "72545-514",
		"endereco": "Quadra QR 315 Conjunto N",
		"numero": 292,
		"bairro": "Santa Maria",
		"cidade": "Brasília",
		"estado": "DF",
		"telefone_fixo": "(61) 2941-7092",
		"celular": "(61) 98278-8145",
		"altura": "1,66",
		"peso": 52,
		"tipo_sanguineo": "A+",
		"cor": "azul"
	},
	{
		"nome": "Kevin Gustavo Samuel Nunes",
		"idade": 45,
		"cpf": "785.812.661-00",
		"rg": "42.727.532-5",
		"data_nasc": "19/01/1978",
		"sexo": "Masculino",
		"signo": "Capricórnio",
		"mae": "Isis Alessandra",
		"pai": "Gustavo Manuel Manuel Nunes",
		"email": "kevin_gustavo_nunes@jeffersonbarroso.com.br",
		"senha": "GE07sp63D1",
		"cep": "71510-070",
		"endereco": "Quadra SHIN QI 2 Conjunto 7",
		"numero": 322,
		"bairro": "Setor de Habitações Individuais Norte",
		"cidade": "Brasília",
		"estado": "DF",
		"telefone_fixo": "(61) 3582-6668",
		"celular": "(61) 98254-4725",
		"altura": "1,84",
		"peso": 85,
		"tipo_sanguineo": "B+",
		"cor": "vermelho"
	},
	{
		"nome": "Ian Danilo Gustavo Dias",
		"idade": 45,
		"cpf": "871.930.691-10",
		"rg": "13.575.123-8",
		"data_nasc": "11/02/1978",
		"sexo": "Masculino",
		"signo": "Aquário",
		"mae": "Clarice Eliane",
		"pai": "Manuel Mateus Marcelo Dias",
		"email": "ian_dias@pig.com.br",
		"senha": "uGYNW96zjl",
		"cep": "70804-250",
		"endereco": "Rua Sergipe",
		"numero": 773,
		"bairro": "Vila Planalto",
		"cidade": "Brasília",
		"estado": "DF",
		"telefone_fixo": "(61) 3829-3540",
		"celular": "(61) 98503-5684",
		"altura": "1,70",
		"peso": 73,
		"tipo_sanguineo": "AB+",
		"cor": "amarelo"
	},
	{
		"nome": "Manuela Cristiane Aline Pires",
		"idade": 35,
		"cpf": "797.642.991-48",
		"rg": "27.091.864-4",
		"data_nasc": "20/01/1988",
		"sexo": "Feminino",
		"signo": "Capricórnio",
		"mae": "Aurora Benedita",
		"pai": "Edson Sérgio Bryan Pires",
		"email": "manuela_cristiane_pires@effem.com",
		"senha": "LpuqH81Qnu",
		"cep": "71680-240",
		"endereco": "Conjunto SMDB Conjunto 24",
		"numero": 185,
		"bairro": "Setor de Mansões Dom Bosco",
		"cidade": "Brasília",
		"estado": "DF",
		"telefone_fixo": "(61) 2650-5283",
		"celular": "(61) 99935-1187",
		"altura": "1,63",
		"peso": 72,
		"tipo_sanguineo": "B-",
		"cor": "preto"
	},
	{
		"nome": "César Lucas Souza",
		"idade": 26,
		"cpf": "076.660.701-10",
		"rg": "45.323.488-4",
		"data_nasc": "27/01/1997",
		"sexo": "Masculino",
		"signo": "Aquário",
		"mae": "Hadassa Renata Bárbara",
		"pai": "Marcelo Pedro Souza",
		"email": "cesar-souza85@ipk.org.br",
		"senha": "fQLxHhF2kL",
		"cep": "71699-312",
		"endereco": "Quadra QC 7 Rua A",
		"numero": 860,
		"bairro": "Jardins Mangueiral (São Sebastião)",
		"cidade": "Brasília",
		"estado": "DF",
		"telefone_fixo": "(61) 2885-5163",
		"celular": "(61) 99474-4250",
		"altura": "1,64",
		"peso": 78,
		"tipo_sanguineo": "O+",
		"cor": "vermelho"
	},
	{
		"nome": "Geraldo Yago Bento Castro",
		"idade": 43,
		"cpf": "577.721.551-31",
		"rg": "17.147.221-4",
		"data_nasc": "11/01/1980",
		"sexo": "Masculino",
		"signo": "Capricórnio",
		"mae": "Camila Natália Renata",
		"pai": "Pietro Manoel Castro",
		"email": "geraldo_castro@inepar.com.br",
		"senha": "GiWriN3CD0",
		"cep": "72146-009",
		"endereco": "Quadra QNM 40 Conjunto I",
		"numero": 883,
		"bairro": "Taguatinga Norte (Taguatinga)",
		"cidade": "Brasília",
		"estado": "DF",
		"telefone_fixo": "(61) 3693-1741",
		"celular": "(61) 99143-6123",
		"altura": "1,78",
		"peso": 105,
		"tipo_sanguineo": "O-",
		"cor": "vermelho"
	},
	{
		"nome": "Isabelly Betina Isabel Cavalcanti",
		"idade": 50,
		"cpf": "427.806.461-60",
		"rg": "36.222.587-4",
		"data_nasc": "19/02/1973",
		"sexo": "Feminino",
		"signo": "Aquário",
		"mae": "Vera Tereza",
		"pai": "Murilo Yago Vicente Cavalcanti",
		"email": "isabellybetinacavalcanti@live.dk",
		"senha": "dCN59A5Mjn",
		"cep": "73391-500",
		"endereco": "Quadra Residencial Condomínio Sulamericano",
		"numero": 573,
		"bairro": "Planaltina",
		"cidade": "Brasília",
		"estado": "DF",
		"telefone_fixo": "(61) 2662-8381",
		"celular": "(61) 99536-7768",
		"altura": "1,74",
		"peso": 60,
		"tipo_sanguineo": "A+",
		"cor": "vermelho"
	},
	{
		"nome": "Miguel Otávio Sales",
		"idade": 78,
		"cpf": "901.937.831-77",
		"rg": "30.281.525-9",
		"data_nasc": "14/02/1945",
		"sexo": "Masculino",
		"signo": "Aquário",
		"mae": "Caroline Ester Laura",
		"pai": "Rodrigo Otávio Marcelo Sales",
		"email": "miguel-sales78@bidoul.eng.br",
		"senha": "9QLwEagJwc",
		"cep": "70336-030",
		"endereco": "Quadra SQS 303 Bloco C",
		"numero": 717,
		"bairro": "Asa Sul",
		"cidade": "Brasília",
		"estado": "DF",
		"telefone_fixo": "(61) 3822-6294",
		"celular": "(61) 99719-6331",
		"altura": "1,76",
		"peso": 95,
		"tipo_sanguineo": "B+",
		"cor": "laranja"
	},
	{
		"nome": "Heloise Lorena Rodrigues",
		"idade": 37,
		"cpf": "813.115.341-05",
		"rg": "19.904.167-2",
		"data_nasc": "01/01/1986",
		"sexo": "Feminino",
		"signo": "Capricórnio",
		"mae": "Ayla Natália Kamilly",
		"pai": "Paulo Sérgio Alexandre Rodrigues",
		"email": "heloise_rodrigues@unimedara.com.br",
		"senha": "x8jJShxu2o",
		"cep": "73402-003",
		"endereco": "Módulo Módulo 1",
		"numero": 381,
		"bairro": "Estância Mestre D'Armas V (Planaltina)",
		"cidade": "Brasília",
		"estado": "DF",
		"telefone_fixo": "(61) 3729-3404",
		"celular": "(61) 98495-9872",
		"altura": "1,68",
		"peso": 56,
		"tipo_sanguineo": "B+",
		"cor": "verde"
	},
	{
		"nome": "Kaique Pedro Carvalho",
		"idade": 77,
		"cpf": "360.909.231-92",
		"rg": "38.978.415-1",
		"data_nasc": "20/01/1946",
		"sexo": "Masculino",
		"signo": "Capricórnio",
		"mae": "Cláudia Isis",
		"pai": "Vitor Lucca Gabriel Carvalho",
		"email": "kaique_pedro_carvalho@latapack.com.br",
		"senha": "1urU7G7CZM",
		"cep": "72610-318",
		"endereco": "Quadra Quadra 203 Conjunto 18",
		"numero": 504,
		"bairro": "Recanto das Emas",
		"cidade": "Brasília",
		"estado": "DF",
		"telefone_fixo": "(61) 2646-1257",
		"celular": "(61) 99795-3150",
		"altura": "1,94",
		"peso": 95,
		"tipo_sanguineo": "AB+",
		"cor": "azul"
	},
	{
		"nome": "Benedito Diego Fernandes",
		"idade": 49,
		"cpf": "920.290.721-84",
		"rg": "49.894.076-7",
		"data_nasc": "18/01/1974",
		"sexo": "Masculino",
		"signo": "Capricórnio",
		"mae": "Eduarda Catarina",
		"pai": "Matheus Benedito Lucas Fernandes",
		"email": "benedito_diego_fernandes@guiamaritimo.com.br",
		"senha": "gTwX841Y2u",
		"cep": "71996-095",
		"endereco": "Conjunto SHA Conjunto 6 Chácara 13",
		"numero": 372,
		"bairro": "Setor Habitacional Arniqueira (Águas Claras)",
		"cidade": "Brasília",
		"estado": "DF",
		"telefone_fixo": "(61) 2892-4764",
		"celular": "(61) 99826-3246",
		"altura": "2,00",
		"peso": 107,
		"tipo_sanguineo": "AB-",
		"cor": "verde"
	},
	{
		"nome": "Mateus Benjamin Caleb Moura",
		"idade": 29,
		"cpf": "611.578.571-59",
		"rg": "38.583.816-5",
		"data_nasc": "11/02/1994",
		"sexo": "Masculino",
		"signo": "Aquário",
		"mae": "Pietra Brenda Antônia",
		"pai": "Leandro Geraldo Moura",
		"email": "mateusbenjaminmoura@santander.com.br",
		"senha": "cuX4xk9ha3",
		"cep": "72325-588",
		"endereco": "Quadra QS 423 Conjunto H",
		"numero": 392,
		"bairro": "Samambaia Norte (Samambaia)",
		"cidade": "Brasília",
		"estado": "DF",
		"telefone_fixo": "(61) 2764-3614",
		"celular": "(61) 98262-4781",
		"altura": "1,75",
		"peso": 60,
		"tipo_sanguineo": "A-",
		"cor": "vermelho"
	},
	{
		"nome": "Ricardo Alexandre Figueiredo",
		"idade": 63,
		"cpf": "441.357.431-10",
		"rg": "29.678.696-2",
		"data_nasc": "23/02/1960",
		"sexo": "Masculino",
		"signo": "Peixes",
		"mae": "Aline Malu Rita",
		"pai": "Isaac Eduardo Benedito Figueiredo",
		"email": "ricardo.alexandre.figueiredo@torrez.com.br",
		"senha": "HbGwJ82UkP",
		"cep": "71010-081",
		"endereco": "Quadra QI 2 Área Central",
		"numero": 887,
		"bairro": "Guará I",
		"cidade": "Brasília",
		"estado": "DF",
		"telefone_fixo": "(61) 3565-6075",
		"celular": "(61) 99803-3400",
		"altura": "1,76",
		"peso": 100,
		"tipo_sanguineo": "AB-",
		"cor": "azul"
	},
	{
		"nome": "Marcos Vinicius Carlos Brito",
		"idade": 80,
		"cpf": "976.602.891-52",
		"rg": "30.272.325-0",
		"data_nasc": "02/02/1943",
		"sexo": "Masculino",
		"signo": "Aquário",
		"mae": "Rafaela Luna Luna",
		"pai": "Caio Raul Brito",
		"email": "marcos_brito@email.tst",
		"senha": "Exddnrwb5t",
		"cep": "72317-101",
		"endereco": "Quadra QR 523 Conjunto 1",
		"numero": 385,
		"bairro": "Samambaia Sul (Samambaia)",
		"cidade": "Brasília",
		"estado": "DF",
		"telefone_fixo": "(61) 3764-2548",
		"celular": "(61) 99668-3361",
		"altura": "1,79",
		"peso": 64,
		"tipo_sanguineo": "B-",
		"cor": "laranja"
	},
	{
		"nome": "Kauê Murilo da Mata",
		"idade": 59,
		"cpf": "490.725.961-10",
		"rg": "34.299.934-5",
		"data_nasc": "25/02/1964",
		"sexo": "Masculino",
		"signo": "Peixes",
		"mae": "Tânia Patrícia Mariana",
		"pai": "Tomás Kaique Luiz da Mata",
		"email": "kaue-damata94@vmetaiscba.com.br",
		"senha": "Pb00OPAtkN",
		"cep": "72251-504",
		"endereco": "Quadra EQNO 5/7 Bloco D",
		"numero": 915,
		"bairro": "Ceilândia Norte (Ceilândia)",
		"cidade": "Brasília",
		"estado": "DF",
		"telefone_fixo": "(61) 2907-5021",
		"celular": "(61) 99250-7998",
		"altura": "1,78",
		"peso": 75,
		"tipo_sanguineo": "AB-",
		"cor": "vermelho"
	},
	{
		"nome": "Iago Nicolas Carlos Eduardo Jesus",
		"idade": 40,
		"cpf": "278.269.891-59",
		"rg": "35.449.071-0",
		"data_nasc": "23/01/1983",
		"sexo": "Masculino",
		"signo": "Aquário",
		"mae": "Catarina Nina Yasmin",
		"pai": "Anderson Bruno Mário Jesus",
		"email": "iago-jesus91@icloub.com",
		"senha": "lz9fDZFNLe",
		"cep": "73015-402",
		"endereco": "Quadra Quadra 2 Conjunto D-2",
		"numero": 297,
		"bairro": "Sobradinho",
		"cidade": "Brasília",
		"estado": "DF",
		"telefone_fixo": "(61) 3552-1856",
		"celular": "(61) 98974-9427",
		"altura": "1,82",
		"peso": 66,
		"tipo_sanguineo": "A+",
		"cor": "laranja"
	},
	{
		"nome": "Cláudia Daniela Baptista",
		"idade": 80,
		"cpf": "641.666.841-67",
		"rg": "47.219.286-3",
		"data_nasc": "03/01/1943",
		"sexo": "Feminino",
		"signo": "Capricórnio",
		"mae": "Evelyn Joana Allana",
		"pai": "Benício Lorenzo Enzo Baptista",
		"email": "claudiadanielabaptista@igi.com.br",
		"senha": "pm42SgGwya",
		"cep": "72225-525",
		"endereco": "Quadra EQNN 1/3 Bloco E",
		"numero": 464,
		"bairro": "Ceilândia Norte (Ceilândia)",
		"cidade": "Brasília",
		"estado": "DF",
		"telefone_fixo": "(61) 2706-7807",
		"celular": "(61) 99837-5783",
		"altura": "1,54",
		"peso": 68,
		"tipo_sanguineo": "A-",
		"cor": "laranja"
	},
	{
		"nome": "Rita Aline Analu Farias",
		"idade": 35,
		"cpf": "965.860.311-41",
		"rg": "21.260.380-2",
		"data_nasc": "09/01/1988",
		"sexo": "Feminino",
		"signo": "Capricórnio",
		"mae": "Carolina Stefany",
		"pai": "Pedro Nicolas Fernando Farias",
		"email": "rita_aline_farias@capua.com.br",
		"senha": "YNuRw0a7f1",
		"cep": "70673-432",
		"endereco": "Quadra SQSW 306 Bloco B",
		"numero": 265,
		"bairro": "Setor Sudoeste",
		"cidade": "Brasília",
		"estado": "DF",
		"telefone_fixo": "(61) 3804-9138",
		"celular": "(61) 98475-8876",
		"altura": "1,68",
		"peso": 63,
		"tipo_sanguineo": "B+",
		"cor": "roxo"
	},
	{
		"nome": "Oliver Nicolas Gomes",
		"idade": 61,
		"cpf": "214.072.721-52",
		"rg": "29.109.859-9",
		"data_nasc": "23/01/1962",
		"sexo": "Masculino",
		"signo": "Aquário",
		"mae": "Vanessa Eliane Nicole",
		"pai": "Pedro Henrique Kauê Tiago Gomes",
		"email": "oliver-gomes74@arganet.com.br",
		"senha": "262KcWqihZ",
		"cep": "73006-080",
		"endereco": "Quadra Quadra 8 Área Especial 3",
		"numero": 359,
		"bairro": "Sobradinho",
		"cidade": "Brasília",
		"estado": "DF",
		"telefone_fixo": "(61) 3982-7610",
		"celular": "(61) 98587-6823",
		"altura": "1,81",
		"peso": 85,
		"tipo_sanguineo": "AB-",
		"cor": "laranja"
	},
	{
		"nome": "Tatiane Patrícia Silveira",
		"idade": 45,
		"cpf": "780.213.791-89",
		"rg": "17.308.663-9",
		"data_nasc": "08/02/1978",
		"sexo": "Feminino",
		"signo": "Aquário",
		"mae": "Sophia Rosângela",
		"pai": "Gabriel Paulo Silveira",
		"email": "tatiane.patricia.silveira@mtc.eng.br",
		"senha": "xgGrhznjLq",
		"cep": "70374-540",
		"endereco": "Quadra CLS 111 Bloco D",
		"numero": 164,
		"bairro": "Asa Sul",
		"cidade": "Brasília",
		"estado": "DF",
		"telefone_fixo": "(61) 3600-5450",
		"celular": "(61) 99508-9883",
		"altura": "1,74",
		"peso": 63,
		"tipo_sanguineo": "O+",
		"cor": "preto"
	},
	{
		"nome": "Lavínia Aparecida Cardoso",
		"idade": 38,
		"cpf": "684.054.381-14",
		"rg": "24.522.048-3",
		"data_nasc": "05/02/1985",
		"sexo": "Feminino",
		"signo": "Aquário",
		"mae": "Antonella Ayla",
		"pai": "César Joaquim Márcio Cardoso",
		"email": "laviniaaparecidacardoso@br.ibn.com",
		"senha": "9Nyt48cemA",
		"cep": "73270-515",
		"endereco": "Condomínio Lara Conjunto C",
		"numero": 465,
		"bairro": "Nova Colina (Sobradinho)",
		"cidade": "Brasília",
		"estado": "DF",
		"telefone_fixo": "(61) 2913-1007",
		"celular": "(61) 99222-4356",
		"altura": "1,76",
		"peso": 50,
		"tipo_sanguineo": "B-",
		"cor": "amarelo"
	},
	{
		"nome": "Caroline Isabela Antonella da Conceição",
		"idade": 64,
		"cpf": "231.125.041-86",
		"rg": "26.090.926-9",
		"data_nasc": "14/01/1959",
		"sexo": "Feminino",
		"signo": "Capricórnio",
		"mae": "Rosa Alícia Andrea",
		"pai": "Alexandre Diogo Benício da Conceição",
		"email": "carolineisabeladaconceicao@expressotaubate.com.br",
		"senha": "eeYJp19Eya",
		"cep": "71881-603",
		"endereco": "Quadra QN 10 Conjunto 3",
		"numero": 115,
		"bairro": "Riacho Fundo II",
		"cidade": "Brasília",
		"estado": "DF",
		"telefone_fixo": "(61) 2901-3431",
		"celular": "(61) 98233-4795",
		"altura": "1,78",
		"peso": 80,
		"tipo_sanguineo": "B-",
		"cor": "verde"
	},
	{
		"nome": "Jaqueline Sophia Isabelle Campos",
		"idade": 48,
		"cpf": "479.173.161-14",
		"rg": "35.592.833-4",
		"data_nasc": "13/01/1975",
		"sexo": "Feminino",
		"signo": "Capricórnio",
		"mae": "Pietra Lara Mariana",
		"pai": "Noah Tiago Kevin Campos",
		"email": "jaqueline.sophia.campos@tce.sp.gov.br",
		"senha": "skHgLSRr26",
		"cep": "72316-207",
		"endereco": "Quadra QR 210 Conjunto 7",
		"numero": 144,
		"bairro": "Samambaia Norte (Samambaia)",
		"cidade": "Brasília",
		"estado": "DF",
		"telefone_fixo": "(61) 3507-4979",
		"celular": "(61) 99408-8682",
		"altura": "1,71",
		"peso": 46,
		"tipo_sanguineo": "AB-",
		"cor": "preto"
	},
	{
		"nome": "Bryan Oliver Rodrigo dos Santos",
		"idade": 45,
		"cpf": "952.026.621-65",
		"rg": "18.503.222-9",
		"data_nasc": "21/01/1978",
		"sexo": "Masculino",
		"signo": "Aquário",
		"mae": "Antônia Julia",
		"pai": "Matheus Anderson dos Santos",
		"email": "bryan.oliver.dossantos@uninet.com.br",
		"senha": "DpjlnA7bQr",
		"cep": "72007-409",
		"endereco": "Rua Rua 10 Chácara 325",
		"numero": 641,
		"bairro": "Setor Habitacional Vicente Pires",
		"cidade": "Brasília",
		"estado": "DF",
		"telefone_fixo": "(61) 3819-4472",
		"celular": "(61) 99321-0677",
		"altura": "1,89",
		"peso": 80,
		"tipo_sanguineo": "B+",
		"cor": "preto"
	},
	{
		"nome": "Isabel Adriana Costa",
		"idade": 77,
		"cpf": "418.150.571-57",
		"rg": "15.973.389-3",
		"data_nasc": "13/01/1946",
		"sexo": "Feminino",
		"signo": "Capricórnio",
		"mae": "Elaine Jennifer",
		"pai": "Bernardo Alexandre Costa",
		"email": "isabel.adriana.costa@centerdiesel.com.br",
		"senha": "8FNZN6Qt9T",
		"cep": "72302-510",
		"endereco": "Quadra QS 106",
		"numero": 994,
		"bairro": "Samambaia Sul (Samambaia)",
		"cidade": "Brasília",
		"estado": "DF",
		"telefone_fixo": "(61) 2523-5594",
		"celular": "(61) 98637-2607",
		"altura": "1,55",
		"peso": 66,
		"tipo_sanguineo": "AB+",
		"cor": "amarelo"
	},
	{
		"nome": "Henry Renan da Paz",
		"idade": 77,
		"cpf": "381.860.881-48",
		"rg": "34.103.540-3",
		"data_nasc": "03/01/1946",
		"sexo": "Masculino",
		"signo": "Capricórnio",
		"mae": "Francisca Aparecida Andrea",
		"pai": "Diogo Edson da Paz",
		"email": "henryrenandapaz@deere.com",
		"senha": "wLH6E41nPw",
		"cep": "71732-050",
		"endereco": "Setor SPLM Conjunto 5",
		"numero": 525,
		"bairro": "Setor Placa da Mercedes (Núcleo Bandeirante)",
		"cidade": "Brasília",
		"estado": "DF",
		"telefone_fixo": "(61) 3556-4047",
		"celular": "(61) 98827-2007",
		"altura": "1,73",
		"peso": 53,
		"tipo_sanguineo": "O-",
		"cor": "azul"
	},
	{
		"nome": "Julio Tiago Teixeira",
		"idade": 29,
		"cpf": "553.993.701-58",
		"rg": "50.743.729-9",
		"data_nasc": "24/01/1994",
		"sexo": "Masculino",
		"signo": "Aquário",
		"mae": "Carolina Heloisa",
		"pai": "Osvaldo Otávio Jorge Teixeira",
		"email": "julio.tiago.teixeira@campanati.com.br",
		"senha": "RUUJZCQMQY",
		"cep": "72640-429",
		"endereco": "Quadra Quadra 604 Comércio Local s/n",
		"numero": 592,
		"bairro": "Recanto das Emas",
		"cidade": "Brasília",
		"estado": "DF",
		"telefone_fixo": "(61) 3619-8466",
		"celular": "(61) 98922-7035",
		"altura": "1,95",
		"peso": 53,
		"tipo_sanguineo": "A-",
		"cor": "vermelho"
	},
	{
		"nome": "Joana Luna Raquel Ribeiro",
		"idade": 22,
		"cpf": "614.764.921-31",
		"rg": "40.850.650-7",
		"data_nasc": "02/02/2001",
		"sexo": "Feminino",
		"signo": "Aquário",
		"mae": "Isabella Flávia Milena",
		"pai": "Pietro Nathan Thiago Ribeiro",
		"email": "joanalunaribeiro@gestion.com.br",
		"senha": "mAo4W4Ogoe",
		"cep": "72311-604",
		"endereco": "Quadra QR 503 Conjunto 4",
		"numero": 881,
		"bairro": "Samambaia Sul (Samambaia)",
		"cidade": "Brasília",
		"estado": "DF",
		"telefone_fixo": "(61) 3526-5956",
		"celular": "(61) 99432-2481",
		"altura": "1,64",
		"peso": 68,
		"tipo_sanguineo": "AB+",
		"cor": "verde"
	},
	{
		"nome": "Gabrielly Lorena Mariane Peixoto",
		"idade": 63,
		"cpf": "332.360.991-35",
		"rg": "48.789.118-1",
		"data_nasc": "13/02/1960",
		"sexo": "Feminino",
		"signo": "Aquário",
		"mae": "Agatha Francisca Jéssica",
		"pai": "Benedito Emanuel Peixoto",
		"email": "gabrielly-peixoto98@debiasi.com.br",
		"senha": "k0SQRzLKXK",
		"cep": "71570-611",
		"endereco": "Quadra Quadra 6 Conjunto K",
		"numero": 504,
		"bairro": "Paranoá",
		"cidade": "Brasília",
		"estado": "DF",
		"telefone_fixo": "(61) 3899-5242",
		"celular": "(61) 99334-3903",
		"altura": "1,67",
		"peso": 55,
		"tipo_sanguineo": "AB-",
		"cor": "preto"
	},
	{
		"nome": "Bryan Thales Silva",
		"idade": 40,
		"cpf": "136.541.141-99",
		"rg": "26.085.441-4",
		"data_nasc": "02/01/1983",
		"sexo": "Masculino",
		"signo": "Capricórnio",
		"mae": "Tatiane Elza",
		"pai": "Pedro Henrique Breno Juan Silva",
		"email": "bryan_thales_silva@folha.com.br",
		"senha": "03C2SkrFWf",
		"cep": "72710-046",
		"endereco": "Quadra Quadra 4 Rua F",
		"numero": 310,
		"bairro": "Setor Norte (Brazlândia)",
		"cidade": "Brasília",
		"estado": "DF",
		"telefone_fixo": "(61) 2740-8016",
		"celular": "(61) 99162-4465",
		"altura": "1,68",
		"peso": 51,
		"tipo_sanguineo": "O+",
		"cor": "roxo"
	}
]