[
	{
		"nome": "Bernardo José Oliver Viana",
		"idade": 63,
		"cpf": "321.554.961-17",
		"rg": "49.695.181-6",
		"data_nasc": "23/01/1960",
		"sexo": "Masculino",
		"signo": "Aquário",
		"mae": "Márcia Vanessa Isabelly",
		"pai": "Henrique Juan Juan Viana",
		"email": "bernardo_jose_viana@ulbra.edu.br",
		"senha": "DRrMdsDUgL",
		"cep": "71660-710",
		"endereco": "Quadra SHIS QI 23 Chácaras 1 a 5",
		"numero": 716,
		"bairro": "Setor de Habitações Individuais Sul",
		"cidade": "Brasília",
		"estado": "DF",
		"telefone_fixo": "(61) 3579-2044",
		"celular": "(61) 99101-1216",
		"altura": "1,98",
		"peso": 75,
		"tipo_sanguineo": "AB-",
		"cor": "preto"
	},
	{
		"nome": "Ricardo Manuel Galvão",
		"idade": 26,
		"cpf": "741.112.601-28",
		"rg": "39.300.571-9",
		"data_nasc": "12/02/1997",
		"sexo": "Masculino",
		"signo": "Aquário",
		"mae": "Eduarda Clarice Alícia",
		"pai": "Thales Geraldo Galvão",
		"email": "ricardo_galvao@raffinimobiliario.com.br",
		"senha": "Y24zc2JeJk",
		"cep": "70857-100",
		"endereco": "Quadra SQN 409 Bloco J",
		"numero": 615,
		"bairro": "Asa Norte",
		"cidade": "Brasília",
		"estado": "DF",
		"telefone_fixo": "(61) 3858-8020",
		"celular": "(61) 99206-7214",
		"altura": "2,00",
		"peso": 99,
		"tipo_sanguineo": "O-",
		"cor": "verde"
	},
	{
		"nome": "Caleb Alexandre Nunes",
		"idade": 35,
		"cpf": "241.681.931-36",
		"rg": "18.573.613-0",
		"data_nasc": "10/01/1988",
		"sexo": "Masculino",
		"signo": "Capricórnio",
		"mae": "Ayla Melissa",
		"pai": "Murilo Hugo Kevin Nunes",
		"email": "caleb.alexandre.nunes@tecvap.com.br",
		"senha": "c2oTl674a2",
		"cep": "72240-813",
		"endereco": "Quadra QNP 9 Conjunto M",
		"numero": 542,
		"bairro": "Ceilândia Norte (Ceilândia)",
		"cidade": "Brasília",
		"estado": "DF",
		"telefone_fixo": "(61) 2844-8999",
		"celular": "(61) 98347-0854",
		"altura": "1,64",
		"peso": 100,
		"tipo_sanguineo": "O-",
		"cor": "laranja"
	},
	{
		"nome": "Jaqueline Jennifer Bárbara Monteiro",
		"idade": 56,
		"cpf": "241.162.741-60",
		"rg": "32.643.360-0",
		"data_nasc": "10/01/1967",
		"sexo": "Feminino",
		"signo": "Capricórnio",
		"mae": "Lorena Marcela Elza",
		"pai": "Marcos Vinicius Guilherme Ruan Monteiro",
		"email": "jaqueline_monteiro@yahoo.com.br",
		"senha": "d3cAKozqKL",
		"cep": "72341-301",
		"endereco": "Quadra QR 207 Conjunto 1",
		"numero": 952,
		"bairro": "Samambaia Norte (Samambaia)",
		"cidade": "Brasília",
		"estado": "DF",
		"telefone_fixo": "(61) 2628-1372",
		"celular": "(61) 98875-2719",
		"altura": "1,84",
		"peso": 61,
		"tipo_sanguineo": "AB+",
		"cor": "preto"
	},
	{
		"nome": "Elza Malu Moura",
		"idade": 56,
		"cpf": "484.355.771-47",
		"rg": "29.344.992-2",
		"data_nasc": "04/02/1967",
		"sexo": "Feminino",
		"signo": "Aquário",
		"mae": "Daiane Rosa",
		"pai": "Igor Cláudio Moura",
		"email": "elza_moura@termakui.com.br",
		"senha": "hBQlI0WahW",
		"cep": "72306-208",
		"endereco": "Quadra QN 306 Conjunto 8",
		"numero": 735,
		"bairro": "Samambaia Sul (Samambaia)",
		"cidade": "Brasília",
		"estado": "DF",
		"telefone_fixo": "(61) 2598-0726",
		"celular": "(61) 98812-8166",
		"altura": "1,56",
		"peso": 60,
		"tipo_sanguineo": "AB+",
		"cor": "amarelo"
	},
	{
		"nome": "Breno Noah Vicente Baptista",
		"idade": 22,
		"cpf": "033.020.291-01",
		"rg": "15.849.676-0",
		"data_nasc": "03/01/2001",
		"sexo": "Masculino",
		"signo": "Capricórnio",
		"mae": "Elisa Raimunda",
		"pai": "Emanuel Rafael Baptista",
		"email": "breno_baptista@pozzer.net",
		"senha": "5SjLGL5T9o",
		"cep": "70630-509",
		"endereco": "Quadra QRSN Conjunto 3",
		"numero": 271,
		"bairro": "Setor Militar Urbano",
		"cidade": "Brasília",
		"estado": "DF",
		"telefone_fixo": "(61) 2530-1275",
		"celular": "(61) 99809-3773",
		"altura": "1,85",
		"peso": 70,
		"tipo_sanguineo": "A+",
		"cor": "preto"
	},
	{
		"nome": "Juan Oliver Carvalho",
		"idade": 26,
		"cpf": "258.355.711-43",
		"rg": "34.135.504-5",
		"data_nasc": "04/01/1997",
		"sexo": "Masculino",
		"signo": "Capricórnio",
		"mae": "Yasmin Agatha Silvana",
		"pai": "Heitor Luiz Anderson Carvalho",
		"email": "juan_oliver_carvalho@graficajardim.com.br",
		"senha": "8B4QuhSWoZ",
		"cep": "71699-386",
		"endereco": "Quadra QC 8 Rua M",
		"numero": 601,
		"bairro": "Jardins Mangueiral (São Sebastião)",
		"cidade": "Brasília",
		"estado": "DF",
		"telefone_fixo": "(61) 2792-3803",
		"celular": "(61) 99348-4034",
		"altura": "1,88",
		"peso": 61,
		"tipo_sanguineo": "B-",
		"cor": "laranja"
	},
	{
		"nome": "Isabelle Regina Renata Farias",
		"idade": 32,
		"cpf": "044.606.411-43",
		"rg": "34.355.937-7",
		"data_nasc": "22/02/1991",
		"sexo": "Feminino",
		"signo": "Peixes",
		"mae": "Cristiane Marlene",
		"pai": "Geraldo Bernardo Davi Farias",
		"email": "isabelle-farias78@valeparaibano.com.br",
		"senha": "p2b1oXCKIu",
		"cep": "71536-340",
		"endereco": "Trecho Trecho 05 Chácara 205",
		"numero": 777,
		"bairro": "Setor de Habitações Individuais Norte",
		"cidade": "Brasília",
		"estado": "DF",
		"telefone_fixo": "(61) 2689-2993",
		"celular": "(61) 99695-9921",
		"altura": "1,58",
		"peso": 55,
		"tipo_sanguineo": "O-",
		"cor": "roxo"
	},
	{
		"nome": "Gustavo João Pietro Rodrigues",
		"idade": 37,
		"cpf": "873.565.731-64",
		"rg": "33.684.246-6",
		"data_nasc": "14/02/1986",
		"sexo": "Masculino",
		"signo": "Aquário",
		"mae": "Luiza Flávia",
		"pai": "Guilherme Cauê Rodrigues",
		"email": "gustavo.joao.rodrigues@silicotex.net",
		"senha": "fY7eZ0kJEm",
		"cep": "72319-532",
		"endereco": "Quadra QS 401 Conjunto L",
		"numero": 649,
		"bairro": "Samambaia Norte (Samambaia)",
		"cidade": "Brasília",
		"estado": "DF",
		"telefone_fixo": "(61) 2793-7269",
		"celular": "(61) 99464-5496",
		"altura": "1,92",
		"peso": 98,
		"tipo_sanguineo": "A+",
		"cor": "amarelo"
	},
	{
		"nome": "Calebe Hugo Renato Gomes",
		"idade": 37,
		"cpf": "504.168.001-90",
		"rg": "26.710.356-6",
		"data_nasc": "24/02/1986",
		"sexo": "Masculino",
		"signo": "Peixes",
		"mae": "Mariana Giovanna Aline",
		"pai": "Pietro Bernardo Leonardo Gomes",
		"email": "calebe-gomes87@flama.biz",
		"senha": "WxFaiCwr4F",
		"cep": "73015-640",
		"endereco": "Quadra Quadra 2 Conjunto E-20Bloco A",
		"numero": 568,
		"bairro": "Sobradinho",
		"cidade": "Brasília",
		"estado": "DF",
		"telefone_fixo": "(61) 2723-7465",
		"celular": "(61) 98443-6617",
		"altura": "1,89",
		"peso": 91,
		"tipo_sanguineo": "O-",
		"cor": "preto"
	},
	{
		"nome": "Anderson João Aparício",
		"idade": 43,
		"cpf": "217.961.961-85",
		"rg": "33.964.551-9",
		"data_nasc": "23/01/1980",
		"sexo": "Masculino",
		"signo": "Aquário",
		"mae": "Mariana Nicole Luzia",
		"pai": "Gustavo Enrico Aparício",
		"email": "anderson-aparicio73@gineco.med.br",
		"senha": "p6g2L3zfKM",
		"cep": "71691-221",
		"endereco": "Quadra Quadra 11 Conjunto S",
		"numero": 143,
		"bairro": "Morro Azul (São Sebastião)",
		"cidade": "Brasília",
		"estado": "DF",
		"telefone_fixo": "(61) 3558-1552",
		"celular": "(61) 99247-2192",
		"altura": "1,87",
		"peso": 94,
		"tipo_sanguineo": "A-",
		"cor": "verde"
	},
	{
		"nome": "Rodrigo Yago Pietro de Paula",
		"idade": 47,
		"cpf": "610.707.561-56",
		"rg": "33.239.141-3",
		"data_nasc": "05/01/1976",
		"sexo": "Masculino",
		"signo": "Capricórnio",
		"mae": "Carla Liz",
		"pai": "Fernando Fábio de Paula",
		"email": "rodrigo_depaula@eletrolexeng.com.br",
		"senha": "wWIO1UQ2XF",
		"cep": "72502-206",
		"endereco": "Quadra CL 102 Bloco F",
		"numero": 660,
		"bairro": "Santa Maria",
		"cidade": "Brasília",
		"estado": "DF",
		"telefone_fixo": "(61) 3534-4227",
		"celular": "(61) 99464-1149",
		"altura": "1,62",
		"peso": 51,
		"tipo_sanguineo": "O+",
		"cor": "roxo"
	},
	{
		"nome": "Yago Miguel Alves",
		"idade": 80,
		"cpf": "673.077.721-40",
		"rg": "28.355.927-5",
		"data_nasc": "20/01/1943",
		"sexo": "Masculino",
		"signo": "Capricórnio",
		"mae": "Alice Sarah Sophia",
		"pai": "João Isaac Alves",
		"email": "yago-alves75@pq.cnpq.br",
		"senha": "1r5N7Tka7K",
		"cep": "72220-208",
		"endereco": "Quadra QNN 20 Conjunto H",
		"numero": 416,
		"bairro": "Ceilândia Sul (Ceilândia)",
		"cidade": "Brasília",
		"estado": "DF",
		"telefone_fixo": "(61) 3574-0082",
		"celular": "(61) 98946-1557",
		"altura": "1,63",
		"peso": 88,
		"tipo_sanguineo": "B+",
		"cor": "laranja"
	},
	{
		"nome": "Noah Yago Nogueira",
		"idade": 78,
		"cpf": "412.639.891-01",
		"rg": "13.978.453-6",
		"data_nasc": "16/01/1945",
		"sexo": "Masculino",
		"signo": "Capricórnio",
		"mae": "Valentina Bárbara Vanessa",
		"pai": "Luís Ruan Nogueira",
		"email": "noah_nogueira@numero.com.br",
		"senha": "sX5nYPPHlk",
		"cep": "72215-065",
		"endereco": "Quadra QNM 5 Conjunto O",
		"numero": 736,
		"bairro": "Ceilândia Sul (Ceilândia)",
		"cidade": "Brasília",
		"estado": "DF",
		"telefone_fixo": "(61) 2657-3890",
		"celular": "(61) 98717-0912",
		"altura": "1,60",
		"peso": 67,
		"tipo_sanguineo": "A+",
		"cor": "laranja"
	},
	{
		"nome": "Larissa Rita Almeida",
		"idade": 47,
		"cpf": "688.714.761-07",
		"rg": "24.186.041-6",
		"data_nasc": "15/01/1976",
		"sexo": "Feminino",
		"signo": "Capricórnio",
		"mae": "Eliane Allana",
		"pai": "Juan Murilo Thomas Almeida",
		"email": "larissa_rita_almeida@eternalam.com.br",
		"senha": "cODaCnUB8b",
		"cep": "72601-206",
		"endereco": "Quadra Quadra 106 Conjunto 4",
		"numero": 824,
		"bairro": "Recanto das Emas",
		"cidade": "Brasília",
		"estado": "DF",
		"telefone_fixo": "(61) 2565-1810",
		"celular": "(61) 99969-4992",
		"altura": "1,77",
		"peso": 67,
		"tipo_sanguineo": "B+",
		"cor": "azul"
	},
	{
		"nome": "Severino Otávio dos Santos",
		"idade": 59,
		"cpf": "024.020.381-01",
		"rg": "45.765.602-5",
		"data_nasc": "10/01/1964",
		"sexo": "Masculino",
		"signo": "Capricórnio",
		"mae": "Cristiane Fátima Elaine",
		"pai": "José Cauê dos Santos",
		"email": "severino-dossantos85@trevorh.com.br",
		"senha": "02fDhDq9RB",
		"cep": "72225-195",
		"endereco": "Quadra QNN 19 Conjunto E",
		"numero": 314,
		"bairro": "Ceilândia Norte (Ceilândia)",
		"cidade": "Brasília",
		"estado": "DF",
		"telefone_fixo": "(61) 3969-0710",
		"celular": "(61) 99248-9026",
		"altura": "1,96",
		"peso": 66,
		"tipo_sanguineo": "O+",
		"cor": "vermelho"
	},
	{
		"nome": "Lara Teresinha Melo",
		"idade": 30,
		"cpf": "355.060.341-05",
		"rg": "35.853.328-4",
		"data_nasc": "17/01/1993",
		"sexo": "Feminino",
		"signo": "Capricórnio",
		"mae": "Sophia Stella Antônia",
		"pai": "Igor Erick Melo",
		"email": "lara_teresinha_melo@findout.com.br",
		"senha": "hbDc6OXP4x",
		"cep": "73358-430",
		"endereco": "Quadra Quadra 23 Conjunto F",
		"numero": 760,
		"bairro": "Setor Residencial Leste (Planaltina)",
		"cidade": "Brasília",
		"estado": "DF",
		"telefone_fixo": "(61) 2762-7301",
		"celular": "(61) 99802-5741",
		"altura": "1,63",
		"peso": 70,
		"tipo_sanguineo": "B+",
		"cor": "vermelho"
	},
	{
		"nome": "Alícia Vanessa da Cruz",
		"idade": 31,
		"cpf": "455.009.231-96",
		"rg": "36.418.105-9",
		"data_nasc": "24/01/1992",
		"sexo": "Feminino",
		"signo": "Aquário",
		"mae": "Giovanna Maitê Ester",
		"pai": "José Giovanni Bento da Cruz",
		"email": "alicia_dacruz@recnev.com.br",
		"senha": "R5JBQRahRK",
		"cep": "71693-106",
		"endereco": "Rua 6",
		"numero": 249,
		"bairro": "Vila Nova (São Sebastião)",
		"cidade": "Brasília",
		"estado": "DF",
		"telefone_fixo": "(61) 3550-6510",
		"celular": "(61) 98974-5104",
		"altura": "1,82",
		"peso": 51,
		"tipo_sanguineo": "B+",
		"cor": "azul"
	},
	{
		"nome": "Beatriz Sebastiana Giovanna Lima",
		"idade": 79,
		"cpf": "845.767.061-10",
		"rg": "14.805.026-8",
		"data_nasc": "02/02/1944",
		"sexo": "Feminino",
		"signo": "Aquário",
		"mae": "Sophia Rafaela Eliane",
		"pai": "Cláudio Pedro Marcelo Lima",
		"email": "beatriz_lima@iquattro.com.br",
		"senha": "f0eNRoC9zp",
		"cep": "72545-102",
		"endereco": "Quadra AC 115 Bloco B",
		"numero": 981,
		"bairro": "Santa Maria",
		"cidade": "Brasília",
		"estado": "DF",
		"telefone_fixo": "(61) 3900-8606",
		"celular": "(61) 98152-7821",
		"altura": "1,66",
		"peso": 79,
		"tipo_sanguineo": "AB-",
		"cor": "azul"
	},
	{
		"nome": "Allana Hadassa Luiza da Conceição",
		"idade": 38,
		"cpf": "135.425.421-05",
		"rg": "28.495.028-2",
		"data_nasc": "18/01/1985",
		"sexo": "Feminino",
		"signo": "Capricórnio",
		"mae": "Vera Daiane",
		"pai": "Pietro Mateus da Conceição",
		"email": "allana_hadassa_daconceicao@knowconsulting.com.br",
		"senha": "azUKtG24mn",
		"cep": "72321-536",
		"endereco": "Quadra QS 409 Área Especial 1",
		"numero": 266,
		"bairro": "Samambaia Norte (Samambaia)",
		"cidade": "Brasília",
		"estado": "DF",
		"telefone_fixo": "(61) 2604-5899",
		"celular": "(61) 99536-2743",
		"altura": "1,56",
		"peso": 63,
		"tipo_sanguineo": "AB-",
		"cor": "vermelho"
	},
	{
		"nome": "Jaqueline Aparecida Camila Ramos",
		"idade": 47,
		"cpf": "685.019.411-90",
		"rg": "33.724.880-1",
		"data_nasc": "20/02/1976",
		"sexo": "Feminino",
		"signo": "Peixes",
		"mae": "Gabriela Andreia Giovana",
		"pai": "Juan Edson Filipe Ramos",
		"email": "jaqueline_ramos@dosnu.com.br",
		"senha": "uE58oxm6GQ",
		"cep": "71974-605",
		"endereco": "Quadra QS 8 Conjunto 220B",
		"numero": 452,
		"bairro": "Areal (Águas Claras)",
		"cidade": "Brasília",
		"estado": "DF",
		"telefone_fixo": "(61) 2936-5393",
		"celular": "(61) 98345-6847",
		"altura": "1,63",
		"peso": 63,
		"tipo_sanguineo": "AB+",
		"cor": "vermelho"
	},
	{
		"nome": "Luan Theo Jesus",
		"idade": 71,
		"cpf": "171.786.701-42",
		"rg": "11.999.511-6",
		"data_nasc": "15/02/1952",
		"sexo": "Masculino",
		"signo": "Aquário",
		"mae": "Eduarda Agatha Alícia",
		"pai": "Nicolas Thomas Mário Jesus",
		"email": "luan_theo_jesus@yahoo.com.ar",
		"senha": "ciitrNi4IX",
		"cep": "72005-100",
		"endereco": "Rua Rua 1",
		"numero": 593,
		"bairro": "Setor Habitacional Vicente Pires",
		"cidade": "Brasília",
		"estado": "DF",
		"telefone_fixo": "(61) 2785-0243",
		"celular": "(61) 98544-1599",
		"altura": "1,87",
		"peso": 65,
		"tipo_sanguineo": "B-",
		"cor": "preto"
	},
	{
		"nome": "Isabel Eduarda da Costa",
		"idade": 42,
		"cpf": "623.280.551-84",
		"rg": "42.742.717-4",
		"data_nasc": "23/01/1981",
		"sexo": "Feminino",
		"signo": "Aquário",
		"mae": "Andreia Helena Vera",
		"pai": "Pedro Henrique Giovanni Pietro da Costa",
		"email": "isabel_eduarda_dacosta@valeguinchos.com.br",
		"senha": "Q8ksjXGt9q",
		"cep": "72339-045",
		"endereco": "Quadra QR 1031 Conjunto 15",
		"numero": 600,
		"bairro": "Samambaia Norte (Samambaia)",
		"cidade": "Brasília",
		"estado": "DF",
		"telefone_fixo": "(61) 3715-1544",
		"celular": "(61) 99806-5882",
		"altura": "1,67",
		"peso": 53,
		"tipo_sanguineo": "A+",
		"cor": "vermelho"
	},
	{
		"nome": "Olivia Tatiane Campos",
		"idade": 43,
		"cpf": "868.113.861-85",
		"rg": "16.374.629-1",
		"data_nasc": "04/02/1980",
		"sexo": "Feminino",
		"signo": "Aquário",
		"mae": "Antônia Juliana Olivia",
		"pai": "Rafael Bento Campos",
		"email": "olivia_campos@ibest.com.br",
		"senha": "IgI2ADGTOi",
		"cep": "70865-550",
		"endereco": "Quadra CLN 410 Bloco E",
		"numero": 969,
		"bairro": "Asa Norte",
		"cidade": "Brasília",
		"estado": "DF",
		"telefone_fixo": "(61) 2547-2984",
		"celular": "(61) 99899-0672",
		"altura": "1,51",
		"peso": 49,
		"tipo_sanguineo": "A-",
		"cor": "vermelho"
	},
	{
		"nome": "Thiago Vitor Renato da Silva",
		"idade": 27,
		"cpf": "865.861.111-61",
		"rg": "32.957.692-6",
		"data_nasc": "24/01/1996",
		"sexo": "Masculino",
		"signo": "Aquário",
		"mae": "Giovana Joana",
		"pai": "Anderson Pedro Daniel da Silva",
		"email": "thiago.vitor.dasilva@limao.com.br",
		"senha": "0xhCjOwdtb",
		"cep": "72020-120",
		"endereco": "Quadra QSD 12",
		"numero": 809,
		"bairro": "Taguatinga Sul (Taguatinga)",
		"cidade": "Brasília",
		"estado": "DF",
		"telefone_fixo": "(61) 3602-5854",
		"celular": "(61) 99420-9062",
		"altura": "1,62",
		"peso": 68,
		"tipo_sanguineo": "AB-",
		"cor": "vermelho"
	},
	{
		"nome": "Elza Heloise Bernardes",
		"idade": 25,
		"cpf": "886.373.731-27",
		"rg": "22.586.724-2",
		"data_nasc": "25/02/1998",
		"sexo": "Feminino",
		"signo": "Peixes",
		"mae": "Sônia Bruna Vanessa",
		"pai": "Murilo Matheus Bernardes",
		"email": "elza.heloise.bernardes@ovi.com",
		"senha": "bJpjrIqPIK",
		"cep": "71697-507",
		"endereco": "Residencial Itaipu Quadra 7",
		"numero": 702,
		"bairro": "Residencial Itaipu (São Sebastião)",
		"cidade": "Brasília",
		"estado": "DF",
		"telefone_fixo": "(61) 2608-0242",
		"celular": "(61) 99838-8334",
		"altura": "1,77",
		"peso": 68,
		"tipo_sanguineo": "AB+",
		"cor": "vermelho"
	},
	{
		"nome": "Nelson Enzo Arthur Cavalcanti",
		"idade": 39,
		"cpf": "993.196.171-63",
		"rg": "12.660.672-9",
		"data_nasc": "19/01/1984",
		"sexo": "Masculino",
		"signo": "Capricórnio",
		"mae": "Benedita Sophia Marli",
		"pai": "Rafael Luan Cavalcanti",
		"email": "nelson.enzo.cavalcanti@agencia10clic.com.br",
		"senha": "0A6wSOXOke",
		"cep": "71745-601",
		"endereco": "Quadra SMPW Quadra 26 Conjunto 1",
		"numero": 100,
		"bairro": "Setor de Mansões Park Way",
		"cidade": "Brasília",
		"estado": "DF",
		"telefone_fixo": "(61) 2754-6580",
		"celular": "(61) 98668-4593",
		"altura": "1,61",
		"peso": 70,
		"tipo_sanguineo": "B+",
		"cor": "vermelho"
	},
	{
		"nome": "Maya Daniela Rita Lopes",
		"idade": 77,
		"cpf": "600.553.831-49",
		"rg": "29.955.988-9",
		"data_nasc": "25/02/1946",
		"sexo": "Feminino",
		"signo": "Peixes",
		"mae": "Rosa Sara",
		"pai": "Enzo Danilo Pedro Henrique Lopes",
		"email": "maya.daniela.lopes@vlcorporate.com",
		"senha": "XFABlZy4YJ",
		"cep": "72542-303",
		"endereco": "Quadra EQ 212/312 Bloco C",
		"numero": 532,
		"bairro": "Santa Maria",
		"cidade": "Brasília",
		"estado": "DF",
		"telefone_fixo": "(61) 2501-4632",
		"celular": "(61) 99397-3471",
		"altura": "1,83",
		"peso": 62,
		"tipo_sanguineo": "AB-",
		"cor": "amarelo"
	},
	{
		"nome": "Mariah Isabella Marlene Brito",
		"idade": 48,
		"cpf": "928.142.821-07",
		"rg": "32.774.309-8",
		"data_nasc": "11/02/1975",
		"sexo": "Feminino",
		"signo": "Aquário",
		"mae": "Laís Isadora Andreia",
		"pai": "Cauê Manuel Brito",
		"email": "mariah_isabella_brito@poli.ufrj.br",
		"senha": "GeP63CEWXx",
		"cep": "71590-795",
		"endereco": "Quadra QL 8 Conjunto E",
		"numero": 151,
		"bairro": "Itapoã II",
		"cidade": "Brasília",
		"estado": "DF",
		"telefone_fixo": "(61) 2843-5645",
		"celular": "(61) 99619-3059",
		"altura": "1,70",
		"peso": 61,
		"tipo_sanguineo": "B-",
		"cor": "preto"
	},
	{
		"nome": "Benjamin Kauê Theo Porto",
		"idade": 48,
		"cpf": "134.543.791-99",
		"rg": "30.059.667-4",
		"data_nasc": "03/01/1975",
		"sexo": "Masculino",
		"signo": "Capricórnio",
		"mae": "Sara Milena Sophia",
		"pai": "Yago Lucca Diogo Porto",
		"email": "benjamin_porto@lukin4.com.br",
		"senha": "fBo34kx31G",
		"cep": "70070-911",
		"endereco": "SAUS Quadra 5 Bloco E Lote 8",
		"numero": 459,
		"bairro": "Asa Sul",
		"cidade": "Brasília",
		"estado": "DF",
		"telefone_fixo": "(61) 2975-4248",
		"celular": "(61) 98980-2717",
		"altura": "1,75",
		"peso": 69,
		"tipo_sanguineo": "B+",
		"cor": "azul"
	}
]