[
	{
		"nome": "Camila Natália Mariah Lima",
		"idade": 60,
		"cpf": "493.642.068-94",
		"rg": "11.001.200-8",
		"data_nasc": "06/01/1963",
		"sexo": "Feminino",
		"signo": "Capricórnio",
		"mae": "Vitória Débora",
		"pai": "César Hugo Igor Lima",
		"email": "camilanatalialima@damataemporionatural.com.br",
		"senha": "ibhwYfj87I",
		"cep": "49000-317",
		"endereco": "Rua E",
		"numero": 154,
		"bairro": "Zona de Expansão (Aruana)",
		"cidade": "Aracaju",
		"estado": "SE",
		"telefone_fixo": "(79) 3919-2495",
		"celular": "(79) 99753-0904",
		"altura": "1,62",
		"peso": 69,
		"tipo_sanguineo": "AB+",
		"cor": "laranja"
	},
	{
		"nome": "Lúcia Pietra Nicole Santos",
		"idade": 45,
		"cpf": "894.564.347-88",
		"rg": "25.906.981-4",
		"data_nasc": "05/02/1978",
		"sexo": "Feminino",
		"signo": "Aquário",
		"mae": "Larissa Mariane Alessandra",
		"pai": "Geraldo Rodrigo Benício Santos",
		"email": "lucia_pietra_santos@trimempresas.com.br",
		"senha": "56rEa9FqtJ",
		"cep": "50720-755",
		"endereco": "Rua Doutor Geraldo Silveira",
		"numero": 124,
		"bairro": "Madalena",
		"cidade": "Recife",
		"estado": "PE",
		"telefone_fixo": "(81) 3917-2249",
		"celular": "(81) 99366-9063",
		"altura": "1,76",
		"peso": 85,
		"tipo_sanguineo": "O-",
		"cor": "vermelho"
	},
	{
		"nome": "Heitor Julio Miguel Farias",
		"idade": 25,
		"cpf": "369.527.822-65",
		"rg": "24.576.056-8",
		"data_nasc": "06/02/1998",
		"sexo": "Masculino",
		"signo": "Aquário",
		"mae": "Tereza Helena",
		"pai": "Vicente Rafael Davi Farias",
		"email": "heitor-farias85@runup.com.br",
		"senha": "eIq7Ww7PbZ",
		"cep": "68904-630",
		"endereco": "Avenida Vinte e Seis de Julho",
		"numero": 341,
		"bairro": "Novo Buritizal",
		"cidade": "Macapá",
		"estado": "AP",
		"telefone_fixo": "(96) 2609-8254",
		"celular": "(96) 98318-2644",
		"altura": "1,99",
		"peso": 75,
		"tipo_sanguineo": "AB+",
		"cor": "laranja"
	},
	{
		"nome": "Yasmin Flávia Silva",
		"idade": 19,
		"cpf": "829.103.202-51",
		"rg": "18.339.204-8",
		"data_nasc": "11/02/2004",
		"sexo": "Feminino",
		"signo": "Aquário",
		"mae": "Bianca Patrícia",
		"pai": "Guilherme Cauã Raimundo Silva",
		"email": "yasmin_flavia_silva@jh2consulting.com",
		"senha": "rLLJznwR3t",
		"cep": "58102-028",
		"endereco": "Rua Golfo de Anadyr",
		"numero": 533,
		"bairro": "Intermares",
		"cidade": "Cabedelo",
		"estado": "PB",
		"telefone_fixo": "(83) 3910-3205",
		"celular": "(83) 98644-2491",
		"altura": "1,69",
		"peso": 53,
		"tipo_sanguineo": "O-",
		"cor": "verde"
	},
	{
		"nome": "Eduarda Luciana Almada",
		"idade": 41,
		"cpf": "461.173.097-24",
		"rg": "22.140.098-9",
		"data_nasc": "05/02/1982",
		"sexo": "Feminino",
		"signo": "Aquário",
		"mae": "Lara Vanessa",
		"pai": "Anthony Kevin Almada",
		"email": "eduardalucianaalmada@fosj.unesp.br",
		"senha": "hnx0fzjKKy",
		"cep": "27966-758",
		"endereco": "Vila Brasil",
		"numero": 824,
		"bairro": "Lagomar",
		"cidade": "Macaé",
		"estado": "RJ",
		"telefone_fixo": "(22) 3734-4824",
		"celular": "(22) 99579-9843",
		"altura": "1,53",
		"peso": 81,
		"tipo_sanguineo": "AB+",
		"cor": "verde"
	},
	{
		"nome": "Bruna Alessandra Yasmin Cavalcanti",
		"idade": 77,
		"cpf": "973.746.787-62",
		"rg": "27.022.900-0",
		"data_nasc": "08/01/1946",
		"sexo": "Feminino",
		"signo": "Capricórnio",
		"mae": "Emily Bárbara",
		"pai": "Anderson Diogo Cavalcanti",
		"email": "bruna_alessandra_cavalcanti@velc.com.br",
		"senha": "SDbIZKkncH",
		"cep": "60050-130",
		"endereco": "Rua Felino Barroso",
		"numero": 777,
		"bairro": "Fátima",
		"cidade": "Fortaleza",
		"estado": "CE",
		"telefone_fixo": "(85) 2771-0123",
		"celular": "(85) 99673-5677",
		"altura": "1,73",
		"peso": 69,
		"tipo_sanguineo": "A-",
		"cor": "vermelho"
	},
	{
		"nome": "Esther Bruna Hadassa Alves",
		"idade": 23,
		"cpf": "546.015.945-88",
		"rg": "10.869.646-7",
		"data_nasc": "20/02/2000",
		"sexo": "Feminino",
		"signo": "Peixes",
		"mae": "Elza Marina",
		"pai": "Igor Carlos Alves",
		"email": "esther-alves97@sinalmanaus.com.br",
		"senha": "kJH3S0JZIl",
		"cep": "44088-336",
		"endereco": "Rua São Vicente de Paula",
		"numero": 163,
		"bairro": "Brasília",
		"cidade": "Feira de Santana",
		"estado": "BA",
		"telefone_fixo": "(75) 2712-2501",
		"celular": "(75) 98584-3668",
		"altura": "1,60",
		"peso": 48,
		"tipo_sanguineo": "A-",
		"cor": "verde"
	},
	{
		"nome": "Igor Kauê dos Santos",
		"idade": 45,
		"cpf": "753.576.345-64",
		"rg": "50.563.453-3",
		"data_nasc": "09/02/1978",
		"sexo": "Masculino",
		"signo": "Aquário",
		"mae": "Marcela Clarice Débora",
		"pai": "Fábio Antonio Pietro dos Santos",
		"email": "igor-dossantos96@cotamtambores.com.br",
		"senha": "AS224qoLzo",
		"cep": "44033-115",
		"endereco": "Rua Turbina",
		"numero": 133,
		"bairro": "Campo Limpo",
		"cidade": "Feira de Santana",
		"estado": "BA",
		"telefone_fixo": "(75) 2807-3120",
		"celular": "(75) 99410-7171",
		"altura": "1,98",
		"peso": 50,
		"tipo_sanguineo": "A+",
		"cor": "roxo"
	},
	{
		"nome": "Edson Severino Bruno Dias",
		"idade": 33,
		"cpf": "151.965.389-17",
		"rg": "48.019.415-4",
		"data_nasc": "14/02/1990",
		"sexo": "Masculino",
		"signo": "Aquário",
		"mae": "Alessandra Malu Juliana",
		"pai": "Anderson Ryan Dias",
		"email": "edson_severino_dias@ddfnet.com.br",
		"senha": "B77WIwRgh9",
		"cep": "72311-616",
		"endereco": "Quadra QR 503 Conjunto 14",
		"numero": 692,
		"bairro": "Samambaia Sul (Samambaia)",
		"cidade": "Brasília",
		"estado": "DF",
		"telefone_fixo": "(61) 3922-4882",
		"celular": "(61) 99368-2005",
		"altura": "1,64",
		"peso": 60,
		"tipo_sanguineo": "B+",
		"cor": "vermelho"
	},
	{
		"nome": "Isadora Laura Rosângela Nunes",
		"idade": 54,
		"cpf": "156.549.618-37",
		"rg": "35.406.389-3",
		"data_nasc": "11/02/1969",
		"sexo": "Feminino",
		"signo": "Aquário",
		"mae": "Joana Heloisa",
		"pai": "Isaac Manuel Nunes",
		"email": "isadora-nunes90@carreira.com.br",
		"senha": "1FiM1kqWKx",
		"cep": "88807-164",
		"endereco": "Rua Pedro Vitor Constantino",
		"numero": 277,
		"bairro": "São Sebastião",
		"cidade": "Criciúma",
		"estado": "SC",
		"telefone_fixo": "(48) 2729-5020",
		"celular": "(48) 98105-6190",
		"altura": "1,85",
		"peso": 80,
		"tipo_sanguineo": "AB-",
		"cor": "verde"
	},
	{
		"nome": "Thiago Diego Sérgio Rodrigues",
		"idade": 40,
		"cpf": "615.768.936-69",
		"rg": "32.024.805-7",
		"data_nasc": "05/01/1983",
		"sexo": "Masculino",
		"signo": "Capricórnio",
		"mae": "Bárbara Sueli Isadora",
		"pai": "Samuel Theo Felipe Rodrigues",
		"email": "thiago_rodrigues@mcexecutiva.com.br",
		"senha": "HXndmobuME",
		"cep": "59155-586",
		"endereco": "Rua dos Colibris",
		"numero": 570,
		"bairro": "Liberdade",
		"cidade": "Parnamirim",
		"estado": "RN",
		"telefone_fixo": "(84) 2612-4028",
		"celular": "(84) 98356-5458",
		"altura": "1,75",
		"peso": 63,
		"tipo_sanguineo": "O-",
		"cor": "verde"
	},
	{
		"nome": "Ryan Manoel Matheus Jesus",
		"idade": 39,
		"cpf": "408.829.476-99",
		"rg": "37.328.933-9",
		"data_nasc": "21/01/1984",
		"sexo": "Masculino",
		"signo": "Aquário",
		"mae": "Jéssica Emily Sueli",
		"pai": "Tomás Diogo Guilherme Jesus",
		"email": "ryan_manoel_jesus@mx.labinal.com",
		"senha": "cT606qlbUU",
		"cep": "57015-200",
		"endereco": "Rua São Félix",
		"numero": 740,
		"bairro": "Vergel do Lago",
		"cidade": "Maceió",
		"estado": "AL",
		"telefone_fixo": "(82) 3635-3336",
		"celular": "(82) 98978-5724",
		"altura": "1,87",
		"peso": 72,
		"tipo_sanguineo": "AB-",
		"cor": "preto"
	},
	{
		"nome": "Pietra Luiza Ramos",
		"idade": 78,
		"cpf": "809.318.210-10",
		"rg": "48.889.429-3",
		"data_nasc": "01/01/1945",
		"sexo": "Feminino",
		"signo": "Capricórnio",
		"mae": "Giovana Eloá Catarina",
		"pai": "Gael Lucas Ramos",
		"email": "pietra.luiza.ramos@homail.com",
		"senha": "bIzsUWKff4",
		"cep": "75911-176",
		"endereco": "Rua da Galiléia",
		"numero": 529,
		"bairro": "Solar Monte Sião",
		"cidade": "Rio Verde",
		"estado": "GO",
		"telefone_fixo": "(64) 2898-6920",
		"celular": "(64) 99133-4980",
		"altura": "1,75",
		"peso": 61,
		"tipo_sanguineo": "B+",
		"cor": "vermelho"
	},
	{
		"nome": "Betina Lívia Tatiane Pereira",
		"idade": 50,
		"cpf": "178.839.526-33",
		"rg": "44.063.549-4",
		"data_nasc": "03/01/1973",
		"sexo": "Feminino",
		"signo": "Capricórnio",
		"mae": "Camila Valentina",
		"pai": "César Renato Pereira",
		"email": "betina_pereira@rubens.adm.br",
		"senha": "sDPpKtfw3H",
		"cep": "29055-915",
		"endereco": "Rua Eugênio Netto 488",
		"numero": 384,
		"bairro": "Praia do Canto",
		"cidade": "Vitória",
		"estado": "ES",
		"telefone_fixo": "(27) 3959-7108",
		"celular": "(27) 99762-8617",
		"altura": "1,72",
		"peso": 82,
		"tipo_sanguineo": "AB+",
		"cor": "roxo"
	},
	{
		"nome": "Fernanda Tânia da Rocha",
		"idade": 66,
		"cpf": "707.239.189-45",
		"rg": "50.021.991-6",
		"data_nasc": "10/02/1957",
		"sexo": "Feminino",
		"signo": "Aquário",
		"mae": "Clara Aurora Laura",
		"pai": "Gael Leandro Leandro da Rocha",
		"email": "fernanda.tania.darocha@pinheiromanaus.com",
		"senha": "EpglTCuDIl",
		"cep": "70380-727",
		"endereco": "Quadra SHIGS 713 Bloco N-1",
		"numero": 627,
		"bairro": "Asa Sul",
		"cidade": "Brasília",
		"estado": "DF",
		"telefone_fixo": "(61) 3528-7630",
		"celular": "(61) 98456-9671",
		"altura": "1,71",
		"peso": 52,
		"tipo_sanguineo": "B+",
		"cor": "laranja"
	},
	{
		"nome": "Sarah Giovana Luzia Mendes",
		"idade": 36,
		"cpf": "282.813.995-62",
		"rg": "38.885.615-4",
		"data_nasc": "11/01/1987",
		"sexo": "Feminino",
		"signo": "Capricórnio",
		"mae": "Juliana Alice Fernanda",
		"pai": "Enrico Carlos Calebe Mendes",
		"email": "sarah.giovana.mendes@sofisticattomoveis.com.br",
		"senha": "GEPZN45ccN",
		"cep": "83311-467",
		"endereco": "Rua Granada",
		"numero": 723,
		"bairro": "Guarituba",
		"cidade": "Piraquara",
		"estado": "PR",
		"telefone_fixo": "(41) 3652-5783",
		"celular": "(41) 98537-2064",
		"altura": "1,79",
		"peso": 59,
		"tipo_sanguineo": "O+",
		"cor": "vermelho"
	},
	{
		"nome": "Sophia Ayla Barros",
		"idade": 37,
		"cpf": "824.858.872-68",
		"rg": "50.852.948-7",
		"data_nasc": "21/01/1986",
		"sexo": "Feminino",
		"signo": "Aquário",
		"mae": "Rebeca Rosângela Priscila",
		"pai": "Luan Kauê Barros",
		"email": "sophia.ayla.barros@hidracom.com.br",
		"senha": "rJqtRWPGpT",
		"cep": "78558-018",
		"endereco": "Rua São Cristóvão",
		"numero": 739,
		"bairro": "São Cristóvão (São Cristóvão)",
		"cidade": "Sinop",
		"estado": "MT",
		"telefone_fixo": "(66) 3756-1762",
		"celular": "(66) 98433-6194",
		"altura": "1,50",
		"peso": 62,
		"tipo_sanguineo": "O+",
		"cor": "roxo"
	},
	{
		"nome": "Cauê Rodrigo Almeida",
		"idade": 24,
		"cpf": "174.457.999-74",
		"rg": "13.673.039-5",
		"data_nasc": "07/02/1999",
		"sexo": "Masculino",
		"signo": "Aquário",
		"mae": "Valentina Luana",
		"pai": "Manoel Marcos Vinicius Almeida",
		"email": "caue.rodrigo.almeida@sha.com.br",
		"senha": "XtJhnyen3B",
		"cep": "78056-716",
		"endereco": "Rua I",
		"numero": 718,
		"bairro": "Residencial Ilza Therezinha Picoli Pagot",
		"cidade": "Cuiabá",
		"estado": "MT",
		"telefone_fixo": "(65) 2676-8362",
		"celular": "(65) 99526-5930",
		"altura": "1,69",
		"peso": 93,
		"tipo_sanguineo": "A+",
		"cor": "laranja"
	},
	{
		"nome": "Sérgio Gael Mateus Peixoto",
		"idade": 22,
		"cpf": "823.265.380-99",
		"rg": "10.056.448-3",
		"data_nasc": "19/02/2001",
		"sexo": "Masculino",
		"signo": "Aquário",
		"mae": "Stefany Regina",
		"pai": "Guilherme Noah Peixoto",
		"email": "sergio_peixoto@doucedoce.com.br",
		"senha": "OgBdy6Omd1",
		"cep": "29045-455",
		"endereco": "Beco Edgard Gomes de Souza",
		"numero": 825,
		"bairro": "Consolação",
		"cidade": "Vitória",
		"estado": "ES",
		"telefone_fixo": "(27) 3845-3193",
		"celular": "(27) 98159-7612",
		"altura": "1,66",
		"peso": 57,
		"tipo_sanguineo": "B+",
		"cor": "vermelho"
	},
	{
		"nome": "Elisa Sophie Viana",
		"idade": 77,
		"cpf": "688.387.983-89",
		"rg": "31.516.090-1",
		"data_nasc": "10/02/1946",
		"sexo": "Feminino",
		"signo": "Aquário",
		"mae": "Isabelly Fernanda",
		"pai": "Kevin Antonio Edson Viana",
		"email": "elisasophieviana@optovac.com.br",
		"senha": "gMmUb4Ylt5",
		"cep": "72410-520",
		"endereco": "Quadra Quadra 9 Área Especial CEI 01",
		"numero": 769,
		"bairro": "Setor Sul (Gama)",
		"cidade": "Brasília",
		"estado": "DF",
		"telefone_fixo": "(61) 3534-8130",
		"celular": "(61) 98183-4036",
		"altura": "1,85",
		"peso": 78,
		"tipo_sanguineo": "O-",
		"cor": "laranja"
	},
	{
		"nome": "Thomas Cauã Carvalho",
		"idade": 20,
		"cpf": "702.029.741-20",
		"rg": "16.781.666-4",
		"data_nasc": "10/02/2003",
		"sexo": "Masculino",
		"signo": "Aquário",
		"mae": "Antonella Nina",
		"pai": "Alexandre Pedro Henrique Ricardo Carvalho",
		"email": "thomas_carvalho@temp.com.br",
		"senha": "Z9aug2U8Kn",
		"cep": "64040-380",
		"endereco": "Rua Nossa Senhora dos Prazeres",
		"numero": 277,
		"bairro": "Angelim",
		"cidade": "Teresina",
		"estado": "PI",
		"telefone_fixo": "(86) 3703-2267",
		"celular": "(86) 99210-0013",
		"altura": "1,80",
		"peso": 80,
		"tipo_sanguineo": "B-",
		"cor": "vermelho"
	},
	{
		"nome": "Yago Caleb Jorge Caldeira",
		"idade": 48,
		"cpf": "483.613.521-47",
		"rg": "31.699.888-6",
		"data_nasc": "05/02/1975",
		"sexo": "Masculino",
		"signo": "Aquário",
		"mae": "Hadassa Nicole Vera",
		"pai": "Mateus Gabriel Caldeira",
		"email": "yago-caldeira71@droganews.com.br",
		"senha": "5TALPEHT9P",
		"cep": "15050-340",
		"endereco": "Rua Itanhaém",
		"numero": 557,
		"bairro": "Vila Anchieta",
		"cidade": "São José do Rio Preto",
		"estado": "SP",
		"telefone_fixo": "(17) 2718-3824",
		"celular": "(17) 98920-0679",
		"altura": "1,88",
		"peso": 100,
		"tipo_sanguineo": "A+",
		"cor": "verde"
	},
	{
		"nome": "Francisco Ryan da Silva",
		"idade": 53,
		"cpf": "025.033.022-97",
		"rg": "30.545.301-4",
		"data_nasc": "13/01/1970",
		"sexo": "Masculino",
		"signo": "Capricórnio",
		"mae": "Brenda Natália",
		"pai": "Emanuel Leandro Diogo da Silva",
		"email": "franciscoryandasilva@tcotecnologia.com.br",
		"senha": "SI5YZz0klM",
		"cep": "77808-012",
		"endereco": "Rua Juliana Pinheiro",
		"numero": 936,
		"bairro": "Loteamento Céu Azul",
		"cidade": "Araguaína",
		"estado": "TO",
		"telefone_fixo": "(63) 3948-2162",
		"celular": "(63) 98709-3005",
		"altura": "1,76",
		"peso": 88,
		"tipo_sanguineo": "A-",
		"cor": "azul"
	},
	{
		"nome": "Sérgio Marcelo Castro",
		"idade": 57,
		"cpf": "513.273.282-83",
		"rg": "31.702.957-5",
		"data_nasc": "06/02/1966",
		"sexo": "Masculino",
		"signo": "Aquário",
		"mae": "Raquel Rafaela",
		"pai": "Sérgio Gabriel Castro",
		"email": "sergio_castro@distribuidorapetfarm.com.br",
		"senha": "0yEIhciddl",
		"cep": "29070-470",
		"endereco": "Rua Professora Laurentina Silva Carneiro",
		"numero": 388,
		"bairro": "Maria Ortiz",
		"cidade": "Vitória",
		"estado": "ES",
		"telefone_fixo": "(27) 2966-3301",
		"celular": "(27) 99609-1850",
		"altura": "1,78",
		"peso": 100,
		"tipo_sanguineo": "O+",
		"cor": "vermelho"
	},
	{
		"nome": "Thomas Igor da Mota",
		"idade": 54,
		"cpf": "725.669.835-69",
		"rg": "34.284.213-4",
		"data_nasc": "12/02/1969",
		"sexo": "Masculino",
		"signo": "Aquário",
		"mae": "Fátima Luciana Fernanda",
		"pai": "Vinicius Levi da Mota",
		"email": "thomas_damota@mciimoveis.com.br",
		"senha": "U0gDLelcRH",
		"cep": "58075-250",
		"endereco": "Rua Coronel Eduardo Costa",
		"numero": 464,
		"bairro": "Ernesto Geisel",
		"cidade": "João Pessoa",
		"estado": "PB",
		"telefone_fixo": "(83) 2618-3110",
		"celular": "(83) 99179-1981",
		"altura": "1,68",
		"peso": 67,
		"tipo_sanguineo": "B+",
		"cor": "azul"
	},
	{
		"nome": "Oliver Emanuel da Paz",
		"idade": 51,
		"cpf": "947.408.547-16",
		"rg": "25.940.631-4",
		"data_nasc": "26/01/1972",
		"sexo": "Masculino",
		"signo": "Aquário",
		"mae": "Jennifer Sônia",
		"pai": "Márcio Juan da Paz",
		"email": "oliver_dapaz@redhouse.com.br",
		"senha": "9H5K1NJb2N",
		"cep": "57018-500",
		"endereco": "Rua Santa Rita",
		"numero": 858,
		"bairro": "Chã da Jaqueira",
		"cidade": "Maceió",
		"estado": "AL",
		"telefone_fixo": "(82) 3787-3462",
		"celular": "(82) 98628-3149",
		"altura": "1,98",
		"peso": 104,
		"tipo_sanguineo": "B-",
		"cor": "amarelo"
	},
	{
		"nome": "Noah Caio Melo",
		"idade": 41,
		"cpf": "204.533.884-34",
		"rg": "19.308.438-7",
		"data_nasc": "03/02/1982",
		"sexo": "Masculino",
		"signo": "Aquário",
		"mae": "Cristiane Emanuelly Emilly",
		"pai": "Murilo Mateus Melo",
		"email": "noah_caio_melo@etec.sp.gov.br",
		"senha": "WB5DRl3YL4",
		"cep": "29018-608",
		"endereco": "Escadaria Ana Nunes",
		"numero": 931,
		"bairro": "Santa Clara",
		"cidade": "Vitória",
		"estado": "ES",
		"telefone_fixo": "(27) 2506-7008",
		"celular": "(27) 99128-6501",
		"altura": "1,93",
		"peso": 84,
		"tipo_sanguineo": "B+",
		"cor": "laranja"
	},
	{
		"nome": "Sebastião Julio da Cunha",
		"idade": 68,
		"cpf": "674.923.428-37",
		"rg": "15.198.400-1",
		"data_nasc": "07/02/1955",
		"sexo": "Masculino",
		"signo": "Aquário",
		"mae": "Rafaela Mariane Vanessa",
		"pai": "Sérgio Raul Renato da Cunha",
		"email": "sebastiao_dacunha@clinicasilhouette.com.br",
		"senha": "ByuQw4XqF7",
		"cep": "25275-150",
		"endereco": "Rua Narcisa Anália",
		"numero": 543,
		"bairro": "Taquara",
		"cidade": "Duque de Caxias",
		"estado": "RJ",
		"telefone_fixo": "(21) 2879-7423",
		"celular": "(21) 98760-3981",
		"altura": "1,87",
		"peso": 69,
		"tipo_sanguineo": "A-",
		"cor": "roxo"
	},
	{
		"nome": "Fátima Luna Marlene da Costa",
		"idade": 56,
		"cpf": "326.675.592-82",
		"rg": "45.046.271-7",
		"data_nasc": "19/02/1967",
		"sexo": "Feminino",
		"signo": "Aquário",
		"mae": "Larissa Lavínia",
		"pai": "Bryan Mateus da Costa",
		"email": "fatima_luna_dacosta@fabiooliva.com.br",
		"senha": "h2R66eiQhF",
		"cep": "36460-970",
		"endereco": "Praça da Piedade 113",
		"numero": 948,
		"bairro": "Centro",
		"cidade": "Rio Espera",
		"estado": "MG",
		"telefone_fixo": "(31) 2766-3970",
		"celular": "(31) 98234-5831",
		"altura": "1,69",
		"peso": 51,
		"tipo_sanguineo": "AB+",
		"cor": "vermelho"
	},
	{
		"nome": "Giovana Laís Benedita da Conceição",
		"idade": 75,
		"cpf": "286.412.323-11",
		"rg": "48.821.450-6",
		"data_nasc": "09/02/1948",
		"sexo": "Feminino",
		"signo": "Aquário",
		"mae": "Liz Esther",
		"pai": "Giovanni Fernando da Conceição",
		"email": "giovanalaisdaconceicao@nipnet.com.br",
		"senha": "BrsGR7w2jJ",
		"cep": "65058-892",
		"endereco": "Travessa Pavão Filho",
		"numero": 670,
		"bairro": "Vila Janaína",
		"cidade": "São Luís",
		"estado": "MA",
		"telefone_fixo": "(98) 3839-4077",
		"celular": "(98) 98212-7490",
		"altura": "1,54",
		"peso": 80,
		"tipo_sanguineo": "A+",
		"cor": "azul"
	}
]