[
	{
		"nome": "Heitor Ian Nunes",
		"idade": 62,
		"cpf": "883.576.171-90",
		"rg": "13.812.753-0",
		"data_nasc": "11/01/1961",
		"sexo": "Masculino",
		"signo": "Capricórnio",
		"mae": "Isabella Adriana",
		"pai": "Kaique Danilo César Nunes",
		"email": "heitor_nunes@casabellavidros.com.br",
		"senha": "x2YJQZqGJC",
		"cep": "70702-912",
		"endereco": "SHN Quadra 2 Bloco N Bloco",
		"numero": 481,
		"bairro": "Asa Norte",
		"cidade": "Brasília",
		"estado": "DF",
		"telefone_fixo": "(61) 3564-4378",
		"celular": "(61) 99705-7478",
		"altura": "1,88",
		"peso": 90,
		"tipo_sanguineo": "B-",
		"cor": "roxo"
	},
	{
		"nome": "Giovanna Cecília Esther Cavalcanti",
		"idade": 78,
		"cpf": "427.708.081-25",
		"rg": "45.204.820-5",
		"data_nasc": "10/02/1945",
		"sexo": "Feminino",
		"signo": "Aquário",
		"mae": "Jéssica Nicole Eduarda",
		"pai": "Davi Pedro Otávio Cavalcanti",
		"email": "giovanna.cecilia.cavalcanti@indaseg.com.br",
		"senha": "f1dK6KtHad",
		"cep": "71691-623",
		"endereco": "Quadra Quadra 306 Conjunto 7",
		"numero": 258,
		"bairro": "Setor Residencial Oeste (São Sebastião)",
		"cidade": "Brasília",
		"estado": "DF",
		"telefone_fixo": "(61) 2611-5293",
		"celular": "(61) 99109-0154",
		"altura": "1,74",
		"peso": 80,
		"tipo_sanguineo": "AB+",
		"cor": "vermelho"
	},
	{
		"nome": "Henrique Guilherme Carlos Eduardo Cardoso",
		"idade": 57,
		"cpf": "075.476.121-56",
		"rg": "21.218.860-4",
		"data_nasc": "01/02/1966",
		"sexo": "Masculino",
		"signo": "Aquário",
		"mae": "Alana Jéssica Cristiane",
		"pai": "Oliver Tiago Cardoso",
		"email": "henrique-cardoso91@l3ambiental.com.br",
		"senha": "bnSCbakzjD",
		"cep": "72600-316",
		"endereco": "Quadra Quadra 103 Conjunto 11",
		"numero": 250,
		"bairro": "Recanto das Emas",
		"cidade": "Brasília",
		"estado": "DF",
		"telefone_fixo": "(61) 3831-9271",
		"celular": "(61) 99239-5266",
		"altura": "1,91",
		"peso": 82,
		"tipo_sanguineo": "B+",
		"cor": "roxo"
	},
	{
		"nome": "Jéssica Bárbara Maitê da Costa",
		"idade": 34,
		"cpf": "104.356.051-35",
		"rg": "48.864.652-2",
		"data_nasc": "10/01/1989",
		"sexo": "Feminino",
		"signo": "Capricórnio",
		"mae": "Sueli Lorena",
		"pai": "Antonio Anthony Cauã da Costa",
		"email": "jessica_dacosta@marcossousa.com",
		"senha": "ga9tjdQmS2",
		"cep": "71555-259",
		"endereco": "Quadra Quadra 7 Conjunto H",
		"numero": 323,
		"bairro": "Varjão",
		"cidade": "Brasília",
		"estado": "DF",
		"telefone_fixo": "(61) 3940-6074",
		"celular": "(61) 99894-1848",
		"altura": "1,71",
		"peso": 57,
		"tipo_sanguineo": "AB+",
		"cor": "vermelho"
	},
	{
		"nome": "Kauê Raimundo Araújo",
		"idade": 58,
		"cpf": "284.274.031-94",
		"rg": "30.470.536-6",
		"data_nasc": "18/02/1965",
		"sexo": "Masculino",
		"signo": "Aquário",
		"mae": "Lívia Isabel Heloisa",
		"pai": "Benedito Antonio Levi Araújo",
		"email": "kaue-araujo71@gvmail.br",
		"senha": "9gw2xHJTPs",
		"cep": "71996-075",
		"endereco": "Conjunto SHA Conjunto 6 Chácara 10",
		"numero": 936,
		"bairro": "Setor Habitacional Arniqueira (Águas Claras)",
		"cidade": "Brasília",
		"estado": "DF",
		"telefone_fixo": "(61) 2618-1595",
		"celular": "(61) 99158-9510",
		"altura": "1,89",
		"peso": 71,
		"tipo_sanguineo": "O-",
		"cor": "vermelho"
	},
	{
		"nome": "Gustavo Antonio Raimundo Duarte",
		"idade": 51,
		"cpf": "256.465.931-40",
		"rg": "41.012.510-6",
		"data_nasc": "04/01/1972",
		"sexo": "Masculino",
		"signo": "Capricórnio",
		"mae": "Emilly Emilly",
		"pai": "Augusto Felipe Duarte",
		"email": "gustavo.antonio.duarte@anac.gov.br",
		"senha": "ceGHPgSzEI",
		"cep": "72310-503",
		"endereco": "Quadra QS 320 Conjunto 3",
		"numero": 345,
		"bairro": "Samambaia Sul (Samambaia)",
		"cidade": "Brasília",
		"estado": "DF",
		"telefone_fixo": "(61) 3852-3384",
		"celular": "(61) 98588-6366",
		"altura": "1,98",
		"peso": 86,
		"tipo_sanguineo": "AB-",
		"cor": "azul"
	},
	{
		"nome": "Débora Nina Almeida",
		"idade": 21,
		"cpf": "488.980.261-45",
		"rg": "29.224.765-5",
		"data_nasc": "15/01/2002",
		"sexo": "Feminino",
		"signo": "Capricórnio",
		"mae": "Flávia Larissa",
		"pai": "Felipe Gael Rafael Almeida",
		"email": "debora-almeida86@indaiamidias.com.br",
		"senha": "hK583H34EU",
		"cep": "72602-310",
		"endereco": "Quadra Quadra 111 Conjunto 8-A",
		"numero": 894,
		"bairro": "Recanto das Emas",
		"cidade": "Brasília",
		"estado": "DF",
		"telefone_fixo": "(61) 2615-6364",
		"celular": "(61) 98984-6464",
		"altura": "1,75",
		"peso": 78,
		"tipo_sanguineo": "O+",
		"cor": "laranja"
	},
	{
		"nome": "Sandra Letícia Eliane da Cunha",
		"idade": 26,
		"cpf": "740.369.231-45",
		"rg": "31.454.514-1",
		"data_nasc": "05/02/1997",
		"sexo": "Feminino",
		"signo": "Aquário",
		"mae": "Priscila Liz Adriana",
		"pai": "Geraldo Emanuel Martin da Cunha",
		"email": "sandra-dacunha80@arcante.com.br",
		"senha": "lUQpngiH49",
		"cep": "73401-333",
		"endereco": "Módulo Módulo K",
		"numero": 550,
		"bairro": "Estância Planaltina (Planaltina)",
		"cidade": "Brasília",
		"estado": "DF",
		"telefone_fixo": "(61) 2739-6819",
		"celular": "(61) 98217-5265",
		"altura": "1,77",
		"peso": 74,
		"tipo_sanguineo": "AB-",
		"cor": "vermelho"
	},
	{
		"nome": "Felipe Benjamin Ryan Aparício",
		"idade": 20,
		"cpf": "535.853.531-42",
		"rg": "27.178.582-2",
		"data_nasc": "20/02/2003",
		"sexo": "Masculino",
		"signo": "Peixes",
		"mae": "Bárbara Sara Letícia",
		"pai": "Theo Osvaldo Thomas Aparício",
		"email": "felipe_aparicio@afujita.com.br",
		"senha": "LSDSGxeNf9",
		"cep": "72316-300",
		"endereco": "Quadra QR 212",
		"numero": 248,
		"bairro": "Samambaia Norte (Samambaia)",
		"cidade": "Brasília",
		"estado": "DF",
		"telefone_fixo": "(61) 3713-9594",
		"celular": "(61) 98726-2508",
		"altura": "1,99",
		"peso": 104,
		"tipo_sanguineo": "O+",
		"cor": "vermelho"
	},
	{
		"nome": "Victor Caleb Freitas",
		"idade": 46,
		"cpf": "133.339.251-68",
		"rg": "38.902.994-4",
		"data_nasc": "03/02/1977",
		"sexo": "Masculino",
		"signo": "Aquário",
		"mae": "Julia Antônia Silvana",
		"pai": "Leonardo Daniel Freitas",
		"email": "victor-freitas77@hotmai.com.br",
		"senha": "KCNWU30yP3",
		"cep": "70331-757",
		"endereco": "Quadra SHIGS 704 Bloco G",
		"numero": 606,
		"bairro": "Asa Sul",
		"cidade": "Brasília",
		"estado": "DF",
		"telefone_fixo": "(61) 3628-1515",
		"celular": "(61) 99567-1519",
		"altura": "1,88",
		"peso": 109,
		"tipo_sanguineo": "AB-",
		"cor": "laranja"
	},
	{
		"nome": "Renato Rafael Cauã Santos",
		"idade": 63,
		"cpf": "311.511.971-22",
		"rg": "44.324.498-4",
		"data_nasc": "21/02/1960",
		"sexo": "Masculino",
		"signo": "Peixes",
		"mae": "Adriana Betina Helena",
		"pai": "Enzo Henrique Santos",
		"email": "renatorafaelsantos@flexvale.com.br",
		"senha": "1O2Il1HS2S",
		"cep": "71750-120",
		"endereco": "Quadra Quadra 12",
		"numero": 787,
		"bairro": "Núcleo Rural Vargem Bonita (Núcleo Bandeirante)",
		"cidade": "Brasília",
		"estado": "DF",
		"telefone_fixo": "(61) 2850-6834",
		"celular": "(61) 99887-7989",
		"altura": "1,91",
		"peso": 62,
		"tipo_sanguineo": "AB-",
		"cor": "roxo"
	},
	{
		"nome": "Juliana Luzia Figueiredo",
		"idade": 43,
		"cpf": "107.695.741-22",
		"rg": "15.444.576-9",
		"data_nasc": "23/02/1980",
		"sexo": "Feminino",
		"signo": "Peixes",
		"mae": "Marlene Carolina",
		"pai": "Victor Yago Figueiredo",
		"email": "juliana.luzia.figueiredo@cppcoder.com",
		"senha": "8YTHSTWYmo",
		"cep": "70305-911",
		"endereco": "SCS Quadra 5 Bloco C Lote 43",
		"numero": 754,
		"bairro": "Asa Sul",
		"cidade": "Brasília",
		"estado": "DF",
		"telefone_fixo": "(61) 2951-8419",
		"celular": "(61) 98851-3042",
		"altura": "1,79",
		"peso": 89,
		"tipo_sanguineo": "AB-",
		"cor": "verde"
	},
	{
		"nome": "Vicente Elias Peixoto",
		"idade": 32,
		"cpf": "992.998.341-48",
		"rg": "43.162.746-0",
		"data_nasc": "12/02/1991",
		"sexo": "Masculino",
		"signo": "Aquário",
		"mae": "Emilly Melissa Agatha",
		"pai": "Pietro Heitor Peixoto",
		"email": "vicente.elias.peixoto@steadyoffice.com.br",
		"senha": "x5znJAfH0F",
		"cep": "71020-550",
		"endereco": "Quadra QI 11 Conjunto Z",
		"numero": 690,
		"bairro": "Guará I",
		"cidade": "Brasília",
		"estado": "DF",
		"telefone_fixo": "(61) 3779-3899",
		"celular": "(61) 99794-8941",
		"altura": "1,76",
		"peso": 54,
		"tipo_sanguineo": "AB+",
		"cor": "vermelho"
	},
	{
		"nome": "Lucas Mário Novaes",
		"idade": 21,
		"cpf": "951.958.731-43",
		"rg": "13.822.821-8",
		"data_nasc": "05/02/2002",
		"sexo": "Masculino",
		"signo": "Aquário",
		"mae": "Stefany Raimunda Simone",
		"pai": "Cláudio Alexandre Pedro Henrique Novaes",
		"email": "lucas_mario_novaes@cuppari.com.br",
		"senha": "6IF8IPHYOK",
		"cep": "71505-000",
		"endereco": "Quadra SHIN QI 1",
		"numero": 700,
		"bairro": "Setor de Habitações Individuais Norte",
		"cidade": "Brasília",
		"estado": "DF",
		"telefone_fixo": "(61) 3565-2438",
		"celular": "(61) 99385-7895",
		"altura": "1,82",
		"peso": 50,
		"tipo_sanguineo": "A+",
		"cor": "preto"
	},
	{
		"nome": "Larissa Emily Silveira",
		"idade": 43,
		"cpf": "573.346.621-99",
		"rg": "33.106.753-5",
		"data_nasc": "17/02/1980",
		"sexo": "Feminino",
		"signo": "Aquário",
		"mae": "Ester Marcela Antônia",
		"pai": "Kaique Arthur Silveira",
		"email": "larissa-silveira90@mx.labinal.com",
		"senha": "2SZhy9MUQA",
		"cep": "73375-803",
		"endereco": "Chácara 27 a 67",
		"numero": 849,
		"bairro": "Fazenda Mestre D'Armas (Etapa III - Planaltina)",
		"cidade": "Brasília",
		"estado": "DF",
		"telefone_fixo": "(61) 3686-6300",
		"celular": "(61) 99876-6292",
		"altura": "1,83",
		"peso": 47,
		"tipo_sanguineo": "B-",
		"cor": "laranja"
	},
	{
		"nome": "Leonardo Caio Breno de Paula",
		"idade": 28,
		"cpf": "827.234.281-25",
		"rg": "40.520.595-8",
		"data_nasc": "09/02/1995",
		"sexo": "Masculino",
		"signo": "Aquário",
		"mae": "Clara Caroline Antônia",
		"pai": "Jorge Ricardo Edson de Paula",
		"email": "leonardo_caio_depaula@efetivaseguros.com.br",
		"senha": "DAduxEn6wr",
		"cep": "72270-518",
		"endereco": "Quadra QNQ 5 Conjunto 18",
		"numero": 270,
		"bairro": "Ceilândia Norte (Ceilândia)",
		"cidade": "Brasília",
		"estado": "DF",
		"telefone_fixo": "(61) 3928-5786",
		"celular": "(61) 99120-2438",
		"altura": "1,97",
		"peso": 103,
		"tipo_sanguineo": "B+",
		"cor": "roxo"
	},
	{
		"nome": "Kamilly Analu Aurora da Luz",
		"idade": 25,
		"cpf": "181.807.971-20",
		"rg": "36.586.638-6",
		"data_nasc": "15/02/1998",
		"sexo": "Feminino",
		"signo": "Aquário",
		"mae": "Emanuelly Caroline Hadassa",
		"pai": "Cláudio Mateus Carlos da Luz",
		"email": "kamilly_daluz@associate.com.br",
		"senha": "3TskTidFNt",
		"cep": "72504-508",
		"endereco": "Quadra QR 304 Conjunto H",
		"numero": 568,
		"bairro": "Santa Maria",
		"cidade": "Brasília",
		"estado": "DF",
		"telefone_fixo": "(61) 3685-9507",
		"celular": "(61) 98618-8377",
		"altura": "1,81",
		"peso": 56,
		"tipo_sanguineo": "A+",
		"cor": "verde"
	},
	{
		"nome": "Ester Bruna Luiza Farias",
		"idade": 50,
		"cpf": "950.094.091-43",
		"rg": "25.906.509-2",
		"data_nasc": "25/02/1973",
		"sexo": "Feminino",
		"signo": "Peixes",
		"mae": "Renata Jéssica",
		"pai": "Pedro Henrique Bruno Farias",
		"email": "ester.bruna.farias@gmx.com",
		"senha": "Eb20zhOqiN",
		"cep": "71645-070",
		"endereco": "Quadra SHIS QI 17 Conjunto 7",
		"numero": 671,
		"bairro": "Setor de Habitações Individuais Sul",
		"cidade": "Brasília",
		"estado": "DF",
		"telefone_fixo": "(61) 3911-7473",
		"celular": "(61) 99654-9527",
		"altura": "1,69",
		"peso": 61,
		"tipo_sanguineo": "AB+",
		"cor": "azul"
	},
	{
		"nome": "Daniel Manoel Enrico Martins",
		"idade": 56,
		"cpf": "518.842.521-17",
		"rg": "21.678.194-2",
		"data_nasc": "05/02/1967",
		"sexo": "Masculino",
		"signo": "Aquário",
		"mae": "Alana Rosângela Pietra",
		"pai": "Tiago Raul Bruno Martins",
		"email": "daniel-martins99@impactatp.com.br",
		"senha": "Y6lQkCKGxG",
		"cep": "72015-605",
		"endereco": "Quadra CSB 10",
		"numero": 678,
		"bairro": "Taguatinga Sul (Taguatinga)",
		"cidade": "Brasília",
		"estado": "DF",
		"telefone_fixo": "(61) 2770-7880",
		"celular": "(61) 98560-5979",
		"altura": "1,97",
		"peso": 68,
		"tipo_sanguineo": "O+",
		"cor": "amarelo"
	},
	{
		"nome": "Mirella Marli Fogaça",
		"idade": 60,
		"cpf": "452.396.961-28",
		"rg": "20.693.647-3",
		"data_nasc": "08/01/1963",
		"sexo": "Feminino",
		"signo": "Capricórnio",
		"mae": "Rosa Lara",
		"pai": "Leandro Raul Isaac Fogaça",
		"email": "mirellamarlifogaca@click21.com.br",
		"senha": "qyNARbrWQR",
		"cep": "70675-502",
		"endereco": "Quadra QRSW 5 Bloco A-2",
		"numero": 947,
		"bairro": "Setor Sudoeste",
		"cidade": "Brasília",
		"estado": "DF",
		"telefone_fixo": "(61) 2826-3994",
		"celular": "(61) 98372-1155",
		"altura": "1,78",
		"peso": 71,
		"tipo_sanguineo": "O+",
		"cor": "laranja"
	},
	{
		"nome": "Juliana Allana Heloisa Brito",
		"idade": 39,
		"cpf": "248.634.921-97",
		"rg": "37.074.986-8",
		"data_nasc": "15/02/1984",
		"sexo": "Feminino",
		"signo": "Aquário",
		"mae": "Jéssica Isabela",
		"pai": "Yago Diego Brito",
		"email": "juliana.allana.brito@proxion.com.br",
		"senha": "SND4kufRLL",
		"cep": "71715-046",
		"endereco": "Avenida Segunda Avenida Bloco 1500",
		"numero": 178,
		"bairro": "Núcleo Bandeirante",
		"cidade": "Brasília",
		"estado": "DF",
		"telefone_fixo": "(61) 2620-7502",
		"celular": "(61) 99150-6289",
		"altura": "1,69",
		"peso": 50,
		"tipo_sanguineo": "O-",
		"cor": "roxo"
	},
	{
		"nome": "Levi Guilherme Jesus",
		"idade": 64,
		"cpf": "784.648.111-87",
		"rg": "48.274.227-6",
		"data_nasc": "12/02/1959",
		"sexo": "Masculino",
		"signo": "Aquário",
		"mae": "Ester Maria",
		"pai": "Rodrigo Vicente Jesus",
		"email": "levi_jesus@india.com",
		"senha": "NyjMG54AO7",
		"cep": "70742-040",
		"endereco": "Quadra SQN 106 Bloco D",
		"numero": 172,
		"bairro": "Asa Norte",
		"cidade": "Brasília",
		"estado": "DF",
		"telefone_fixo": "(61) 2892-4279",
		"celular": "(61) 98365-4400",
		"altura": "1,66",
		"peso": 83,
		"tipo_sanguineo": "O+",
		"cor": "laranja"
	},
	{
		"nome": "Henry Alexandre Iago Dias",
		"idade": 38,
		"cpf": "485.639.401-04",
		"rg": "27.373.405-2",
		"data_nasc": "10/01/1985",
		"sexo": "Masculino",
		"signo": "Capricórnio",
		"mae": "Heloise Sebastiana",
		"pai": "Severino Victor Renan Dias",
		"email": "henry.alexandre.dias@edpbr.com.br",
		"senha": "8jODC9T3Fz",
		"cep": "73370-003",
		"endereco": "Conjunto Residencial 3",
		"numero": 910,
		"bairro": "Vale do Amanhecer (Planaltina)",
		"cidade": "Brasília",
		"estado": "DF",
		"telefone_fixo": "(61) 2639-0963",
		"celular": "(61) 99733-2284",
		"altura": "1,86",
		"peso": 77,
		"tipo_sanguineo": "B+",
		"cor": "verde"
	},
	{
		"nome": "Nelson Benício Eduardo da Rosa",
		"idade": 27,
		"cpf": "976.910.061-79",
		"rg": "47.516.378-3",
		"data_nasc": "05/02/1996",
		"sexo": "Masculino",
		"signo": "Aquário",
		"mae": "Débora Helena",
		"pai": "Sérgio Antonio Isaac da Rosa",
		"email": "nelsonbeniciodarosa@lukin4.com.br",
		"senha": "EK4PclZilY",
		"cep": "72669-610",
		"endereco": "Condomínio Residencial Nova Betânia Quadra 3",
		"numero": 942,
		"bairro": "Recanto das Emas",
		"cidade": "Brasília",
		"estado": "DF",
		"telefone_fixo": "(61) 3626-7498",
		"celular": "(61) 99309-3419",
		"altura": "1,81",
		"peso": 107,
		"tipo_sanguineo": "A-",
		"cor": "azul"
	},
	{
		"nome": "Lara Bruna Francisca Silva",
		"idade": 67,
		"cpf": "561.082.181-93",
		"rg": "33.404.010-3",
		"data_nasc": "18/01/1956",
		"sexo": "Feminino",
		"signo": "Capricórnio",
		"mae": "Liz Melissa Aline",
		"pai": "Renato Felipe Silva",
		"email": "lara.bruna.silva@leoshehtman.com.br",
		"senha": "bY58qXO1yC",
		"cep": "70650-436",
		"endereco": "Quadra SHCES Quadra 403 Bloco F",
		"numero": 564,
		"bairro": "Cruzeiro Novo",
		"cidade": "Brasília",
		"estado": "DF",
		"telefone_fixo": "(61) 2943-9222",
		"celular": "(61) 99251-1635",
		"altura": "1,53",
		"peso": 50,
		"tipo_sanguineo": "AB+",
		"cor": "vermelho"
	},
	{
		"nome": "Luzia Sebastiana da Silva",
		"idade": 62,
		"cpf": "559.985.411-62",
		"rg": "35.026.390-5",
		"data_nasc": "10/02/1961",
		"sexo": "Feminino",
		"signo": "Aquário",
		"mae": "Adriana Rita",
		"pai": "Caleb Levi da Silva",
		"email": "luzia.sebastiana.dasilva@albap.com.br",
		"senha": "lya9LDjseE",
		"cep": "72308-208",
		"endereco": "Quadra QN 314 Conjunto 8",
		"numero": 819,
		"bairro": "Samambaia Sul (Samambaia)",
		"cidade": "Brasília",
		"estado": "DF",
		"telefone_fixo": "(61) 3703-6791",
		"celular": "(61) 99975-1357",
		"altura": "1,62",
		"peso": 79,
		"tipo_sanguineo": "AB+",
		"cor": "vermelho"
	},
	{
		"nome": "Patrícia Analu Bianca Mendes",
		"idade": 54,
		"cpf": "360.565.391-05",
		"rg": "35.218.490-5",
		"data_nasc": "07/01/1969",
		"sexo": "Feminino",
		"signo": "Capricórnio",
		"mae": "Lorena Eloá",
		"pai": "Igor Henrique Mendes",
		"email": "patricia_analu_mendes@policiamilitar.sp.gov.br",
		"senha": "r6rsjPlOep",
		"cep": "71730-110",
		"endereco": "Rua 1",
		"numero": 872,
		"bairro": "Metropolitana (Núcleo Bandeirante)",
		"cidade": "Brasília",
		"estado": "DF",
		"telefone_fixo": "(61) 3710-6205",
		"celular": "(61) 99423-3945",
		"altura": "1,78",
		"peso": 50,
		"tipo_sanguineo": "O+",
		"cor": "azul"
	},
	{
		"nome": "Heloise Benedita Caldeira",
		"idade": 46,
		"cpf": "516.630.241-97",
		"rg": "41.547.153-9",
		"data_nasc": "22/01/1977",
		"sexo": "Feminino",
		"signo": "Aquário",
		"mae": "Sônia Maria Jennifer",
		"pai": "Hugo Anthony Raul Caldeira",
		"email": "heloisebeneditacaldeira@compecia.com.br",
		"senha": "rNT0wxBR97",
		"cep": "72210-544",
		"endereco": "Quadra EQNM 8/10 Bloco D",
		"numero": 545,
		"bairro": "Ceilândia Norte (Ceilândia)",
		"cidade": "Brasília",
		"estado": "DF",
		"telefone_fixo": "(61) 2518-5260",
		"celular": "(61) 98357-8787",
		"altura": "1,71",
		"peso": 47,
		"tipo_sanguineo": "AB+",
		"cor": "laranja"
	},
	{
		"nome": "Kauê Heitor Edson Nogueira",
		"idade": 45,
		"cpf": "835.505.691-49",
		"rg": "19.813.021-1",
		"data_nasc": "27/01/1978",
		"sexo": "Masculino",
		"signo": "Aquário",
		"mae": "Clara Rosa",
		"pai": "Hugo Yago Isaac Nogueira",
		"email": "kaue-nogueira84@mixfmmanaus.com.br",
		"senha": "sGmAQHipWi",
		"cep": "72444-126",
		"endereco": "Colônia Agrícola Córrego do Crispim Chácara 25A",
		"numero": 104,
		"bairro": "Setor Leste (Gama)",
		"cidade": "Brasília",
		"estado": "DF",
		"telefone_fixo": "(61) 3667-8610",
		"celular": "(61) 99754-0005",
		"altura": "1,97",
		"peso": 85,
		"tipo_sanguineo": "O-",
		"cor": "azul"
	},
	{
		"nome": "Márcia Tereza Rebeca Viana",
		"idade": 69,
		"cpf": "700.077.141-06",
		"rg": "10.454.867-8",
		"data_nasc": "06/01/1954",
		"sexo": "Feminino",
		"signo": "Capricórnio",
		"mae": "Mariah Isabel Isadora",
		"pai": "Elias José Viana",
		"email": "marciaterezaviana@land.com.br",
		"senha": "2HzEg9luzb",
		"cep": "70345-400",
		"endereco": "Quadra EQS 106/107",
		"numero": 784,
		"bairro": "Asa Sul",
		"cidade": "Brasília",
		"estado": "DF",
		"telefone_fixo": "(61) 3598-0430",
		"celular": "(61) 98645-8251",
		"altura": "1,76",
		"peso": 83,
		"tipo_sanguineo": "O+",
		"cor": "vermelho"
	}
]