[
	{
		"nome": "Lucas Caleb Renato Gonçalves",
		"idade": 66,
		"cpf": "370.619.701-46",
		"rg": "47.095.298-2",
		"data_nasc": "21/02/1957",
		"sexo": "Masculino",
		"signo": "Peixes",
		"mae": "Catarina Mariana",
		"pai": "Felipe Fernando Gonçalves",
		"email": "lucas.caleb.goncalves@raioazul.com.br",
		"senha": "HfoH42cZLJ",
		"cep": "71593-235",
		"endereco": "Quadra 317",
		"numero": 365,
		"bairro": "Del Lago II (Itapoã)",
		"cidade": "Brasília",
		"estado": "DF",
		"telefone_fixo": "(61) 2604-2994",
		"celular": "(61) 98545-9393",
		"altura": "1,82",
		"peso": 51,
		"tipo_sanguineo": "AB-",
		"cor": "verde"
	},
	{
		"nome": "Carlos Eduardo Marcos Benício Nunes",
		"idade": 77,
		"cpf": "038.882.681-92",
		"rg": "43.155.262-9",
		"data_nasc": "21/01/1946",
		"sexo": "Masculino",
		"signo": "Aquário",
		"mae": "Débora Maitê Elza",
		"pai": "Pedro Raul Edson Nunes",
		"email": "carlos_nunes@tcotecnologia.com.br",
		"senha": "kTpTYbsmOf",
		"cep": "70362-000",
		"endereco": "Quadra SQS 309",
		"numero": 788,
		"bairro": "Asa Sul",
		"cidade": "Brasília",
		"estado": "DF",
		"telefone_fixo": "(61) 3669-2929",
		"celular": "(61) 99268-0198",
		"altura": "1,90",
		"peso": 65,
		"tipo_sanguineo": "O-",
		"cor": "vermelho"
	},
	{
		"nome": "Lucas Alexandre Dias",
		"idade": 31,
		"cpf": "791.100.251-70",
		"rg": "14.921.917-9",
		"data_nasc": "25/01/1992",
		"sexo": "Masculino",
		"signo": "Aquário",
		"mae": "Analu Giovanna Elaine",
		"pai": "Pietro Enzo Levi Dias",
		"email": "lucas_dias@ft.unicamp.br",
		"senha": "9dPhATigMm",
		"cep": "71828-444",
		"endereco": "Colônia Agrícola Canegae",
		"numero": 702,
		"bairro": "Riacho Fundo I",
		"cidade": "Brasília",
		"estado": "DF",
		"telefone_fixo": "(61) 3805-8367",
		"celular": "(61) 99474-2710",
		"altura": "1,76",
		"peso": 105,
		"tipo_sanguineo": "B+",
		"cor": "roxo"
	},
	{
		"nome": "Gael Levi Eduardo Peixoto",
		"idade": 28,
		"cpf": "551.907.571-96",
		"rg": "33.207.886-3",
		"data_nasc": "05/01/1995",
		"sexo": "Masculino",
		"signo": "Capricórnio",
		"mae": "Alice Priscila",
		"pai": "Heitor Kauê Peixoto",
		"email": "gael_levi_peixoto@soulcomunicacao.com.br",
		"senha": "BK7rjuGcjM",
		"cep": "71993-185",
		"endereco": "Conjunto SHA Conjunto 1 Chácara 58A",
		"numero": 876,
		"bairro": "Setor Habitacional Arniqueira (Águas Claras)",
		"cidade": "Brasília",
		"estado": "DF",
		"telefone_fixo": "(61) 2506-7680",
		"celular": "(61) 99645-0057",
		"altura": "1,88",
		"peso": 50,
		"tipo_sanguineo": "B+",
		"cor": "roxo"
	},
	{
		"nome": "Eduardo Ian Carlos Eduardo Farias",
		"idade": 53,
		"cpf": "963.850.481-10",
		"rg": "38.098.161-0",
		"data_nasc": "14/02/1970",
		"sexo": "Masculino",
		"signo": "Aquário",
		"mae": "Carolina Esther",
		"pai": "Anderson Alexandre Bryan Farias",
		"email": "eduardo_ian_farias@a-qualitybrasil.com.br",
		"senha": "u5Yi6lbzKP",
		"cep": "72238-190",
		"endereco": "Quadra SHPS Quadra 302",
		"numero": 518,
		"bairro": "Setor Habitacional Pôr do Sol (Ceilândia)",
		"cidade": "Brasília",
		"estado": "DF",
		"telefone_fixo": "(61) 3856-6650",
		"celular": "(61) 98895-3269",
		"altura": "2,00",
		"peso": 110,
		"tipo_sanguineo": "A-",
		"cor": "roxo"
	},
	{
		"nome": "Ryan Cauã Noah Castro",
		"idade": 68,
		"cpf": "774.070.511-00",
		"rg": "23.712.649-7",
		"data_nasc": "19/01/1955",
		"sexo": "Masculino",
		"signo": "Capricórnio",
		"mae": "Lívia Benedita",
		"pai": "Paulo José Castro",
		"email": "ryan_castro@afujita.com.br",
		"senha": "KpG2oHajJi",
		"cep": "70760-705",
		"endereco": "Quadra SHCGN 712 Bloco E",
		"numero": 381,
		"bairro": "Asa Norte",
		"cidade": "Brasília",
		"estado": "DF",
		"telefone_fixo": "(61) 3962-7480",
		"celular": "(61) 98357-9775",
		"altura": "1,80",
		"peso": 58,
		"tipo_sanguineo": "B-",
		"cor": "amarelo"
	},
	{
		"nome": "Matheus Antonio Lucca de Paula",
		"idade": 42,
		"cpf": "930.547.111-02",
		"rg": "17.096.001-8",
		"data_nasc": "15/01/1981",
		"sexo": "Masculino",
		"signo": "Capricórnio",
		"mae": "Sarah Letícia",
		"pai": "Nicolas Iago Bryan de Paula",
		"email": "matheus-depaula99@nokia.com",
		"senha": "L8jo5a2CNx",
		"cep": "72215-297",
		"endereco": "Quadra QNM 29 Área Especial G",
		"numero": 435,
		"bairro": "Ceilândia Sul (Ceilândia)",
		"cidade": "Brasília",
		"estado": "DF",
		"telefone_fixo": "(61) 2646-7571",
		"celular": "(61) 98445-1090",
		"altura": "1,86",
		"peso": 110,
		"tipo_sanguineo": "O+",
		"cor": "amarelo"
	},
	{
		"nome": "Manuel Theo Enzo Mendes",
		"idade": 66,
		"cpf": "214.823.971-61",
		"rg": "32.277.185-7",
		"data_nasc": "02/01/1957",
		"sexo": "Masculino",
		"signo": "Capricórnio",
		"mae": "Nicole Alessandra Caroline",
		"pai": "Francisco Oliver Nelson Mendes",
		"email": "manuel_mendes@valparaibaimoveis.com.br",
		"senha": "AJrWnTet2t",
		"cep": "72305-307",
		"endereco": "Quadra QR 305 Conjunto 6-A",
		"numero": 909,
		"bairro": "Samambaia Sul (Samambaia)",
		"cidade": "Brasília",
		"estado": "DF",
		"telefone_fixo": "(61) 3767-1650",
		"celular": "(61) 99749-1274",
		"altura": "1,78",
		"peso": 51,
		"tipo_sanguineo": "O+",
		"cor": "verde"
	},
	{
		"nome": "Sabrina Cláudia Bernardes",
		"idade": 50,
		"cpf": "820.625.491-99",
		"rg": "41.497.859-6",
		"data_nasc": "10/01/1973",
		"sexo": "Feminino",
		"signo": "Capricórnio",
		"mae": "Alana Regina",
		"pai": "Diogo Ricardo Giovanni Bernardes",
		"email": "sabrina_bernardes@right.com.br",
		"senha": "Z24qny6a7r",
		"cep": "72310-313",
		"endereco": "Quadra QN 502 Conjunto 13",
		"numero": 539,
		"bairro": "Samambaia Sul (Samambaia)",
		"cidade": "Brasília",
		"estado": "DF",
		"telefone_fixo": "(61) 2729-8546",
		"celular": "(61) 98455-6071",
		"altura": "1,65",
		"peso": 67,
		"tipo_sanguineo": "A+",
		"cor": "roxo"
	},
	{
		"nome": "Aurora Rosângela Cecília Silveira",
		"idade": 54,
		"cpf": "284.819.891-50",
		"rg": "48.837.785-7",
		"data_nasc": "03/01/1969",
		"sexo": "Feminino",
		"signo": "Capricórnio",
		"mae": "Sebastiana Regina",
		"pai": "César Filipe Silveira",
		"email": "aurora_silveira@dglnet.com.br",
		"senha": "SZeE8inGJK",
		"cep": "72225-291",
		"endereco": "Quadra QNN 29 Área Especial A",
		"numero": 607,
		"bairro": "Ceilândia Norte (Ceilândia)",
		"cidade": "Brasília",
		"estado": "DF",
		"telefone_fixo": "(61) 2501-4006",
		"celular": "(61) 98236-6921",
		"altura": "1,69",
		"peso": 84,
		"tipo_sanguineo": "A-",
		"cor": "roxo"
	},
	{
		"nome": "Carlos Cláudio Fernandes",
		"idade": 29,
		"cpf": "773.575.111-70",
		"rg": "47.105.450-1",
		"data_nasc": "16/01/1994",
		"sexo": "Masculino",
		"signo": "Capricórnio",
		"mae": "Allana Mariah Elza",
		"pai": "Hugo Thomas Oliver Fernandes",
		"email": "carlos_claudio_fernandes@nogueiramoura.adv.br",
		"senha": "rpZBkqQxmb",
		"cep": "70362-510",
		"endereco": "Quadra CLS 309 Bloco A",
		"numero": 992,
		"bairro": "Asa Sul",
		"cidade": "Brasília",
		"estado": "DF",
		"telefone_fixo": "(61) 3822-1265",
		"celular": "(61) 98952-5402",
		"altura": "1,82",
		"peso": 93,
		"tipo_sanguineo": "O+",
		"cor": "preto"
	},
	{
		"nome": "Alana Daniela Teixeira",
		"idade": 57,
		"cpf": "632.098.411-28",
		"rg": "22.504.581-3",
		"data_nasc": "23/02/1966",
		"sexo": "Feminino",
		"signo": "Peixes",
		"mae": "Mirella Isis Raquel",
		"pai": "Julio Caleb Teixeira",
		"email": "alana.daniela.teixeira@icloud.con",
		"senha": "jZeYSOOpse",
		"cep": "71994-365",
		"endereco": "Conjunto SHA Conjunto 4 Chácara 66A",
		"numero": 710,
		"bairro": "Setor Habitacional Arniqueira (Águas Claras)",
		"cidade": "Brasília",
		"estado": "DF",
		"telefone_fixo": "(61) 2629-7196",
		"celular": "(61) 99417-1565",
		"altura": "1,72",
		"peso": 64,
		"tipo_sanguineo": "O+",
		"cor": "amarelo"
	},
	{
		"nome": "Tomás Ruan Osvaldo Pereira",
		"idade": 79,
		"cpf": "227.828.031-74",
		"rg": "38.952.227-2",
		"data_nasc": "01/01/1944",
		"sexo": "Masculino",
		"signo": "Capricórnio",
		"mae": "Marli Priscila Ayla",
		"pai": "Breno Marcos Vinicius Pereira",
		"email": "tomas_ruan_pereira@mmarques.com",
		"senha": "gsZzmrHi6Q",
		"cep": "70670-107",
		"endereco": "Quadra SQSW 101 Bloco G",
		"numero": 545,
		"bairro": "Setor Sudoeste",
		"cidade": "Brasília",
		"estado": "DF",
		"telefone_fixo": "(61) 2827-5960",
		"celular": "(61) 98713-9482",
		"altura": "1,92",
		"peso": 99,
		"tipo_sanguineo": "A-",
		"cor": "amarelo"
	},
	{
		"nome": "Stefany Simone Almada",
		"idade": 30,
		"cpf": "987.728.271-22",
		"rg": "33.426.970-2",
		"data_nasc": "07/02/1993",
		"sexo": "Feminino",
		"signo": "Aquário",
		"mae": "Sophia Gabrielly",
		"pai": "André Roberto Caio Almada",
		"email": "stefany.simone.almada@maliziaarranjosflorais.com.br",
		"senha": "ZBMFuTjf8t",
		"cep": "71505-702",
		"endereco": "Área EPPN Canteiro Central (Super Maia",
		"numero": 382,
		"bairro": "Setor de Habitações Individuais Norte",
		"cidade": "Brasília",
		"estado": "DF",
		"telefone_fixo": "(61) 2669-9733",
		"celular": "(61) 98147-8555",
		"altura": "1,62",
		"peso": 68,
		"tipo_sanguineo": "AB-",
		"cor": "amarelo"
	},
	{
		"nome": "Cecília Carolina Barbosa",
		"idade": 19,
		"cpf": "758.820.001-49",
		"rg": "48.173.037-0",
		"data_nasc": "08/01/2004",
		"sexo": "Feminino",
		"signo": "Capricórnio",
		"mae": "Alana Caroline",
		"pai": "Joaquim Lucas Barbosa",
		"email": "cecilia-barbosa86@teadit.com.br",
		"senha": "Ndlk5UwpHz",
		"cep": "70344-110",
		"endereco": "Quadra SQS 105 Bloco K",
		"numero": 415,
		"bairro": "Asa Sul",
		"cidade": "Brasília",
		"estado": "DF",
		"telefone_fixo": "(61) 2736-1524",
		"celular": "(61) 98766-8613",
		"altura": "1,76",
		"peso": 86,
		"tipo_sanguineo": "B+",
		"cor": "roxo"
	},
	{
		"nome": "Isabelly Bárbara Flávia Campos",
		"idade": 64,
		"cpf": "585.126.921-97",
		"rg": "33.614.243-2",
		"data_nasc": "26/01/1959",
		"sexo": "Feminino",
		"signo": "Aquário",
		"mae": "Sophia Aparecida Sueli",
		"pai": "Victor André Campos",
		"email": "isabelly_barbara_campos@viacabonet.com.br",
		"senha": "3sXetpOIyk",
		"cep": "70684-830",
		"endereco": "Área AENW 3",
		"numero": 250,
		"bairro": "Setor Noroeste",
		"cidade": "Brasília",
		"estado": "DF",
		"telefone_fixo": "(61) 2900-3448",
		"celular": "(61) 98598-9785",
		"altura": "1,81",
		"peso": 53,
		"tipo_sanguineo": "A+",
		"cor": "roxo"
	},
	{
		"nome": "Lara Nina da Conceição",
		"idade": 22,
		"cpf": "760.727.881-81",
		"rg": "22.565.552-4",
		"data_nasc": "18/01/2001",
		"sexo": "Feminino",
		"signo": "Capricórnio",
		"mae": "Laís Francisca Valentina",
		"pai": "Bryan Caio Calebe da Conceição",
		"email": "lara.nina.daconceicao@uninet.com.br",
		"senha": "Fk1ANdGy12",
		"cep": "72320-204",
		"endereco": "Quadra QR 414 Conjunto 4",
		"numero": 824,
		"bairro": "Samambaia Norte (Samambaia)",
		"cidade": "Brasília",
		"estado": "DF",
		"telefone_fixo": "(61) 2508-5206",
		"celular": "(61) 98229-0051",
		"altura": "1,53",
		"peso": 89,
		"tipo_sanguineo": "B+",
		"cor": "verde"
	},
	{
		"nome": "Cecília Alice Carvalho",
		"idade": 36,
		"cpf": "755.255.521-16",
		"rg": "39.508.615-2",
		"data_nasc": "02/02/1987",
		"sexo": "Feminino",
		"signo": "Aquário",
		"mae": "Fernanda Ana",
		"pai": "Lucas Joaquim Carvalho",
		"email": "ceciliaalicecarvalho@cruiser.com.br",
		"senha": "PnHOkoSenH",
		"cep": "72015-947",
		"endereco": "CSB 5 Lote 02",
		"numero": 550,
		"bairro": "Taguatinga Sul (Taguatinga)",
		"cidade": "Brasília",
		"estado": "DF",
		"telefone_fixo": "(61) 2736-0903",
		"celular": "(61) 98998-2011",
		"altura": "1,75",
		"peso": 70,
		"tipo_sanguineo": "A+",
		"cor": "preto"
	},
	{
		"nome": "Flávia Carolina Ayla Alves",
		"idade": 60,
		"cpf": "601.079.741-18",
		"rg": "15.864.722-1",
		"data_nasc": "08/02/1963",
		"sexo": "Feminino",
		"signo": "Aquário",
		"mae": "Milena Carla",
		"pai": "Samuel Martin Matheus Alves",
		"email": "flavia_alves@distribuidorapetfarm.com.br",
		"senha": "JwJj9lunT8",
		"cep": "72007-655",
		"endereco": "Rua Rua 12 Chácara 152/1",
		"numero": 840,
		"bairro": "Setor Habitacional Vicente Pires",
		"cidade": "Brasília",
		"estado": "DF",
		"telefone_fixo": "(61) 3848-3339",
		"celular": "(61) 99402-1175",
		"altura": "1,63",
		"peso": 85,
		"tipo_sanguineo": "B+",
		"cor": "roxo"
	},
	{
		"nome": "Carlos Eduardo Igor Luiz da Rosa",
		"idade": 40,
		"cpf": "593.445.871-08",
		"rg": "23.424.496-3",
		"data_nasc": "22/02/1983",
		"sexo": "Masculino",
		"signo": "Peixes",
		"mae": "Malu Manuela Natália",
		"pai": "Calebe Paulo Victor da Rosa",
		"email": "carloseduardodarosa@yahoo.com",
		"senha": "coRj5yQjhm",
		"cep": "72300-631",
		"endereco": "Quadra Quadra 302 Conjunto 1",
		"numero": 509,
		"bairro": "Samambaia Sul (Samambaia)",
		"cidade": "Brasília",
		"estado": "DF",
		"telefone_fixo": "(61) 2826-6145",
		"celular": "(61) 98999-5544",
		"altura": "1,63",
		"peso": 65,
		"tipo_sanguineo": "AB-",
		"cor": "vermelho"
	},
	{
		"nome": "Clara Lara Sophia Santos",
		"idade": 62,
		"cpf": "578.587.031-29",
		"rg": "19.919.727-1",
		"data_nasc": "18/01/1961",
		"sexo": "Feminino",
		"signo": "Capricórnio",
		"mae": "Maya Aline",
		"pai": "Marcelo Calebe Santos",
		"email": "claralarasantos@ornatopresentes.com.br",
		"senha": "GNLLAo73Zc",
		"cep": "73006-503",
		"endereco": "Quadra Quadra 10 Área Especial 01",
		"numero": 730,
		"bairro": "Sobradinho",
		"cidade": "Brasília",
		"estado": "DF",
		"telefone_fixo": "(61) 3836-0896",
		"celular": "(61) 99522-6964",
		"altura": "1,73",
		"peso": 66,
		"tipo_sanguineo": "O+",
		"cor": "vermelho"
	},
	{
		"nome": "Calebe Emanuel Rodrigues",
		"idade": 45,
		"cpf": "764.021.411-43",
		"rg": "36.745.934-6",
		"data_nasc": "12/01/1978",
		"sexo": "Masculino",
		"signo": "Capricórnio",
		"mae": "Pietra Caroline Olivia",
		"pai": "Martin Cauã Rodrigues",
		"email": "calebe_rodrigues@gm.com",
		"senha": "9p4xYWXrhf",
		"cep": "72152-311",
		"endereco": "Quadra QNL 23 Bloco A",
		"numero": 828,
		"bairro": "Taguatinga Norte (Taguatinga)",
		"cidade": "Brasília",
		"estado": "DF",
		"telefone_fixo": "(61) 3915-5321",
		"celular": "(61) 99352-5277",
		"altura": "1,94",
		"peso": 87,
		"tipo_sanguineo": "B-",
		"cor": "roxo"
	},
	{
		"nome": "Lara Joana Clarice Rezende",
		"idade": 66,
		"cpf": "310.454.821-88",
		"rg": "17.682.708-0",
		"data_nasc": "04/01/1957",
		"sexo": "Feminino",
		"signo": "Capricórnio",
		"mae": "Cláudia Camila Isabela",
		"pai": "Nelson Gael Rezende",
		"email": "lara_joana_rezende@navescorat.com.br",
		"senha": "zUmral96aL",
		"cep": "72260-877",
		"endereco": "Quadra QNO 18 Conjunto 77",
		"numero": 529,
		"bairro": "Ceilândia Norte (Ceilândia)",
		"cidade": "Brasília",
		"estado": "DF",
		"telefone_fixo": "(61) 2636-6112",
		"celular": "(61) 98162-2476",
		"altura": "1,64",
		"peso": 75,
		"tipo_sanguineo": "AB+",
		"cor": "preto"
	},
	{
		"nome": "Alícia Alícia Flávia Moreira",
		"idade": 54,
		"cpf": "326.576.691-82",
		"rg": "19.981.231-7",
		"data_nasc": "09/01/1969",
		"sexo": "Feminino",
		"signo": "Capricórnio",
		"mae": "Elza Isabela Antonella",
		"pai": "Enzo Manuel Moreira",
		"email": "alicia_moreira@poli.ufrj.br",
		"senha": "mhuyaFy0Rg",
		"cep": "72303-012",
		"endereco": "Quadra QR 123 Conjunto 12",
		"numero": 689,
		"bairro": "Samambaia Sul (Samambaia)",
		"cidade": "Brasília",
		"estado": "DF",
		"telefone_fixo": "(61) 2900-0121",
		"celular": "(61) 98122-2303",
		"altura": "1,53",
		"peso": 75,
		"tipo_sanguineo": "B-",
		"cor": "verde"
	},
	{
		"nome": "Manoel Thiago Cauã Drumond",
		"idade": 45,
		"cpf": "261.637.361-09",
		"rg": "49.884.186-8",
		"data_nasc": "25/02/1978",
		"sexo": "Masculino",
		"signo": "Peixes",
		"mae": "Vera Mariana",
		"pai": "Martin Caleb Drumond",
		"email": "manoel.thiago.drumond@decorsul.com",
		"senha": "MSsSbW2s5m",
		"cep": "71540-070",
		"endereco": "Quadra SMLN ML Trecho 7",
		"numero": 213,
		"bairro": "Setor de Mansões do Lago Norte",
		"cidade": "Brasília",
		"estado": "DF",
		"telefone_fixo": "(61) 3839-4047",
		"celular": "(61) 99200-9006",
		"altura": "1,96",
		"peso": 68,
		"tipo_sanguineo": "B+",
		"cor": "roxo"
	},
	{
		"nome": "Fernanda Vanessa Ramos",
		"idade": 48,
		"cpf": "626.651.281-52",
		"rg": "24.132.525-0",
		"data_nasc": "14/01/1975",
		"sexo": "Feminino",
		"signo": "Capricórnio",
		"mae": "Ana Eduarda Marina",
		"pai": "Luan Isaac Ramos",
		"email": "fernanda-ramos75@signainfo.com.br",
		"senha": "igiEs5yufm",
		"cep": "73340-103",
		"endereco": "Quadra Quadra 1 Conjunto 1C",
		"numero": 307,
		"bairro": "Jardim Roriz (Planaltina)",
		"cidade": "Brasília",
		"estado": "DF",
		"telefone_fixo": "(61) 3545-3381",
		"celular": "(61) 98371-2264",
		"altura": "1,81",
		"peso": 61,
		"tipo_sanguineo": "AB+",
		"cor": "amarelo"
	},
	{
		"nome": "Diogo Rafael Baptista",
		"idade": 49,
		"cpf": "062.513.601-27",
		"rg": "14.909.397-4",
		"data_nasc": "09/01/1974",
		"sexo": "Masculino",
		"signo": "Capricórnio",
		"mae": "Stella Alícia Emily",
		"pai": "Paulo Danilo Baptista",
		"email": "diogo_baptista@vgl.com.br",
		"senha": "DSYwgAhtJ0",
		"cep": "71751-560",
		"endereco": "Núcleo Rural Vargem Bonita Rua 3 Chácara 57",
		"numero": 357,
		"bairro": "Núcleo Rural Vargem Bonita (Núcleo Bandeirante)",
		"cidade": "Brasília",
		"estado": "DF",
		"telefone_fixo": "(61) 3933-3360",
		"celular": "(61) 99344-5934",
		"altura": "1,78",
		"peso": 97,
		"tipo_sanguineo": "A-",
		"cor": "vermelho"
	},
	{
		"nome": "Luna Nina Clarice Cavalcanti",
		"idade": 19,
		"cpf": "818.910.821-24",
		"rg": "46.234.142-2",
		"data_nasc": "12/01/2004",
		"sexo": "Feminino",
		"signo": "Capricórnio",
		"mae": "Tereza Carla",
		"pai": "Joaquim Calebe Cavalcanti",
		"email": "luna.nina.cavalcanti@ppconsulting.com.br",
		"senha": "R7UstxoY2H",
		"cep": "71650-900",
		"endereco": "SHIS QL 20 Conjunto 5 Casa 17",
		"numero": 817,
		"bairro": "Setor de Habitações Individuais Sul",
		"cidade": "Brasília",
		"estado": "DF",
		"telefone_fixo": "(61) 3726-5441",
		"celular": "(61) 98139-3784",
		"altura": "1,64",
		"peso": 80,
		"tipo_sanguineo": "A+",
		"cor": "laranja"
	},
	{
		"nome": "Bruno Raul Freitas",
		"idade": 70,
		"cpf": "805.518.441-08",
		"rg": "16.859.486-9",
		"data_nasc": "16/02/1953",
		"sexo": "Masculino",
		"signo": "Aquário",
		"mae": "Fátima Francisca",
		"pai": "Benedito Geraldo Igor Freitas",
		"email": "bruno_freitas@pibnet.com.br",
		"senha": "nuuW4cLdku",
		"cep": "73355-502",
		"endereco": "Quadra Quadra 15 Conjunto 2",
		"numero": 296,
		"bairro": "Setor Residencial Leste (Planaltina)",
		"cidade": "Brasília",
		"estado": "DF",
		"telefone_fixo": "(61) 3673-1319",
		"celular": "(61) 99334-8691",
		"altura": "1,94",
		"peso": 109,
		"tipo_sanguineo": "AB-",
		"cor": "roxo"
	},
	{
		"nome": "Henrique Ian Daniel Figueiredo",
		"idade": 69,
		"cpf": "058.187.961-91",
		"rg": "25.570.587-6",
		"data_nasc": "19/01/1954",
		"sexo": "Masculino",
		"signo": "Capricórnio",
		"mae": "Alice Sophia",
		"pai": "Cauê Thales Figueiredo",
		"email": "henriqueianfigueiredo@unitau.com.br",
		"senha": "onTFXfN7bC",
		"cep": "72238-390",
		"endereco": "Quadra SHPS Quadra 603 Conjunto 96D",
		"numero": 918,
		"bairro": "Setor Habitacional Pôr do Sol (Ceilândia)",
		"cidade": "Brasília",
		"estado": "DF",
		"telefone_fixo": "(61) 3851-7619",
		"celular": "(61) 99143-9384",
		"altura": "1,74",
		"peso": 68,
		"tipo_sanguineo": "O+",
		"cor": "roxo"
	}
]