[
	{
		"nome": "Eduardo Pietro Augusto Moura",
		"idade": 38,
		"cpf": "102.812.381-70",
		"rg": "18.938.842-0",
		"data_nasc": "01/02/1985",
		"sexo": "Masculino",
		"signo": "Aquário",
		"mae": "Stefany Emanuelly",
		"pai": "Pedro Kevin Moura",
		"email": "eduardopietromoura@redealumni.com",
		"senha": "LbY9QKhP43",
		"cep": "66030-189",
		"endereco": "Quadra A",
		"numero": 983,
		"bairro": "Jurunas",
		"cidade": "Belém",
		"estado": "PA",
		"telefone_fixo": "(91) 2545-9430",
		"celular": "(91) 98709-8331",
		"altura": "1,80",
		"peso": 52,
		"tipo_sanguineo": "A-",
		"cor": "azul"
	},
	{
		"nome": "Liz Juliana Stella Rodrigues",
		"idade": 71,
		"cpf": "541.077.694-10",
		"rg": "42.151.037-7",
		"data_nasc": "16/02/1952",
		"sexo": "Feminino",
		"signo": "Aquário",
		"mae": "Melissa Nina Sophia",
		"pai": "Francisco Caio Rodrigues",
		"email": "liz_rodrigues@grupointegraambiental.com.br",
		"senha": "Ue3e1l3ZYL",
		"cep": "78557-503",
		"endereco": "Avenida Foz do Iguaçu",
		"numero": 700,
		"bairro": "Distrito Industrial",
		"cidade": "Sinop",
		"estado": "MT",
		"telefone_fixo": "(66) 2942-7864",
		"celular": "(66) 98316-7466",
		"altura": "1,82",
		"peso": 60,
		"tipo_sanguineo": "O+",
		"cor": "preto"
	},
	{
		"nome": "Juan Lucas Isaac Aparício",
		"idade": 62,
		"cpf": "125.248.016-40",
		"rg": "33.338.082-4",
		"data_nasc": "05/01/1961",
		"sexo": "Masculino",
		"signo": "Capricórnio",
		"mae": "Heloisa Renata",
		"pai": "Lucas Mário Isaac Aparício",
		"email": "juanlucasaparicio@gradu.if.ufrj.br",
		"senha": "4YSxUDZaJg",
		"cep": "72017-461",
		"endereco": "Quadra QSC 19 Chácara 28B Quadra 7",
		"numero": 858,
		"bairro": "Taguatinga Sul (Taguatinga)",
		"cidade": "Brasília",
		"estado": "DF",
		"telefone_fixo": "(61) 3512-3518",
		"celular": "(61) 98579-3469",
		"altura": "1,77",
		"peso": 108,
		"tipo_sanguineo": "O-",
		"cor": "laranja"
	},
	{
		"nome": "Isabelly Nina Silvana Duarte",
		"idade": 69,
		"cpf": "125.792.978-04",
		"rg": "41.414.859-9",
		"data_nasc": "13/01/1954",
		"sexo": "Feminino",
		"signo": "Capricórnio",
		"mae": "Catarina Maitê Isabel",
		"pai": "Davi Joaquim Henry Duarte",
		"email": "isabellyninaduarte@citadini.imb.br",
		"senha": "55jGjdHXLH",
		"cep": "77815-750",
		"endereco": "Rua 56",
		"numero": 720,
		"bairro": "Loteamento Nova Araguaína",
		"cidade": "Araguaína",
		"estado": "TO",
		"telefone_fixo": "(63) 2929-9945",
		"celular": "(63) 98111-6383",
		"altura": "1,57",
		"peso": 82,
		"tipo_sanguineo": "AB+",
		"cor": "azul"
	},
	{
		"nome": "Emily Julia Cláudia Ribeiro",
		"idade": 57,
		"cpf": "530.944.863-20",
		"rg": "24.816.040-0",
		"data_nasc": "26/01/1966",
		"sexo": "Feminino",
		"signo": "Aquário",
		"mae": "Marcela Amanda Flávia",
		"pai": "Cauã José Ribeiro",
		"email": "emily.julia.ribeiro@sygma.com.br",
		"senha": "qBSd3MTpjk",
		"cep": "34712-030",
		"endereco": "Rua dos Oitis",
		"numero": 147,
		"bairro": "Novo Horizonte",
		"cidade": "Sabará",
		"estado": "MG",
		"telefone_fixo": "(31) 3861-8009",
		"celular": "(31) 98957-2409",
		"altura": "1,82",
		"peso": 69,
		"tipo_sanguineo": "B-",
		"cor": "laranja"
	},
	{
		"nome": "Noah Davi Barros",
		"idade": 42,
		"cpf": "313.904.225-69",
		"rg": "24.814.556-3",
		"data_nasc": "11/02/1981",
		"sexo": "Masculino",
		"signo": "Aquário",
		"mae": "Evelyn Laura",
		"pai": "Lorenzo Manuel César Barros",
		"email": "noah.davi.barros@triunfante.com.br",
		"senha": "1yZA61zrwj",
		"cep": "57308-460",
		"endereco": "Rua Viçosa",
		"numero": 604,
		"bairro": "Planalto",
		"cidade": "Arapiraca",
		"estado": "AL",
		"telefone_fixo": "(82) 2890-0736",
		"celular": "(82) 99470-3717",
		"altura": "1,79",
		"peso": 70,
		"tipo_sanguineo": "B-",
		"cor": "roxo"
	},
	{
		"nome": "Andrea Rayssa da Costa",
		"idade": 52,
		"cpf": "660.529.353-32",
		"rg": "25.461.088-2",
		"data_nasc": "12/01/1971",
		"sexo": "Feminino",
		"signo": "Capricórnio",
		"mae": "Letícia Rita Nina",
		"pai": "Anthony Kevin da Costa",
		"email": "andrea-dacosta71@amaralmonteiro.com.br",
		"senha": "XUUcqmUpfP",
		"cep": "71015-068",
		"endereco": "Quadra QI 22 Conjunto F",
		"numero": 833,
		"bairro": "Guará I",
		"cidade": "Brasília",
		"estado": "DF",
		"telefone_fixo": "(61) 2737-3567",
		"celular": "(61) 98628-1577",
		"altura": "1,83",
		"peso": 60,
		"tipo_sanguineo": "B+",
		"cor": "verde"
	},
	{
		"nome": "Nair Isabelly Corte Real",
		"idade": 52,
		"cpf": "653.866.321-40",
		"rg": "22.931.973-7",
		"data_nasc": "05/01/1971",
		"sexo": "Feminino",
		"signo": "Capricórnio",
		"mae": "Raquel Teresinha",
		"pai": "Arthur Danilo Corte Real",
		"email": "nair_isabelly_cortereal@verdana.com.br",
		"senha": "JRULoKoEeY",
		"cep": "60177-180",
		"endereco": "Rua Isaías Domingos Silveira",
		"numero": 952,
		"bairro": "De Lourdes",
		"cidade": "Fortaleza",
		"estado": "CE",
		"telefone_fixo": "(85) 2559-4404",
		"celular": "(85) 98731-4564",
		"altura": "1,83",
		"peso": 63,
		"tipo_sanguineo": "A-",
		"cor": "verde"
	},
	{
		"nome": "Fábio Cláudio Marcos Vinicius de Paula",
		"idade": 57,
		"cpf": "404.922.633-29",
		"rg": "34.657.331-2",
		"data_nasc": "23/02/1966",
		"sexo": "Masculino",
		"signo": "Peixes",
		"mae": "Márcia Isadora Simone",
		"pai": "Yago Hugo de Paula",
		"email": "fabioclaudiodepaula@3dmaker.com.br",
		"senha": "snN2X44w3h",
		"cep": "76870-007",
		"endereco": "Avenida Jamari",
		"numero": 431,
		"bairro": "Áreas Especiais 01",
		"cidade": "Ariquemes",
		"estado": "RO",
		"telefone_fixo": "(69) 3700-2097",
		"celular": "(69) 98650-5947",
		"altura": "1,87",
		"peso": 85,
		"tipo_sanguineo": "A-",
		"cor": "laranja"
	},
	{
		"nome": "Camila Fabiana Aragão",
		"idade": 40,
		"cpf": "442.738.113-83",
		"rg": "38.004.798-6",
		"data_nasc": "16/02/1983",
		"sexo": "Feminino",
		"signo": "Aquário",
		"mae": "Sandra Raimunda",
		"pai": "Tomás Diogo Alexandre Aragão",
		"email": "camila.fabiana.aragao@trustsign.com.br",
		"senha": "SR3MUnkI9E",
		"cep": "64923-971",
		"endereco": "Rua Joaquim Bernardo de Aguiar 471",
		"numero": 432,
		"bairro": "Centro",
		"cidade": "Alvorada do Gurguéia",
		"estado": "PI",
		"telefone_fixo": "(89) 2640-2958",
		"celular": "(89) 98209-6514",
		"altura": "1,65",
		"peso": 88,
		"tipo_sanguineo": "A-",
		"cor": "preto"
	},
	{
		"nome": "Débora Pietra Cecília Gomes",
		"idade": 78,
		"cpf": "879.611.937-31",
		"rg": "43.299.719-2",
		"data_nasc": "16/02/1945",
		"sexo": "Feminino",
		"signo": "Aquário",
		"mae": "Carolina Agatha Aurora",
		"pai": "Samuel Enzo Vitor Gomes",
		"email": "debora_gomes@pelozo.com.br",
		"senha": "iOSLrA1sMR",
		"cep": "73755-078",
		"endereco": "Quadra Quadra 78",
		"numero": 714,
		"bairro": "Jardim Paquetá I",
		"cidade": "Planaltina",
		"estado": "GO",
		"telefone_fixo": "(61) 3592-5553",
		"celular": "(61) 99354-7212",
		"altura": "1,65",
		"peso": 50,
		"tipo_sanguineo": "AB+",
		"cor": "preto"
	},
	{
		"nome": "Carolina Carolina Melissa Jesus",
		"idade": 63,
		"cpf": "313.711.185-40",
		"rg": "14.284.915-7",
		"data_nasc": "09/02/1960",
		"sexo": "Feminino",
		"signo": "Aquário",
		"mae": "Heloisa Liz Giovana",
		"pai": "Fábio Sérgio Jesus",
		"email": "carolinacarolinajesus@moyageorges.com.br",
		"senha": "jOCTPLMIoF",
		"cep": "58011-355",
		"endereco": "Jardim Santa Emília de Rodat",
		"numero": 828,
		"bairro": "Ilha do Bispo",
		"cidade": "João Pessoa",
		"estado": "PB",
		"telefone_fixo": "(83) 3531-9150",
		"celular": "(83) 98139-2604",
		"altura": "1,62",
		"peso": 84,
		"tipo_sanguineo": "B+",
		"cor": "roxo"
	},
	{
		"nome": "Rebeca Mariah Nascimento",
		"idade": 45,
		"cpf": "099.622.172-70",
		"rg": "37.692.013-0",
		"data_nasc": "24/02/1978",
		"sexo": "Feminino",
		"signo": "Peixes",
		"mae": "Jennifer Andreia Laura",
		"pai": "Antonio Tiago Nascimento",
		"email": "rebeca-nascimento94@ssala.com.br",
		"senha": "DJfzKGMZpH",
		"cep": "69314-354",
		"endereco": "Rua Marieta de Mello Marques",
		"numero": 532,
		"bairro": "Doutor Sílvio Leite",
		"cidade": "Boa Vista",
		"estado": "RR",
		"telefone_fixo": "(95) 2596-5721",
		"celular": "(95) 99881-2411",
		"altura": "1,70",
		"peso": 61,
		"tipo_sanguineo": "B-",
		"cor": "verde"
	},
	{
		"nome": "Beatriz Catarina Galvão",
		"idade": 61,
		"cpf": "557.532.309-97",
		"rg": "27.001.689-2",
		"data_nasc": "13/02/1962",
		"sexo": "Feminino",
		"signo": "Aquário",
		"mae": "Tatiane Benedita",
		"pai": "Kaique Manoel Felipe Galvão",
		"email": "beatriz_catarina_galvao@danielsalla.com.br",
		"senha": "0LimZ0jAiG",
		"cep": "78710-330",
		"endereco": "Avenida Gonçalves Dias",
		"numero": 825,
		"bairro": "Loteamento Monte Líbano",
		"cidade": "Rondonópolis",
		"estado": "MT",
		"telefone_fixo": "(66) 2671-4800",
		"celular": "(66) 98804-6774",
		"altura": "1,78",
		"peso": 45,
		"tipo_sanguineo": "B-",
		"cor": "azul"
	},
	{
		"nome": "Lara Patrícia da Luz",
		"idade": 36,
		"cpf": "110.033.921-30",
		"rg": "27.424.878-5",
		"data_nasc": "25/01/1987",
		"sexo": "Feminino",
		"signo": "Aquário",
		"mae": "Elza Luiza Giovana",
		"pai": "Alexandre Enrico Mateus da Luz",
		"email": "lara_patricia_daluz@raninho.com.br",
		"senha": "0or5T6jU4E",
		"cep": "41219-745",
		"endereco": "Travessa Marina Costa",
		"numero": 216,
		"bairro": "Mata Escura",
		"cidade": "Salvador",
		"estado": "BA",
		"telefone_fixo": "(71) 3963-0989",
		"celular": "(71) 98583-9593",
		"altura": "1,74",
		"peso": 71,
		"tipo_sanguineo": "B-",
		"cor": "azul"
	},
	{
		"nome": "Enzo Samuel Araújo",
		"idade": 54,
		"cpf": "444.042.941-66",
		"rg": "31.514.160-8",
		"data_nasc": "13/02/1969",
		"sexo": "Masculino",
		"signo": "Aquário",
		"mae": "Luciana Lúcia Isabella",
		"pai": "Raimundo Antonio Araújo",
		"email": "enzo-araujo81@arosacampinas.com.br",
		"senha": "uLGQQD0sNp",
		"cep": "36200-062",
		"endereco": "Rua Tiradentes",
		"numero": 346,
		"bairro": "Centro",
		"cidade": "Barbacena",
		"estado": "MG",
		"telefone_fixo": "(32) 3641-5418",
		"celular": "(32) 98346-7631",
		"altura": "1,68",
		"peso": 87,
		"tipo_sanguineo": "O+",
		"cor": "roxo"
	},
	{
		"nome": "Leonardo Severino Murilo Viana",
		"idade": 44,
		"cpf": "843.224.617-43",
		"rg": "32.455.179-4",
		"data_nasc": "03/01/1979",
		"sexo": "Masculino",
		"signo": "Capricórnio",
		"mae": "Luna Cecília",
		"pai": "Luan Thiago Viana",
		"email": "leonardo_viana@cathedranet.com.br",
		"senha": "PZgZMQSH0T",
		"cep": "49092-560",
		"endereco": "Praça Josefa Nunes",
		"numero": 834,
		"bairro": "Olaria",
		"cidade": "Aracaju",
		"estado": "SE",
		"telefone_fixo": "(79) 3647-6473",
		"celular": "(79) 98470-5553",
		"altura": "1,61",
		"peso": 106,
		"tipo_sanguineo": "B+",
		"cor": "verde"
	},
	{
		"nome": "Osvaldo Sérgio Pinto",
		"idade": 27,
		"cpf": "976.532.886-93",
		"rg": "25.408.755-3",
		"data_nasc": "24/01/1996",
		"sexo": "Masculino",
		"signo": "Aquário",
		"mae": "Malu Sebastiana Isabelle",
		"pai": "Filipe Guilherme Pinto",
		"email": "osvaldosergiopinto@unicohost.com.br",
		"senha": "MAhp1ejzB4",
		"cep": "79076-055",
		"endereco": "Rua Anália Narcizo Martins",
		"numero": 108,
		"bairro": "Jardim Centenário",
		"cidade": "Campo Grande",
		"estado": "MS",
		"telefone_fixo": "(67) 3509-7137",
		"celular": "(67) 99241-2544",
		"altura": "1,78",
		"peso": 62,
		"tipo_sanguineo": "B-",
		"cor": "preto"
	},
	{
		"nome": "Kevin Carlos Bernardes",
		"idade": 37,
		"cpf": "107.399.659-05",
		"rg": "24.835.030-4",
		"data_nasc": "12/01/1986",
		"sexo": "Masculino",
		"signo": "Capricórnio",
		"mae": "Esther Nicole",
		"pai": "Benedito Martin Bernardes",
		"email": "kevincarlosbernardes@band.com.br",
		"senha": "sXuXNcihGr",
		"cep": "68908-271",
		"endereco": "Passagem Rio Grande do Norte",
		"numero": 624,
		"bairro": "Pacoval",
		"cidade": "Macapá",
		"estado": "AP",
		"telefone_fixo": "(96) 3973-9904",
		"celular": "(96) 98107-5599",
		"altura": "2,00",
		"peso": 89,
		"tipo_sanguineo": "AB+",
		"cor": "preto"
	},
	{
		"nome": "Iago Bryan Santos",
		"idade": 37,
		"cpf": "521.478.375-20",
		"rg": "48.534.929-2",
		"data_nasc": "12/02/1986",
		"sexo": "Masculino",
		"signo": "Aquário",
		"mae": "Rosângela Betina Isis",
		"pai": "Vitor Luan Santos",
		"email": "iagobryansantos@villalobos.mu.br",
		"senha": "Qix76S28n5",
		"cep": "65058-168",
		"endereco": "Rua 19",
		"numero": 964,
		"bairro": "Cidade Operária",
		"cidade": "São Luís",
		"estado": "MA",
		"telefone_fixo": "(98) 3821-3546",
		"celular": "(98) 98337-1954",
		"altura": "1,80",
		"peso": 110,
		"tipo_sanguineo": "O+",
		"cor": "laranja"
	},
	{
		"nome": "Carla Maitê Renata Monteiro",
		"idade": 19,
		"cpf": "841.618.434-88",
		"rg": "35.263.615-4",
		"data_nasc": "06/01/2004",
		"sexo": "Feminino",
		"signo": "Capricórnio",
		"mae": "Lúcia Joana Mariane",
		"pai": "Rodrigo Ricardo Monteiro",
		"email": "carla_monteiro@yahoo.es",
		"senha": "gRLxlsYglm",
		"cep": "79077-011",
		"endereco": "Rua Ivo Biazoto",
		"numero": 761,
		"bairro": "Jardim Pênfico",
		"cidade": "Campo Grande",
		"estado": "MS",
		"telefone_fixo": "(67) 2577-0889",
		"celular": "(67) 99749-5922",
		"altura": "1,83",
		"peso": 65,
		"tipo_sanguineo": "B+",
		"cor": "azul"
	},
	{
		"nome": "Carolina Larissa Clarice Costa",
		"idade": 43,
		"cpf": "909.776.709-10",
		"rg": "33.902.059-3",
		"data_nasc": "20/01/1980",
		"sexo": "Feminino",
		"signo": "Capricórnio",
		"mae": "Maya Mariah Isabelly",
		"pai": "Davi Benício Manoel Costa",
		"email": "carolina.larissa.costa@davimil.com.br",
		"senha": "dQFWslobBQ",
		"cep": "64059-270",
		"endereco": "Rua Triolândia",
		"numero": 237,
		"bairro": "Satélite",
		"cidade": "Teresina",
		"estado": "PI",
		"telefone_fixo": "(86) 3675-6085",
		"celular": "(86) 99608-7292",
		"altura": "1,81",
		"peso": 83,
		"tipo_sanguineo": "AB-",
		"cor": "preto"
	},
	{
		"nome": "Rafael César Cardoso",
		"idade": 36,
		"cpf": "854.796.674-91",
		"rg": "24.500.482-8",
		"data_nasc": "04/01/1987",
		"sexo": "Masculino",
		"signo": "Capricórnio",
		"mae": "Mariah Carolina",
		"pai": "Enrico Murilo Cardoso",
		"email": "rafael.cesar.cardoso@cppcoder.com",
		"senha": "HLN27kOwUY",
		"cep": "64060-510",
		"endereco": "Rua Luiz Lopes Sobrinho",
		"numero": 395,
		"bairro": "Porto do Centro",
		"cidade": "Teresina",
		"estado": "PI",
		"telefone_fixo": "(86) 3563-6488",
		"celular": "(86) 98484-6828",
		"altura": "1,98",
		"peso": 52,
		"tipo_sanguineo": "AB+",
		"cor": "roxo"
	},
	{
		"nome": "Raul Kauê Porto",
		"idade": 69,
		"cpf": "398.796.486-33",
		"rg": "23.285.119-0",
		"data_nasc": "23/01/1954",
		"sexo": "Masculino",
		"signo": "Aquário",
		"mae": "Sueli Cecília",
		"pai": "Heitor Severino Porto",
		"email": "raul.kaue.porto@cuppari.com.br",
		"senha": "HH29385dC1",
		"cep": "60336-228",
		"endereco": "Rua Graça Aranha",
		"numero": 240,
		"bairro": "Floresta",
		"cidade": "Fortaleza",
		"estado": "CE",
		"telefone_fixo": "(85) 2506-7634",
		"celular": "(85) 98530-7626",
		"altura": "1,62",
		"peso": 59,
		"tipo_sanguineo": "A-",
		"cor": "vermelho"
	},
	{
		"nome": "Severino Martin Rezende",
		"idade": 48,
		"cpf": "207.350.299-70",
		"rg": "46.972.222-8",
		"data_nasc": "01/02/1975",
		"sexo": "Masculino",
		"signo": "Aquário",
		"mae": "Clarice Eduarda Hadassa",
		"pai": "Diogo Lorenzo André Rezende",
		"email": "severinomartinrezende@msn.com.br",
		"senha": "z1hFE2ReQG",
		"cep": "35701-129",
		"endereco": "Rua Alonso Marques Ferreira",
		"numero": 135,
		"bairro": "Vapabuçu",
		"cidade": "Sete Lagoas",
		"estado": "MG",
		"telefone_fixo": "(31) 2941-7807",
		"celular": "(31) 99285-2343",
		"altura": "1,92",
		"peso": 90,
		"tipo_sanguineo": "AB+",
		"cor": "preto"
	},
	{
		"nome": "Manoel André Moraes",
		"idade": 64,
		"cpf": "691.826.452-48",
		"rg": "32.299.527-9",
		"data_nasc": "11/01/1959",
		"sexo": "Masculino",
		"signo": "Capricórnio",
		"mae": "Lívia Vanessa",
		"pai": "Luan Gael Lucca Moraes",
		"email": "manoel_andre_moraes@acmorgado.com.br",
		"senha": "5jWaocj4qK",
		"cep": "77826-546",
		"endereco": "Rua Santa Luzia",
		"numero": 393,
		"bairro": "Setor Raizal",
		"cidade": "Araguaína",
		"estado": "TO",
		"telefone_fixo": "(63) 2751-1798",
		"celular": "(63) 98808-4386",
		"altura": "1,72",
		"peso": 104,
		"tipo_sanguineo": "O-",
		"cor": "preto"
	},
	{
		"nome": "Sophia Analu Benedita Drumond",
		"idade": 73,
		"cpf": "048.559.507-93",
		"rg": "23.333.931-0",
		"data_nasc": "20/01/1950",
		"sexo": "Feminino",
		"signo": "Capricórnio",
		"mae": "Kamilly Raimunda",
		"pai": "Nathan Renato José Drumond",
		"email": "sophia_analu_drumond@r7.com",
		"senha": "8Zaf0XKop1",
		"cep": "78115-904",
		"endereco": "Avenida da FEB, s/n",
		"numero": 309,
		"bairro": "Ponte Nova",
		"cidade": "Várzea Grande",
		"estado": "MT",
		"telefone_fixo": "(65) 3789-4444",
		"celular": "(65) 98340-4807",
		"altura": "1,63",
		"peso": 46,
		"tipo_sanguineo": "A-",
		"cor": "preto"
	},
	{
		"nome": "Bruna Aline da Rosa",
		"idade": 61,
		"cpf": "063.354.262-85",
		"rg": "14.263.185-1",
		"data_nasc": "17/02/1962",
		"sexo": "Feminino",
		"signo": "Aquário",
		"mae": "Lúcia Fernanda Patrícia",
		"pai": "Ryan Marcelo da Rosa",
		"email": "bruna.aline.darosa@custodes.com.br",
		"senha": "24fpgQ1fe3",
		"cep": "69921-126",
		"endereco": "Rua Angelim",
		"numero": 879,
		"bairro": "Loteamento Novo Horizonte",
		"cidade": "Rio Branco",
		"estado": "AC",
		"telefone_fixo": "(68) 2863-5689",
		"celular": "(68) 98375-1831",
		"altura": "1,53",
		"peso": 84,
		"tipo_sanguineo": "AB+",
		"cor": "azul"
	},
	{
		"nome": "Levi Lucca Pedro Brito",
		"idade": 77,
		"cpf": "952.903.658-26",
		"rg": "23.675.847-0",
		"data_nasc": "18/02/1946",
		"sexo": "Masculino",
		"signo": "Aquário",
		"mae": "Lúcia Isabella",
		"pai": "Benício Hugo Brito",
		"email": "levi_brito@uel.br",
		"senha": "a5buAe1IEi",
		"cep": "74355-552",
		"endereco": "Rua BL 13",
		"numero": 366,
		"bairro": "Conjunto Habitacional Baliza",
		"cidade": "Goiânia",
		"estado": "GO",
		"telefone_fixo": "(62) 2565-5627",
		"celular": "(62) 98836-5993",
		"altura": "1,67",
		"peso": 54,
		"tipo_sanguineo": "B+",
		"cor": "roxo"
	},
	{
		"nome": "Lorenzo Pedro Henrique Francisco da Paz",
		"idade": 65,
		"cpf": "660.909.731-30",
		"rg": "14.055.613-8",
		"data_nasc": "27/01/1958",
		"sexo": "Masculino",
		"signo": "Aquário",
		"mae": "Fátima Lara Kamilly",
		"pai": "Julio Osvaldo Kevin da Paz",
		"email": "lorenzopedrodapaz@afujita.com.br",
		"senha": "Hy0o2zcS03",
		"cep": "08599-840",
		"endereco": "Rodovia Ayrton Senna da Silva",
		"numero": 799,
		"bairro": "Vila Japão",
		"cidade": "Itaquaquecetuba",
		"estado": "SP",
		"telefone_fixo": "(11) 3726-0169",
		"celular": "(11) 98695-0997",
		"altura": "2,00",
		"peso": 85,
		"tipo_sanguineo": "AB-",
		"cor": "vermelho"
	}
]