[
	{
		"nome": "Josefa Julia Aragão",
		"idade": 75,
		"cpf": "529.838.870-14",
		"rg": "36.383.351-1",
		"data_nasc": "25/01/1948",
		"sexo": "Feminino",
		"signo": "Aquário",
		"mae": "Ana Nina",
		"pai": "Bruno Noah Anthony Aragão",
		"email": "josefa_aragao@henrimar.com.br",
		"senha": "o8jz6AChI2",
		"cep": "76821-038",
		"endereco": "Rua Antônio Lacerda",
		"numero": 741,
		"bairro": "Industrial",
		"cidade": "Porto Velho",
		"estado": "RO",
		"telefone_fixo": "(69) 2623-1779",
		"celular": "(69) 99387-5696",
		"altura": "1,57",
		"peso": 54,
		"tipo_sanguineo": "A-",
		"cor": "roxo"
	},
	{
		"nome": "Bianca Mariane Carla Monteiro",
		"idade": 24,
		"cpf": "124.703.091-15",
		"rg": "45.551.324-7",
		"data_nasc": "01/02/1999",
		"sexo": "Feminino",
		"signo": "Aquário",
		"mae": "Giovana Vitória",
		"pai": "Luan Manuel Monteiro",
		"email": "bianca-monteiro82@idesc.com.br",
		"senha": "DcqQJG3HOQ",
		"cep": "78149-624",
		"endereco": "Rua Rio Coxipó",
		"numero": 569,
		"bairro": "Novo Mundo",
		"cidade": "Várzea Grande",
		"estado": "MT",
		"telefone_fixo": "(65) 3871-5634",
		"celular": "(65) 99839-4393",
		"altura": "1,84",
		"peso": 56,
		"tipo_sanguineo": "O-",
		"cor": "roxo"
	},
	{
		"nome": "Gabriela Fabiana Manuela Bernardes",
		"idade": 36,
		"cpf": "327.217.744-25",
		"rg": "16.771.695-5",
		"data_nasc": "11/02/1987",
		"sexo": "Feminino",
		"signo": "Aquário",
		"mae": "Eloá Raimunda",
		"pai": "Vinicius Erick Bernardes",
		"email": "gabriela.fabiana.bernardes@larioja.com.br",
		"senha": "3JqBpo1Wz8",
		"cep": "04856-443",
		"endereco": "Travessa Rio Fidalgo",
		"numero": 250,
		"bairro": "Jardim Varginha",
		"cidade": "São Paulo",
		"estado": "SP",
		"telefone_fixo": "(11) 3572-2971",
		"celular": "(11) 99759-5029",
		"altura": "1,71",
		"peso": 51,
		"tipo_sanguineo": "A+",
		"cor": "roxo"
	},
	{
		"nome": "Isabel Luciana Silva",
		"idade": 37,
		"cpf": "438.531.888-34",
		"rg": "22.866.219-9",
		"data_nasc": "14/01/1986",
		"sexo": "Feminino",
		"signo": "Capricórnio",
		"mae": "Aurora Jennifer Alana",
		"pai": "Oliver Edson Roberto Silva",
		"email": "isabel-silva85@infortec.com.br",
		"senha": "eUiTCIehdH",
		"cep": "83060-790",
		"endereco": "Rua Alvorada",
		"numero": 771,
		"bairro": "Guatupê",
		"cidade": "São José dos Pinhais",
		"estado": "PR",
		"telefone_fixo": "(41) 3846-1422",
		"celular": "(41) 98612-9014",
		"altura": "1,59",
		"peso": 46,
		"tipo_sanguineo": "AB-",
		"cor": "preto"
	},
	{
		"nome": "Manuel Yago Gonçalves",
		"idade": 70,
		"cpf": "676.795.620-16",
		"rg": "10.513.460-0",
		"data_nasc": "13/02/1953",
		"sexo": "Masculino",
		"signo": "Aquário",
		"mae": "Malu Eloá Vera",
		"pai": "Isaac Enzo Gonçalves",
		"email": "manuel_yago_goncalves@live.ie",
		"senha": "FwEicE8Mnn",
		"cep": "75528-269",
		"endereco": "Rua ZBG-06",
		"numero": 586,
		"bairro": "Zenon Borges Guimarães",
		"cidade": "Itumbiara",
		"estado": "GO",
		"telefone_fixo": "(62) 2822-9818",
		"celular": "(62) 98633-5032",
		"altura": "1,75",
		"peso": 93,
		"tipo_sanguineo": "AB-",
		"cor": "preto"
	},
	{
		"nome": "Danilo Calebe Jesus",
		"idade": 46,
		"cpf": "156.522.862-61",
		"rg": "48.335.283-4",
		"data_nasc": "10/02/1977",
		"sexo": "Masculino",
		"signo": "Aquário",
		"mae": "Mariane Regina",
		"pai": "Geraldo Arthur Jesus",
		"email": "danilocalebejesus@gabiaatelier.com.br",
		"senha": "WBeiG1Jqr2",
		"cep": "69919-624",
		"endereco": "Rua Violetas",
		"numero": 711,
		"bairro": "Jardim Primavera",
		"cidade": "Rio Branco",
		"estado": "AC",
		"telefone_fixo": "(68) 2709-2050",
		"celular": "(68) 99615-4725",
		"altura": "1,71",
		"peso": 104,
		"tipo_sanguineo": "A+",
		"cor": "vermelho"
	},
	{
		"nome": "Heitor Ruan Danilo dos Santos",
		"idade": 55,
		"cpf": "723.255.520-20",
		"rg": "41.191.409-1",
		"data_nasc": "11/01/1968",
		"sexo": "Masculino",
		"signo": "Capricórnio",
		"mae": "Teresinha Simone Isabel",
		"pai": "Sérgio Kauê dos Santos",
		"email": "heitorruandossantos@lojasrayton.com",
		"senha": "yF3mYUS9Re",
		"cep": "65055-060",
		"endereco": "Travessa Bom Jesus",
		"numero": 418,
		"bairro": "Jardim São Cristóvão",
		"cidade": "São Luís",
		"estado": "MA",
		"telefone_fixo": "(98) 2500-6496",
		"celular": "(98) 99104-9902",
		"altura": "1,62",
		"peso": 59,
		"tipo_sanguineo": "AB+",
		"cor": "amarelo"
	},
	{
		"nome": "Luna Márcia Porto",
		"idade": 60,
		"cpf": "843.363.484-48",
		"rg": "25.806.382-8",
		"data_nasc": "11/01/1963",
		"sexo": "Feminino",
		"signo": "Capricórnio",
		"mae": "Lavínia Carolina",
		"pai": "Alexandre Murilo Augusto Porto",
		"email": "luna_porto@focustg.com.br",
		"senha": "HQ1jnKCBGs",
		"cep": "44023-486",
		"endereco": "Rua Montes Claros",
		"numero": 861,
		"bairro": "Rua Nova",
		"cidade": "Feira de Santana",
		"estado": "BA",
		"telefone_fixo": "(75) 3668-7430",
		"celular": "(75) 99705-3510",
		"altura": "1,61",
		"peso": 90,
		"tipo_sanguineo": "O-",
		"cor": "amarelo"
	},
	{
		"nome": "Alessandra Milena da Rosa",
		"idade": 48,
		"cpf": "397.601.666-74",
		"rg": "12.232.925-9",
		"data_nasc": "14/02/1975",
		"sexo": "Feminino",
		"signo": "Aquário",
		"mae": "Vitória Rita Bruna",
		"pai": "Juan Yuri Miguel da Rosa",
		"email": "alessandra_darosa@easytechconsultoria.com.br",
		"senha": "GW1RqKLT9n",
		"cep": "74942-330",
		"endereco": "Rua Redentor",
		"numero": 273,
		"bairro": "Jardim Buriti Sereno",
		"cidade": "Aparecida de Goiânia",
		"estado": "GO",
		"telefone_fixo": "(62) 3795-5316",
		"celular": "(62) 98372-0245",
		"altura": "1,55",
		"peso": 55,
		"tipo_sanguineo": "O+",
		"cor": "verde"
	},
	{
		"nome": "Cauã Felipe Yago Baptista",
		"idade": 33,
		"cpf": "432.541.304-99",
		"rg": "35.606.334-3",
		"data_nasc": "21/01/1990",
		"sexo": "Masculino",
		"signo": "Aquário",
		"mae": "Priscila Vitória Marlene",
		"pai": "Bernardo Márcio Baptista",
		"email": "caua_felipe_baptista@officetectecnologia.com.br",
		"senha": "a3R3e01Q7U",
		"cep": "70878-540",
		"endereco": "Quadra CLN 415 Bloco D",
		"numero": 347,
		"bairro": "Asa Norte",
		"cidade": "Brasília",
		"estado": "DF",
		"telefone_fixo": "(61) 3741-5482",
		"celular": "(61) 99822-2846",
		"altura": "1,97",
		"peso": 58,
		"tipo_sanguineo": "B+",
		"cor": "vermelho"
	},
	{
		"nome": "Renan Lorenzo Victor Santos",
		"idade": 20,
		"cpf": "735.734.294-83",
		"rg": "29.359.642-6",
		"data_nasc": "01/02/2003",
		"sexo": "Masculino",
		"signo": "Aquário",
		"mae": "Nicole Sara",
		"pai": "Daniel Arthur José Santos",
		"email": "renanlorenzosantos@fingrs.com.br",
		"senha": "G4CTEEwhd5",
		"cep": "59141-775",
		"endereco": "Rua Alagoas",
		"numero": 204,
		"bairro": "Rosa dos Ventos",
		"cidade": "Parnamirim",
		"estado": "RN",
		"telefone_fixo": "(84) 3907-2863",
		"celular": "(84) 98857-1138",
		"altura": "1,77",
		"peso": 59,
		"tipo_sanguineo": "A-",
		"cor": "azul"
	},
	{
		"nome": "Rosa Gabriela Pires",
		"idade": 30,
		"cpf": "453.765.720-05",
		"rg": "35.542.178-1",
		"data_nasc": "02/01/1993",
		"sexo": "Feminino",
		"signo": "Capricórnio",
		"mae": "Tatiane Esther",
		"pai": "Thomas Bernardo Pires",
		"email": "rosa_pires@comprehense.com.br",
		"senha": "9t81rqtGCa",
		"cep": "75520-100",
		"endereco": "Rua Atenas",
		"numero": 893,
		"bairro": "Setor Nossa Senhora da Saúde",
		"cidade": "Itumbiara",
		"estado": "GO",
		"telefone_fixo": "(62) 2877-2068",
		"celular": "(62) 98908-1359",
		"altura": "1,67",
		"peso": 45,
		"tipo_sanguineo": "B+",
		"cor": "laranja"
	},
	{
		"nome": "Aparecida Silvana Lorena Mendes",
		"idade": 62,
		"cpf": "918.030.381-10",
		"rg": "17.837.266-3",
		"data_nasc": "04/02/1961",
		"sexo": "Feminino",
		"signo": "Aquário",
		"mae": "Emily Laís",
		"pai": "Carlos Eduardo Pedro Henrique Mendes",
		"email": "aparecida-mendes96@hoatmail.com",
		"senha": "0uunHbapJG",
		"cep": "60135-490",
		"endereco": "Rua Plínio Câmara",
		"numero": 978,
		"bairro": "São João do Tauape",
		"cidade": "Fortaleza",
		"estado": "CE",
		"telefone_fixo": "(85) 3946-8717",
		"celular": "(85) 98686-0022",
		"altura": "1,64",
		"peso": 85,
		"tipo_sanguineo": "A+",
		"cor": "azul"
	},
	{
		"nome": "Laís Andrea Giovanna Caldeira",
		"idade": 67,
		"cpf": "806.763.220-00",
		"rg": "19.812.889-7",
		"data_nasc": "10/01/1956",
		"sexo": "Feminino",
		"signo": "Capricórnio",
		"mae": "Regina Giovana Aline",
		"pai": "Geraldo Benjamin Severino Caldeira",
		"email": "lais-caldeira87@orthoi.com.br",
		"senha": "7th3RNTY4c",
		"cep": "65608-140",
		"endereco": "Avenida Getúlio Vargas",
		"numero": 801,
		"bairro": "Centro",
		"cidade": "Caxias",
		"estado": "MA",
		"telefone_fixo": "(99) 2626-7762",
		"celular": "(99) 98407-3794",
		"altura": "1,74",
		"peso": 56,
		"tipo_sanguineo": "AB+",
		"cor": "preto"
	},
	{
		"nome": "Benedito Osvaldo Vicente Ribeiro",
		"idade": 33,
		"cpf": "542.243.707-19",
		"rg": "46.508.647-0",
		"data_nasc": "16/02/1990",
		"sexo": "Masculino",
		"signo": "Aquário",
		"mae": "Ester Larissa Aparecida",
		"pai": "Guilherme Tomás Marcelo Ribeiro",
		"email": "beneditoosvaldoribeiro@prudential.com",
		"senha": "b5bncb83wO",
		"cep": "44032-162",
		"endereco": "Praça Chico Mendes",
		"numero": 795,
		"bairro": "Campo Limpo",
		"cidade": "Feira de Santana",
		"estado": "BA",
		"telefone_fixo": "(75) 3624-0134",
		"celular": "(75) 99320-7678",
		"altura": "1,91",
		"peso": 57,
		"tipo_sanguineo": "A-",
		"cor": "roxo"
	},
	{
		"nome": "Filipe Gael Rocha",
		"idade": 57,
		"cpf": "746.013.092-39",
		"rg": "43.967.765-8",
		"data_nasc": "03/01/1966",
		"sexo": "Masculino",
		"signo": "Capricórnio",
		"mae": "Rafaela Lavínia Teresinha",
		"pai": "Fernando Samuel Rocha",
		"email": "filipe.gael.rocha@ligananet.com.br",
		"senha": "TbmTq4YLHg",
		"cep": "58430-650",
		"endereco": "Rua Rubens Dutra Segundo",
		"numero": 457,
		"bairro": "Bodocongó",
		"cidade": "Campina Grande",
		"estado": "PB",
		"telefone_fixo": "(83) 2667-4912",
		"celular": "(83) 99752-3927",
		"altura": "1,78",
		"peso": 86,
		"tipo_sanguineo": "AB+",
		"cor": "roxo"
	},
	{
		"nome": "Nathan Marcos Fogaça",
		"idade": 47,
		"cpf": "618.189.537-06",
		"rg": "42.558.805-1",
		"data_nasc": "02/02/1976",
		"sexo": "Masculino",
		"signo": "Aquário",
		"mae": "Marina Andrea Maitê",
		"pai": "Kevin Mateus Márcio Fogaça",
		"email": "nathan_marcos_fogaca@itelefonica.com.br",
		"senha": "k6XIDF5KZ6",
		"cep": "81330-390",
		"endereco": "Rua Sezinando Martinho da Cruz",
		"numero": 771,
		"bairro": "Fazendinha",
		"cidade": "Curitiba",
		"estado": "PR",
		"telefone_fixo": "(41) 2619-9560",
		"celular": "(41) 99536-1672",
		"altura": "1,77",
		"peso": 92,
		"tipo_sanguineo": "B+",
		"cor": "amarelo"
	},
	{
		"nome": "Rebeca Alice Clarice da Silva",
		"idade": 65,
		"cpf": "489.698.926-05",
		"rg": "16.729.936-0",
		"data_nasc": "13/02/1958",
		"sexo": "Feminino",
		"signo": "Aquário",
		"mae": "Natália Sandra Sarah",
		"pai": "Heitor Sebastião Pedro da Silva",
		"email": "rebeca.alice.dasilva@raya3.com.br",
		"senha": "jg0tR5klYp",
		"cep": "68626-405",
		"endereco": "Rua José do Patrocínio",
		"numero": 700,
		"bairro": "Jardim Camboatã II",
		"cidade": "Paragominas",
		"estado": "PA",
		"telefone_fixo": "(91) 2552-4032",
		"celular": "(91) 98643-9506",
		"altura": "1,78",
		"peso": 59,
		"tipo_sanguineo": "O-",
		"cor": "preto"
	},
	{
		"nome": "Fabiana Flávia Freitas",
		"idade": 25,
		"cpf": "403.195.098-50",
		"rg": "43.071.985-1",
		"data_nasc": "21/01/1998",
		"sexo": "Feminino",
		"signo": "Aquário",
		"mae": "Rayssa Rafaela",
		"pai": "Luan Augusto Kevin Freitas",
		"email": "fabiana_freitas@flama.biz",
		"senha": "perF6X4nyy",
		"cep": "78058-539",
		"endereco": "Rua Quatro",
		"numero": 686,
		"bairro": "Três Barras",
		"cidade": "Cuiabá",
		"estado": "MT",
		"telefone_fixo": "(65) 2554-4806",
		"celular": "(65) 99172-1697",
		"altura": "1,76",
		"peso": 49,
		"tipo_sanguineo": "AB-",
		"cor": "laranja"
	},
	{
		"nome": "Alana Bruna Fátima Souza",
		"idade": 33,
		"cpf": "621.535.161-02",
		"rg": "22.230.438-8",
		"data_nasc": "02/02/1990",
		"sexo": "Feminino",
		"signo": "Aquário",
		"mae": "Olivia Rosa",
		"pai": "Nelson Anderson Souza",
		"email": "alana-souza77@sobraer.com.br",
		"senha": "80Y59nChWW",
		"cep": "68025-130",
		"endereco": "Rua Machado de Assis",
		"numero": 757,
		"bairro": "Floresta",
		"cidade": "Santarém",
		"estado": "PA",
		"telefone_fixo": "(93) 3785-0722",
		"celular": "(93) 99258-5023",
		"altura": "1,65",
		"peso": 87,
		"tipo_sanguineo": "AB+",
		"cor": "amarelo"
	},
	{
		"nome": "Gael Benjamin Caleb Rodrigues",
		"idade": 41,
		"cpf": "492.154.021-79",
		"rg": "31.199.956-6",
		"data_nasc": "21/01/1982",
		"sexo": "Masculino",
		"signo": "Aquário",
		"mae": "Isis Vera Giovana",
		"pai": "Murilo Elias Raimundo Rodrigues",
		"email": "gael_rodrigues@vianetfone.com.br",
		"senha": "mQyMwPI9AG",
		"cep": "64005-780",
		"endereco": "Rua Agrimensor Boa Vista",
		"numero": 516,
		"bairro": "Mafrense",
		"cidade": "Teresina",
		"estado": "PI",
		"telefone_fixo": "(86) 3773-3156",
		"celular": "(86) 98735-2382",
		"altura": "1,70",
		"peso": 86,
		"tipo_sanguineo": "O-",
		"cor": "laranja"
	},
	{
		"nome": "Luiza Marina Helena Nascimento",
		"idade": 55,
		"cpf": "775.568.969-78",
		"rg": "44.699.015-2",
		"data_nasc": "25/02/1968",
		"sexo": "Feminino",
		"signo": "Peixes",
		"mae": "Jaqueline Eloá Cláudia",
		"pai": "Heitor Ricardo Benjamin Nascimento",
		"email": "luiza_marina_nascimento@bessa.net.br",
		"senha": "gaGsnZBrW9",
		"cep": "29164-095",
		"endereco": "Rua Lavrador José Barbosa da Silva",
		"numero": 157,
		"bairro": "Jardim Limoeiro",
		"cidade": "Serra",
		"estado": "ES",
		"telefone_fixo": "(27) 2713-4780",
		"celular": "(27) 98254-8152",
		"altura": "1,66",
		"peso": 66,
		"tipo_sanguineo": "B+",
		"cor": "laranja"
	},
	{
		"nome": "Iago Erick Pedro Henrique Lima",
		"idade": 54,
		"cpf": "025.769.139-11",
		"rg": "12.078.515-8",
		"data_nasc": "14/02/1969",
		"sexo": "Masculino",
		"signo": "Aquário",
		"mae": "Ester Sophia",
		"pai": "Luiz Levi Lima",
		"email": "iago_erick_lima@iq.unesp.br",
		"senha": "cdGBG5h5ZR",
		"cep": "68929-504",
		"endereco": "Ramal do Cajueiro",
		"numero": 484,
		"bairro": "Distrito Industrial",
		"cidade": "Santana",
		"estado": "AP",
		"telefone_fixo": "(96) 2524-4077",
		"celular": "(96) 98338-4348",
		"altura": "1,94",
		"peso": 76,
		"tipo_sanguineo": "B+",
		"cor": "roxo"
	},
	{
		"nome": "Breno Antonio Alves",
		"idade": 69,
		"cpf": "195.189.933-43",
		"rg": "49.404.446-9",
		"data_nasc": "02/01/1954",
		"sexo": "Masculino",
		"signo": "Capricórnio",
		"mae": "Sophia Lúcia",
		"pai": "Luís Eduardo Paulo Alves",
		"email": "breno.antonio.alves@panevale.com.br",
		"senha": "uxTzMAGQDs",
		"cep": "73402-156",
		"endereco": "Módulo Módulo C",
		"numero": 853,
		"bairro": "Recanto do Sossego (Planaltina)",
		"cidade": "Brasília",
		"estado": "DF",
		"telefone_fixo": "(61) 3670-4072",
		"celular": "(61) 99102-1208",
		"altura": "1,79",
		"peso": 78,
		"tipo_sanguineo": "O-",
		"cor": "laranja"
	},
	{
		"nome": "Rebeca Ayla da Paz",
		"idade": 71,
		"cpf": "886.559.174-94",
		"rg": "10.699.112-7",
		"data_nasc": "08/02/1952",
		"sexo": "Feminino",
		"signo": "Aquário",
		"mae": "Jéssica Marli",
		"pai": "Thales Danilo Diogo da Paz",
		"email": "rebeca_ayla_dapaz@stetnet.com.br",
		"senha": "DTiQmBKAIW",
		"cep": "58102-056",
		"endereco": "Rua Golfo de Penas",
		"numero": 649,
		"bairro": "Intermares",
		"cidade": "Cabedelo",
		"estado": "PB",
		"telefone_fixo": "(83) 2965-4273",
		"celular": "(83) 99899-0482",
		"altura": "1,61",
		"peso": 57,
		"tipo_sanguineo": "B+",
		"cor": "laranja"
	},
	{
		"nome": "Calebe Benedito Assis",
		"idade": 75,
		"cpf": "261.735.918-20",
		"rg": "15.618.800-4",
		"data_nasc": "25/02/1948",
		"sexo": "Masculino",
		"signo": "Peixes",
		"mae": "Marli Carla",
		"pai": "Nicolas Bento Cauê Assis",
		"email": "calebebeneditoassis@patrezao.com.br",
		"senha": "gk9eoiTcUM",
		"cep": "45079-444",
		"endereco": "Rua A",
		"numero": 802,
		"bairro": "Zabelê",
		"cidade": "Vitória da Conquista",
		"estado": "BA",
		"telefone_fixo": "(77) 3971-1111",
		"celular": "(77) 98880-9671",
		"altura": "1,97",
		"peso": 93,
		"tipo_sanguineo": "O-",
		"cor": "preto"
	},
	{
		"nome": "Luzia Rita Marcela Corte Real",
		"idade": 43,
		"cpf": "366.365.923-20",
		"rg": "15.332.273-1",
		"data_nasc": "24/01/1980",
		"sexo": "Feminino",
		"signo": "Aquário",
		"mae": "Marlene Carolina Andreia",
		"pai": "Pedro Henrique Bento Antonio Corte Real",
		"email": "luzia_rita_cortereal@flexvale.com.br",
		"senha": "87BHGZomW0",
		"cep": "29152-873",
		"endereco": "Rua São Pedro",
		"numero": 284,
		"bairro": "Aparecida",
		"cidade": "Cariacica",
		"estado": "ES",
		"telefone_fixo": "(27) 3820-6548",
		"celular": "(27) 98408-3169",
		"altura": "1,69",
		"peso": 54,
		"tipo_sanguineo": "B+",
		"cor": "roxo"
	},
	{
		"nome": "Francisca Silvana Ferreira",
		"idade": 18,
		"cpf": "691.104.800-13",
		"rg": "41.420.521-2",
		"data_nasc": "23/02/2005",
		"sexo": "Feminino",
		"signo": "Peixes",
		"mae": "Elza Fernanda Joana",
		"pai": "Pedro Henrique Anthony Ferreira",
		"email": "francisca-ferreira77@grupoaerius.com.br",
		"senha": "QhoNsuCHce",
		"cep": "88353-466",
		"endereco": "Rua Ilza Jeske Dias de Oliveira",
		"numero": 354,
		"bairro": "Azambuja",
		"cidade": "Brusque",
		"estado": "SC",
		"telefone_fixo": "(47) 2528-3947",
		"celular": "(47) 98918-7764",
		"altura": "1,84",
		"peso": 88,
		"tipo_sanguineo": "A+",
		"cor": "amarelo"
	},
	{
		"nome": "Caio Daniel Teixeira",
		"idade": 77,
		"cpf": "422.043.611-19",
		"rg": "35.328.257-1",
		"data_nasc": "01/02/1946",
		"sexo": "Masculino",
		"signo": "Aquário",
		"mae": "Aline Josefa Juliana",
		"pai": "Yuri Lucca Teixeira",
		"email": "caiodanielteixeira@aprimor.com",
		"senha": "266lhch9iA",
		"cep": "65077-340",
		"endereco": "Rua Trinta e Seis",
		"numero": 137,
		"bairro": "Ponta D'Areia",
		"cidade": "São Luís",
		"estado": "MA",
		"telefone_fixo": "(98) 3967-4878",
		"celular": "(98) 99980-4575",
		"altura": "1,65",
		"peso": 89,
		"tipo_sanguineo": "O+",
		"cor": "azul"
	},
	{
		"nome": "Rodrigo Geraldo Guilherme Silveira",
		"idade": 51,
		"cpf": "585.473.932-18",
		"rg": "23.352.567-1",
		"data_nasc": "18/01/1972",
		"sexo": "Masculino",
		"signo": "Capricórnio",
		"mae": "Brenda Rebeca",
		"pai": "Felipe Matheus Silveira",
		"email": "rodrigogeraldosilveira@coeducar.com.br",
		"senha": "5tRLH17acI",
		"cep": "69077-743",
		"endereco": "Rua Professora Marlene dos Santos",
		"numero": 890,
		"bairro": "Japiim",
		"cidade": "Manaus",
		"estado": "AM",
		"telefone_fixo": "(92) 2933-3761",
		"celular": "(92) 99407-3439",
		"altura": "1,61",
		"peso": 72,
		"tipo_sanguineo": "AB+",
		"cor": "azul"
	}
]