[
	{
		"nome": "Murilo Fábio André das Neves",
		"idade": 19,
		"cpf": "843.044.791-13",
		"rg": "20.188.537-2",
		"data_nasc": "23/02/2004",
		"sexo": "Masculino",
		"signo": "Peixes",
		"mae": "Flávia Raquel Mariana",
		"pai": "Elias Ryan Lorenzo das Neves",
		"email": "murilo_dasneves@beminvestir.com.br",
		"senha": "YWYNU1XJG4",
		"cep": "73340-313",
		"endereco": "Quadra Quadra 3 Conjunto 3M",
		"numero": 206,
		"bairro": "Jardim Roriz (Planaltina)",
		"cidade": "Brasília",
		"estado": "DF",
		"telefone_fixo": "(61) 3976-4439",
		"celular": "(61) 99945-0698",
		"altura": "1,88",
		"peso": 83,
		"tipo_sanguineo": "A+",
		"cor": "azul"
	},
	{
		"nome": "Jorge Jorge Pedro Cavalcanti",
		"idade": 78,
		"cpf": "213.664.461-00",
		"rg": "45.349.441-9",
		"data_nasc": "19/01/1945",
		"sexo": "Masculino",
		"signo": "Capricórnio",
		"mae": "Simone Caroline Alice",
		"pai": "Vinicius André Gabriel Cavalcanti",
		"email": "jorge-cavalcanti71@escritoriogold.com.br",
		"senha": "yZbfa38rcT",
		"cep": "72302-706",
		"endereco": "Quadra QR 116 Conjunto 5",
		"numero": 320,
		"bairro": "Samambaia Sul (Samambaia)",
		"cidade": "Brasília",
		"estado": "DF",
		"telefone_fixo": "(61) 3885-8159",
		"celular": "(61) 99187-0122",
		"altura": "1,74",
		"peso": 105,
		"tipo_sanguineo": "AB+",
		"cor": "roxo"
	},
	{
		"nome": "Agatha Lívia Mariane Martins",
		"idade": 52,
		"cpf": "392.100.831-05",
		"rg": "12.139.825-0",
		"data_nasc": "18/01/1971",
		"sexo": "Feminino",
		"signo": "Capricórnio",
		"mae": "Isadora Patrícia Daiane",
		"pai": "Lorenzo Bernardo Fernando Martins",
		"email": "agatha_martins@salvadorlogistica.com.br",
		"senha": "RqxyGeL88e",
		"cep": "70673-054",
		"endereco": "Quadra SQSW 300 Bloco P",
		"numero": 776,
		"bairro": "Setor Sudoeste",
		"cidade": "Brasília",
		"estado": "DF",
		"telefone_fixo": "(61) 2882-0341",
		"celular": "(61) 98461-2534",
		"altura": "1,80",
		"peso": 83,
		"tipo_sanguineo": "AB+",
		"cor": "azul"
	},
	{
		"nome": "Sophie Patrícia Alice da Luz",
		"idade": 36,
		"cpf": "082.127.561-57",
		"rg": "11.422.009-8",
		"data_nasc": "18/02/1987",
		"sexo": "Feminino",
		"signo": "Aquário",
		"mae": "Stefany Heloisa",
		"pai": "Antonio Bento Anthony da Luz",
		"email": "sophie.patricia.daluz@grupoprovac.com.br",
		"senha": "UhWBS9mnqz",
		"cep": "71575-530",
		"endereco": "Quadra Quadra 40 Conjunto F",
		"numero": 848,
		"bairro": "Paranoá",
		"cidade": "Brasília",
		"estado": "DF",
		"telefone_fixo": "(61) 2849-4622",
		"celular": "(61) 98815-9930",
		"altura": "1,55",
		"peso": 70,
		"tipo_sanguineo": "A-",
		"cor": "laranja"
	},
	{
		"nome": "Raquel Alícia Rodrigues",
		"idade": 32,
		"cpf": "094.986.841-89",
		"rg": "37.663.437-6",
		"data_nasc": "09/01/1991",
		"sexo": "Feminino",
		"signo": "Capricórnio",
		"mae": "Andrea Regina",
		"pai": "Ricardo Juan Vitor Rodrigues",
		"email": "raquel.alicia.rodrigues@andradecamara.com.br",
		"senha": "auqjSULWGt",
		"cep": "73358-170",
		"endereco": "Rua A",
		"numero": 773,
		"bairro": "Setor Residencial Leste (Planaltina)",
		"cidade": "Brasília",
		"estado": "DF",
		"telefone_fixo": "(61) 2962-8360",
		"celular": "(61) 99578-6151",
		"altura": "1,55",
		"peso": 62,
		"tipo_sanguineo": "A+",
		"cor": "vermelho"
	},
	{
		"nome": "Caleb Elias Noah da Silva",
		"idade": 19,
		"cpf": "517.200.441-63",
		"rg": "30.124.267-7",
		"data_nasc": "08/02/2004",
		"sexo": "Masculino",
		"signo": "Aquário",
		"mae": "Rafaela Daniela Marli",
		"pai": "Benício Antonio da Silva",
		"email": "calebeliasdasilva@rafaelsouza.com.br",
		"senha": "Z3StAN31uL",
		"cep": "73340-630",
		"endereco": "Quadra EQ 7",
		"numero": 660,
		"bairro": "Jardim Roriz (Planaltina)",
		"cidade": "Brasília",
		"estado": "DF",
		"telefone_fixo": "(61) 2735-7766",
		"celular": "(61) 98503-0412",
		"altura": "1,83",
		"peso": 80,
		"tipo_sanguineo": "B-",
		"cor": "amarelo"
	},
	{
		"nome": "Vicente Pedro Noah Pereira",
		"idade": 66,
		"cpf": "984.393.301-03",
		"rg": "36.843.545-3",
		"data_nasc": "20/02/1957",
		"sexo": "Masculino",
		"signo": "Peixes",
		"mae": "Sara Elaine",
		"pai": "Samuel Victor Pereira",
		"email": "vicente_pedro_pereira@vick1.com.br",
		"senha": "9baI5QxCAO",
		"cep": "72323-570",
		"endereco": "Quadra QS 417 Conjunto J",
		"numero": 847,
		"bairro": "Samambaia Norte (Samambaia)",
		"cidade": "Brasília",
		"estado": "DF",
		"telefone_fixo": "(61) 3546-3498",
		"celular": "(61) 98750-8767",
		"altura": "1,60",
		"peso": 76,
		"tipo_sanguineo": "O+",
		"cor": "amarelo"
	},
	{
		"nome": "Erick Carlos Eduardo Marcelo Almeida",
		"idade": 39,
		"cpf": "454.984.591-06",
		"rg": "25.842.357-2",
		"data_nasc": "15/01/1984",
		"sexo": "Masculino",
		"signo": "Capricórnio",
		"mae": "Camila Mariana",
		"pai": "Nicolas Lucas Daniel Almeida",
		"email": "erick.carlos.almeida@bol.com.br",
		"senha": "or1fu3qxXK",
		"cep": "72331-561",
		"endereco": "Quadra QS 611 Conjunto A",
		"numero": 115,
		"bairro": "Samambaia Norte (Samambaia)",
		"cidade": "Brasília",
		"estado": "DF",
		"telefone_fixo": "(61) 2958-6376",
		"celular": "(61) 98668-3668",
		"altura": "1,81",
		"peso": 107,
		"tipo_sanguineo": "A-",
		"cor": "preto"
	},
	{
		"nome": "Ana Clara Santos",
		"idade": 54,
		"cpf": "810.294.461-72",
		"rg": "39.415.683-3",
		"data_nasc": "10/01/1969",
		"sexo": "Feminino",
		"signo": "Capricórnio",
		"mae": "Daiane Maitê",
		"pai": "Nelson Hugo Santos",
		"email": "ana-santos78@novaes.me",
		"senha": "0fzuSb15lz",
		"cep": "72323-010",
		"endereco": "Quadra QR 415 Conjunto 10",
		"numero": 961,
		"bairro": "Samambaia Norte (Samambaia)",
		"cidade": "Brasília",
		"estado": "DF",
		"telefone_fixo": "(61) 3569-5040",
		"celular": "(61) 99175-9851",
		"altura": "1,81",
		"peso": 64,
		"tipo_sanguineo": "A-",
		"cor": "azul"
	},
	{
		"nome": "Pietro Enrico Rezende",
		"idade": 42,
		"cpf": "421.196.521-20",
		"rg": "33.315.533-6",
		"data_nasc": "23/01/1981",
		"sexo": "Masculino",
		"signo": "Aquário",
		"mae": "Elisa Márcia Julia",
		"pai": "Joaquim Pedro Henrique Rezende",
		"email": "pietro.enrico.rezende@willianareiaepedra.com.br",
		"senha": "cbjqzf5wQJ",
		"cep": "71691-635",
		"endereco": "Quadra Quadra 307 Conjunto 3",
		"numero": 263,
		"bairro": "Setor Residencial Oeste (São Sebastião)",
		"cidade": "Brasília",
		"estado": "DF",
		"telefone_fixo": "(61) 2791-7112",
		"celular": "(61) 99954-2089",
		"altura": "1,85",
		"peso": 92,
		"tipo_sanguineo": "AB-",
		"cor": "azul"
	},
	{
		"nome": "Tânia Valentina Gonçalves",
		"idade": 21,
		"cpf": "982.086.541-75",
		"rg": "22.760.715-6",
		"data_nasc": "25/02/2002",
		"sexo": "Feminino",
		"signo": "Peixes",
		"mae": "Kamilly Antônia",
		"pai": "Marcos Vinicius Renan Gonçalves",
		"email": "tania_valentina_goncalves@bravura.com.br",
		"senha": "xcndE6ce93",
		"cep": "72309-202",
		"endereco": "Quadra QN 321 Conjunto B",
		"numero": 596,
		"bairro": "Samambaia Sul (Samambaia)",
		"cidade": "Brasília",
		"estado": "DF",
		"telefone_fixo": "(61) 3577-6210",
		"celular": "(61) 99671-8858",
		"altura": "1,53",
		"peso": 71,
		"tipo_sanguineo": "O-",
		"cor": "vermelho"
	},
	{
		"nome": "Yasmin Vanessa Stefany Drumond",
		"idade": 55,
		"cpf": "651.956.421-41",
		"rg": "20.897.777-6",
		"data_nasc": "22/01/1968",
		"sexo": "Feminino",
		"signo": "Aquário",
		"mae": "Luciana Isabelle Valentina",
		"pai": "Vinicius Leonardo Drumond",
		"email": "yasmin-drumond88@vemter.com.br",
		"senha": "Cc4iddfI7s",
		"cep": "70322-905",
		"endereco": "SHS Quadra 3 Bloco J",
		"numero": 614,
		"bairro": "Asa Sul",
		"cidade": "Brasília",
		"estado": "DF",
		"telefone_fixo": "(61) 3546-0822",
		"celular": "(61) 98957-2475",
		"altura": "1,80",
		"peso": 84,
		"tipo_sanguineo": "A+",
		"cor": "amarelo"
	},
	{
		"nome": "Antonio Cláudio Silva",
		"idade": 56,
		"cpf": "229.997.931-03",
		"rg": "12.580.938-4",
		"data_nasc": "02/01/1967",
		"sexo": "Masculino",
		"signo": "Capricórnio",
		"mae": "Marli Stefany Ester",
		"pai": "Filipe André Silva",
		"email": "antonio_silva@bn.com.br",
		"senha": "aLF0DB31N4",
		"cep": "70750-739",
		"endereco": "Quadra SHCGN 710 Bloco I",
		"numero": 409,
		"bairro": "Asa Norte",
		"cidade": "Brasília",
		"estado": "DF",
		"telefone_fixo": "(61) 2725-1206",
		"celular": "(61) 99747-2772",
		"altura": "1,99",
		"peso": 96,
		"tipo_sanguineo": "A+",
		"cor": "preto"
	},
	{
		"nome": "César João Costa",
		"idade": 52,
		"cpf": "034.191.511-44",
		"rg": "48.678.833-7",
		"data_nasc": "15/02/1971",
		"sexo": "Masculino",
		"signo": "Aquário",
		"mae": "Fernanda Isabelle",
		"pai": "Lorenzo Miguel Kauê Costa",
		"email": "cesar-costa89@sobraer.com.br",
		"senha": "bekRt9oflD",
		"cep": "72319-207",
		"endereco": "Quadra QR 405 Conjunto 7",
		"numero": 181,
		"bairro": "Samambaia Norte (Samambaia)",
		"cidade": "Brasília",
		"estado": "DF",
		"telefone_fixo": "(61) 3985-8681",
		"celular": "(61) 99533-5820",
		"altura": "1,89",
		"peso": 103,
		"tipo_sanguineo": "A+",
		"cor": "roxo"
	},
	{
		"nome": "Otávio Iago Nascimento",
		"idade": 30,
		"cpf": "951.042.761-63",
		"rg": "18.994.444-4",
		"data_nasc": "07/01/1993",
		"sexo": "Masculino",
		"signo": "Capricórnio",
		"mae": "Analu Nina",
		"pai": "Heitor Raul Nascimento",
		"email": "otavioiagonascimento@barratravel.com.br",
		"senha": "prMbXk1rZG",
		"cep": "72231-102",
		"endereco": "Quadra QNP 10 Conjunto B",
		"numero": 803,
		"bairro": "Ceilândia Sul (Ceilândia)",
		"cidade": "Brasília",
		"estado": "DF",
		"telefone_fixo": "(61) 2786-6591",
		"celular": "(61) 99455-3850",
		"altura": "1,79",
		"peso": 57,
		"tipo_sanguineo": "A-",
		"cor": "vermelho"
	},
	{
		"nome": "Alícia Emily Stella Dias",
		"idade": 51,
		"cpf": "198.192.321-71",
		"rg": "42.261.795-7",
		"data_nasc": "03/01/1972",
		"sexo": "Feminino",
		"signo": "Capricórnio",
		"mae": "Valentina Alice Milena",
		"pai": "Benício Nelson Murilo Dias",
		"email": "aliciaemilydias@centrovias.com.br",
		"senha": "9qjCaFdz9t",
		"cep": "72549-350",
		"endereco": "Quadra AC 319",
		"numero": 712,
		"bairro": "Santa Maria",
		"cidade": "Brasília",
		"estado": "DF",
		"telefone_fixo": "(61) 3747-2937",
		"celular": "(61) 99613-4875",
		"altura": "1,69",
		"peso": 55,
		"tipo_sanguineo": "AB-",
		"cor": "vermelho"
	},
	{
		"nome": "Milena Francisca Nogueira",
		"idade": 30,
		"cpf": "434.636.901-44",
		"rg": "24.449.652-3",
		"data_nasc": "07/01/1993",
		"sexo": "Feminino",
		"signo": "Capricórnio",
		"mae": "Fátima Jéssica Juliana",
		"pai": "Thiago Benício Henry Nogueira",
		"email": "milena_nogueira@novaface.com.br",
		"senha": "YnOfQcFAm9",
		"cep": "73355-016",
		"endereco": "Quadra Quadra 10 Conjunto P",
		"numero": 129,
		"bairro": "Setor Residencial Leste (Planaltina)",
		"cidade": "Brasília",
		"estado": "DF",
		"telefone_fixo": "(61) 2579-8412",
		"celular": "(61) 98114-7089",
		"altura": "1,56",
		"peso": 89,
		"tipo_sanguineo": "O-",
		"cor": "vermelho"
	},
	{
		"nome": "Beatriz Carolina Sales",
		"idade": 72,
		"cpf": "028.812.901-67",
		"rg": "38.987.388-3",
		"data_nasc": "23/02/1951",
		"sexo": "Feminino",
		"signo": "Peixes",
		"mae": "Evelyn Isabelle",
		"pai": "Benedito Bernardo Sales",
		"email": "beatriz_carolina_sales@cancaonova.com",
		"senha": "piBbeKB2Cl",
		"cep": "71572-116",
		"endereco": "Quadra Quadra 21 Área Especial s/n",
		"numero": 858,
		"bairro": "Paranoá",
		"cidade": "Brasília",
		"estado": "DF",
		"telefone_fixo": "(61) 3974-0286",
		"celular": "(61) 98677-1061",
		"altura": "1,56",
		"peso": 87,
		"tipo_sanguineo": "B+",
		"cor": "vermelho"
	},
	{
		"nome": "Márcia Márcia Campos",
		"idade": 31,
		"cpf": "648.106.901-72",
		"rg": "33.834.135-3",
		"data_nasc": "06/01/1992",
		"sexo": "Feminino",
		"signo": "Capricórnio",
		"mae": "Gabriela Mariana Lorena",
		"pai": "Lorenzo Martin Kevin Campos",
		"email": "marcia-campos99@10clic.com.br",
		"senha": "GRnjyNxgdt",
		"cep": "70757-520",
		"endereco": "Quadra CLN 311 Bloco B",
		"numero": 298,
		"bairro": "Asa Norte",
		"cidade": "Brasília",
		"estado": "DF",
		"telefone_fixo": "(61) 3772-3490",
		"celular": "(61) 98846-1121",
		"altura": "1,56",
		"peso": 89,
		"tipo_sanguineo": "O+",
		"cor": "roxo"
	},
	{
		"nome": "José Theo Joaquim Araújo",
		"idade": 59,
		"cpf": "100.363.361-73",
		"rg": "33.379.534-9",
		"data_nasc": "16/02/1964",
		"sexo": "Masculino",
		"signo": "Aquário",
		"mae": "Evelyn Sophie",
		"pai": "Francisco Caleb Igor Araújo",
		"email": "jose-araujo75@enox.com.br",
		"senha": "gm1jRzlbut",
		"cep": "70381-705",
		"endereco": "Quadra SHIGS 715 Bloco E",
		"numero": 217,
		"bairro": "Asa Sul",
		"cidade": "Brasília",
		"estado": "DF",
		"telefone_fixo": "(61) 2541-2335",
		"celular": "(61) 98141-0361",
		"altura": "1,74",
		"peso": 75,
		"tipo_sanguineo": "AB+",
		"cor": "roxo"
	},
	{
		"nome": "Murilo Pedro Henrique Sérgio Jesus",
		"idade": 46,
		"cpf": "505.800.771-10",
		"rg": "27.616.671-1",
		"data_nasc": "02/01/1977",
		"sexo": "Masculino",
		"signo": "Capricórnio",
		"mae": "Sara Flávia Sara",
		"pai": "Anthony Anderson Lucas Jesus",
		"email": "murilo_jesus@creativeinteriores.com.br",
		"senha": "NMlbLuqymx",
		"cep": "72311-405",
		"endereco": "Quadra QN 503 Conjunto 5",
		"numero": 782,
		"bairro": "Samambaia Sul (Samambaia)",
		"cidade": "Brasília",
		"estado": "DF",
		"telefone_fixo": "(61) 3551-1341",
		"celular": "(61) 98915-7449",
		"altura": "1,88",
		"peso": 85,
		"tipo_sanguineo": "AB+",
		"cor": "amarelo"
	},
	{
		"nome": "Sophie Rayssa da Cunha",
		"idade": 39,
		"cpf": "766.833.531-58",
		"rg": "16.669.503-8",
		"data_nasc": "03/01/1984",
		"sexo": "Feminino",
		"signo": "Capricórnio",
		"mae": "Amanda Cristiane Sara",
		"pai": "Davi Leonardo Lucas da Cunha",
		"email": "sophie-dacunha90@esplanadaviagens.com.br",
		"senha": "fN4qcxWoxr",
		"cep": "70875-040",
		"endereco": "Quadra SQN 216 Bloco D",
		"numero": 982,
		"bairro": "Asa Norte",
		"cidade": "Brasília",
		"estado": "DF",
		"telefone_fixo": "(61) 3668-4764",
		"celular": "(61) 98190-1583",
		"altura": "1,78",
		"peso": 77,
		"tipo_sanguineo": "A-",
		"cor": "vermelho"
	},
	{
		"nome": "Jorge Juan Tomás dos Santos",
		"idade": 31,
		"cpf": "450.415.071-98",
		"rg": "25.977.947-7",
		"data_nasc": "06/01/1992",
		"sexo": "Masculino",
		"signo": "Capricórnio",
		"mae": "Alícia Sandra",
		"pai": "Alexandre Alexandre dos Santos",
		"email": "jorge_dossantos@br.nestle.com",
		"senha": "wejLb60PdH",
		"cep": "72510-230",
		"endereco": "Quadra CL 310",
		"numero": 316,
		"bairro": "Santa Maria",
		"cidade": "Brasília",
		"estado": "DF",
		"telefone_fixo": "(61) 2924-8183",
		"celular": "(61) 98933-8543",
		"altura": "1,61",
		"peso": 79,
		"tipo_sanguineo": "B-",
		"cor": "vermelho"
	},
	{
		"nome": "Raimunda Tereza Cardoso",
		"idade": 33,
		"cpf": "699.610.301-09",
		"rg": "27.128.650-7",
		"data_nasc": "04/01/1990",
		"sexo": "Feminino",
		"signo": "Capricórnio",
		"mae": "Stella Elza Nina",
		"pai": "Giovanni Luan Theo Cardoso",
		"email": "raimunda_tereza_cardoso@engemed.com",
		"senha": "0lMzpkQXZA",
		"cep": "70258-040",
		"endereco": "Quadra SQS 409 Bloco D",
		"numero": 439,
		"bairro": "Asa Sul",
		"cidade": "Brasília",
		"estado": "DF",
		"telefone_fixo": "(61) 3988-2290",
		"celular": "(61) 98331-7978",
		"altura": "1,67",
		"peso": 90,
		"tipo_sanguineo": "B+",
		"cor": "amarelo"
	},
	{
		"nome": "Marcelo Henry Joaquim Porto",
		"idade": 18,
		"cpf": "812.251.071-05",
		"rg": "16.836.125-5",
		"data_nasc": "09/02/2005",
		"sexo": "Masculino",
		"signo": "Aquário",
		"mae": "Marlene Eduarda",
		"pai": "Gabriel Murilo Porto",
		"email": "marcelo_henry_porto@gmapst.com",
		"senha": "oZEG01rMzy",
		"cep": "70735-540",
		"endereco": "Quadra CLN 303 Bloco D",
		"numero": 242,
		"bairro": "Asa Norte",
		"cidade": "Brasília",
		"estado": "DF",
		"telefone_fixo": "(61) 2963-5392",
		"celular": "(61) 98102-7907",
		"altura": "1,83",
		"peso": 73,
		"tipo_sanguineo": "B+",
		"cor": "vermelho"
	},
	{
		"nome": "Tereza Laís Emily Barbosa",
		"idade": 30,
		"cpf": "750.630.071-04",
		"rg": "46.469.287-8",
		"data_nasc": "05/02/1993",
		"sexo": "Feminino",
		"signo": "Aquário",
		"mae": "Tereza Clarice Isabelly",
		"pai": "José Cláudio Manuel Barbosa",
		"email": "terezalaisbarbosa@aircominternational.com",
		"senha": "n5X7ZMiy7q",
		"cep": "71571-033",
		"endereco": "Avenida Paranoá Bloco 4",
		"numero": 376,
		"bairro": "Paranoá",
		"cidade": "Brasília",
		"estado": "DF",
		"telefone_fixo": "(61) 3585-5764",
		"celular": "(61) 98145-4533",
		"altura": "1,72",
		"peso": 51,
		"tipo_sanguineo": "A-",
		"cor": "vermelho"
	},
	{
		"nome": "Ricardo Antonio Nathan Alves",
		"idade": 45,
		"cpf": "440.349.101-43",
		"rg": "44.577.754-0",
		"data_nasc": "14/02/1978",
		"sexo": "Masculino",
		"signo": "Aquário",
		"mae": "Benedita Sophia Lívia",
		"pai": "Pedro Felipe Alves",
		"email": "ricardo_alves@resource.com.br",
		"senha": "e6dsRuqyku",
		"cep": "71587-032",
		"endereco": "Quadra Quadra 1 Conjunto 2",
		"numero": 451,
		"bairro": "Paranoá Parque (Paranoá)",
		"cidade": "Brasília",
		"estado": "DF",
		"telefone_fixo": "(61) 2502-0011",
		"celular": "(61) 99318-9233",
		"altura": "1,93",
		"peso": 65,
		"tipo_sanguineo": "AB+",
		"cor": "roxo"
	},
	{
		"nome": "Sarah Natália Liz Fogaça",
		"idade": 27,
		"cpf": "842.178.381-58",
		"rg": "10.595.007-5",
		"data_nasc": "24/01/1996",
		"sexo": "Feminino",
		"signo": "Aquário",
		"mae": "Lavínia Luana",
		"pai": "Fábio Kevin Cauã Fogaça",
		"email": "sarah-fogaca92@accent.com.br",
		"senha": "bStznwMdbu",
		"cep": "72307-202",
		"endereco": "Quadra QN 313 Conjunto B",
		"numero": 639,
		"bairro": "Samambaia Sul (Samambaia)",
		"cidade": "Brasília",
		"estado": "DF",
		"telefone_fixo": "(61) 2994-6939",
		"celular": "(61) 98567-4885",
		"altura": "1,62",
		"peso": 51,
		"tipo_sanguineo": "A-",
		"cor": "roxo"
	},
	{
		"nome": "Flávia Eduarda Barros",
		"idade": 63,
		"cpf": "521.755.781-86",
		"rg": "18.457.106-6",
		"data_nasc": "15/01/1960",
		"sexo": "Feminino",
		"signo": "Capricórnio",
		"mae": "Maria Nina",
		"pai": "Filipe Iago Barros",
		"email": "flavia-barros78@nipnet.com.br",
		"senha": "JgigAriCnw",
		"cep": "72506-102",
		"endereco": "Quadra AC 106 Bloco B",
		"numero": 620,
		"bairro": "Santa Maria",
		"cidade": "Brasília",
		"estado": "DF",
		"telefone_fixo": "(61) 2852-9549",
		"celular": "(61) 98398-1927",
		"altura": "1,79",
		"peso": 62,
		"tipo_sanguineo": "AB+",
		"cor": "verde"
	},
	{
		"nome": "Henrique Thomas Cauã Aragão",
		"idade": 61,
		"cpf": "653.635.641-14",
		"rg": "16.636.513-0",
		"data_nasc": "15/01/1962",
		"sexo": "Masculino",
		"signo": "Capricórnio",
		"mae": "Heloisa Isabella Ana",
		"pai": "Noah Leonardo Davi Aragão",
		"email": "henriquethomasaragao@mega.com.br",
		"senha": "gGiieoPoyE",
		"cep": "72162-307",
		"endereco": "Quadra QNL 30 Conjunto G",
		"numero": 333,
		"bairro": "Taguatinga Norte (Taguatinga)",
		"cidade": "Brasília",
		"estado": "DF",
		"telefone_fixo": "(61) 2790-5168",
		"celular": "(61) 98802-1335",
		"altura": "1,88",
		"peso": 51,
		"tipo_sanguineo": "O-",
		"cor": "verde"
	}
]