[
	{
		"nome": "Isabelly Bruna Juliana Nunes",
		"idade": 44,
		"cpf": "219.649.851-37",
		"rg": "46.185.048-5",
		"data_nasc": "08/02/1979",
		"sexo": "Feminino",
		"signo": "Aquário",
		"mae": "Vera Jéssica",
		"pai": "Lorenzo Lorenzo Ryan Nunes",
		"email": "isabelly.bruna.nunes@devuono.com.br",
		"senha": "n47UneOGO9",
		"cep": "71680-040",
		"endereco": "Conjunto SMDB Conjunto 4",
		"numero": 492,
		"bairro": "Setor de Mansões Dom Bosco",
		"cidade": "Brasília",
		"estado": "DF",
		"telefone_fixo": "(61) 3802-0363",
		"celular": "(61) 98645-4316",
		"altura": "1,74",
		"peso": 72,
		"tipo_sanguineo": "AB-",
		"cor": "laranja"
	},
	{
		"nome": "Bianca Mariah Assunção",
		"idade": 74,
		"cpf": "839.383.491-07",
		"rg": "31.250.162-6",
		"data_nasc": "03/01/1949",
		"sexo": "Feminino",
		"signo": "Capricórnio",
		"mae": "Bruna Mirella",
		"pai": "Samuel Paulo Benedito Assunção",
		"email": "bianca.mariah.assuncao@domain.com.br",
		"senha": "XHuLIOPXNc",
		"cep": "70745-520",
		"endereco": "Quadra CLN 306 Bloco B",
		"numero": 112,
		"bairro": "Asa Norte",
		"cidade": "Brasília",
		"estado": "DF",
		"telefone_fixo": "(61) 3509-6389",
		"celular": "(61) 98258-1710",
		"altura": "1,57",
		"peso": 63,
		"tipo_sanguineo": "AB+",
		"cor": "laranja"
	},
	{
		"nome": "Heloise Betina Mirella Lima",
		"idade": 45,
		"cpf": "951.357.411-35",
		"rg": "35.801.608-3",
		"data_nasc": "01/01/1978",
		"sexo": "Feminino",
		"signo": "Capricórnio",
		"mae": "Rafaela Nicole Sônia",
		"pai": "Rodrigo Alexandre Lima",
		"email": "heloise_lima@consorciogastau.com.br",
		"senha": "q0xe3OY1GW",
		"cep": "72308-308",
		"endereco": "Quadra QR 314 Conjunto 7",
		"numero": 943,
		"bairro": "Samambaia Sul (Samambaia)",
		"cidade": "Brasília",
		"estado": "DF",
		"telefone_fixo": "(61) 2782-8620",
		"celular": "(61) 98914-7837",
		"altura": "1,58",
		"peso": 72,
		"tipo_sanguineo": "A+",
		"cor": "amarelo"
	},
	{
		"nome": "Davi Elias Diogo Ramos",
		"idade": 74,
		"cpf": "724.610.811-40",
		"rg": "43.961.235-4",
		"data_nasc": "19/01/1949",
		"sexo": "Masculino",
		"signo": "Capricórnio",
		"mae": "Gabrielly Sophie Daiane",
		"pai": "Paulo Caleb Ramos",
		"email": "davi-ramos95@eletroaquila.net",
		"senha": "ZEFm4zPIrU",
		"cep": "71065-120",
		"endereco": "Quadra QE 30 Conjunto L",
		"numero": 107,
		"bairro": "Guará II",
		"cidade": "Brasília",
		"estado": "DF",
		"telefone_fixo": "(61) 2643-4108",
		"celular": "(61) 99506-6111",
		"altura": "1,85",
		"peso": 109,
		"tipo_sanguineo": "AB+",
		"cor": "preto"
	},
	{
		"nome": "Alana Malu Gonçalves",
		"idade": 18,
		"cpf": "466.246.041-74",
		"rg": "24.105.646-9",
		"data_nasc": "15/01/2005",
		"sexo": "Feminino",
		"signo": "Capricórnio",
		"mae": "Jéssica Amanda",
		"pai": "Emanuel Marcos Gonçalves",
		"email": "alana_malu_goncalves@amure.com.br",
		"senha": "wjXfXs4wcK",
		"cep": "73016-005",
		"endereco": "Quadra Quadra 2 Comércio Local 1",
		"numero": 824,
		"bairro": "Sobradinho",
		"cidade": "Brasília",
		"estado": "DF",
		"telefone_fixo": "(61) 2932-8944",
		"celular": "(61) 98652-7389",
		"altura": "1,60",
		"peso": 56,
		"tipo_sanguineo": "O-",
		"cor": "preto"
	},
	{
		"nome": "Matheus Caio Vieira",
		"idade": 35,
		"cpf": "517.666.671-55",
		"rg": "24.553.677-2",
		"data_nasc": "08/01/1988",
		"sexo": "Masculino",
		"signo": "Capricórnio",
		"mae": "Brenda Emilly Pietra",
		"pai": "Tiago Miguel Cauã Vieira",
		"email": "matheus_caio_vieira@l3ambiental.com.br",
		"senha": "DIgEfw1iEQ",
		"cep": "72006-700",
		"endereco": "Rua Rua 8 Chácara 103",
		"numero": 962,
		"bairro": "Setor Habitacional Vicente Pires",
		"cidade": "Brasília",
		"estado": "DF",
		"telefone_fixo": "(61) 2987-5436",
		"celular": "(61) 99207-8157",
		"altura": "1,88",
		"peso": 88,
		"tipo_sanguineo": "A+",
		"cor": "preto"
	},
	{
		"nome": "Vitória Hadassa Rezende",
		"idade": 33,
		"cpf": "666.212.131-23",
		"rg": "16.820.140-9",
		"data_nasc": "17/01/1990",
		"sexo": "Feminino",
		"signo": "Capricórnio",
		"mae": "Vera Milena",
		"pai": "Hugo Luan Rezende",
		"email": "vitoria_hadassa_rezende@kof.com.mx",
		"senha": "kFPYfHxd2l",
		"cep": "72460-346",
		"endereco": "Quadra EQ 34/36 Bloco A",
		"numero": 415,
		"bairro": "Setor Leste (Gama)",
		"cidade": "Brasília",
		"estado": "DF",
		"telefone_fixo": "(61) 3773-2537",
		"celular": "(61) 98962-1380",
		"altura": "1,76",
		"peso": 75,
		"tipo_sanguineo": "A-",
		"cor": "preto"
	},
	{
		"nome": "Pedro Carlos Eduardo Gabriel da Silva",
		"idade": 80,
		"cpf": "378.923.671-36",
		"rg": "38.125.986-9",
		"data_nasc": "13/01/1943",
		"sexo": "Masculino",
		"signo": "Capricórnio",
		"mae": "Manuela Carolina Rosa",
		"pai": "João Antonio da Silva",
		"email": "pedro_carlos_dasilva@bsd.com.br",
		"senha": "WQp5b88uw8",
		"cep": "72319-218",
		"endereco": "Quadra QR 405 Conjunto 18",
		"numero": 343,
		"bairro": "Samambaia Norte (Samambaia)",
		"cidade": "Brasília",
		"estado": "DF",
		"telefone_fixo": "(61) 3671-7271",
		"celular": "(61) 99635-9712",
		"altura": "1,74",
		"peso": 73,
		"tipo_sanguineo": "B-",
		"cor": "preto"
	},
	{
		"nome": "Marli Flávia Fátima Ferreira",
		"idade": 52,
		"cpf": "982.662.991-02",
		"rg": "19.816.308-3",
		"data_nasc": "14/01/1971",
		"sexo": "Feminino",
		"signo": "Capricórnio",
		"mae": "Andrea Carolina Malu",
		"pai": "Vitor Erick Sérgio Ferreira",
		"email": "marli-ferreira97@wredenborg.se",
		"senha": "LUThhg5sW6",
		"cep": "71065-071",
		"endereco": "Quadra QE 32 Conjunto G",
		"numero": 490,
		"bairro": "Guará II",
		"cidade": "Brasília",
		"estado": "DF",
		"telefone_fixo": "(61) 3938-0032",
		"celular": "(61) 98761-7053",
		"altura": "1,81",
		"peso": 88,
		"tipo_sanguineo": "A+",
		"cor": "roxo"
	},
	{
		"nome": "Rosa Márcia Rebeca Mendes",
		"idade": 19,
		"cpf": "413.346.911-93",
		"rg": "28.592.141-1",
		"data_nasc": "15/01/2004",
		"sexo": "Feminino",
		"signo": "Capricórnio",
		"mae": "Nair Maitê Sophia",
		"pai": "Nathan Henry Mendes",
		"email": "rosa_mendes@gamal.com.br",
		"senha": "k5tiBb98SD",
		"cep": "70765-060",
		"endereco": "Quadra SQN 312 Bloco F",
		"numero": 877,
		"bairro": "Asa Norte",
		"cidade": "Brasília",
		"estado": "DF",
		"telefone_fixo": "(61) 3668-1160",
		"celular": "(61) 99518-1004",
		"altura": "1,79",
		"peso": 69,
		"tipo_sanguineo": "AB+",
		"cor": "roxo"
	},
	{
		"nome": "Carolina Hadassa Sabrina Dias",
		"idade": 77,
		"cpf": "588.417.561-28",
		"rg": "18.971.395-1",
		"data_nasc": "12/01/1946",
		"sexo": "Feminino",
		"signo": "Capricórnio",
		"mae": "Raimunda Joana Antônia",
		"pai": "Benedito Luiz Gustavo Dias",
		"email": "carolina.hadassa.dias@cernizza.com.br",
		"senha": "HooYAYh68S",
		"cep": "72025-130",
		"endereco": "Quadra QSE 13",
		"numero": 906,
		"bairro": "Taguatinga Sul (Taguatinga)",
		"cidade": "Brasília",
		"estado": "DF",
		"telefone_fixo": "(61) 2997-2733",
		"celular": "(61) 99477-4143",
		"altura": "1,50",
		"peso": 80,
		"tipo_sanguineo": "AB-",
		"cor": "vermelho"
	},
	{
		"nome": "Eliane Olivia Carolina da Luz",
		"idade": 38,
		"cpf": "610.290.941-01",
		"rg": "25.504.224-3",
		"data_nasc": "08/01/1985",
		"sexo": "Feminino",
		"signo": "Capricórnio",
		"mae": "Sônia Carolina Priscila",
		"pai": "Lucca Arthur da Luz",
		"email": "eliane.olivia.daluz@securitycontrol.com.br",
		"senha": "qNMEPwpr1y",
		"cep": "72705-503",
		"endereco": "Bloco Centro de Comércio e Diversões Bloco C",
		"numero": 852,
		"bairro": "Setor Norte (Brazlândia)",
		"cidade": "Brasília",
		"estado": "DF",
		"telefone_fixo": "(61) 3974-0907",
		"celular": "(61) 98377-1911",
		"altura": "1,57",
		"peso": 66,
		"tipo_sanguineo": "B+",
		"cor": "roxo"
	},
	{
		"nome": "Luana Sônia Kamilly Farias",
		"idade": 44,
		"cpf": "263.864.751-94",
		"rg": "28.019.588-6",
		"data_nasc": "11/01/1979",
		"sexo": "Feminino",
		"signo": "Capricórnio",
		"mae": "Agatha Joana",
		"pai": "Nicolas Ian José Farias",
		"email": "luana_sonia_farias@bzness.com.br",
		"senha": "jxLUEhxsUY",
		"cep": "72220-513",
		"endereco": "Quadra EQNN 2/4 Bloco C",
		"numero": 514,
		"bairro": "Ceilândia Sul (Ceilândia)",
		"cidade": "Brasília",
		"estado": "DF",
		"telefone_fixo": "(61) 3921-3650",
		"celular": "(61) 99963-4076",
		"altura": "1,85",
		"peso": 85,
		"tipo_sanguineo": "A+",
		"cor": "vermelho"
	},
	{
		"nome": "Marina Sandra Cláudia Ribeiro",
		"idade": 50,
		"cpf": "001.266.271-26",
		"rg": "29.140.677-4",
		"data_nasc": "02/01/1973",
		"sexo": "Feminino",
		"signo": "Capricórnio",
		"mae": "Carolina Luzia Sophia",
		"pai": "Leandro Vicente Ribeiro",
		"email": "marina_ribeiro@molsanto.com",
		"senha": "gSNUXUysdY",
		"cep": "71020-737",
		"endereco": "Quadra QE 7 Bloco M",
		"numero": 857,
		"bairro": "Guará I",
		"cidade": "Brasília",
		"estado": "DF",
		"telefone_fixo": "(61) 2910-9247",
		"celular": "(61) 99569-8905",
		"altura": "1,60",
		"peso": 75,
		"tipo_sanguineo": "A+",
		"cor": "azul"
	},
	{
		"nome": "Mateus Thomas Caldeira",
		"idade": 21,
		"cpf": "274.377.781-81",
		"rg": "33.801.602-8",
		"data_nasc": "13/02/2002",
		"sexo": "Masculino",
		"signo": "Aquário",
		"mae": "Tereza Cláudia",
		"pai": "Renato Edson Nathan Caldeira",
		"email": "mateus.thomas.caldeira@bhcervejas.com.br",
		"senha": "FwDxigDxu6",
		"cep": "71100-133",
		"endereco": "Quadra EPTG QE 3 Área Especial C",
		"numero": 828,
		"bairro": "Quadras Econômicas Lúcio Costa (Guará)",
		"cidade": "Brasília",
		"estado": "DF",
		"telefone_fixo": "(61) 2757-5463",
		"celular": "(61) 99195-1312",
		"altura": "1,67",
		"peso": 75,
		"tipo_sanguineo": "AB+",
		"cor": "vermelho"
	},
	{
		"nome": "Giovana Patrícia da Mota",
		"idade": 46,
		"cpf": "778.600.411-46",
		"rg": "50.425.412-1",
		"data_nasc": "04/01/1977",
		"sexo": "Feminino",
		"signo": "Capricórnio",
		"mae": "Luiza Luana",
		"pai": "Martin Lucca Vinicius da Mota",
		"email": "giovana_damota@konekoshouten.com.br",
		"senha": "A4R8mp1Mya",
		"cep": "72345-152",
		"endereco": "Quadra QN 221 Conjunto 2",
		"numero": 860,
		"bairro": "Samambaia Norte (Samambaia)",
		"cidade": "Brasília",
		"estado": "DF",
		"telefone_fixo": "(61) 2552-2050",
		"celular": "(61) 98580-9817",
		"altura": "1,57",
		"peso": 62,
		"tipo_sanguineo": "O-",
		"cor": "azul"
	},
	{
		"nome": "Sophia Ana Duarte",
		"idade": 63,
		"cpf": "195.415.021-05",
		"rg": "11.241.166-6",
		"data_nasc": "09/01/1960",
		"sexo": "Feminino",
		"signo": "Capricórnio",
		"mae": "Marcela Andrea Marli",
		"pai": "Thales Ryan Marcos Vinicius Duarte",
		"email": "sophia_ana_duarte@doucedoce.com.br",
		"senha": "Hhut9RSitw",
		"cep": "72622-109",
		"endereco": "Quadra Quadra 308 Conjunto 9",
		"numero": 793,
		"bairro": "Recanto das Emas",
		"cidade": "Brasília",
		"estado": "DF",
		"telefone_fixo": "(61) 2925-2289",
		"celular": "(61) 98716-6188",
		"altura": "1,78",
		"peso": 53,
		"tipo_sanguineo": "AB-",
		"cor": "vermelho"
	},
	{
		"nome": "Eduardo Victor Campos",
		"idade": 48,
		"cpf": "852.637.871-62",
		"rg": "50.256.079-4",
		"data_nasc": "14/02/1975",
		"sexo": "Masculino",
		"signo": "Aquário",
		"mae": "Fátima Amanda Vanessa",
		"pai": "Jorge Manoel Campos",
		"email": "eduardo_victor_campos@crbrandao.com.br",
		"senha": "RcX9AbLnib",
		"cep": "72156-208",
		"endereco": "Quadra QNL 12 Conjunto H",
		"numero": 186,
		"bairro": "Taguatinga Norte (Taguatinga)",
		"cidade": "Brasília",
		"estado": "DF",
		"telefone_fixo": "(61) 3911-4819",
		"celular": "(61) 98252-7896",
		"altura": "1,97",
		"peso": 66,
		"tipo_sanguineo": "B-",
		"cor": "vermelho"
	},
	{
		"nome": "Isabel Camila Pinto",
		"idade": 21,
		"cpf": "986.796.211-70",
		"rg": "12.256.980-5",
		"data_nasc": "16/02/2002",
		"sexo": "Feminino",
		"signo": "Aquário",
		"mae": "Nina Rosângela",
		"pai": "Tiago Caleb Pinto",
		"email": "isabel_pinto@live.se",
		"senha": "8aun4NRMz7",
		"cep": "72323-102",
		"endereco": "Quadra QR 417 Conjunto 2",
		"numero": 958,
		"bairro": "Samambaia Norte (Samambaia)",
		"cidade": "Brasília",
		"estado": "DF",
		"telefone_fixo": "(61) 3947-1680",
		"celular": "(61) 99894-9520",
		"altura": "1,74",
		"peso": 74,
		"tipo_sanguineo": "A-",
		"cor": "vermelho"
	},
	{
		"nome": "Mirella Julia Alves",
		"idade": 26,
		"cpf": "136.410.981-65",
		"rg": "41.199.117-6",
		"data_nasc": "06/02/1997",
		"sexo": "Feminino",
		"signo": "Aquário",
		"mae": "Bianca Eliane Melissa",
		"pai": "Yago Fábio Tiago Alves",
		"email": "mirella_julia_alves@saae.sp.gov.br",
		"senha": "XxTGFJYXgx",
		"cep": "73050-196",
		"endereco": "Quadra Quadra 18 Conjunto P",
		"numero": 124,
		"bairro": "Sobradinho",
		"cidade": "Brasília",
		"estado": "DF",
		"telefone_fixo": "(61) 2654-8069",
		"celular": "(61) 99275-9737",
		"altura": "1,83",
		"peso": 59,
		"tipo_sanguineo": "A+",
		"cor": "roxo"
	},
	{
		"nome": "Francisco Márcio Rocha",
		"idade": 40,
		"cpf": "524.661.211-23",
		"rg": "40.033.962-6",
		"data_nasc": "11/01/1983",
		"sexo": "Masculino",
		"signo": "Capricórnio",
		"mae": "Rafaela Luna",
		"pai": "Lucas Cláudio Caio Rocha",
		"email": "francisco_marcio_rocha@bol.com.br",
		"senha": "WWrNeGY9YF",
		"cep": "72640-102",
		"endereco": "Quadra Quadra 601 Conjunto 2",
		"numero": 321,
		"bairro": "Recanto das Emas",
		"cidade": "Brasília",
		"estado": "DF",
		"telefone_fixo": "(61) 2908-4130",
		"celular": "(61) 99374-5151",
		"altura": "1,83",
		"peso": 89,
		"tipo_sanguineo": "O-",
		"cor": "vermelho"
	},
	{
		"nome": "Maria Sophia Vanessa Cavalcanti",
		"idade": 51,
		"cpf": "239.364.151-37",
		"rg": "26.097.253-8",
		"data_nasc": "05/02/1972",
		"sexo": "Feminino",
		"signo": "Aquário",
		"mae": "Rayssa Elaine Ayla",
		"pai": "Diogo Luís Cavalcanti",
		"email": "maria-cavalcanti92@danielvasconcelos.com.br",
		"senha": "xUiusp7Wdl",
		"cep": "70648-193",
		"endereco": "Quadra SRES Quadra 4 Bloco S",
		"numero": 506,
		"bairro": "Cruzeiro Velho",
		"cidade": "Brasília",
		"estado": "DF",
		"telefone_fixo": "(61) 3906-7066",
		"celular": "(61) 99591-3027",
		"altura": "1,66",
		"peso": 57,
		"tipo_sanguineo": "O+",
		"cor": "amarelo"
	},
	{
		"nome": "Caleb Pedro Alexandre Pereira",
		"idade": 21,
		"cpf": "184.970.771-56",
		"rg": "36.834.304-2",
		"data_nasc": "10/01/2002",
		"sexo": "Masculino",
		"signo": "Capricórnio",
		"mae": "Maitê Pietra",
		"pai": "André Rafael Pereira",
		"email": "caleb.pedro.pereira@genesyslab.com",
		"senha": "eyWRisLjc2",
		"cep": "72001-730",
		"endereco": "Chácara Chácara 121",
		"numero": 721,
		"bairro": "Setor Habitacional Samambaia (Vicente Pires)",
		"cidade": "Brasília",
		"estado": "DF",
		"telefone_fixo": "(61) 3979-3869",
		"celular": "(61) 98403-3974",
		"altura": "1,97",
		"peso": 110,
		"tipo_sanguineo": "A+",
		"cor": "preto"
	},
	{
		"nome": "Benedito Guilherme Galvão",
		"idade": 18,
		"cpf": "646.503.161-20",
		"rg": "47.770.455-4",
		"data_nasc": "15/01/2005",
		"sexo": "Masculino",
		"signo": "Capricórnio",
		"mae": "Priscila Tânia Mariana",
		"pai": "Márcio Osvaldo Galvão",
		"email": "benedito.guilherme.galvao@acmsaopaulo.org",
		"senha": "6oOmgGEnHd",
		"cep": "70746-530",
		"endereco": "Quadra CLN 307 Bloco C",
		"numero": 534,
		"bairro": "Asa Norte",
		"cidade": "Brasília",
		"estado": "DF",
		"telefone_fixo": "(61) 3543-9798",
		"celular": "(61) 99987-4509",
		"altura": "1,60",
		"peso": 64,
		"tipo_sanguineo": "O+",
		"cor": "laranja"
	},
	{
		"nome": "Anderson Theo Thales Barros",
		"idade": 70,
		"cpf": "579.426.721-66",
		"rg": "26.038.275-9",
		"data_nasc": "08/02/1953",
		"sexo": "Masculino",
		"signo": "Aquário",
		"mae": "Isabel Andrea",
		"pai": "Miguel Manuel Caio Barros",
		"email": "anderson_barros@db9.com.br",
		"senha": "4glntj19se",
		"cep": "72710-085",
		"endereco": "Quadra Quadra 8 Rua E",
		"numero": 399,
		"bairro": "Setor Norte (Brazlândia)",
		"cidade": "Brasília",
		"estado": "DF",
		"telefone_fixo": "(61) 2972-7896",
		"celular": "(61) 99420-8278",
		"altura": "1,78",
		"peso": 87,
		"tipo_sanguineo": "A-",
		"cor": "roxo"
	},
	{
		"nome": "Nair Hadassa Moraes",
		"idade": 75,
		"cpf": "560.240.551-88",
		"rg": "42.848.992-8",
		"data_nasc": "15/01/1948",
		"sexo": "Feminino",
		"signo": "Capricórnio",
		"mae": "Jaqueline Marina",
		"pai": "Otávio Joaquim Arthur Moraes",
		"email": "nair_moraes@malosti.com.br",
		"senha": "rYaEzCbsFK",
		"cep": "72444-140",
		"endereco": "Colônia Agrícola Córrego do Crispim Chácara 38",
		"numero": 742,
		"bairro": "Setor Leste (Gama)",
		"cidade": "Brasília",
		"estado": "DF",
		"telefone_fixo": "(61) 3880-1586",
		"celular": "(61) 98712-6253",
		"altura": "1,56",
		"peso": 46,
		"tipo_sanguineo": "AB+",
		"cor": "verde"
	},
	{
		"nome": "Analu Rosa Gabrielly Fogaça",
		"idade": 59,
		"cpf": "683.523.871-20",
		"rg": "48.406.760-6",
		"data_nasc": "16/01/1964",
		"sexo": "Feminino",
		"signo": "Capricórnio",
		"mae": "Malu Analu Vera",
		"pai": "Pietro Sebastião Fogaça",
		"email": "analurosafogaca@mesquita.not.br",
		"senha": "Bjm85WN2tm",
		"cep": "70675-222",
		"endereco": "Quadra QRSW 2 Bloco B-2",
		"numero": 246,
		"bairro": "Setor Sudoeste",
		"cidade": "Brasília",
		"estado": "DF",
		"telefone_fixo": "(61) 3923-6286",
		"celular": "(61) 99361-2399",
		"altura": "1,66",
		"peso": 84,
		"tipo_sanguineo": "AB-",
		"cor": "roxo"
	},
	{
		"nome": "Ian Manuel Enzo da Costa",
		"idade": 65,
		"cpf": "035.083.511-06",
		"rg": "47.233.103-6",
		"data_nasc": "26/01/1958",
		"sexo": "Masculino",
		"signo": "Aquário",
		"mae": "Andrea Alessandra",
		"pai": "Lorenzo José Luan da Costa",
		"email": "ian_dacosta@vivo.com.br",
		"senha": "wWpGApz4YU",
		"cep": "72710-022",
		"endereco": "Quadra Quadra 2 Rua B",
		"numero": 323,
		"bairro": "Setor Norte (Brazlândia)",
		"cidade": "Brasília",
		"estado": "DF",
		"telefone_fixo": "(61) 2987-6153",
		"celular": "(61) 99354-4231",
		"altura": "1,94",
		"peso": 108,
		"tipo_sanguineo": "A-",
		"cor": "preto"
	},
	{
		"nome": "Fernanda Sônia Analu da Rocha",
		"idade": 68,
		"cpf": "721.791.521-08",
		"rg": "29.415.464-4",
		"data_nasc": "20/01/1955",
		"sexo": "Feminino",
		"signo": "Capricórnio",
		"mae": "Luciana Tânia",
		"pai": "Marcos Vinicius Enrico da Rocha",
		"email": "fernandasoniadarocha@artedaserra.com.br",
		"senha": "2JUZ6qLN3F",
		"cep": "71699-282",
		"endereco": "Quadra QC 6 Rua J",
		"numero": 212,
		"bairro": "Jardins Mangueiral (São Sebastião)",
		"cidade": "Brasília",
		"estado": "DF",
		"telefone_fixo": "(61) 2520-1863",
		"celular": "(61) 98776-8903",
		"altura": "1,57",
		"peso": 85,
		"tipo_sanguineo": "O+",
		"cor": "preto"
	},
	{
		"nome": "Lívia Flávia Melissa Freitas",
		"idade": 79,
		"cpf": "423.357.041-50",
		"rg": "42.534.900-7",
		"data_nasc": "21/01/1944",
		"sexo": "Feminino",
		"signo": "Aquário",
		"mae": "Luzia Lívia Silvana",
		"pai": "Vinicius Ruan Breno Freitas",
		"email": "livia-freitas73@escritorioindaia.com.br",
		"senha": "afHloyJufg",
		"cep": "72622-215",
		"endereco": "Quadra Quadra 309 Conjunto 13",
		"numero": 530,
		"bairro": "Recanto das Emas",
		"cidade": "Brasília",
		"estado": "DF",
		"telefone_fixo": "(61) 2753-9546",
		"celular": "(61) 98366-7400",
		"altura": "1,58",
		"peso": 71,
		"tipo_sanguineo": "AB+",
		"cor": "amarelo"
	}
]