[
	{
		"nome": "Lívia Lívia Luiza Cardoso",
		"idade": 49,
		"cpf": "207.617.521-02",
		"rg": "17.106.385-5",
		"data_nasc": "14/02/1974",
		"sexo": "Feminino",
		"signo": "Aquário",
		"mae": "Elza Jaqueline",
		"pai": "Filipe Mateus Cardoso",
		"email": "livialiviacardoso@cheryamur.com.br",
		"senha": "69NDc2ustP",
		"cep": "73369-132",
		"endereco": "Quadra 15-17M Conjunto B",
		"numero": 482,
		"bairro": "Arapoanga (Planaltina)",
		"cidade": "Brasília",
		"estado": "DF",
		"telefone_fixo": "(61) 2532-0147",
		"celular": "(61) 98270-3459",
		"altura": "1,62",
		"peso": 48,
		"tipo_sanguineo": "A-",
		"cor": "verde"
	},
	{
		"nome": "Jennifer Milena Nunes",
		"idade": 28,
		"cpf": "575.220.151-97",
		"rg": "34.735.499-3",
		"data_nasc": "06/02/1995",
		"sexo": "Feminino",
		"signo": "Aquário",
		"mae": "Julia Luana",
		"pai": "Luís Yuri Emanuel Nunes",
		"email": "jennifer.milena.nunes@dgh.com.br",
		"senha": "W70IyfFHT1",
		"cep": "71215-286",
		"endereco": "Quadra SOF Sul Quadra 17 Conjunto A",
		"numero": 730,
		"bairro": "Zona Industrial (Guará)",
		"cidade": "Brasília",
		"estado": "DF",
		"telefone_fixo": "(61) 2992-0705",
		"celular": "(61) 99993-0553",
		"altura": "1,77",
		"peso": 74,
		"tipo_sanguineo": "AB-",
		"cor": "amarelo"
	},
	{
		"nome": "Lívia Esther Monteiro",
		"idade": 35,
		"cpf": "672.819.561-00",
		"rg": "38.075.324-8",
		"data_nasc": "26/01/1988",
		"sexo": "Feminino",
		"signo": "Aquário",
		"mae": "Aline Olivia",
		"pai": "Anthony Bernardo Monteiro",
		"email": "livia-monteiro84@live.ie",
		"senha": "wJXoOZH2MW",
		"cep": "70855-530",
		"endereco": "Quadra CLN 407 Bloco C",
		"numero": 111,
		"bairro": "Asa Norte",
		"cidade": "Brasília",
		"estado": "DF",
		"telefone_fixo": "(61) 2829-1608",
		"celular": "(61) 99732-6259",
		"altura": "1,62",
		"peso": 62,
		"tipo_sanguineo": "B-",
		"cor": "vermelho"
	},
	{
		"nome": "Esther Ayla Marli da Luz",
		"idade": 20,
		"cpf": "550.983.961-90",
		"rg": "20.869.414-6",
		"data_nasc": "19/01/2003",
		"sexo": "Feminino",
		"signo": "Capricórnio",
		"mae": "Flávia Bruna",
		"pai": "Benício Yuri Nelson da Luz",
		"email": "esther_ayla_daluz@agenciadbd.com",
		"senha": "8e3UQ7zgUJ",
		"cep": "72622-205",
		"endereco": "Quadra Quadra 309 Conjunto 4",
		"numero": 732,
		"bairro": "Recanto das Emas",
		"cidade": "Brasília",
		"estado": "DF",
		"telefone_fixo": "(61) 3558-7708",
		"celular": "(61) 99237-1744",
		"altura": "1,84",
		"peso": 49,
		"tipo_sanguineo": "A-",
		"cor": "laranja"
	},
	{
		"nome": "Enrico Paulo Daniel Almada",
		"idade": 25,
		"cpf": "293.989.171-06",
		"rg": "39.234.067-7",
		"data_nasc": "23/02/1998",
		"sexo": "Masculino",
		"signo": "Peixes",
		"mae": "Caroline Olivia",
		"pai": "Bernardo Noah Juan Almada",
		"email": "enrico_paulo_almada@yahoo.com.com.br",
		"senha": "Lptc8oZuLh",
		"cep": "72231-208",
		"endereco": "Quadra QNP 12 Conjunto H",
		"numero": 480,
		"bairro": "Ceilândia Sul (Ceilândia)",
		"cidade": "Brasília",
		"estado": "DF",
		"telefone_fixo": "(61) 3896-8581",
		"celular": "(61) 99350-7674",
		"altura": "1,95",
		"peso": 66,
		"tipo_sanguineo": "O+",
		"cor": "amarelo"
	},
	{
		"nome": "Juliana Marli da Silva",
		"idade": 54,
		"cpf": "994.547.451-07",
		"rg": "33.060.385-1",
		"data_nasc": "23/01/1969",
		"sexo": "Feminino",
		"signo": "Aquário",
		"mae": "Lorena Rosângela Carolina",
		"pai": "Bento Raul Kauê da Silva",
		"email": "juliana.marli.dasilva@sinsesp.com.br",
		"senha": "LMhxW1wIBy",
		"cep": "71200-000",
		"endereco": "Setor SPMS II",
		"numero": 609,
		"bairro": "Zona Industrial (Guará)",
		"cidade": "Brasília",
		"estado": "DF",
		"telefone_fixo": "(61) 3843-5640",
		"celular": "(61) 98206-2790",
		"altura": "1,68",
		"peso": 64,
		"tipo_sanguineo": "B-",
		"cor": "azul"
	},
	{
		"nome": "Carolina Sandra da Mota",
		"idade": 72,
		"cpf": "106.001.011-93",
		"rg": "15.940.612-2",
		"data_nasc": "15/01/1951",
		"sexo": "Feminino",
		"signo": "Capricórnio",
		"mae": "Tatiane Alice",
		"pai": "Enrico José da Mota",
		"email": "carolina_damota@teravida.com.br",
		"senha": "UsnJ14GAbW",
		"cep": "71996-710",
		"endereco": "Conjunto SHA Conjunto 8",
		"numero": 418,
		"bairro": "Setor Habitacional Arniqueira (Águas Claras)",
		"cidade": "Brasília",
		"estado": "DF",
		"telefone_fixo": "(61) 2822-0277",
		"celular": "(61) 99271-4257",
		"altura": "1,71",
		"peso": 60,
		"tipo_sanguineo": "B+",
		"cor": "vermelho"
	},
	{
		"nome": "Augusto Bruno Ian Teixeira",
		"idade": 65,
		"cpf": "588.172.531-03",
		"rg": "10.615.461-8",
		"data_nasc": "02/01/1958",
		"sexo": "Masculino",
		"signo": "Capricórnio",
		"mae": "Lívia Simone Esther",
		"pai": "Edson Vinicius Nathan Teixeira",
		"email": "augusto_teixeira@valdulion.com.br",
		"senha": "FJSjdZ94sy",
		"cep": "71965-365",
		"endereco": "Quadra QS 6 Conjunto 230B",
		"numero": 714,
		"bairro": "Areal (Águas Claras)",
		"cidade": "Brasília",
		"estado": "DF",
		"telefone_fixo": "(61) 3520-0748",
		"celular": "(61) 99679-9750",
		"altura": "1,73",
		"peso": 80,
		"tipo_sanguineo": "O+",
		"cor": "vermelho"
	},
	{
		"nome": "Nair Rebeca Priscila Pereira",
		"idade": 38,
		"cpf": "823.704.391-06",
		"rg": "31.388.974-0",
		"data_nasc": "17/01/1985",
		"sexo": "Feminino",
		"signo": "Capricórnio",
		"mae": "Renata Nicole Adriana",
		"pai": "Manuel Anderson Anthony Pereira",
		"email": "nair.rebeca.pereira@hpelzer.com.br",
		"senha": "pjOCsmZCdS",
		"cep": "71693-027",
		"endereco": "Quadra 26",
		"numero": 684,
		"bairro": "Vila São José (São Sebastião)",
		"cidade": "Brasília",
		"estado": "DF",
		"telefone_fixo": "(61) 2944-8593",
		"celular": "(61) 99957-6296",
		"altura": "1,63",
		"peso": 82,
		"tipo_sanguineo": "AB+",
		"cor": "preto"
	},
	{
		"nome": "Augusto Bryan Carlos Eduardo Nogueira",
		"idade": 52,
		"cpf": "977.756.151-25",
		"rg": "43.764.499-6",
		"data_nasc": "16/02/1971",
		"sexo": "Masculino",
		"signo": "Aquário",
		"mae": "Raimunda Débora",
		"pai": "Henrique Anthony Leandro Nogueira",
		"email": "augusto_nogueira@fileno.com.br",
		"senha": "zBAL2edhiJ",
		"cep": "72501-121",
		"endereco": "Quadra AC 401 Módulo 1",
		"numero": 1000,
		"bairro": "Santa Maria",
		"cidade": "Brasília",
		"estado": "DF",
		"telefone_fixo": "(61) 3739-4732",
		"celular": "(61) 99118-7733",
		"altura": "1,77",
		"peso": 100,
		"tipo_sanguineo": "O-",
		"cor": "vermelho"
	},
	{
		"nome": "Mirella Bianca Isis Barbosa",
		"idade": 30,
		"cpf": "935.672.431-87",
		"rg": "44.850.403-0",
		"data_nasc": "12/01/1993",
		"sexo": "Feminino",
		"signo": "Capricórnio",
		"mae": "Rita Analu",
		"pai": "Bernardo Isaac Barbosa",
		"email": "mirella_bianca_barbosa@kantoferramentaria.com.br",
		"senha": "RkLXi4NF4Q",
		"cep": "72261-237",
		"endereco": "Quadra QNO 20 Conjunto 37",
		"numero": 859,
		"bairro": "Ceilândia Norte (Ceilândia)",
		"cidade": "Brasília",
		"estado": "DF",
		"telefone_fixo": "(61) 3852-4109",
		"celular": "(61) 99959-2084",
		"altura": "1,76",
		"peso": 88,
		"tipo_sanguineo": "A+",
		"cor": "vermelho"
	},
	{
		"nome": "Bianca Eliane das Neves",
		"idade": 72,
		"cpf": "615.021.521-00",
		"rg": "23.042.304-8",
		"data_nasc": "15/02/1951",
		"sexo": "Feminino",
		"signo": "Aquário",
		"mae": "Mirella Stella",
		"pai": "Emanuel Renan Rodrigo das Neves",
		"email": "bianca-dasneves99@paginacom.com.br",
		"senha": "g9TorxgZTX",
		"cep": "72307-404",
		"endereco": "Quadra QN 315 Conjunto D",
		"numero": 223,
		"bairro": "Samambaia Sul (Samambaia)",
		"cidade": "Brasília",
		"estado": "DF",
		"telefone_fixo": "(61) 3937-0742",
		"celular": "(61) 99141-2716",
		"altura": "1,85",
		"peso": 68,
		"tipo_sanguineo": "B+",
		"cor": "amarelo"
	},
	{
		"nome": "Leonardo Ruan Antonio Costa",
		"idade": 22,
		"cpf": "091.602.471-77",
		"rg": "10.976.424-9",
		"data_nasc": "06/01/2001",
		"sexo": "Masculino",
		"signo": "Capricórnio",
		"mae": "Bruna Teresinha",
		"pai": "César Diogo Costa",
		"email": "leonardo_costa@vlcorporate.com",
		"senha": "26COFakgFe",
		"cep": "70300-970",
		"endereco": "SDS Bloco L Lojas 27/35",
		"numero": 865,
		"bairro": "Asa Sul",
		"cidade": "Brasília",
		"estado": "DF",
		"telefone_fixo": "(61) 3586-0591",
		"celular": "(61) 98911-2645",
		"altura": "1,63",
		"peso": 50,
		"tipo_sanguineo": "AB-",
		"cor": "azul"
	},
	{
		"nome": "Gael Renato Viana",
		"idade": 74,
		"cpf": "416.919.341-51",
		"rg": "26.794.595-4",
		"data_nasc": "19/02/1949",
		"sexo": "Masculino",
		"signo": "Aquário",
		"mae": "Eduarda Pietra Ester",
		"pai": "Manoel Marcelo Viana",
		"email": "gaelrenatoviana@w3ag.com",
		"senha": "oH5nqI6asd",
		"cep": "73350-112",
		"endereco": "Quadra Quadra 1 Conjunto L",
		"numero": 822,
		"bairro": "Setor Residencial Leste (Planaltina)",
		"cidade": "Brasília",
		"estado": "DF",
		"telefone_fixo": "(61) 2724-5414",
		"celular": "(61) 99645-2509",
		"altura": "1,91",
		"peso": 105,
		"tipo_sanguineo": "B+",
		"cor": "roxo"
	},
	{
		"nome": "Caleb Lucas Martins",
		"idade": 58,
		"cpf": "590.701.421-04",
		"rg": "31.393.067-3",
		"data_nasc": "08/01/1965",
		"sexo": "Masculino",
		"signo": "Capricórnio",
		"mae": "Luciana Jaqueline Lorena",
		"pai": "Henrique Marcos Vinicius Martins",
		"email": "caleb.lucas.martins@maggitoyota.com.br",
		"senha": "rAYdaFsYgP",
		"cep": "71593-540",
		"endereco": "Quadra 363",
		"numero": 740,
		"bairro": "Del Lago II (Itapoã)",
		"cidade": "Brasília",
		"estado": "DF",
		"telefone_fixo": "(61) 3718-3235",
		"celular": "(61) 99470-4452",
		"altura": "1,96",
		"peso": 104,
		"tipo_sanguineo": "B+",
		"cor": "amarelo"
	},
	{
		"nome": "Eduarda Aparecida Renata Moura",
		"idade": 46,
		"cpf": "175.439.741-77",
		"rg": "45.524.955-6",
		"data_nasc": "06/01/1977",
		"sexo": "Feminino",
		"signo": "Capricórnio",
		"mae": "Maya Julia",
		"pai": "Carlos Tomás Moura",
		"email": "eduarda.aparecida.moura@transporteveloz.com.br",
		"senha": "38RIcH0lif",
		"cep": "73270-700",
		"endereco": "Setor Novo Setor de Mansões Conjunto D",
		"numero": 718,
		"bairro": "Nova Colina (Sobradinho)",
		"cidade": "Brasília",
		"estado": "DF",
		"telefone_fixo": "(61) 3612-7932",
		"celular": "(61) 99262-4981",
		"altura": "1,59",
		"peso": 81,
		"tipo_sanguineo": "B+",
		"cor": "laranja"
	},
	{
		"nome": "Bruno Ian Henrique Gomes",
		"idade": 77,
		"cpf": "541.078.271-27",
		"rg": "32.638.076-0",
		"data_nasc": "10/02/1946",
		"sexo": "Masculino",
		"signo": "Aquário",
		"mae": "Stefany Maya",
		"pai": "Jorge Lorenzo Gomes",
		"email": "bruno_gomes@hotmail.com.br",
		"senha": "YRuwrTYErE",
		"cep": "71015-188",
		"endereco": "Quadra QI 22 Conjunto R",
		"numero": 799,
		"bairro": "Guará I",
		"cidade": "Brasília",
		"estado": "DF",
		"telefone_fixo": "(61) 3684-7435",
		"celular": "(61) 99703-8740",
		"altura": "1,91",
		"peso": 88,
		"tipo_sanguineo": "AB-",
		"cor": "vermelho"
	},
	{
		"nome": "Paulo Emanuel Moreira",
		"idade": 73,
		"cpf": "001.768.581-80",
		"rg": "25.862.886-8",
		"data_nasc": "07/01/1950",
		"sexo": "Masculino",
		"signo": "Capricórnio",
		"mae": "Sabrina Rebeca",
		"pai": "Julio Emanuel Moreira",
		"email": "paulo_emanuel_moreira@gabrielresende.com",
		"senha": "yorrLiDbz6",
		"cep": "71705-027",
		"endereco": "Avenida Contorno Bloco 1185",
		"numero": 396,
		"bairro": "Núcleo Bandeirante",
		"cidade": "Brasília",
		"estado": "DF",
		"telefone_fixo": "(61) 3900-2783",
		"celular": "(61) 99346-7918",
		"altura": "1,75",
		"peso": 95,
		"tipo_sanguineo": "B+",
		"cor": "laranja"
	},
	{
		"nome": "Lucas Ian Mário Moraes",
		"idade": 54,
		"cpf": "725.555.571-30",
		"rg": "16.666.494-7",
		"data_nasc": "17/01/1969",
		"sexo": "Masculino",
		"signo": "Capricórnio",
		"mae": "Luana Jaqueline",
		"pai": "Theo Levi Pedro Henrique Moraes",
		"email": "lucasianmoraes@machiv.com.br",
		"senha": "I8osiSQjPL",
		"cep": "72501-409",
		"endereco": "Quadra QR 201 Conjunto I",
		"numero": 602,
		"bairro": "Santa Maria",
		"cidade": "Brasília",
		"estado": "DF",
		"telefone_fixo": "(61) 2791-4761",
		"celular": "(61) 99647-6284",
		"altura": "1,85",
		"peso": 94,
		"tipo_sanguineo": "O+",
		"cor": "roxo"
	},
	{
		"nome": "Vitória Vitória Rayssa Gonçalves",
		"idade": 54,
		"cpf": "076.833.581-77",
		"rg": "35.261.850-4",
		"data_nasc": "21/02/1969",
		"sexo": "Feminino",
		"signo": "Peixes",
		"mae": "Manuela Fernanda Débora",
		"pai": "Sérgio Cláudio Gonçalves",
		"email": "vitoriavitoriagoncalves@huios.com.br",
		"senha": "HJuwLrTQ7U",
		"cep": "70853-050",
		"endereco": "Quadra SQN 208 Bloco E",
		"numero": 791,
		"bairro": "Asa Norte",
		"cidade": "Brasília",
		"estado": "DF",
		"telefone_fixo": "(61) 3946-5299",
		"celular": "(61) 99533-5967",
		"altura": "1,58",
		"peso": 50,
		"tipo_sanguineo": "O+",
		"cor": "roxo"
	},
	{
		"nome": "Teresinha Clara Cavalcanti",
		"idade": 52,
		"cpf": "550.947.011-93",
		"rg": "24.230.819-3",
		"data_nasc": "25/01/1971",
		"sexo": "Feminino",
		"signo": "Aquário",
		"mae": "Evelyn Mariah Silvana",
		"pai": "Heitor Paulo Cavalcanti",
		"email": "teresinha_cavalcanti@live.ca",
		"senha": "OgcaN0JhbM",
		"cep": "71882-017",
		"endereco": "Quadra QC 1 Conjunto 7",
		"numero": 289,
		"bairro": "Riacho Fundo II",
		"cidade": "Brasília",
		"estado": "DF",
		"telefone_fixo": "(61) 2837-4633",
		"celular": "(61) 98119-5642",
		"altura": "1,73",
		"peso": 85,
		"tipo_sanguineo": "AB-",
		"cor": "roxo"
	},
	{
		"nome": "Maria Sarah Gabriela Freitas",
		"idade": 79,
		"cpf": "799.362.731-17",
		"rg": "29.377.855-3",
		"data_nasc": "11/02/1944",
		"sexo": "Feminino",
		"signo": "Aquário",
		"mae": "Luiza Sophia Rebeca",
		"pai": "Renato Leonardo Freitas",
		"email": "maria_sarah_freitas@dcazzainteriores.com.br",
		"senha": "sQ0E0LdSP3",
		"cep": "70670-601",
		"endereco": "Quadra CLSW 106 Bloco A",
		"numero": 661,
		"bairro": "Setor Sudoeste",
		"cidade": "Brasília",
		"estado": "DF",
		"telefone_fixo": "(61) 2934-9915",
		"celular": "(61) 98624-9023",
		"altura": "1,65",
		"peso": 81,
		"tipo_sanguineo": "B-",
		"cor": "laranja"
	},
	{
		"nome": "Elisa Ester Yasmin Mendes",
		"idade": 59,
		"cpf": "976.535.721-46",
		"rg": "15.217.355-9",
		"data_nasc": "22/01/1964",
		"sexo": "Feminino",
		"signo": "Aquário",
		"mae": "Letícia Aline Jennifer",
		"pai": "Vitor Cláudio Mendes",
		"email": "elisa_mendes@senhorasdaarte.com.br",
		"senha": "36btxCAleL",
		"cep": "72631-226",
		"endereco": "Quadra Quadra 406 Conjunto Z",
		"numero": 225,
		"bairro": "Recanto das Emas",
		"cidade": "Brasília",
		"estado": "DF",
		"telefone_fixo": "(61) 3979-1204",
		"celular": "(61) 99519-3768",
		"altura": "1,73",
		"peso": 90,
		"tipo_sanguineo": "O-",
		"cor": "verde"
	},
	{
		"nome": "Tereza Daiane Galvão",
		"idade": 48,
		"cpf": "257.677.961-14",
		"rg": "26.208.391-7",
		"data_nasc": "20/01/1975",
		"sexo": "Feminino",
		"signo": "Capricórnio",
		"mae": "Fátima Elaine",
		"pai": "Fernando Hugo Galvão",
		"email": "tereza_daiane_galvao@disparco.com.br",
		"senha": "BSWQQzEF4T",
		"cep": "71615-616",
		"endereco": "Quadra SHIS QI 5 Área Especial 12 Banco Real",
		"numero": 443,
		"bairro": "Setor de Habitações Individuais Sul",
		"cidade": "Brasília",
		"estado": "DF",
		"telefone_fixo": "(61) 3578-9922",
		"celular": "(61) 98754-3564",
		"altura": "1,53",
		"peso": 74,
		"tipo_sanguineo": "AB+",
		"cor": "preto"
	},
	{
		"nome": "Theo Isaac Nelson Sales",
		"idade": 62,
		"cpf": "857.873.341-08",
		"rg": "42.761.190-8",
		"data_nasc": "06/02/1961",
		"sexo": "Masculino",
		"signo": "Aquário",
		"mae": "Ana Luana Amanda",
		"pai": "Calebe Victor Severino Sales",
		"email": "theo-sales84@viasegbrasil.com.br",
		"senha": "0qMOwfj7qw",
		"cep": "72335-002",
		"endereco": "Quadra QR 629 Conjunto 2",
		"numero": 379,
		"bairro": "Samambaia Norte (Samambaia)",
		"cidade": "Brasília",
		"estado": "DF",
		"telefone_fixo": "(61) 2839-8205",
		"celular": "(61) 99524-5989",
		"altura": "1,95",
		"peso": 86,
		"tipo_sanguineo": "AB-",
		"cor": "verde"
	},
	{
		"nome": "Manuela Sarah Ribeiro",
		"idade": 55,
		"cpf": "411.351.361-90",
		"rg": "39.656.541-4",
		"data_nasc": "12/01/1968",
		"sexo": "Feminino",
		"signo": "Capricórnio",
		"mae": "Malu Nicole Emilly",
		"pai": "Kaique Guilherme Lucas Ribeiro",
		"email": "manuela_ribeiro@usp.br",
		"senha": "Js10hyWpwm",
		"cep": "72005-575",
		"endereco": "Rua Rua 3B Chácara 35",
		"numero": 328,
		"bairro": "Setor Habitacional Vicente Pires",
		"cidade": "Brasília",
		"estado": "DF",
		"telefone_fixo": "(61) 3588-4750",
		"celular": "(61) 99935-5854",
		"altura": "1,64",
		"peso": 56,
		"tipo_sanguineo": "A+",
		"cor": "vermelho"
	},
	{
		"nome": "Vitor Gustavo Eduardo Brito",
		"idade": 61,
		"cpf": "023.777.351-18",
		"rg": "25.079.362-3",
		"data_nasc": "10/02/1962",
		"sexo": "Masculino",
		"signo": "Aquário",
		"mae": "Bianca Adriana Mirella",
		"pai": "Kaique Daniel Breno Brito",
		"email": "vitor-brito99@amplisat.com.br",
		"senha": "mKCS4yfDbk",
		"cep": "72501-512",
		"endereco": "Quadra QR 301 Conjunto L",
		"numero": 591,
		"bairro": "Santa Maria",
		"cidade": "Brasília",
		"estado": "DF",
		"telefone_fixo": "(61) 3672-9808",
		"celular": "(61) 99236-0442",
		"altura": "1,96",
		"peso": 108,
		"tipo_sanguineo": "O+",
		"cor": "vermelho"
	},
	{
		"nome": "Larissa Stella da Rocha",
		"idade": 51,
		"cpf": "411.522.751-60",
		"rg": "34.462.436-5",
		"data_nasc": "07/01/1972",
		"sexo": "Feminino",
		"signo": "Capricórnio",
		"mae": "Mariana Carolina Analu",
		"pai": "Theo Gustavo Caleb da Rocha",
		"email": "larissa-darocha77@smalte.com.br",
		"senha": "d855L6siQH",
		"cep": "71070-087",
		"endereco": "Quadra QE 44 Conjunto H",
		"numero": 337,
		"bairro": "Guará II",
		"cidade": "Brasília",
		"estado": "DF",
		"telefone_fixo": "(61) 2672-8932",
		"celular": "(61) 98317-3671",
		"altura": "1,69",
		"peso": 54,
		"tipo_sanguineo": "B+",
		"cor": "azul"
	},
	{
		"nome": "Betina Aurora Lima",
		"idade": 61,
		"cpf": "489.471.281-47",
		"rg": "37.555.259-5",
		"data_nasc": "07/01/1962",
		"sexo": "Feminino",
		"signo": "Capricórnio",
		"mae": "Priscila Daniela Stella",
		"pai": "Luiz Augusto Paulo Lima",
		"email": "betina_lima@outlock.com",
		"senha": "7XBJbzKMYc",
		"cep": "71596-156",
		"endereco": "Quadra 1 Conjunto B",
		"numero": 324,
		"bairro": "Fazendinha (Itapoã)",
		"cidade": "Brasília",
		"estado": "DF",
		"telefone_fixo": "(61) 2869-8988",
		"celular": "(61) 98782-3614",
		"altura": "1,75",
		"peso": 51,
		"tipo_sanguineo": "B-",
		"cor": "vermelho"
	},
	{
		"nome": "Renato Caio Rocha",
		"idade": 71,
		"cpf": "481.511.771-36",
		"rg": "45.072.545-5",
		"data_nasc": "15/01/1952",
		"sexo": "Masculino",
		"signo": "Capricórnio",
		"mae": "Jennifer Alícia",
		"pai": "Marcos Thales Cauê Rocha",
		"email": "renato_rocha@dmadvogados.com",
		"senha": "aXBQSbjX06",
		"cep": "70683-510",
		"endereco": "Quadra CLNW 4/5 Lote K",
		"numero": 460,
		"bairro": "Setor Noroeste",
		"cidade": "Brasília",
		"estado": "DF",
		"telefone_fixo": "(61) 3962-9651",
		"celular": "(61) 98300-9312",
		"altura": "1,74",
		"peso": 73,
		"tipo_sanguineo": "A+",
		"cor": "vermelho"
	}
]