[
	{
		"nome": "Ruan Paulo Monteiro",
		"idade": 62,
		"cpf": "230.943.841-37",
		"rg": "47.393.325-1",
		"data_nasc": "16/01/1961",
		"sexo": "Masculino",
		"signo": "Capricórnio",
		"mae": "Benedita Andreia",
		"pai": "João Arthur Tomás Monteiro",
		"email": "ruan_paulo_monteiro@abdalathomaz.adv.br",
		"senha": "cQ7QzwI7aX",
		"cep": "70067-900",
		"endereco": "Esplanada dos Ministérios Bloco E",
		"numero": 431,
		"bairro": "Zona Cívico-Administrativa",
		"cidade": "Brasília",
		"estado": "DF",
		"telefone_fixo": "(61) 2545-1853",
		"celular": "(61) 99793-0639",
		"altura": "1,76",
		"peso": 102,
		"tipo_sanguineo": "O-",
		"cor": "verde"
	},
	{
		"nome": "Emilly Marina Analu Moura",
		"idade": 22,
		"cpf": "291.565.461-14",
		"rg": "43.547.794-8",
		"data_nasc": "26/01/2001",
		"sexo": "Feminino",
		"signo": "Aquário",
		"mae": "Teresinha Daiane",
		"pai": "Diogo Hugo Osvaldo Moura",
		"email": "emilly.marina.moura@consultoriosjc.com.br",
		"senha": "TdtnaZ7aR5",
		"cep": "72341-450",
		"endereco": "Quadra QN 209",
		"numero": 421,
		"bairro": "Samambaia Norte (Samambaia)",
		"cidade": "Brasília",
		"estado": "DF",
		"telefone_fixo": "(61) 2786-8679",
		"celular": "(61) 98132-2885",
		"altura": "1,62",
		"peso": 47,
		"tipo_sanguineo": "AB-",
		"cor": "azul"
	},
	{
		"nome": "Gael Nicolas Lopes",
		"idade": 68,
		"cpf": "989.282.081-90",
		"rg": "43.678.817-2",
		"data_nasc": "15/01/1955",
		"sexo": "Masculino",
		"signo": "Capricórnio",
		"mae": "Sebastiana Silvana Antônia",
		"pai": "Elias Diego Paulo Lopes",
		"email": "gael-lopes97@raninho.com.br",
		"senha": "PuEWQ1j6Md",
		"cep": "70878-510",
		"endereco": "Quadra CLN 415 Bloco A",
		"numero": 992,
		"bairro": "Asa Norte",
		"cidade": "Brasília",
		"estado": "DF",
		"telefone_fixo": "(61) 2537-5980",
		"celular": "(61) 99327-1440",
		"altura": "1,94",
		"peso": 76,
		"tipo_sanguineo": "AB+",
		"cor": "laranja"
	},
	{
		"nome": "Thiago Benedito Noah de Paula",
		"idade": 68,
		"cpf": "855.414.821-51",
		"rg": "34.971.367-4",
		"data_nasc": "06/02/1955",
		"sexo": "Masculino",
		"signo": "Aquário",
		"mae": "Renata Clara Aurora",
		"pai": "Isaac Hugo de Paula",
		"email": "thiago.benedito.depaula@grupoblackout.com.br",
		"senha": "4AWPSjqmqZ",
		"cep": "73020-040",
		"endereco": "Quadra Quadra 4 Rua B",
		"numero": 459,
		"bairro": "Setor Industrial (Sobradinho)",
		"cidade": "Brasília",
		"estado": "DF",
		"telefone_fixo": "(61) 3669-2547",
		"celular": "(61) 98418-8365",
		"altura": "1,83",
		"peso": 73,
		"tipo_sanguineo": "O+",
		"cor": "amarelo"
	},
	{
		"nome": "Flávia Maya Mendes",
		"idade": 22,
		"cpf": "366.194.851-20",
		"rg": "43.507.131-2",
		"data_nasc": "06/01/2001",
		"sexo": "Feminino",
		"signo": "Capricórnio",
		"mae": "Jéssica Analu",
		"pai": "Carlos Bryan Mendes",
		"email": "flavia_maya_mendes@elimco.com",
		"senha": "uosdfslAob",
		"cep": "72329-108",
		"endereco": "Quadra QR 431 Conjunto 7",
		"numero": 400,
		"bairro": "Samambaia Norte (Samambaia)",
		"cidade": "Brasília",
		"estado": "DF",
		"telefone_fixo": "(61) 2742-5174",
		"celular": "(61) 98496-2976",
		"altura": "1,69",
		"peso": 68,
		"tipo_sanguineo": "B+",
		"cor": "preto"
	},
	{
		"nome": "Roberto Luan Iago Campos",
		"idade": 35,
		"cpf": "973.602.201-30",
		"rg": "45.711.370-4",
		"data_nasc": "24/02/1988",
		"sexo": "Masculino",
		"signo": "Peixes",
		"mae": "Esther Isabelly Gabrielly",
		"pai": "Vitor Thales Enzo Campos",
		"email": "roberto.luan.campos@hotmai.com.br",
		"senha": "Yj0XSQh2H5",
		"cep": "72610-535",
		"endereco": "Avenida Recanto Quadra 205",
		"numero": 728,
		"bairro": "Recanto das Emas",
		"cidade": "Brasília",
		"estado": "DF",
		"telefone_fixo": "(61) 3720-8690",
		"celular": "(61) 99986-7272",
		"altura": "1,76",
		"peso": 108,
		"tipo_sanguineo": "A+",
		"cor": "laranja"
	},
	{
		"nome": "Natália Mariane Pinto",
		"idade": 30,
		"cpf": "959.178.341-80",
		"rg": "22.394.431-2",
		"data_nasc": "02/01/1993",
		"sexo": "Feminino",
		"signo": "Capricórnio",
		"mae": "Manuela Liz Pietra",
		"pai": "Thomas Iago Ian Pinto",
		"email": "natalia_mariane_pinto@wsiconsultores.com.br",
		"senha": "u0eOxEdy6N",
		"cep": "71591-340",
		"endereco": "Quadra Quadra 38",
		"numero": 987,
		"bairro": "Del Lago I (Itapoã)",
		"cidade": "Brasília",
		"estado": "DF",
		"telefone_fixo": "(61) 2648-0261",
		"celular": "(61) 99182-7820",
		"altura": "1,83",
		"peso": 86,
		"tipo_sanguineo": "O+",
		"cor": "vermelho"
	},
	{
		"nome": "Lucas Marcos da Cruz",
		"idade": 80,
		"cpf": "922.745.491-84",
		"rg": "45.342.917-8",
		"data_nasc": "21/02/1943",
		"sexo": "Masculino",
		"signo": "Peixes",
		"mae": "Jennifer Elza",
		"pai": "Oliver Oliver Julio da Cruz",
		"email": "lucas_dacruz@premierpet.com.br",
		"senha": "zxI0OCD9s7",
		"cep": "72151-315",
		"endereco": "Quadra QNL 13 Bloco E",
		"numero": 869,
		"bairro": "Taguatinga Norte (Taguatinga)",
		"cidade": "Brasília",
		"estado": "DF",
		"telefone_fixo": "(61) 3745-3131",
		"celular": "(61) 98837-3760",
		"altura": "1,61",
		"peso": 86,
		"tipo_sanguineo": "O+",
		"cor": "preto"
	},
	{
		"nome": "Lavínia Emanuelly Lorena Nunes",
		"idade": 20,
		"cpf": "169.499.461-98",
		"rg": "10.857.675-9",
		"data_nasc": "23/01/2003",
		"sexo": "Feminino",
		"signo": "Aquário",
		"mae": "Regina Priscila",
		"pai": "Cláudio Lucca Nunes",
		"email": "laviniaemanuellynunes@prudential.com",
		"senha": "841jSYolek",
		"cep": "72220-320",
		"endereco": "Quadra QNN 32",
		"numero": 423,
		"bairro": "Ceilândia Sul (Ceilândia)",
		"cidade": "Brasília",
		"estado": "DF",
		"telefone_fixo": "(61) 2518-3699",
		"celular": "(61) 98658-2476",
		"altura": "1,79",
		"peso": 54,
		"tipo_sanguineo": "B+",
		"cor": "laranja"
	},
	{
		"nome": "Vicente Gabriel Brito",
		"idade": 56,
		"cpf": "784.233.631-80",
		"rg": "46.107.384-5",
		"data_nasc": "24/01/1967",
		"sexo": "Masculino",
		"signo": "Aquário",
		"mae": "Fernanda Ayla",
		"pai": "Geraldo Ricardo Brito",
		"email": "vicente_brito@chavao.com.br",
		"senha": "zeZK6YdJ2n",
		"cep": "71880-165",
		"endereco": "Quadra QN 8E Conjunto 5",
		"numero": 267,
		"bairro": "Riacho Fundo II",
		"cidade": "Brasília",
		"estado": "DF",
		"telefone_fixo": "(61) 3995-1678",
		"celular": "(61) 98569-4034",
		"altura": "1,79",
		"peso": 75,
		"tipo_sanguineo": "AB+",
		"cor": "roxo"
	},
	{
		"nome": "Cauã Lorenzo Ribeiro",
		"idade": 44,
		"cpf": "445.831.771-78",
		"rg": "49.654.731-8",
		"data_nasc": "13/01/1979",
		"sexo": "Masculino",
		"signo": "Capricórnio",
		"mae": "Agatha Lívia Cristiane",
		"pai": "Manuel Luiz Ribeiro",
		"email": "caualorenzoribeiro@vinax.com.br",
		"senha": "EL9DEmZLIn",
		"cep": "72320-504",
		"endereco": "Quadra QN 410 Conjunto D",
		"numero": 949,
		"bairro": "Samambaia Norte (Samambaia)",
		"cidade": "Brasília",
		"estado": "DF",
		"telefone_fixo": "(61) 3801-2782",
		"celular": "(61) 99351-5270",
		"altura": "1,79",
		"peso": 99,
		"tipo_sanguineo": "AB+",
		"cor": "vermelho"
	},
	{
		"nome": "Victor Calebe Pietro Souza",
		"idade": 22,
		"cpf": "790.087.941-28",
		"rg": "18.855.611-4",
		"data_nasc": "08/01/2001",
		"sexo": "Masculino",
		"signo": "Capricórnio",
		"mae": "Julia Alícia",
		"pai": "Benjamin Murilo Tiago Souza",
		"email": "victor_calebe_souza@cruiser.com.br",
		"senha": "5oLmGWh6IW",
		"cep": "72155-220",
		"endereco": "Quadra QNL 2 Bloco J",
		"numero": 453,
		"bairro": "Taguatinga Norte (Taguatinga)",
		"cidade": "Brasília",
		"estado": "DF",
		"telefone_fixo": "(61) 3962-6880",
		"celular": "(61) 98286-7067",
		"altura": "1,87",
		"peso": 104,
		"tipo_sanguineo": "B+",
		"cor": "vermelho"
	},
	{
		"nome": "Bruna Laura Bianca da Cunha",
		"idade": 67,
		"cpf": "684.426.521-24",
		"rg": "10.702.909-1",
		"data_nasc": "13/02/1956",
		"sexo": "Feminino",
		"signo": "Aquário",
		"mae": "Analu Francisca",
		"pai": "José Vicente Guilherme da Cunha",
		"email": "brunalauradacunha@granvale.com.br",
		"senha": "oiBO9Cawbk",
		"cep": "72547-205",
		"endereco": "Quadra CL 117 Bloco E",
		"numero": 270,
		"bairro": "Santa Maria",
		"cidade": "Brasília",
		"estado": "DF",
		"telefone_fixo": "(61) 3607-6333",
		"celular": "(61) 98551-0044",
		"altura": "1,78",
		"peso": 66,
		"tipo_sanguineo": "AB-",
		"cor": "vermelho"
	},
	{
		"nome": "Benedita Brenda Alice Barros",
		"idade": 62,
		"cpf": "342.655.831-99",
		"rg": "35.524.418-4",
		"data_nasc": "13/02/1961",
		"sexo": "Feminino",
		"signo": "Aquário",
		"mae": "Gabriela Alícia Joana",
		"pai": "Filipe Geraldo Barros",
		"email": "benedita-barros78@contabilidadelibra.com.br",
		"senha": "ekeO6EPeuc",
		"cep": "72600-201",
		"endereco": "Quadra Quadra 102 Conjunto 1",
		"numero": 259,
		"bairro": "Recanto das Emas",
		"cidade": "Brasília",
		"estado": "DF",
		"telefone_fixo": "(61) 2854-1416",
		"celular": "(61) 99232-7514",
		"altura": "1,59",
		"peso": 71,
		"tipo_sanguineo": "A-",
		"cor": "verde"
	},
	{
		"nome": "Renan Juan Castro",
		"idade": 65,
		"cpf": "355.176.491-30",
		"rg": "34.606.623-2",
		"data_nasc": "24/01/1958",
		"sexo": "Masculino",
		"signo": "Aquário",
		"mae": "Jaqueline Emily Amanda",
		"pai": "Manoel Danilo Castro",
		"email": "renan_juan_castro@lojapetline.com.br",
		"senha": "s0AzAjlmtp",
		"cep": "71750-080",
		"endereco": "Quadra Quadra 8",
		"numero": 196,
		"bairro": "Núcleo Rural Vargem Bonita (Núcleo Bandeirante)",
		"cidade": "Brasília",
		"estado": "DF",
		"telefone_fixo": "(61) 2785-1708",
		"celular": "(61) 98707-7369",
		"altura": "2,00",
		"peso": 84,
		"tipo_sanguineo": "B-",
		"cor": "vermelho"
	},
	{
		"nome": "Pedro Augusto Teixeira",
		"idade": 24,
		"cpf": "503.973.411-56",
		"rg": "11.046.665-2",
		"data_nasc": "16/01/1999",
		"sexo": "Masculino",
		"signo": "Capricórnio",
		"mae": "Camila Maya",
		"pai": "Joaquim Kevin Teixeira",
		"email": "pedroaugustoteixeira@ficopola.net",
		"senha": "0B1OZIy398",
		"cep": "71996-645",
		"endereco": "Conjunto SHA Conjunto 7 Chácara 27",
		"numero": 393,
		"bairro": "Setor Habitacional Arniqueira (Águas Claras)",
		"cidade": "Brasília",
		"estado": "DF",
		"telefone_fixo": "(61) 3982-2635",
		"celular": "(61) 99105-7698",
		"altura": "1,85",
		"peso": 88,
		"tipo_sanguineo": "AB+",
		"cor": "preto"
	},
	{
		"nome": "Bruna Manuela Nogueira",
		"idade": 35,
		"cpf": "641.871.121-11",
		"rg": "34.107.423-8",
		"data_nasc": "24/01/1988",
		"sexo": "Feminino",
		"signo": "Aquário",
		"mae": "Helena Fabiana Cecília",
		"pai": "Kevin Lucca Nogueira",
		"email": "bruna_nogueira@mtc.eng.br",
		"senha": "01QlPozBIN",
		"cep": "72305-316",
		"endereco": "Quadra QR 305 Conjunto 15",
		"numero": 455,
		"bairro": "Samambaia Sul (Samambaia)",
		"cidade": "Brasília",
		"estado": "DF",
		"telefone_fixo": "(61) 3880-2459",
		"celular": "(61) 98751-1704",
		"altura": "1,56",
		"peso": 85,
		"tipo_sanguineo": "O-",
		"cor": "azul"
	},
	{
		"nome": "Allana Stefany Lima",
		"idade": 58,
		"cpf": "657.175.681-18",
		"rg": "44.234.737-6",
		"data_nasc": "15/01/1965",
		"sexo": "Feminino",
		"signo": "Capricórnio",
		"mae": "Ester Bianca",
		"pai": "Julio Diego Lima",
		"email": "allana-lima98@4now.com.br",
		"senha": "gJxPDNHy5Q",
		"cep": "71536-260",
		"endereco": "Trecho Trecho 04 Chácara 174",
		"numero": 828,
		"bairro": "Setor de Habitações Individuais Norte",
		"cidade": "Brasília",
		"estado": "DF",
		"telefone_fixo": "(61) 3868-6110",
		"celular": "(61) 99747-2827",
		"altura": "1,75",
		"peso": 62,
		"tipo_sanguineo": "AB-",
		"cor": "vermelho"
	},
	{
		"nome": "Laura Daniela Tatiane Vieira",
		"idade": 69,
		"cpf": "995.856.821-76",
		"rg": "44.885.487-9",
		"data_nasc": "14/02/1954",
		"sexo": "Feminino",
		"signo": "Aquário",
		"mae": "Fernanda Malu",
		"pai": "Elias Martin Lucas Vieira",
		"email": "laura_daniela_vieira@disparco.com.br",
		"senha": "7arcFDWX29",
		"cep": "71725-505",
		"endereco": "Quadra QR 5 Conjunto E",
		"numero": 560,
		"bairro": "Candangolândia",
		"cidade": "Brasília",
		"estado": "DF",
		"telefone_fixo": "(61) 2634-5541",
		"celular": "(61) 99162-1350",
		"altura": "1,52",
		"peso": 51,
		"tipo_sanguineo": "AB-",
		"cor": "amarelo"
	},
	{
		"nome": "Vitor Pedro Silveira",
		"idade": 49,
		"cpf": "651.850.091-36",
		"rg": "13.059.199-3",
		"data_nasc": "18/01/1974",
		"sexo": "Masculino",
		"signo": "Capricórnio",
		"mae": "Lara Jaqueline Giovana",
		"pai": "Ryan Joaquim Silveira",
		"email": "vitor_pedro_silveira@openlink.com.br",
		"senha": "ohZcgL2wnd",
		"cep": "71693-036",
		"endereco": "Quadra 35",
		"numero": 642,
		"bairro": "Vila São José (São Sebastião)",
		"cidade": "Brasília",
		"estado": "DF",
		"telefone_fixo": "(61) 3547-4026",
		"celular": "(61) 99349-1011",
		"altura": "1,78",
		"peso": 78,
		"tipo_sanguineo": "A-",
		"cor": "amarelo"
	},
	{
		"nome": "Rosa Sueli das Neves",
		"idade": 40,
		"cpf": "837.673.231-50",
		"rg": "26.574.861-6",
		"data_nasc": "26/01/1983",
		"sexo": "Feminino",
		"signo": "Aquário",
		"mae": "Vitória Alice Priscila",
		"pai": "Marcos Vinicius Márcio das Neves",
		"email": "rosasuelidasneves@luxafit.com.br",
		"senha": "zz7CaHR909",
		"cep": "70879-160",
		"endereco": "Quadra SQN 416 Bloco P",
		"numero": 234,
		"bairro": "Asa Norte",
		"cidade": "Brasília",
		"estado": "DF",
		"telefone_fixo": "(61) 3690-7073",
		"celular": "(61) 98865-4881",
		"altura": "1,79",
		"peso": 58,
		"tipo_sanguineo": "AB-",
		"cor": "azul"
	},
	{
		"nome": "Fábio Augusto da Costa",
		"idade": 54,
		"cpf": "571.688.151-30",
		"rg": "46.326.901-9",
		"data_nasc": "07/02/1969",
		"sexo": "Masculino",
		"signo": "Aquário",
		"mae": "Kamilly Jaqueline Betina",
		"pai": "Danilo Leandro Jorge da Costa",
		"email": "fabioaugustodacosta@mrv.com.br",
		"senha": "kiDYjpHlK5",
		"cep": "72313-704",
		"endereco": "Quadra QR 511 Conjunto 4",
		"numero": 520,
		"bairro": "Samambaia Sul (Samambaia)",
		"cidade": "Brasília",
		"estado": "DF",
		"telefone_fixo": "(61) 3563-7986",
		"celular": "(61) 98735-5372",
		"altura": "1,80",
		"peso": 51,
		"tipo_sanguineo": "O-",
		"cor": "amarelo"
	},
	{
		"nome": "Benjamin Nathan Drumond",
		"idade": 59,
		"cpf": "306.719.871-94",
		"rg": "40.030.037-0",
		"data_nasc": "12/01/1964",
		"sexo": "Masculino",
		"signo": "Capricórnio",
		"mae": "Rosa Daniela Fabiana",
		"pai": "Edson Henrique Drumond",
		"email": "benjamin_nathan_drumond@geopx.com.br",
		"senha": "ux0TBTbneO",
		"cep": "73403-610",
		"endereco": "Quadra Quadra 2",
		"numero": 497,
		"bairro": "Condomínio Coohaplan - Itiquira (Planaltina)",
		"cidade": "Brasília",
		"estado": "DF",
		"telefone_fixo": "(61) 3841-1271",
		"celular": "(61) 98308-1993",
		"altura": "1,96",
		"peso": 73,
		"tipo_sanguineo": "O+",
		"cor": "roxo"
	},
	{
		"nome": "Pedro Henrique Joaquim Santos",
		"idade": 54,
		"cpf": "409.843.861-57",
		"rg": "18.125.490-6",
		"data_nasc": "25/02/1969",
		"sexo": "Masculino",
		"signo": "Peixes",
		"mae": "Stefany Gabriela Sueli",
		"pai": "Geraldo Paulo Santos",
		"email": "pedro.henrique.santos@hubersuhner.com",
		"senha": "RXKoPwkd1s",
		"cep": "70847-040",
		"endereco": "Quadra SQN 406 Bloco D",
		"numero": 738,
		"bairro": "Asa Norte",
		"cidade": "Brasília",
		"estado": "DF",
		"telefone_fixo": "(61) 3757-9825",
		"celular": "(61) 99400-5173",
		"altura": "1,68",
		"peso": 97,
		"tipo_sanguineo": "B+",
		"cor": "vermelho"
	},
	{
		"nome": "Emanuel Calebe Jesus",
		"idade": 54,
		"cpf": "685.760.041-43",
		"rg": "29.770.940-9",
		"data_nasc": "18/01/1969",
		"sexo": "Masculino",
		"signo": "Capricórnio",
		"mae": "Giovanna Jéssica",
		"pai": "Diego Yago Benjamin Jesus",
		"email": "emanuel_jesus@andrade.com",
		"senha": "4s3GdpUsFx",
		"cep": "73020-555",
		"endereco": "Setor DNOCS Quadra 11",
		"numero": 819,
		"bairro": "Sobradinho",
		"cidade": "Brasília",
		"estado": "DF",
		"telefone_fixo": "(61) 2649-3305",
		"celular": "(61) 99871-4901",
		"altura": "1,77",
		"peso": 80,
		"tipo_sanguineo": "AB+",
		"cor": "laranja"
	},
	{
		"nome": "Thiago Manoel Bento Rocha",
		"idade": 66,
		"cpf": "945.667.661-79",
		"rg": "34.466.106-4",
		"data_nasc": "15/02/1957",
		"sexo": "Masculino",
		"signo": "Aquário",
		"mae": "Rosa Eduarda",
		"pai": "Gael Mateus Bruno Rocha",
		"email": "thiagomanoelrocha@controtel.com.br",
		"senha": "hp0OUDbsCt",
		"cep": "71255-080",
		"endereco": "Área Especial Área Especial 8",
		"numero": 674,
		"bairro": "Setor Central (Vila Estrutural - Guará)",
		"cidade": "Brasília",
		"estado": "DF",
		"telefone_fixo": "(61) 3533-1278",
		"celular": "(61) 98747-0469",
		"altura": "1,69",
		"peso": 64,
		"tipo_sanguineo": "AB-",
		"cor": "vermelho"
	},
	{
		"nome": "Bruno Luiz Augusto Duarte",
		"idade": 51,
		"cpf": "570.572.581-78",
		"rg": "42.888.634-6",
		"data_nasc": "21/01/1972",
		"sexo": "Masculino",
		"signo": "Aquário",
		"mae": "Eliane Giovanna Daiane",
		"pai": "Samuel Thales Diogo Duarte",
		"email": "bruno.luiz.duarte@outershoes.com.br",
		"senha": "wP435Pcr1J",
		"cep": "73150-055",
		"endereco": "Setor Bananal Quadra 4",
		"numero": 752,
		"bairro": "Setor Habitacional Fercal (Sobradinho)",
		"cidade": "Brasília",
		"estado": "DF",
		"telefone_fixo": "(61) 3843-8292",
		"celular": "(61) 98263-3543",
		"altura": "1,90",
		"peso": 107,
		"tipo_sanguineo": "O+",
		"cor": "vermelho"
	},
	{
		"nome": "Ruan Yuri Moraes",
		"idade": 51,
		"cpf": "265.627.081-25",
		"rg": "19.127.414-8",
		"data_nasc": "05/01/1972",
		"sexo": "Masculino",
		"signo": "Capricórnio",
		"mae": "Fernanda Aurora Luiza",
		"pai": "Kauê Ryan Moraes",
		"email": "ruan-moraes77@infonet.com.br",
		"senha": "Fz694ClCWB",
		"cep": "71536-090",
		"endereco": "Trecho Trecho 03 Chácara 18",
		"numero": 827,
		"bairro": "Setor de Habitações Individuais Norte",
		"cidade": "Brasília",
		"estado": "DF",
		"telefone_fixo": "(61) 2808-9212",
		"celular": "(61) 99570-4321",
		"altura": "1,81",
		"peso": 68,
		"tipo_sanguineo": "B-",
		"cor": "amarelo"
	},
	{
		"nome": "Natália Allana Rodrigues",
		"idade": 68,
		"cpf": "707.580.151-19",
		"rg": "15.456.063-7",
		"data_nasc": "23/01/1955",
		"sexo": "Feminino",
		"signo": "Aquário",
		"mae": "Silvana Ayla",
		"pai": "Filipe Bruno Rodrigues",
		"email": "nataliaallanarodrigues@c-a-m.com",
		"senha": "9dWTWYDnH4",
		"cep": "72603-306",
		"endereco": "Quadra Quadra 115 Conjunto 4",
		"numero": 217,
		"bairro": "Recanto das Emas",
		"cidade": "Brasília",
		"estado": "DF",
		"telefone_fixo": "(61) 2634-2123",
		"celular": "(61) 98441-5841",
		"altura": "1,82",
		"peso": 49,
		"tipo_sanguineo": "O+",
		"cor": "vermelho"
	},
	{
		"nome": "Isaac Enzo Gonçalves",
		"idade": 56,
		"cpf": "235.205.311-00",
		"rg": "38.529.879-1",
		"data_nasc": "10/02/1967",
		"sexo": "Masculino",
		"signo": "Aquário",
		"mae": "Jéssica Elisa Sebastiana",
		"pai": "Kevin Tiago Gonçalves",
		"email": "isaac_goncalves@libbero.com.br",
		"senha": "uEH5tGRlxH",
		"cep": "72320-000",
		"endereco": "Quadra QR 410",
		"numero": 808,
		"bairro": "Samambaia Norte (Samambaia)",
		"cidade": "Brasília",
		"estado": "DF",
		"telefone_fixo": "(61) 2593-6872",
		"celular": "(61) 98312-2382",
		"altura": "1,96",
		"peso": 56,
		"tipo_sanguineo": "O-",
		"cor": "azul"
	}
]