[
	{
		"nome": "Isabelly Bruna Sophia das Neves",
		"idade": 62,
		"cpf": "908.986.821-69",
		"rg": "36.665.974-1",
		"data_nasc": "01/02/1961",
		"sexo": "Feminino",
		"signo": "Aquário",
		"mae": "Tatiane Allana Mariah",
		"pai": "Guilherme Ian das Neves",
		"email": "isabelly_dasneves@puenteimoveis.com.br",
		"senha": "oR2lN1wTOn",
		"cep": "72156-115",
		"endereco": "Quadra QNL 10 Bloco E",
		"numero": 421,
		"bairro": "Taguatinga Norte (Taguatinga)",
		"cidade": "Brasília",
		"estado": "DF",
		"telefone_fixo": "(61) 3777-9578",
		"celular": "(61) 99384-9280",
		"altura": "1,68",
		"peso": 66,
		"tipo_sanguineo": "A+",
		"cor": "vermelho"
	},
	{
		"nome": "Augusto Otávio Kauê Silva",
		"idade": 46,
		"cpf": "340.071.681-21",
		"rg": "10.539.038-0",
		"data_nasc": "07/02/1977",
		"sexo": "Masculino",
		"signo": "Aquário",
		"mae": "Juliana Vanessa Ayla",
		"pai": "Martin Nathan Silva",
		"email": "augusto_silva@starmidia.tv",
		"senha": "bl7K1mHP16",
		"cep": "72025-520",
		"endereco": "Quadra QSF 2",
		"numero": 307,
		"bairro": "Taguatinga Sul (Taguatinga)",
		"cidade": "Brasília",
		"estado": "DF",
		"telefone_fixo": "(61) 2581-4070",
		"celular": "(61) 99356-6149",
		"altura": "1,95",
		"peso": 53,
		"tipo_sanguineo": "B-",
		"cor": "vermelho"
	},
	{
		"nome": "Otávio Nicolas Enzo Figueiredo",
		"idade": 53,
		"cpf": "915.286.791-99",
		"rg": "26.970.612-4",
		"data_nasc": "03/01/1970",
		"sexo": "Masculino",
		"signo": "Capricórnio",
		"mae": "Gabriela Luciana",
		"pai": "Sérgio Renato Edson Figueiredo",
		"email": "otavio-figueiredo86@bitco.cc",
		"senha": "ABo2NTGmG5",
		"cep": "70655-657",
		"endereco": "Quadra SHCES Quadra 605 Bloco G",
		"numero": 228,
		"bairro": "Cruzeiro Novo",
		"cidade": "Brasília",
		"estado": "DF",
		"telefone_fixo": "(61) 3588-4640",
		"celular": "(61) 98177-8903",
		"altura": "1,88",
		"peso": 96,
		"tipo_sanguineo": "A-",
		"cor": "verde"
	},
	{
		"nome": "Thiago Osvaldo Campos",
		"idade": 31,
		"cpf": "613.610.691-47",
		"rg": "44.539.737-8",
		"data_nasc": "14/02/1992",
		"sexo": "Masculino",
		"signo": "Aquário",
		"mae": "Laura Flávia",
		"pai": "Lucas Vitor Campos",
		"email": "thiago_campos@kof.com.mx",
		"senha": "9tUxeIgfiU",
		"cep": "71515-045",
		"endereco": "Quadra SHIN QL 7 Conjunto 4",
		"numero": 831,
		"bairro": "Setor de Habitações Individuais Norte",
		"cidade": "Brasília",
		"estado": "DF",
		"telefone_fixo": "(61) 2706-1988",
		"celular": "(61) 99114-1984",
		"altura": "1,80",
		"peso": 90,
		"tipo_sanguineo": "O+",
		"cor": "laranja"
	},
	{
		"nome": "João Marcelo José Oliveira",
		"idade": 38,
		"cpf": "536.357.951-00",
		"rg": "36.646.391-3",
		"data_nasc": "01/01/1985",
		"sexo": "Masculino",
		"signo": "Capricórnio",
		"mae": "Beatriz Analu Elza",
		"pai": "Gustavo Fernando Leandro Oliveira",
		"email": "joao.marcelo.oliveira@rafaelsouza.com.br",
		"senha": "kx3wEdGmB0",
		"cep": "72306-531",
		"endereco": "Quadra QS 310 Conjunto 1",
		"numero": 618,
		"bairro": "Samambaia Sul (Samambaia)",
		"cidade": "Brasília",
		"estado": "DF",
		"telefone_fixo": "(61) 2993-5812",
		"celular": "(61) 99407-2275",
		"altura": "1,85",
		"peso": 58,
		"tipo_sanguineo": "A-",
		"cor": "preto"
	},
	{
		"nome": "Antonella Mirella Cardoso",
		"idade": 50,
		"cpf": "746.163.031-85",
		"rg": "16.475.078-2",
		"data_nasc": "06/02/1973",
		"sexo": "Feminino",
		"signo": "Aquário",
		"mae": "Mariah Rayssa Tereza",
		"pai": "Heitor Jorge Cardoso",
		"email": "antonella.mirella.cardoso@cincoentretenimentos.com.br",
		"senha": "iCbs9gcNPI",
		"cep": "72548-609",
		"endereco": "Quadra QR 318 Conjunto I",
		"numero": 322,
		"bairro": "Santa Maria",
		"cidade": "Brasília",
		"estado": "DF",
		"telefone_fixo": "(61) 3869-0441",
		"celular": "(61) 98497-7852",
		"altura": "1,64",
		"peso": 74,
		"tipo_sanguineo": "AB+",
		"cor": "vermelho"
	},
	{
		"nome": "Guilherme Ryan Francisco da Paz",
		"idade": 39,
		"cpf": "652.984.131-88",
		"rg": "47.537.772-2",
		"data_nasc": "19/01/1984",
		"sexo": "Masculino",
		"signo": "Capricórnio",
		"mae": "Aparecida Melissa Rebeca",
		"pai": "Caleb Sérgio da Paz",
		"email": "guilherme_dapaz@rafaeladson.com",
		"senha": "2hg8E6fXBn",
		"cep": "73081-460",
		"endereco": "Quadra QMS 30A Bloco F",
		"numero": 102,
		"bairro": "Setor de Mansões de Sobradinho",
		"cidade": "Brasília",
		"estado": "DF",
		"telefone_fixo": "(61) 3694-5938",
		"celular": "(61) 99983-9645",
		"altura": "1,90",
		"peso": 101,
		"tipo_sanguineo": "A+",
		"cor": "vermelho"
	},
	{
		"nome": "Cristiane Rebeca Sandra Rocha",
		"idade": 27,
		"cpf": "541.425.451-67",
		"rg": "22.681.762-3",
		"data_nasc": "12/02/1996",
		"sexo": "Feminino",
		"signo": "Aquário",
		"mae": "Alícia Andrea Carolina",
		"pai": "Fernando Gael Rocha",
		"email": "cristiane-rocha82@catsfeelings.com.br",
		"senha": "ou5G7Wl6Z0",
		"cep": "71015-027",
		"endereco": "Quadra QE 20 Área Especial B",
		"numero": 626,
		"bairro": "Guará I",
		"cidade": "Brasília",
		"estado": "DF",
		"telefone_fixo": "(61) 3991-6891",
		"celular": "(61) 99347-7403",
		"altura": "1,81",
		"peso": 89,
		"tipo_sanguineo": "O+",
		"cor": "amarelo"
	},
	{
		"nome": "Kamilly Alice Mariana Ribeiro",
		"idade": 23,
		"cpf": "412.615.991-60",
		"rg": "25.574.923-5",
		"data_nasc": "14/02/2000",
		"sexo": "Feminino",
		"signo": "Aquário",
		"mae": "Daiane Josefa Patrícia",
		"pai": "Iago Tiago Ribeiro",
		"email": "kamilly_ribeiro@bodyfast.com.br",
		"senha": "GTdFn9RRg1",
		"cep": "72002-300",
		"endereco": "Rua Rua 2 Chácara 83",
		"numero": 333,
		"bairro": "Setor Habitacional Samambaia (Vicente Pires)",
		"cidade": "Brasília",
		"estado": "DF",
		"telefone_fixo": "(61) 3660-0056",
		"celular": "(61) 98535-7275",
		"altura": "1,76",
		"peso": 52,
		"tipo_sanguineo": "O+",
		"cor": "laranja"
	},
	{
		"nome": "Pietra Helena Lima",
		"idade": 21,
		"cpf": "641.371.971-05",
		"rg": "49.515.467-2",
		"data_nasc": "14/02/2002",
		"sexo": "Feminino",
		"signo": "Aquário",
		"mae": "Emanuelly Antonella",
		"pai": "Caleb Fábio Lima",
		"email": "pietra-lima76@itau-unibanco.com.br",
		"senha": "YX1t2cilD5",
		"cep": "72543-516",
		"endereco": "Quadra QR 313 Conjunto P",
		"numero": 616,
		"bairro": "Santa Maria",
		"cidade": "Brasília",
		"estado": "DF",
		"telefone_fixo": "(61) 3992-9673",
		"celular": "(61) 99103-1818",
		"altura": "1,84",
		"peso": 56,
		"tipo_sanguineo": "B-",
		"cor": "vermelho"
	},
	{
		"nome": "Letícia Sophie da Silva",
		"idade": 44,
		"cpf": "032.974.281-71",
		"rg": "34.575.469-4",
		"data_nasc": "12/01/1979",
		"sexo": "Feminino",
		"signo": "Capricórnio",
		"mae": "Rayssa Stella",
		"pai": "Lorenzo Benjamin da Silva",
		"email": "leticiasophiedasilva@limao.com.br",
		"senha": "WdlZa9F7RE",
		"cep": "73006-625",
		"endereco": "Quadra Quadra 10 Comércio Local 10",
		"numero": 234,
		"bairro": "Sobradinho",
		"cidade": "Brasília",
		"estado": "DF",
		"telefone_fixo": "(61) 3705-5757",
		"celular": "(61) 99483-1209",
		"altura": "1,51",
		"peso": 77,
		"tipo_sanguineo": "A-",
		"cor": "azul"
	},
	{
		"nome": "Bento Severino Cauê Bernardes",
		"idade": 72,
		"cpf": "175.248.561-05",
		"rg": "34.511.465-6",
		"data_nasc": "21/01/1951",
		"sexo": "Masculino",
		"signo": "Aquário",
		"mae": "Lorena Giovana",
		"pai": "Vitor Daniel Bernardes",
		"email": "bento-bernardes94@dmcard.com.br",
		"senha": "zoxg8n3Zj7",
		"cep": "70750-734",
		"endereco": "Quadra SHCGN 710 Bloco D",
		"numero": 719,
		"bairro": "Asa Norte",
		"cidade": "Brasília",
		"estado": "DF",
		"telefone_fixo": "(61) 2926-9724",
		"celular": "(61) 99750-1201",
		"altura": "1,66",
		"peso": 74,
		"tipo_sanguineo": "A-",
		"cor": "azul"
	},
	{
		"nome": "Sophia Maya Elisa Freitas",
		"idade": 35,
		"cpf": "434.507.001-54",
		"rg": "32.376.922-6",
		"data_nasc": "23/01/1988",
		"sexo": "Feminino",
		"signo": "Aquário",
		"mae": "Marcela Cristiane",
		"pai": "Leandro Yago Theo Freitas",
		"email": "sophia-freitas99@netsinf.com.br",
		"senha": "McYyLlBq8O",
		"cep": "72002-490",
		"endereco": "Rua Rua 1 Chácara 106",
		"numero": 341,
		"bairro": "Setor Habitacional Samambaia (Vicente Pires)",
		"cidade": "Brasília",
		"estado": "DF",
		"telefone_fixo": "(61) 2828-4883",
		"celular": "(61) 99794-6941",
		"altura": "1,81",
		"peso": 61,
		"tipo_sanguineo": "AB-",
		"cor": "amarelo"
	},
	{
		"nome": "Luna Jéssica da Conceição",
		"idade": 64,
		"cpf": "278.010.271-32",
		"rg": "46.335.499-0",
		"data_nasc": "02/02/1959",
		"sexo": "Feminino",
		"signo": "Aquário",
		"mae": "Louise Débora Aurora",
		"pai": "Felipe Renan Marcos Vinicius da Conceição",
		"email": "luna-daconceicao96@foxtech.com.br",
		"senha": "zGAj2nkgrl",
		"cep": "72303-511",
		"endereco": "Quadra QS 125 Conjunto A",
		"numero": 370,
		"bairro": "Samambaia Sul (Samambaia)",
		"cidade": "Brasília",
		"estado": "DF",
		"telefone_fixo": "(61) 3840-9787",
		"celular": "(61) 99640-2917",
		"altura": "1,61",
		"peso": 85,
		"tipo_sanguineo": "O+",
		"cor": "laranja"
	},
	{
		"nome": "Juan Elias Manoel Drumond",
		"idade": 57,
		"cpf": "839.731.411-34",
		"rg": "31.210.928-3",
		"data_nasc": "03/02/1966",
		"sexo": "Masculino",
		"signo": "Aquário",
		"mae": "Mirella Lavínia Eliane",
		"pai": "Murilo Geraldo Martin Drumond",
		"email": "juan_drumond@gemail.com",
		"senha": "jfG6iF0FZA",
		"cep": "72610-300",
		"endereco": "Quadra Quadra 203",
		"numero": 693,
		"bairro": "Recanto das Emas",
		"cidade": "Brasília",
		"estado": "DF",
		"telefone_fixo": "(61) 3563-2294",
		"celular": "(61) 98448-7650",
		"altura": "1,93",
		"peso": 57,
		"tipo_sanguineo": "A+",
		"cor": "azul"
	},
	{
		"nome": "Henry Noah Aragão",
		"idade": 48,
		"cpf": "798.857.651-82",
		"rg": "37.571.017-6",
		"data_nasc": "08/01/1975",
		"sexo": "Masculino",
		"signo": "Capricórnio",
		"mae": "Giovanna Camila Francisca",
		"pai": "Marcelo Kevin Aragão",
		"email": "henrynoaharagao@abbott.com",
		"senha": "1dyrsK3TtZ",
		"cep": "71884-756",
		"endereco": "Quadra QS 23 Conjunto 1",
		"numero": 623,
		"bairro": "Riacho Fundo II",
		"cidade": "Brasília",
		"estado": "DF",
		"telefone_fixo": "(61) 2970-6466",
		"celular": "(61) 98734-8144",
		"altura": "1,78",
		"peso": 79,
		"tipo_sanguineo": "AB-",
		"cor": "verde"
	},
	{
		"nome": "Fernando Hugo Araújo",
		"idade": 38,
		"cpf": "250.308.911-96",
		"rg": "49.889.791-6",
		"data_nasc": "01/01/1985",
		"sexo": "Masculino",
		"signo": "Capricórnio",
		"mae": "Olivia Giovana",
		"pai": "João Tiago Araújo",
		"email": "fernando-araujo89@oana.com.br",
		"senha": "4ir2szhiZ7",
		"cep": "72312-705",
		"endereco": "Quadra QN 512 Conjunto 5",
		"numero": 570,
		"bairro": "Samambaia Sul (Samambaia)",
		"cidade": "Brasília",
		"estado": "DF",
		"telefone_fixo": "(61) 3742-2108",
		"celular": "(61) 99982-5512",
		"altura": "1,98",
		"peso": 102,
		"tipo_sanguineo": "A-",
		"cor": "amarelo"
	},
	{
		"nome": "Luna Renata Lavínia de Paula",
		"idade": 31,
		"cpf": "038.325.341-13",
		"rg": "37.780.045-4",
		"data_nasc": "17/01/1992",
		"sexo": "Feminino",
		"signo": "Capricórnio",
		"mae": "Sophie Andrea Julia",
		"pai": "Pietro Giovanni Rafael de Paula",
		"email": "luna.renata.depaula@ppconsulting.com.br",
		"senha": "AFyxMTL0Ha",
		"cep": "72318-014",
		"endereco": "Quadra QR 402 Conjunto 14",
		"numero": 485,
		"bairro": "Samambaia Norte (Samambaia)",
		"cidade": "Brasília",
		"estado": "DF",
		"telefone_fixo": "(61) 2777-8482",
		"celular": "(61) 99158-8329",
		"altura": "1,53",
		"peso": 65,
		"tipo_sanguineo": "AB+",
		"cor": "laranja"
	},
	{
		"nome": "Murilo Cláudio Alves",
		"idade": 57,
		"cpf": "419.416.891-75",
		"rg": "42.476.664-4",
		"data_nasc": "21/02/1966",
		"sexo": "Masculino",
		"signo": "Peixes",
		"mae": "Caroline Mariana",
		"pai": "Bento Oliver Yago Alves",
		"email": "murilo-alves84@cntbrasil.com.br",
		"senha": "sMTqz7oN32",
		"cep": "73330-059",
		"endereco": "Rua Gabriela Guimarães Freitas",
		"numero": 789,
		"bairro": "Setor Tradicional (Planaltina)",
		"cidade": "Brasília",
		"estado": "DF",
		"telefone_fixo": "(61) 2750-8803",
		"celular": "(61) 99278-5032",
		"altura": "1,83",
		"peso": 72,
		"tipo_sanguineo": "A-",
		"cor": "amarelo"
	},
	{
		"nome": "Jennifer Raquel Regina da Cunha",
		"idade": 61,
		"cpf": "328.587.501-14",
		"rg": "13.474.742-2",
		"data_nasc": "12/02/1962",
		"sexo": "Feminino",
		"signo": "Aquário",
		"mae": "Valentina Lara Luciana",
		"pai": "Filipe Julio da Cunha",
		"email": "jennifer-dacunha95@alway.com.br",
		"senha": "Ho7Xe1H1X4",
		"cep": "70660-064",
		"endereco": "Quadra AOS 6 Bloco D",
		"numero": 699,
		"bairro": "Área Octogonal",
		"cidade": "Brasília",
		"estado": "DF",
		"telefone_fixo": "(61) 3517-7383",
		"celular": "(61) 99545-2366",
		"altura": "1,61",
		"peso": 64,
		"tipo_sanguineo": "O-",
		"cor": "preto"
	},
	{
		"nome": "Simone Tânia Marina da Mata",
		"idade": 61,
		"cpf": "131.720.271-63",
		"rg": "10.596.367-7",
		"data_nasc": "24/02/1962",
		"sexo": "Feminino",
		"signo": "Peixes",
		"mae": "Aline Josefa Sebastiana",
		"pai": "Levi Rodrigo Enrico da Mata",
		"email": "simone-damata76@power.alston.com",
		"senha": "YoHPpBDrhh",
		"cep": "72440-506",
		"endereco": "Quadra Quadra 50 Conjunto F",
		"numero": 513,
		"bairro": "Setor Leste (Gama)",
		"cidade": "Brasília",
		"estado": "DF",
		"telefone_fixo": "(61) 3593-6145",
		"celular": "(61) 98748-5449",
		"altura": "1,64",
		"peso": 89,
		"tipo_sanguineo": "O+",
		"cor": "roxo"
	},
	{
		"nome": "Marcos Luan Roberto Rezende",
		"idade": 36,
		"cpf": "488.633.001-00",
		"rg": "21.640.188-4",
		"data_nasc": "06/01/1987",
		"sexo": "Masculino",
		"signo": "Capricórnio",
		"mae": "Fabiana Jaqueline",
		"pai": "Davi César Rezende",
		"email": "marcos_luan_rezende@hubersuhner.com",
		"senha": "452mec12E1",
		"cep": "72302-004",
		"endereco": "Quadra QR 104 Conjunto 4",
		"numero": 643,
		"bairro": "Samambaia Sul (Samambaia)",
		"cidade": "Brasília",
		"estado": "DF",
		"telefone_fixo": "(61) 2829-9920",
		"celular": "(61) 98796-4766",
		"altura": "1,97",
		"peso": 68,
		"tipo_sanguineo": "B+",
		"cor": "roxo"
	},
	{
		"nome": "Isabelle Mariana Mariah Santos",
		"idade": 22,
		"cpf": "219.616.521-29",
		"rg": "43.304.251-5",
		"data_nasc": "03/01/2001",
		"sexo": "Feminino",
		"signo": "Capricórnio",
		"mae": "Yasmin Isabelly Andrea",
		"pai": "Elias Marcos Vinicius Tiago Santos",
		"email": "isabelle_santos@gamal.com.br",
		"senha": "jQjYQAWn4x",
		"cep": "70687-440",
		"endereco": "Área Especial CRENW 3 Lote D",
		"numero": 559,
		"bairro": "Setor Noroeste",
		"cidade": "Brasília",
		"estado": "DF",
		"telefone_fixo": "(61) 2737-4506",
		"celular": "(61) 98104-3915",
		"altura": "1,79",
		"peso": 68,
		"tipo_sanguineo": "AB-",
		"cor": "laranja"
	},
	{
		"nome": "Juan Bruno Rodrigues",
		"idade": 66,
		"cpf": "979.700.351-59",
		"rg": "39.061.039-2",
		"data_nasc": "01/01/1957",
		"sexo": "Masculino",
		"signo": "Capricórnio",
		"mae": "Clara Gabrielly",
		"pai": "Anthony Rodrigo Luís Rodrigues",
		"email": "juan.bruno.rodrigues@india.com",
		"senha": "06EGZBQB1P",
		"cep": "71555-148",
		"endereco": "Quadra Quadra 5 Conjunto F",
		"numero": 773,
		"bairro": "Varjão",
		"cidade": "Brasília",
		"estado": "DF",
		"telefone_fixo": "(61) 3937-3904",
		"celular": "(61) 98377-1622",
		"altura": "1,64",
		"peso": 91,
		"tipo_sanguineo": "AB+",
		"cor": "azul"
	},
	{
		"nome": "Enzo Osvaldo Gomes",
		"idade": 28,
		"cpf": "346.570.541-63",
		"rg": "33.565.093-4",
		"data_nasc": "26/01/1995",
		"sexo": "Masculino",
		"signo": "Aquário",
		"mae": "Lara Clarice Lavínia",
		"pai": "Marcos Vinicius Matheus Julio Gomes",
		"email": "enzoosvaldogomes@ciaimoveissjc.com",
		"senha": "rALn8RK3eH",
		"cep": "70070-040",
		"endereco": "Quadra SAUS Quadra 4",
		"numero": 889,
		"bairro": "Asa Sul",
		"cidade": "Brasília",
		"estado": "DF",
		"telefone_fixo": "(61) 2610-2110",
		"celular": "(61) 99158-9082",
		"altura": "1,68",
		"peso": 97,
		"tipo_sanguineo": "AB+",
		"cor": "amarelo"
	},
	{
		"nome": "Giovanni Edson Joaquim da Luz",
		"idade": 21,
		"cpf": "461.005.171-08",
		"rg": "41.543.621-7",
		"data_nasc": "15/02/2002",
		"sexo": "Masculino",
		"signo": "Aquário",
		"mae": "Benedita Sueli",
		"pai": "Guilherme Lorenzo André da Luz",
		"email": "giovanni.edson.daluz@balaiofilmes.com.br",
		"senha": "Adf1gzkmGX",
		"cep": "72428-362",
		"endereco": "Núcleo Rural Casa Grande Módulo 10 MA - 30",
		"numero": 921,
		"bairro": "Ponte Alta (Gama)",
		"cidade": "Brasília",
		"estado": "DF",
		"telefone_fixo": "(61) 2927-5778",
		"celular": "(61) 99235-4228",
		"altura": "1,63",
		"peso": 76,
		"tipo_sanguineo": "AB-",
		"cor": "laranja"
	},
	{
		"nome": "Francisco Augusto Iago Ferreira",
		"idade": 60,
		"cpf": "972.918.231-02",
		"rg": "43.417.881-0",
		"data_nasc": "12/01/1963",
		"sexo": "Masculino",
		"signo": "Capricórnio",
		"mae": "Aurora Lara",
		"pai": "Sebastião Calebe Yuri Ferreira",
		"email": "franciscoaugustoferreira@lojabichopapao.com.br",
		"senha": "E8s5MLrGLt",
		"cep": "70658-197",
		"endereco": "Quadra SHCES Quadra 1109 Bloco G",
		"numero": 431,
		"bairro": "Cruzeiro Novo",
		"cidade": "Brasília",
		"estado": "DF",
		"telefone_fixo": "(61) 3673-2894",
		"celular": "(61) 99240-4226",
		"altura": "1,83",
		"peso": 50,
		"tipo_sanguineo": "O+",
		"cor": "laranja"
	},
	{
		"nome": "Luana Carolina Duarte",
		"idade": 52,
		"cpf": "710.302.091-46",
		"rg": "19.855.878-8",
		"data_nasc": "03/01/1971",
		"sexo": "Feminino",
		"signo": "Capricórnio",
		"mae": "Emily Jaqueline",
		"pai": "Eduardo Giovanni Marcos Vinicius Duarte",
		"email": "luana_duarte@engeseg.com.br",
		"senha": "lUSCkj3XfY",
		"cep": "73036-080",
		"endereco": "Quadra Quadra 7 Área Especial 03",
		"numero": 125,
		"bairro": "Sobradinho",
		"cidade": "Brasília",
		"estado": "DF",
		"telefone_fixo": "(61) 3939-7177",
		"celular": "(61) 98959-7133",
		"altura": "1,80",
		"peso": 89,
		"tipo_sanguineo": "AB+",
		"cor": "azul"
	},
	{
		"nome": "Esther Tatiane Sophia Castro",
		"idade": 70,
		"cpf": "607.497.091-20",
		"rg": "26.486.849-3",
		"data_nasc": "14/01/1953",
		"sexo": "Feminino",
		"signo": "Capricórnio",
		"mae": "Beatriz Rayssa Olivia",
		"pai": "Mário Fernando Castro",
		"email": "esthertatianecastro@me.com",
		"senha": "B7WYPhhBCc",
		"cep": "72017-266",
		"endereco": "Quadra QSC 19 Chácara 26 Conjunto A1",
		"numero": 932,
		"bairro": "Taguatinga Sul (Taguatinga)",
		"cidade": "Brasília",
		"estado": "DF",
		"telefone_fixo": "(61) 3508-5888",
		"celular": "(61) 99898-5887",
		"altura": "1,51",
		"peso": 48,
		"tipo_sanguineo": "B+",
		"cor": "amarelo"
	},
	{
		"nome": "Benedito Bento Barros",
		"idade": 48,
		"cpf": "777.876.381-84",
		"rg": "43.425.691-2",
		"data_nasc": "22/02/1975",
		"sexo": "Masculino",
		"signo": "Peixes",
		"mae": "Simone Caroline Andreia",
		"pai": "Marcos Vinicius Noah Luiz Barros",
		"email": "benedito-barros96@boiago.com.br",
		"senha": "8INQX2WqTc",
		"cep": "73360-502",
		"endereco": "Quadra Quadra 5 Conjunto B",
		"numero": 450,
		"bairro": "Setor Residencial Leste (Planaltina)",
		"cidade": "Brasília",
		"estado": "DF",
		"telefone_fixo": "(61) 2900-8659",
		"celular": "(61) 99999-6963",
		"altura": "1,93",
		"peso": 62,
		"tipo_sanguineo": "O+",
		"cor": "vermelho"
	}
]