[
	{
		"nome": "Geraldo Guilherme Lopes",
		"idade": 65,
		"cpf": "567.226.981-81",
		"rg": "35.704.662-6",
		"data_nasc": "01/01/1958",
		"sexo": "Masculino",
		"signo": "Capricórnio",
		"mae": "Laura Lavínia Sebastiana",
		"pai": "Edson Ryan Lopes",
		"email": "geraldo_lopes@iedi.com.br",
		"senha": "ckTFH8bx9d",
		"cep": "71805-806",
		"endereco": "Quadra QN 9 Conjunto 6",
		"numero": 114,
		"bairro": "Riacho Fundo I",
		"cidade": "Brasília",
		"estado": "DF",
		"telefone_fixo": "(61) 3642-4282",
		"celular": "(61) 98346-7391",
		"altura": "1,80",
		"peso": 58,
		"tipo_sanguineo": "B-",
		"cor": "roxo"
	},
	{
		"nome": "Márcio Noah Enrico Duarte",
		"idade": 22,
		"cpf": "718.989.051-34",
		"rg": "42.692.302-9",
		"data_nasc": "01/01/2001",
		"sexo": "Masculino",
		"signo": "Capricórnio",
		"mae": "Emilly Cristiane Alice",
		"pai": "Benjamin Ruan Duarte",
		"email": "marcio_duarte@sygma.com.br",
		"senha": "HSYaBKUQzL",
		"cep": "72600-307",
		"endereco": "Quadra Quadra 103 Conjunto 6",
		"numero": 131,
		"bairro": "Recanto das Emas",
		"cidade": "Brasília",
		"estado": "DF",
		"telefone_fixo": "(61) 3622-4690",
		"celular": "(61) 99655-9767",
		"altura": "1,96",
		"peso": 82,
		"tipo_sanguineo": "B+",
		"cor": "laranja"
	},
	{
		"nome": "Enzo Luiz Pereira",
		"idade": 75,
		"cpf": "257.326.271-54",
		"rg": "24.072.018-0",
		"data_nasc": "10/01/1948",
		"sexo": "Masculino",
		"signo": "Capricórnio",
		"mae": "Heloisa Camila",
		"pai": "Erick Emanuel Francisco Pereira",
		"email": "enzo-pereira90@djapan.com.br",
		"senha": "xUGEYBKa6i",
		"cep": "72312-500",
		"endereco": "Quadra QS 506",
		"numero": 641,
		"bairro": "Samambaia Sul (Samambaia)",
		"cidade": "Brasília",
		"estado": "DF",
		"telefone_fixo": "(61) 2842-9303",
		"celular": "(61) 99964-7258",
		"altura": "1,60",
		"peso": 63,
		"tipo_sanguineo": "O-",
		"cor": "amarelo"
	},
	{
		"nome": "Marcos Vinicius Igor Galvão",
		"idade": 62,
		"cpf": "566.999.541-48",
		"rg": "39.417.622-4",
		"data_nasc": "07/01/1961",
		"sexo": "Masculino",
		"signo": "Capricórnio",
		"mae": "Eliane Carolina",
		"pai": "Cauã Theo Galvão",
		"email": "marcos_galvao@policiapenal.com",
		"senha": "sB9Lyu5j7g",
		"cep": "72260-651",
		"endereco": "Quadra QNO 16 Conjunto 51",
		"numero": 205,
		"bairro": "Ceilândia Norte (Ceilândia)",
		"cidade": "Brasília",
		"estado": "DF",
		"telefone_fixo": "(61) 3548-2054",
		"celular": "(61) 99237-7960",
		"altura": "1,61",
		"peso": 96,
		"tipo_sanguineo": "B+",
		"cor": "vermelho"
	},
	{
		"nome": "Tânia Antônia Martins",
		"idade": 77,
		"cpf": "905.803.911-08",
		"rg": "13.354.197-6",
		"data_nasc": "21/02/1946",
		"sexo": "Feminino",
		"signo": "Peixes",
		"mae": "Maria Liz Jéssica",
		"pai": "Caio Cauã Tiago Martins",
		"email": "tania_martins@weatherford.com",
		"senha": "pmY1LdSl62",
		"cep": "70645-011",
		"endereco": "Quadra SRES Quadra 12 Bloco A-1",
		"numero": 162,
		"bairro": "Cruzeiro Velho",
		"cidade": "Brasília",
		"estado": "DF",
		"telefone_fixo": "(61) 3855-0252",
		"celular": "(61) 98305-5537",
		"altura": "1,59",
		"peso": 62,
		"tipo_sanguineo": "O+",
		"cor": "roxo"
	},
	{
		"nome": "Emanuelly Ana Lorena Santos",
		"idade": 62,
		"cpf": "255.346.351-00",
		"rg": "17.149.290-0",
		"data_nasc": "08/02/1961",
		"sexo": "Feminino",
		"signo": "Aquário",
		"mae": "Yasmin Marcela Olivia",
		"pai": "Benício Severino Renato Santos",
		"email": "emanuelly.ana.santos@ime.unicamp.br",
		"senha": "0cNDfQt6Kx",
		"cep": "71699-581",
		"endereco": "Quadra QC 10 Rua I",
		"numero": 120,
		"bairro": "Jardins Mangueiral (São Sebastião)",
		"cidade": "Brasília",
		"estado": "DF",
		"telefone_fixo": "(61) 3518-6826",
		"celular": "(61) 99681-8016",
		"altura": "1,80",
		"peso": 54,
		"tipo_sanguineo": "B-",
		"cor": "vermelho"
	},
	{
		"nome": "Sebastiana Antonella Sophia Farias",
		"idade": 44,
		"cpf": "236.887.241-86",
		"rg": "46.659.296-6",
		"data_nasc": "13/02/1979",
		"sexo": "Feminino",
		"signo": "Aquário",
		"mae": "Jennifer Sueli",
		"pai": "Mateus César Farias",
		"email": "sebastiana_antonella_farias@ssala.com.br",
		"senha": "tn9ThOEgwn",
		"cep": "71827-770",
		"endereco": "Chácara Chácara 42",
		"numero": 815,
		"bairro": "Riacho Fundo I",
		"cidade": "Brasília",
		"estado": "DF",
		"telefone_fixo": "(61) 2929-7112",
		"celular": "(61) 99827-4776",
		"altura": "1,78",
		"peso": 63,
		"tipo_sanguineo": "A+",
		"cor": "amarelo"
	},
	{
		"nome": "Isaac Alexandre Julio Castro",
		"idade": 61,
		"cpf": "923.528.121-00",
		"rg": "41.894.156-7",
		"data_nasc": "11/01/1962",
		"sexo": "Masculino",
		"signo": "Capricórnio",
		"mae": "Catarina Milena Sônia",
		"pai": "Vinicius Enrico Cláudio Castro",
		"email": "isaac_alexandre_castro@leonardopereira.com",
		"senha": "kTfca9bF2Q",
		"cep": "72146-020",
		"endereco": "Quadra QNM 40 Conjunto T",
		"numero": 318,
		"bairro": "Taguatinga Norte (Taguatinga)",
		"cidade": "Brasília",
		"estado": "DF",
		"telefone_fixo": "(61) 2862-5222",
		"celular": "(61) 99849-7940",
		"altura": "1,83",
		"peso": 80,
		"tipo_sanguineo": "O+",
		"cor": "roxo"
	},
	{
		"nome": "Fernando Benedito Costa",
		"idade": 66,
		"cpf": "667.992.841-95",
		"rg": "13.421.808-5",
		"data_nasc": "25/02/1957",
		"sexo": "Masculino",
		"signo": "Peixes",
		"mae": "Aurora Lara Jennifer",
		"pai": "Fernando Levi Costa",
		"email": "fernando_benedito_costa@vick1.com.br",
		"senha": "l8EgXDXjp6",
		"cep": "71692-600",
		"endereco": "Quadra Quadra 203",
		"numero": 308,
		"bairro": "Setor Residencial Oeste (São Sebastião)",
		"cidade": "Brasília",
		"estado": "DF",
		"telefone_fixo": "(61) 3913-1407",
		"celular": "(61) 99324-4283",
		"altura": "1,68",
		"peso": 56,
		"tipo_sanguineo": "AB-",
		"cor": "vermelho"
	},
	{
		"nome": "Giovana Ayla Emanuelly da Costa",
		"idade": 49,
		"cpf": "977.118.001-00",
		"rg": "12.717.103-4",
		"data_nasc": "06/02/1974",
		"sexo": "Feminino",
		"signo": "Aquário",
		"mae": "Sophie Agatha",
		"pai": "Guilherme Ruan da Costa",
		"email": "giovanaayladacosta@rotauniformes.com.br",
		"senha": "RTsk1jEtA0",
		"cep": "72161-822",
		"endereco": "Quadra QNL 28 Via 2",
		"numero": 823,
		"bairro": "Taguatinga Norte (Taguatinga)",
		"cidade": "Brasília",
		"estado": "DF",
		"telefone_fixo": "(61) 2744-5547",
		"celular": "(61) 98291-2568",
		"altura": "1,56",
		"peso": 76,
		"tipo_sanguineo": "A-",
		"cor": "roxo"
	},
	{
		"nome": "Analu Raquel Sônia da Conceição",
		"idade": 28,
		"cpf": "100.777.731-10",
		"rg": "16.486.459-3",
		"data_nasc": "07/01/1995",
		"sexo": "Feminino",
		"signo": "Capricórnio",
		"mae": "Luzia Antônia",
		"pai": "Eduardo Anthony Heitor da Conceição",
		"email": "analu_raquel_daconceicao@santander.com.br",
		"senha": "Ph6dZN9Ey3",
		"cep": "73356-020",
		"endereco": "Quadra Quadra 18 Conjunto D",
		"numero": 777,
		"bairro": "Setor Residencial Leste (Planaltina)",
		"cidade": "Brasília",
		"estado": "DF",
		"telefone_fixo": "(61) 2934-2708",
		"celular": "(61) 99710-7088",
		"altura": "1,64",
		"peso": 62,
		"tipo_sanguineo": "A-",
		"cor": "preto"
	},
	{
		"nome": "Fernanda Bianca Louise da Luz",
		"idade": 53,
		"cpf": "326.845.541-70",
		"rg": "46.223.966-4",
		"data_nasc": "17/02/1970",
		"sexo": "Feminino",
		"signo": "Aquário",
		"mae": "Emily Heloise Gabrielly",
		"pai": "Benjamin Leonardo Leonardo da Luz",
		"email": "fernanda.bianca.daluz@carvajal.com",
		"senha": "LETbhiAGJe",
		"cep": "72502-410",
		"endereco": "Quadra QR 202 Conjunto J",
		"numero": 399,
		"bairro": "Santa Maria",
		"cidade": "Brasília",
		"estado": "DF",
		"telefone_fixo": "(61) 3534-9447",
		"celular": "(61) 99374-6980",
		"altura": "1,84",
		"peso": 56,
		"tipo_sanguineo": "O+",
		"cor": "azul"
	},
	{
		"nome": "Samuel Lucca Leandro Figueiredo",
		"idade": 59,
		"cpf": "255.468.231-35",
		"rg": "28.353.388-2",
		"data_nasc": "25/02/1964",
		"sexo": "Masculino",
		"signo": "Peixes",
		"mae": "Tatiane Renata Fernanda",
		"pai": "Kevin Rafael Leonardo Figueiredo",
		"email": "samuelluccafigueiredo@diebold.com",
		"senha": "h8jbu5n4ZJ",
		"cep": "71751-275",
		"endereco": "Núcleo Rural Vargem Bonita Rua 2 Chácara 37A",
		"numero": 565,
		"bairro": "Núcleo Rural Vargem Bonita (Núcleo Bandeirante)",
		"cidade": "Brasília",
		"estado": "DF",
		"telefone_fixo": "(61) 3677-8188",
		"celular": "(61) 98798-7407",
		"altura": "1,65",
		"peso": 78,
		"tipo_sanguineo": "A-",
		"cor": "laranja"
	},
	{
		"nome": "Anthony Edson Nogueira",
		"idade": 45,
		"cpf": "033.170.011-51",
		"rg": "42.234.172-1",
		"data_nasc": "01/02/1978",
		"sexo": "Masculino",
		"signo": "Aquário",
		"mae": "Aurora Ana Antônia",
		"pai": "Noah Luan Danilo Nogueira",
		"email": "anthony.edson.nogueira@dbacomp.com.br",
		"senha": "h5dG7rn9pz",
		"cep": "72321-000",
		"endereco": "Quadra QR 407",
		"numero": 469,
		"bairro": "Samambaia Norte (Samambaia)",
		"cidade": "Brasília",
		"estado": "DF",
		"telefone_fixo": "(61) 2969-2781",
		"celular": "(61) 99740-2355",
		"altura": "1,85",
		"peso": 93,
		"tipo_sanguineo": "O-",
		"cor": "vermelho"
	},
	{
		"nome": "Helena Rafaela Bárbara da Cunha",
		"idade": 54,
		"cpf": "801.069.621-83",
		"rg": "38.723.912-1",
		"data_nasc": "27/01/1969",
		"sexo": "Feminino",
		"signo": "Aquário",
		"mae": "Rita Isabella Stefany",
		"pai": "Rafael Emanuel Raul da Cunha",
		"email": "helena.rafaela.dacunha@redacaofinal.com.br",
		"senha": "Ntu50R4yhG",
		"cep": "71880-514",
		"endereco": "Quadra QN 5A Conjunto 4",
		"numero": 978,
		"bairro": "Riacho Fundo II",
		"cidade": "Brasília",
		"estado": "DF",
		"telefone_fixo": "(61) 3991-2547",
		"celular": "(61) 98477-3831",
		"altura": "1,73",
		"peso": 49,
		"tipo_sanguineo": "A+",
		"cor": "vermelho"
	},
	{
		"nome": "Sophia Sarah Mirella Baptista",
		"idade": 78,
		"cpf": "902.087.931-60",
		"rg": "10.529.825-6",
		"data_nasc": "10/01/1945",
		"sexo": "Feminino",
		"signo": "Capricórnio",
		"mae": "Isabel Louise Silvana",
		"pai": "Igor Julio Baptista",
		"email": "sophia_sarah_baptista@msn.com.br",
		"senha": "JOIBwZc30G",
		"cep": "70847-050",
		"endereco": "Quadra SQN 406 Bloco E",
		"numero": 751,
		"bairro": "Asa Norte",
		"cidade": "Brasília",
		"estado": "DF",
		"telefone_fixo": "(61) 3513-3591",
		"celular": "(61) 99374-0976",
		"altura": "1,75",
		"peso": 79,
		"tipo_sanguineo": "A+",
		"cor": "vermelho"
	},
	{
		"nome": "Teresinha Clarice Silva",
		"idade": 18,
		"cpf": "263.741.141-40",
		"rg": "33.243.579-9",
		"data_nasc": "14/02/2005",
		"sexo": "Feminino",
		"signo": "Aquário",
		"mae": "Amanda Evelyn Marlene",
		"pai": "Enzo Henrique Silva",
		"email": "teresinha.clarice.silva@vilarreal.com.br",
		"senha": "IfaEN5YSGL",
		"cep": "72003-430",
		"endereco": "Rua Rua 8 Chácara 293",
		"numero": 453,
		"bairro": "Vila São José (Vicente Pires)",
		"cidade": "Brasília",
		"estado": "DF",
		"telefone_fixo": "(61) 3861-4153",
		"celular": "(61) 99908-9522",
		"altura": "1,62",
		"peso": 49,
		"tipo_sanguineo": "AB-",
		"cor": "vermelho"
	},
	{
		"nome": "Elaine Mariane Gonçalves",
		"idade": 63,
		"cpf": "128.989.631-35",
		"rg": "48.868.796-2",
		"data_nasc": "07/01/1960",
		"sexo": "Feminino",
		"signo": "Capricórnio",
		"mae": "Stefany Stefany Bianca",
		"pai": "Leandro Victor Gonçalves",
		"email": "elainemarianegoncalves@hotamail.com",
		"senha": "BPBm4jpeRo",
		"cep": "70834-090",
		"endereco": "Quadra SQN 402 Bloco I",
		"numero": 449,
		"bairro": "Asa Norte",
		"cidade": "Brasília",
		"estado": "DF",
		"telefone_fixo": "(61) 3866-0775",
		"celular": "(61) 99984-0203",
		"altura": "1,80",
		"peso": 63,
		"tipo_sanguineo": "B+",
		"cor": "roxo"
	},
	{
		"nome": "Giovanni Benedito Davi Peixoto",
		"idade": 30,
		"cpf": "885.558.771-48",
		"rg": "38.770.651-3",
		"data_nasc": "11/01/1993",
		"sexo": "Masculino",
		"signo": "Capricórnio",
		"mae": "Débora Patrícia",
		"pai": "Joaquim Joaquim Marcos Vinicius Peixoto",
		"email": "giovanni-peixoto95@silnave.com.br",
		"senha": "CgnsjCZ9Ep",
		"cep": "72301-006",
		"endereco": "Quadra QR 103 Conjunto 6",
		"numero": 158,
		"bairro": "Samambaia Sul (Samambaia)",
		"cidade": "Brasília",
		"estado": "DF",
		"telefone_fixo": "(61) 2934-9179",
		"celular": "(61) 99563-4610",
		"altura": "2,00",
		"peso": 89,
		"tipo_sanguineo": "O+",
		"cor": "preto"
	},
	{
		"nome": "Aline Clara Andreia Cavalcanti",
		"idade": 43,
		"cpf": "220.047.691-49",
		"rg": "43.842.473-6",
		"data_nasc": "25/01/1980",
		"sexo": "Feminino",
		"signo": "Aquário",
		"mae": "Rayssa Carolina",
		"pai": "André Gael Cavalcanti",
		"email": "aline-cavalcanti71@emayl.com",
		"senha": "spIupB4fyy",
		"cep": "72507-514",
		"endereco": "Quadra QR 307 Conjunto N",
		"numero": 847,
		"bairro": "Santa Maria",
		"cidade": "Brasília",
		"estado": "DF",
		"telefone_fixo": "(61) 2673-4704",
		"celular": "(61) 98835-1263",
		"altura": "1,83",
		"peso": 61,
		"tipo_sanguineo": "O-",
		"cor": "laranja"
	},
	{
		"nome": "Erick Mário Henrique da Rocha",
		"idade": 50,
		"cpf": "134.533.111-83",
		"rg": "36.148.537-2",
		"data_nasc": "23/02/1973",
		"sexo": "Masculino",
		"signo": "Peixes",
		"mae": "Juliana Nair Rafaela",
		"pai": "Mário Gabriel da Rocha",
		"email": "erickmariodarocha@abdalathomaz.adv.br",
		"senha": "WG7UJdzIyt",
		"cep": "72319-505",
		"endereco": "Quadra QN 401 Conjunto E",
		"numero": 493,
		"bairro": "Samambaia Norte (Samambaia)",
		"cidade": "Brasília",
		"estado": "DF",
		"telefone_fixo": "(61) 3606-5638",
		"celular": "(61) 98856-0812",
		"altura": "1,66",
		"peso": 51,
		"tipo_sanguineo": "O+",
		"cor": "verde"
	},
	{
		"nome": "Elias Cauã Elias Cardoso",
		"idade": 22,
		"cpf": "297.571.181-68",
		"rg": "44.178.103-2",
		"data_nasc": "08/02/2001",
		"sexo": "Masculino",
		"signo": "Aquário",
		"mae": "Sandra Flávia Emanuelly",
		"pai": "Henrique Severino Lorenzo Cardoso",
		"email": "elias_caua_cardoso@nonesiglio.com.br",
		"senha": "X6OZgj4l2X",
		"cep": "71680-388",
		"endereco": "Condomínio Fazenda Jardim Botânico Chácara 5",
		"numero": 107,
		"bairro": "Setor Habitacional Jardim Botânico (Lago Sul)",
		"cidade": "Brasília",
		"estado": "DF",
		"telefone_fixo": "(61) 3788-0181",
		"celular": "(61) 98829-9019",
		"altura": "1,83",
		"peso": 108,
		"tipo_sanguineo": "O+",
		"cor": "laranja"
	},
	{
		"nome": "Davi Geraldo Caldeira",
		"idade": 67,
		"cpf": "440.293.491-53",
		"rg": "25.894.001-3",
		"data_nasc": "03/02/1956",
		"sexo": "Masculino",
		"signo": "Aquário",
		"mae": "Carla Mariana",
		"pai": "Daniel Isaac Caldeira",
		"email": "davi-caldeira90@vhbadvogados.com.br",
		"senha": "WGLz1J6d8o",
		"cep": "72309-200",
		"endereco": "Quadra QN 321",
		"numero": 254,
		"bairro": "Samambaia Sul (Samambaia)",
		"cidade": "Brasília",
		"estado": "DF",
		"telefone_fixo": "(61) 2785-6449",
		"celular": "(61) 98425-1201",
		"altura": "1,75",
		"peso": 52,
		"tipo_sanguineo": "O-",
		"cor": "amarelo"
	},
	{
		"nome": "Marcos Diego dos Santos",
		"idade": 39,
		"cpf": "711.008.281-41",
		"rg": "23.592.688-7",
		"data_nasc": "21/01/1984",
		"sexo": "Masculino",
		"signo": "Aquário",
		"mae": "Juliana Camila Luciana",
		"pai": "Márcio Rodrigo dos Santos",
		"email": "marcos.diego.dossantos@reconciliare.com.br",
		"senha": "eKoSMaFn5Q",
		"cep": "73401-709",
		"endereco": "Módulo Módulo D",
		"numero": 384,
		"bairro": "Estância Mestre D'Armas III (Planaltina)",
		"cidade": "Brasília",
		"estado": "DF",
		"telefone_fixo": "(61) 3506-2117",
		"celular": "(61) 99318-6701",
		"altura": "1,66",
		"peso": 90,
		"tipo_sanguineo": "AB+",
		"cor": "vermelho"
	},
	{
		"nome": "Jéssica Rosângela Nascimento",
		"idade": 43,
		"cpf": "604.396.781-29",
		"rg": "47.570.002-8",
		"data_nasc": "22/01/1980",
		"sexo": "Feminino",
		"signo": "Aquário",
		"mae": "Antônia Marina Mirella",
		"pai": "Enzo José Renato Nascimento",
		"email": "jessica_nascimento@parkhotel.com.br",
		"senha": "iAMIZThdRO",
		"cep": "70276-080",
		"endereco": "Quadra SQS 410 Bloco H",
		"numero": 754,
		"bairro": "Asa Sul",
		"cidade": "Brasília",
		"estado": "DF",
		"telefone_fixo": "(61) 2946-9942",
		"celular": "(61) 98701-4065",
		"altura": "1,51",
		"peso": 70,
		"tipo_sanguineo": "O-",
		"cor": "vermelho"
	},
	{
		"nome": "Cauê Manoel César das Neves",
		"idade": 69,
		"cpf": "080.645.561-63",
		"rg": "22.075.678-8",
		"data_nasc": "21/01/1954",
		"sexo": "Masculino",
		"signo": "Aquário",
		"mae": "Patrícia Antonella Aurora",
		"pai": "Breno Iago das Neves",
		"email": "cauemanoeldasneves@yahoo.com,br",
		"senha": "yu2XJ3g1qr",
		"cep": "71727-108",
		"endereco": "Quadra QR 1-A Conjunto H",
		"numero": 944,
		"bairro": "Candangolândia",
		"cidade": "Brasília",
		"estado": "DF",
		"telefone_fixo": "(61) 2865-3702",
		"celular": "(61) 99735-2502",
		"altura": "1,65",
		"peso": 68,
		"tipo_sanguineo": "A+",
		"cor": "azul"
	},
	{
		"nome": "Yuri Márcio Aparício",
		"idade": 27,
		"cpf": "311.697.441-17",
		"rg": "29.904.580-8",
		"data_nasc": "09/02/1996",
		"sexo": "Masculino",
		"signo": "Aquário",
		"mae": "Tatiane Letícia",
		"pai": "Pedro Manoel Aparício",
		"email": "yuri_aparicio@spamgourmet.com",
		"senha": "25mEJhZbXy",
		"cep": "70675-129",
		"endereco": "Quadra QRSW 1 Bloco B-9",
		"numero": 346,
		"bairro": "Setor Sudoeste",
		"cidade": "Brasília",
		"estado": "DF",
		"telefone_fixo": "(61) 3558-7248",
		"celular": "(61) 99987-9028",
		"altura": "1,63",
		"peso": 52,
		"tipo_sanguineo": "B-",
		"cor": "verde"
	},
	{
		"nome": "Clarice Amanda Brito",
		"idade": 73,
		"cpf": "981.913.421-89",
		"rg": "39.554.565-1",
		"data_nasc": "23/01/1950",
		"sexo": "Feminino",
		"signo": "Aquário",
		"mae": "Kamilly Gabriela",
		"pai": "Henry Danilo Brito",
		"email": "clariceamandabrito@gruposandino.com.br",
		"senha": "HoO7EhyGzo",
		"cep": "72020-435",
		"endereco": "Quadra EQSD 43/55",
		"numero": 428,
		"bairro": "Taguatinga Sul (Taguatinga)",
		"cidade": "Brasília",
		"estado": "DF",
		"telefone_fixo": "(61) 3621-0856",
		"celular": "(61) 99797-4115",
		"altura": "1,67",
		"peso": 54,
		"tipo_sanguineo": "A+",
		"cor": "azul"
	},
	{
		"nome": "Ian Marcelo Matheus Nunes",
		"idade": 63,
		"cpf": "307.234.631-31",
		"rg": "31.878.934-6",
		"data_nasc": "10/02/1960",
		"sexo": "Masculino",
		"signo": "Aquário",
		"mae": "Flávia Yasmin",
		"pai": "Hugo Noah Gustavo Nunes",
		"email": "ian-nunes70@amure.com.br",
		"senha": "E9yWmwNHhO",
		"cep": "70342-500",
		"endereco": "Quadra CLS 103",
		"numero": 391,
		"bairro": "Asa Sul",
		"cidade": "Brasília",
		"estado": "DF",
		"telefone_fixo": "(61) 2654-6525",
		"celular": "(61) 98339-1591",
		"altura": "1,61",
		"peso": 101,
		"tipo_sanguineo": "AB+",
		"cor": "roxo"
	},
	{
		"nome": "Tiago Eduardo Arthur Sales",
		"idade": 18,
		"cpf": "565.067.621-60",
		"rg": "22.053.350-7",
		"data_nasc": "16/01/2005",
		"sexo": "Masculino",
		"signo": "Capricórnio",
		"mae": "Juliana Emanuelly",
		"pai": "Francisco Mário Sales",
		"email": "tiagoeduardosales@click21.com.br",
		"senha": "eqf0EAmpwR",
		"cep": "70256-070",
		"endereco": "Quadra SQS 407 Bloco G",
		"numero": 114,
		"bairro": "Asa Sul",
		"cidade": "Brasília",
		"estado": "DF",
		"telefone_fixo": "(61) 2778-3832",
		"celular": "(61) 98115-4454",
		"altura": "1,75",
		"peso": 67,
		"tipo_sanguineo": "AB+",
		"cor": "vermelho"
	}
]