[
	{
		"nome": "Vinicius Vicente Vicente Silva",
		"idade": 52,
		"cpf": "403.962.441-65",
		"rg": "29.646.721-2",
		"data_nasc": "07/02/1971",
		"sexo": "Masculino",
		"signo": "Aquário",
		"mae": "Tereza Rebeca Maria",
		"pai": "Guilherme Mário Silva",
		"email": "vinicius_vicente_silva@dmcard.com.br",
		"senha": "FhK73BlN8h",
		"cep": "70686-100",
		"endereco": "Quadra SQNW 107 Bloco J",
		"numero": 696,
		"bairro": "Setor Noroeste",
		"cidade": "Brasília",
		"estado": "DF",
		"telefone_fixo": "(61) 2551-0007",
		"celular": "(61) 99638-7982",
		"altura": "1,63",
		"peso": 87,
		"tipo_sanguineo": "O+",
		"cor": "laranja"
	},
	{
		"nome": "Jéssica Mariana Jéssica Rezende",
		"idade": 27,
		"cpf": "311.717.471-01",
		"rg": "50.643.420-5",
		"data_nasc": "20/01/1996",
		"sexo": "Feminino",
		"signo": "Capricórnio",
		"mae": "Cecília Isabella",
		"pai": "Victor Noah Rezende",
		"email": "jessica_rezende@live.ie",
		"senha": "22ahm5oJ3j",
		"cep": "72016-030",
		"endereco": "Quadra QSC 3",
		"numero": 820,
		"bairro": "Taguatinga Sul (Taguatinga)",
		"cidade": "Brasília",
		"estado": "DF",
		"telefone_fixo": "(61) 3722-3693",
		"celular": "(61) 98475-0813",
		"altura": "1,62",
		"peso": 70,
		"tipo_sanguineo": "B+",
		"cor": "roxo"
	},
	{
		"nome": "Natália Antônia Moraes",
		"idade": 39,
		"cpf": "904.343.651-81",
		"rg": "36.933.560-0",
		"data_nasc": "17/02/1984",
		"sexo": "Feminino",
		"signo": "Aquário",
		"mae": "Aparecida Yasmin",
		"pai": "Carlos Joaquim Enrico Moraes",
		"email": "natalia.antonia.moraes@hotmail.com",
		"senha": "o6sPsLfzqN",
		"cep": "72327-540",
		"endereco": "Quadra QN 427",
		"numero": 537,
		"bairro": "Samambaia Norte (Samambaia)",
		"cidade": "Brasília",
		"estado": "DF",
		"telefone_fixo": "(61) 2863-0394",
		"celular": "(61) 98679-0626",
		"altura": "1,83",
		"peso": 50,
		"tipo_sanguineo": "A+",
		"cor": "laranja"
	},
	{
		"nome": "Sandra Cristiane Silveira",
		"idade": 44,
		"cpf": "492.026.501-87",
		"rg": "43.792.424-5",
		"data_nasc": "15/01/1979",
		"sexo": "Feminino",
		"signo": "Capricórnio",
		"mae": "Teresinha Silvana",
		"pai": "Filipe Rafael Samuel Silveira",
		"email": "sandra-silveira78@bitco.cc",
		"senha": "jxwdpUb9Cr",
		"cep": "71591-250",
		"endereco": "Quadra 20",
		"numero": 432,
		"bairro": "Del Lago I (Itapoã)",
		"cidade": "Brasília",
		"estado": "DF",
		"telefone_fixo": "(61) 2510-4918",
		"celular": "(61) 99131-4264",
		"altura": "1,54",
		"peso": 56,
		"tipo_sanguineo": "A-",
		"cor": "amarelo"
	},
	{
		"nome": "Cristiane Mariane Lívia Barbosa",
		"idade": 71,
		"cpf": "488.878.541-49",
		"rg": "22.553.648-1",
		"data_nasc": "19/02/1952",
		"sexo": "Feminino",
		"signo": "Aquário",
		"mae": "Amanda Amanda",
		"pai": "Nelson Luan Barbosa",
		"email": "cristiane.mariane.barbosa@hotmail.co.jp",
		"senha": "h0gY9yrTKh",
		"cep": "71020-068",
		"endereco": "Quadra QI 9 Conjunto F",
		"numero": 690,
		"bairro": "Guará I",
		"cidade": "Brasília",
		"estado": "DF",
		"telefone_fixo": "(61) 2581-6356",
		"celular": "(61) 99515-4661",
		"altura": "1,54",
		"peso": 49,
		"tipo_sanguineo": "O+",
		"cor": "roxo"
	},
	{
		"nome": "Tatiane Natália Mariah Ramos",
		"idade": 20,
		"cpf": "339.881.061-60",
		"rg": "10.940.683-7",
		"data_nasc": "20/02/2003",
		"sexo": "Feminino",
		"signo": "Peixes",
		"mae": "Giovana Cecília",
		"pai": "Sérgio Marcos Ramos",
		"email": "tatiane.natalia.ramos@teofilorezende.com.br",
		"senha": "PU7lMPGfot",
		"cep": "71681-350",
		"endereco": "Quadra 7 Lote D",
		"numero": 153,
		"bairro": "Setor Habitacional Jardim Botânico (Lago Sul)",
		"cidade": "Brasília",
		"estado": "DF",
		"telefone_fixo": "(61) 2694-6345",
		"celular": "(61) 99652-4522",
		"altura": "1,71",
		"peso": 74,
		"tipo_sanguineo": "AB-",
		"cor": "vermelho"
	},
	{
		"nome": "Aurora Andrea Melissa Viana",
		"idade": 18,
		"cpf": "439.602.061-94",
		"rg": "18.943.470-3",
		"data_nasc": "09/01/2005",
		"sexo": "Feminino",
		"signo": "Capricórnio",
		"mae": "Liz Cristiane Eliane",
		"pai": "Benício Anthony Rafael Viana",
		"email": "aurora-viana74@recoferindustria.com.br",
		"senha": "CEZSLAmFCE",
		"cep": "72317-501",
		"endereco": "Quadra QN 521 Conjunto A",
		"numero": 456,
		"bairro": "Samambaia Sul (Samambaia)",
		"cidade": "Brasília",
		"estado": "DF",
		"telefone_fixo": "(61) 3605-3106",
		"celular": "(61) 99929-7394",
		"altura": "1,52",
		"peso": 86,
		"tipo_sanguineo": "O-",
		"cor": "amarelo"
	},
	{
		"nome": "Danilo Gabriel da Costa",
		"idade": 66,
		"cpf": "839.601.101-03",
		"rg": "24.777.331-1",
		"data_nasc": "06/01/1957",
		"sexo": "Masculino",
		"signo": "Capricórnio",
		"mae": "Letícia Amanda Ayla",
		"pai": "Francisco Diogo da Costa",
		"email": "danilo.gabriel.dacosta@stembalagens.com.br",
		"senha": "31ZUeqO7AP",
		"cep": "70650-438",
		"endereco": "Quadra SHCES Quadra 403 Bloco H",
		"numero": 539,
		"bairro": "Cruzeiro Novo",
		"cidade": "Brasília",
		"estado": "DF",
		"telefone_fixo": "(61) 2710-6473",
		"celular": "(61) 99685-7292",
		"altura": "1,73",
		"peso": 57,
		"tipo_sanguineo": "A+",
		"cor": "roxo"
	},
	{
		"nome": "Rosângela Sandra Assis",
		"idade": 55,
		"cpf": "569.681.601-02",
		"rg": "23.928.518-9",
		"data_nasc": "22/02/1968",
		"sexo": "Feminino",
		"signo": "Peixes",
		"mae": "Olivia Alícia",
		"pai": "Bryan Iago Otávio Assis",
		"email": "rosangela_sandra_assis@allcor.com.br",
		"senha": "W15ywWHKoc",
		"cep": "71996-414",
		"endereco": "Conjunto SHA Conjunto 6 Chácara 517",
		"numero": 408,
		"bairro": "Setor Habitacional Arniqueira (Águas Claras)",
		"cidade": "Brasília",
		"estado": "DF",
		"telefone_fixo": "(61) 3784-8958",
		"celular": "(61) 98289-4552",
		"altura": "1,54",
		"peso": 45,
		"tipo_sanguineo": "O-",
		"cor": "azul"
	},
	{
		"nome": "Milena Betina Alana Pereira",
		"idade": 28,
		"cpf": "100.468.821-03",
		"rg": "11.733.429-7",
		"data_nasc": "16/02/1995",
		"sexo": "Feminino",
		"signo": "Aquário",
		"mae": "Vitória Agatha Benedita",
		"pai": "Benedito Renan Pereira",
		"email": "milena.betina.pereira@eton.com.br",
		"senha": "yg2WXdhLhc",
		"cep": "72155-000",
		"endereco": "Área de Chácaras",
		"numero": 163,
		"bairro": "Taguatinga Norte (Taguatinga)",
		"cidade": "Brasília",
		"estado": "DF",
		"telefone_fixo": "(61) 3845-3801",
		"celular": "(61) 99317-5705",
		"altura": "1,65",
		"peso": 83,
		"tipo_sanguineo": "A+",
		"cor": "azul"
	},
	{
		"nome": "Benício Mário Porto",
		"idade": 38,
		"cpf": "633.063.081-02",
		"rg": "30.742.106-5",
		"data_nasc": "03/02/1985",
		"sexo": "Masculino",
		"signo": "Aquário",
		"mae": "Mariah Sarah",
		"pai": "Noah José Anthony Porto",
		"email": "benicio_porto@rabelloadvogados.com.br",
		"senha": "LjfOfC38jI",
		"cep": "71060-202",
		"endereco": "Quadra QE 28 Conjunto T",
		"numero": 446,
		"bairro": "Guará II",
		"cidade": "Brasília",
		"estado": "DF",
		"telefone_fixo": "(61) 2978-2418",
		"celular": "(61) 99644-6273",
		"altura": "1,91",
		"peso": 92,
		"tipo_sanguineo": "B-",
		"cor": "vermelho"
	},
	{
		"nome": "Ayla Daiane Peixoto",
		"idade": 59,
		"cpf": "497.588.731-21",
		"rg": "35.478.353-1",
		"data_nasc": "05/01/1964",
		"sexo": "Feminino",
		"signo": "Capricórnio",
		"mae": "Milena Ester Manuela",
		"pai": "Roberto Pedro Manoel Peixoto",
		"email": "ayla_peixoto@innovatis.com.br",
		"senha": "Z3fSpnobXI",
		"cep": "71994-460",
		"endereco": "Conjunto SHA Conjunto 4 Chácara 81B",
		"numero": 218,
		"bairro": "Setor Habitacional Arniqueira (Águas Claras)",
		"cidade": "Brasília",
		"estado": "DF",
		"telefone_fixo": "(61) 3664-5816",
		"celular": "(61) 99112-7780",
		"altura": "1,79",
		"peso": 62,
		"tipo_sanguineo": "O+",
		"cor": "vermelho"
	},
	{
		"nome": "Noah Isaac Fernando da Mota",
		"idade": 46,
		"cpf": "557.518.201-00",
		"rg": "12.371.636-6",
		"data_nasc": "15/02/1977",
		"sexo": "Masculino",
		"signo": "Aquário",
		"mae": "Agatha Lúcia",
		"pai": "Gael Elias Benjamin da Mota",
		"email": "noah_damota@santacasasjc.com.br",
		"senha": "qBRNFqPLzu",
		"cep": "73021-020",
		"endereco": "Quadra Quadra 1 Comércio Local 7",
		"numero": 579,
		"bairro": "Sobradinho",
		"cidade": "Brasília",
		"estado": "DF",
		"telefone_fixo": "(61) 2648-6702",
		"celular": "(61) 99783-8942",
		"altura": "1,88",
		"peso": 84,
		"tipo_sanguineo": "O-",
		"cor": "verde"
	},
	{
		"nome": "Betina Esther Analu Freitas",
		"idade": 74,
		"cpf": "271.931.281-91",
		"rg": "34.981.486-7",
		"data_nasc": "23/01/1949",
		"sexo": "Feminino",
		"signo": "Aquário",
		"mae": "Andrea Evelyn Nair",
		"pai": "André Manuel Freitas",
		"email": "betina-freitas74@formigueiromaquinas.com.br",
		"senha": "ghsj9HoQMd",
		"cep": "73355-055",
		"endereco": "Quadra EQ 10/20 Conjunto E",
		"numero": 506,
		"bairro": "Setor Residencial Leste (Planaltina)",
		"cidade": "Brasília",
		"estado": "DF",
		"telefone_fixo": "(61) 3748-4890",
		"celular": "(61) 98261-6882",
		"altura": "1,54",
		"peso": 47,
		"tipo_sanguineo": "AB+",
		"cor": "verde"
	},
	{
		"nome": "Tatiane Clara Giovana Castro",
		"idade": 40,
		"cpf": "656.372.051-08",
		"rg": "46.917.327-0",
		"data_nasc": "23/01/1983",
		"sexo": "Feminino",
		"signo": "Aquário",
		"mae": "Lavínia Elza Valentina",
		"pai": "Ruan Anthony Castro",
		"email": "tatianeclaracastro@fortlar.com.br",
		"senha": "L42AzSB2bm",
		"cep": "73403-221",
		"endereco": "Chácara 7 DF-130",
		"numero": 447,
		"bairro": "Setor Mansões Itiquira (Planaltina)",
		"cidade": "Brasília",
		"estado": "DF",
		"telefone_fixo": "(61) 3502-9512",
		"celular": "(61) 98871-2768",
		"altura": "1,50",
		"peso": 52,
		"tipo_sanguineo": "AB-",
		"cor": "amarelo"
	},
	{
		"nome": "Caroline Carla Bárbara Almada",
		"idade": 80,
		"cpf": "225.418.751-18",
		"rg": "40.436.872-4",
		"data_nasc": "09/01/1943",
		"sexo": "Feminino",
		"signo": "Capricórnio",
		"mae": "Francisca Aurora",
		"pai": "Bruno Francisco Almada",
		"email": "caroline.carla.almada@jeffersonbarroso.com.br",
		"senha": "03Qn31W3D4",
		"cep": "70305-908",
		"endereco": "SCS Quadra 5 Bloco C Lote 15/16",
		"numero": 275,
		"bairro": "Asa Sul",
		"cidade": "Brasília",
		"estado": "DF",
		"telefone_fixo": "(61) 2921-3242",
		"celular": "(61) 99284-0994",
		"altura": "1,75",
		"peso": 58,
		"tipo_sanguineo": "B-",
		"cor": "verde"
	},
	{
		"nome": "Luís Sebastião Fábio Assunção",
		"idade": 70,
		"cpf": "846.557.341-75",
		"rg": "16.489.817-7",
		"data_nasc": "11/01/1953",
		"sexo": "Masculino",
		"signo": "Capricórnio",
		"mae": "Pietra Beatriz Sarah",
		"pai": "Rodrigo Diogo Assunção",
		"email": "luissebastiaoassuncao@radicigroup.com",
		"senha": "TON9Bdp5Ce",
		"cep": "70658-319",
		"endereco": "Quadra SHCES Quadra 1311 Bloco I",
		"numero": 448,
		"bairro": "Cruzeiro Novo",
		"cidade": "Brasília",
		"estado": "DF",
		"telefone_fixo": "(61) 2580-0898",
		"celular": "(61) 99754-0670",
		"altura": "1,82",
		"peso": 62,
		"tipo_sanguineo": "O+",
		"cor": "azul"
	},
	{
		"nome": "Juan Bernardo Monteiro",
		"idade": 68,
		"cpf": "153.343.581-29",
		"rg": "39.447.898-8",
		"data_nasc": "17/02/1955",
		"sexo": "Masculino",
		"signo": "Aquário",
		"mae": "Olivia Rosângela",
		"pai": "Gael Cauã Monteiro",
		"email": "juan_monteiro@mantegassi.com",
		"senha": "DNdhPbuDFp",
		"cep": "71681-545",
		"endereco": "Quadra EQ 09/10 Lote I",
		"numero": 1000,
		"bairro": "Setor Habitacional Jardim Botânico (Lago Sul)",
		"cidade": "Brasília",
		"estado": "DF",
		"telefone_fixo": "(61) 2802-2746",
		"celular": "(61) 99407-7566",
		"altura": "1,84",
		"peso": 110,
		"tipo_sanguineo": "O+",
		"cor": "vermelho"
	},
	{
		"nome": "Martin Pedro Henrique Barros",
		"idade": 32,
		"cpf": "665.236.931-12",
		"rg": "30.554.064-6",
		"data_nasc": "17/01/1991",
		"sexo": "Masculino",
		"signo": "Capricórnio",
		"mae": "Elaine Vera",
		"pai": "Kauê Henrique Vicente Barros",
		"email": "martin_barros@lht.com.br",
		"senha": "YxmSMM0q9I",
		"cep": "72025-357",
		"endereco": "Área Especial QSE Área Especial 19",
		"numero": 356,
		"bairro": "Taguatinga Sul (Taguatinga)",
		"cidade": "Brasília",
		"estado": "DF",
		"telefone_fixo": "(61) 2759-1603",
		"celular": "(61) 99879-2200",
		"altura": "1,86",
		"peso": 108,
		"tipo_sanguineo": "B+",
		"cor": "preto"
	},
	{
		"nome": "Mateus Noah Baptista",
		"idade": 41,
		"cpf": "797.417.051-40",
		"rg": "24.096.014-2",
		"data_nasc": "05/01/1982",
		"sexo": "Masculino",
		"signo": "Capricórnio",
		"mae": "Sebastiana Andrea Rebeca",
		"pai": "João Cauê Baptista",
		"email": "mateus_baptista@construtorastaizabel.com.br",
		"senha": "s5ynZXF2Py",
		"cep": "71555-315",
		"endereco": "Quadra Quadra 8 Conjunto E",
		"numero": 982,
		"bairro": "Varjão",
		"cidade": "Brasília",
		"estado": "DF",
		"telefone_fixo": "(61) 3989-7016",
		"celular": "(61) 99348-7717",
		"altura": "1,98",
		"peso": 58,
		"tipo_sanguineo": "AB+",
		"cor": "verde"
	},
	{
		"nome": "Mariah Bárbara Santos",
		"idade": 46,
		"cpf": "410.548.021-90",
		"rg": "32.012.884-2",
		"data_nasc": "17/02/1977",
		"sexo": "Feminino",
		"signo": "Aquário",
		"mae": "Bianca Tânia Regina",
		"pai": "Paulo Rafael Raimundo Santos",
		"email": "mariah.barbara.santos@trustsign.com.br",
		"senha": "wADikOpi5U",
		"cep": "72415-102",
		"endereco": "Quadra Quadra 2 Conjunto B",
		"numero": 528,
		"bairro": "Setor Sul (Gama)",
		"cidade": "Brasília",
		"estado": "DF",
		"telefone_fixo": "(61) 3696-3212",
		"celular": "(61) 98190-2749",
		"altura": "1,79",
		"peso": 74,
		"tipo_sanguineo": "AB-",
		"cor": "amarelo"
	},
	{
		"nome": "Clara Valentina Alessandra da Mata",
		"idade": 25,
		"cpf": "808.366.601-70",
		"rg": "38.972.467-1",
		"data_nasc": "19/01/1998",
		"sexo": "Feminino",
		"signo": "Capricórnio",
		"mae": "Vanessa Sônia Gabriela",
		"pai": "Osvaldo Alexandre da Mata",
		"email": "clara_damata@vigaconstrucao.com.br",
		"senha": "OE8dA5H3SS",
		"cep": "71100-155",
		"endereco": "Quadra EPTG QE 4 Bloco A-5",
		"numero": 425,
		"bairro": "Quadras Econômicas Lúcio Costa (Guará)",
		"cidade": "Brasília",
		"estado": "DF",
		"telefone_fixo": "(61) 3738-7566",
		"celular": "(61) 99286-2863",
		"altura": "1,62",
		"peso": 76,
		"tipo_sanguineo": "A+",
		"cor": "amarelo"
	},
	{
		"nome": "César Danilo Murilo Moura",
		"idade": 21,
		"cpf": "529.243.971-11",
		"rg": "27.516.731-8",
		"data_nasc": "18/01/2002",
		"sexo": "Masculino",
		"signo": "Capricórnio",
		"mae": "Beatriz Lorena",
		"pai": "Sérgio Heitor Moura",
		"email": "cesar.danilo.moura@thibe.com.br",
		"senha": "ce5TcEjRBi",
		"cep": "70298-010",
		"endereco": "Quadra SQS 415 Bloco A",
		"numero": 427,
		"bairro": "Asa Sul",
		"cidade": "Brasília",
		"estado": "DF",
		"telefone_fixo": "(61) 2640-4825",
		"celular": "(61) 99625-4394",
		"altura": "1,66",
		"peso": 57,
		"tipo_sanguineo": "A+",
		"cor": "vermelho"
	},
	{
		"nome": "Gael Lorenzo Ferreira",
		"idade": 42,
		"cpf": "461.161.601-07",
		"rg": "44.306.112-9",
		"data_nasc": "14/02/1981",
		"sexo": "Masculino",
		"signo": "Aquário",
		"mae": "Aline Elza",
		"pai": "Enrico Márcio Ferreira",
		"email": "gael_ferreira@slb.com.br",
		"senha": "jrtZzmkaaa",
		"cep": "73150-010",
		"endereco": "Setor Engenho Velho Quadra 2",
		"numero": 640,
		"bairro": "Setor Habitacional Fercal (Sobradinho)",
		"cidade": "Brasília",
		"estado": "DF",
		"telefone_fixo": "(61) 2692-7665",
		"celular": "(61) 99370-3320",
		"altura": "1,67",
		"peso": 67,
		"tipo_sanguineo": "O-",
		"cor": "verde"
	},
	{
		"nome": "Fábio Nathan Osvaldo Cardoso",
		"idade": 79,
		"cpf": "398.912.181-20",
		"rg": "46.089.684-2",
		"data_nasc": "02/02/1944",
		"sexo": "Masculino",
		"signo": "Aquário",
		"mae": "Simone Heloise Bianca",
		"pai": "Manuel Kaique Cardoso",
		"email": "fabio.nathan.cardoso@origamieventos.com.br",
		"senha": "76sFRFS8cw",
		"cep": "72308-006",
		"endereco": "Quadra QN 312 Conjunto 6",
		"numero": 884,
		"bairro": "Samambaia Sul (Samambaia)",
		"cidade": "Brasília",
		"estado": "DF",
		"telefone_fixo": "(61) 2992-5254",
		"celular": "(61) 99173-3342",
		"altura": "1,91",
		"peso": 62,
		"tipo_sanguineo": "O+",
		"cor": "vermelho"
	},
	{
		"nome": "Benício Sérgio Cauê Melo",
		"idade": 48,
		"cpf": "961.286.421-79",
		"rg": "32.997.143-8",
		"data_nasc": "11/01/1975",
		"sexo": "Masculino",
		"signo": "Capricórnio",
		"mae": "Nair Cecília Tatiane",
		"pai": "Ricardo Leonardo Thales Melo",
		"email": "benicio_sergio_melo@robertacorrea.com",
		"senha": "gzPWWrunal",
		"cep": "71880-140",
		"endereco": "Quadra QN 8D",
		"numero": 679,
		"bairro": "Riacho Fundo II",
		"cidade": "Brasília",
		"estado": "DF",
		"telefone_fixo": "(61) 3533-2220",
		"celular": "(61) 99426-5110",
		"altura": "1,66",
		"peso": 93,
		"tipo_sanguineo": "O-",
		"cor": "roxo"
	},
	{
		"nome": "Tatiane Mariana Fogaça",
		"idade": 35,
		"cpf": "797.578.831-74",
		"rg": "10.043.591-9",
		"data_nasc": "05/02/1988",
		"sexo": "Feminino",
		"signo": "Aquário",
		"mae": "Lorena Teresinha Raimunda",
		"pai": "Julio Thales Lucca Fogaça",
		"email": "tatianemarianafogaca@jp.ind.br",
		"senha": "Unijn6cZI4",
		"cep": "71070-195",
		"endereco": "Quadra QE 42 Conjunto S",
		"numero": 899,
		"bairro": "Guará II",
		"cidade": "Brasília",
		"estado": "DF",
		"telefone_fixo": "(61) 2861-0188",
		"celular": "(61) 98317-0332",
		"altura": "1,83",
		"peso": 67,
		"tipo_sanguineo": "B+",
		"cor": "roxo"
	},
	{
		"nome": "Márcia Jennifer Stella Alves",
		"idade": 67,
		"cpf": "239.857.281-19",
		"rg": "49.767.597-3",
		"data_nasc": "09/01/1956",
		"sexo": "Feminino",
		"signo": "Capricórnio",
		"mae": "Antônia Kamilly Heloisa",
		"pai": "Igor Daniel Theo Alves",
		"email": "marciajenniferalves@depotit.com.br",
		"senha": "EIxt5Brf6l",
		"cep": "72705-012",
		"endereco": "Quadra Quadra 1 Rua B",
		"numero": 490,
		"bairro": "Setor Norte (Brazlândia)",
		"cidade": "Brasília",
		"estado": "DF",
		"telefone_fixo": "(61) 2905-1183",
		"celular": "(61) 98230-2351",
		"altura": "1,71",
		"peso": 48,
		"tipo_sanguineo": "O-",
		"cor": "preto"
	},
	{
		"nome": "Enzo Vicente Severino da Paz",
		"idade": 46,
		"cpf": "756.891.631-63",
		"rg": "40.603.306-7",
		"data_nasc": "25/01/1977",
		"sexo": "Masculino",
		"signo": "Aquário",
		"mae": "Sophie Isabela",
		"pai": "Francisco Francisco Sérgio da Paz",
		"email": "enzo-dapaz84@rafaelmarin.net",
		"senha": "SmpA9bhEHL",
		"cep": "72151-515",
		"endereco": "Quadra EQNL 13/15 Área Especial s/n",
		"numero": 292,
		"bairro": "Taguatinga Norte (Taguatinga)",
		"cidade": "Brasília",
		"estado": "DF",
		"telefone_fixo": "(61) 3787-8157",
		"celular": "(61) 99369-0379",
		"altura": "1,64",
		"peso": 50,
		"tipo_sanguineo": "AB+",
		"cor": "preto"
	},
	{
		"nome": "Julio Pietro Jesus",
		"idade": 74,
		"cpf": "879.616.121-30",
		"rg": "35.658.185-8",
		"data_nasc": "10/02/1949",
		"sexo": "Masculino",
		"signo": "Aquário",
		"mae": "Rayssa Heloise",
		"pai": "Otávio Erick Jesus",
		"email": "julio.pietro.jesus@flir.com.br",
		"senha": "5nXEIh7aad",
		"cep": "73065-223",
		"endereco": "Quadra AR 22 Conjunto 3",
		"numero": 275,
		"bairro": "Setor Oeste (Sobradinho II)",
		"cidade": "Brasília",
		"estado": "DF",
		"telefone_fixo": "(61) 2577-2442",
		"celular": "(61) 99506-4088",
		"altura": "1,79",
		"peso": 95,
		"tipo_sanguineo": "AB+",
		"cor": "preto"
	}
]