[
	{
		"nome": "Maya Sueli Aline da Costa",
		"idade": 78,
		"cpf": "890.215.501-30",
		"rg": "24.550.132-0",
		"data_nasc": "20/01/1945",
		"sexo": "Feminino",
		"signo": "Capricórnio",
		"mae": "Clarice Carolina Simone",
		"pai": "Geraldo Victor Sebastião da Costa",
		"email": "maya_dacosta@gerj.com.br",
		"senha": "N7BCK3zOzu",
		"cep": "72250-511",
		"endereco": "Quadra EQNO 3/5 Bloco A",
		"numero": 587,
		"bairro": "Ceilândia Norte (Ceilândia)",
		"cidade": "Brasília",
		"estado": "DF",
		"telefone_fixo": "(61) 3977-2845",
		"celular": "(61) 99621-4096",
		"altura": "1,78",
		"peso": 83,
		"tipo_sanguineo": "B-",
		"cor": "amarelo"
	},
	{
		"nome": "Luís Luiz Matheus Baptista",
		"idade": 37,
		"cpf": "991.188.561-52",
		"rg": "40.562.634-4",
		"data_nasc": "03/01/1986",
		"sexo": "Masculino",
		"signo": "Capricórnio",
		"mae": "Antônia Mariah",
		"pai": "Luiz Ricardo Baptista",
		"email": "luis.luiz.baptista@doublemoore.com",
		"senha": "zUx1D0GdiP",
		"cep": "71590-795",
		"endereco": "Quadra QL 8 Conjunto E",
		"numero": 918,
		"bairro": "Itapoã II",
		"cidade": "Brasília",
		"estado": "DF",
		"telefone_fixo": "(61) 3795-1570",
		"celular": "(61) 98753-9590",
		"altura": "1,61",
		"peso": 105,
		"tipo_sanguineo": "O+",
		"cor": "vermelho"
	},
	{
		"nome": "Carla Lavínia Nunes",
		"idade": 32,
		"cpf": "103.304.241-22",
		"rg": "27.504.818-4",
		"data_nasc": "15/01/1991",
		"sexo": "Feminino",
		"signo": "Capricórnio",
		"mae": "Giovanna Clarice",
		"pai": "Thiago Gustavo Nunes",
		"email": "carla-nunes90@live.dk",
		"senha": "ZB1Y5BtKtq",
		"cep": "71090-565",
		"endereco": "Colônia Agrícola Águas Claras Chácara 46",
		"numero": 288,
		"bairro": "Guará I",
		"cidade": "Brasília",
		"estado": "DF",
		"telefone_fixo": "(61) 3939-2519",
		"celular": "(61) 99305-8745",
		"altura": "1,84",
		"peso": 61,
		"tipo_sanguineo": "B-",
		"cor": "vermelho"
	},
	{
		"nome": "Nicolas Vinicius da Cruz",
		"idade": 55,
		"cpf": "854.510.531-20",
		"rg": "13.972.219-1",
		"data_nasc": "17/01/1968",
		"sexo": "Masculino",
		"signo": "Capricórnio",
		"mae": "Ester Tatiane",
		"pai": "Thales Luiz Manuel da Cruz",
		"email": "nicolasviniciusdacruz@greenbikeshop.com.br",
		"senha": "G15D9k2NfL",
		"cep": "72210-551",
		"endereco": "Quadra EQNM 18/20 Bloco A",
		"numero": 372,
		"bairro": "Ceilândia Norte (Ceilândia)",
		"cidade": "Brasília",
		"estado": "DF",
		"telefone_fixo": "(61) 2856-8314",
		"celular": "(61) 98716-9609",
		"altura": "1,69",
		"peso": 69,
		"tipo_sanguineo": "B-",
		"cor": "preto"
	},
	{
		"nome": "Marcos Elias Francisco Rocha",
		"idade": 25,
		"cpf": "972.485.861-88",
		"rg": "20.744.887-5",
		"data_nasc": "07/02/1998",
		"sexo": "Masculino",
		"signo": "Aquário",
		"mae": "Betina Débora",
		"pai": "Anderson Miguel Severino Rocha",
		"email": "marcos-rocha80@fredericodiniz.com",
		"senha": "lFA7B5SC4y",
		"cep": "72233-010",
		"endereco": "Quadra QNP 20 Conjunto J",
		"numero": 939,
		"bairro": "Ceilândia Sul (Ceilândia)",
		"cidade": "Brasília",
		"estado": "DF",
		"telefone_fixo": "(61) 3668-7885",
		"celular": "(61) 99446-4320",
		"altura": "1,77",
		"peso": 54,
		"tipo_sanguineo": "O+",
		"cor": "amarelo"
	},
	{
		"nome": "Daniel Lucas Moura",
		"idade": 53,
		"cpf": "390.640.001-82",
		"rg": "30.183.640-1",
		"data_nasc": "14/01/1970",
		"sexo": "Masculino",
		"signo": "Capricórnio",
		"mae": "Mariana Alessandra Giovanna",
		"pai": "Pedro Henrique Kauê Bryan Moura",
		"email": "daniel_moura@cdcd.com.br",
		"senha": "gYap97pA94",
		"cep": "72145-516",
		"endereco": "Quadra EQNM 36/38 Bloco F",
		"numero": 692,
		"bairro": "Taguatinga Norte (Taguatinga)",
		"cidade": "Brasília",
		"estado": "DF",
		"telefone_fixo": "(61) 2815-8951",
		"celular": "(61) 99848-9815",
		"altura": "1,80",
		"peso": 110,
		"tipo_sanguineo": "B-",
		"cor": "amarelo"
	},
	{
		"nome": "Tiago Jorge Tomás Ramos",
		"idade": 34,
		"cpf": "966.804.551-38",
		"rg": "21.451.133-9",
		"data_nasc": "11/02/1989",
		"sexo": "Masculino",
		"signo": "Aquário",
		"mae": "Alice Vitória Liz",
		"pai": "Luan Noah Erick Ramos",
		"email": "tiago-ramos89@johndeere.com",
		"senha": "wtz8qzmqNg",
		"cep": "72600-210",
		"endereco": "Quadra Quadra 102 Conjunto 9",
		"numero": 427,
		"bairro": "Recanto das Emas",
		"cidade": "Brasília",
		"estado": "DF",
		"telefone_fixo": "(61) 3968-8462",
		"celular": "(61) 98201-6122",
		"altura": "1,90",
		"peso": 81,
		"tipo_sanguineo": "AB+",
		"cor": "preto"
	},
	{
		"nome": "Agatha Gabrielly da Luz",
		"idade": 76,
		"cpf": "595.073.421-17",
		"rg": "19.073.143-6",
		"data_nasc": "09/02/1947",
		"sexo": "Feminino",
		"signo": "Aquário",
		"mae": "Stella Joana",
		"pai": "Augusto Diego Bryan da Luz",
		"email": "agatha_daluz@projetemovelaria.com.br",
		"senha": "tEtCk5EriM",
		"cep": "72220-573",
		"endereco": "Quadra EQNN 22/24 Bloco C",
		"numero": 431,
		"bairro": "Ceilândia Sul (Ceilândia)",
		"cidade": "Brasília",
		"estado": "DF",
		"telefone_fixo": "(61) 3901-7449",
		"celular": "(61) 99551-0609",
		"altura": "1,51",
		"peso": 57,
		"tipo_sanguineo": "AB+",
		"cor": "laranja"
	},
	{
		"nome": "Sarah Luzia Fernanda Monteiro",
		"idade": 18,
		"cpf": "646.095.201-92",
		"rg": "44.778.762-7",
		"data_nasc": "18/02/2005",
		"sexo": "Feminino",
		"signo": "Aquário",
		"mae": "Sônia Letícia",
		"pai": "Pedro Henrique Bruno Monteiro",
		"email": "sarah.luzia.monteiro@spires.com.br",
		"senha": "d995mULsB6",
		"cep": "70298-150",
		"endereco": "Quadra SQS 415 Bloco O",
		"numero": 582,
		"bairro": "Asa Sul",
		"cidade": "Brasília",
		"estado": "DF",
		"telefone_fixo": "(61) 3602-0927",
		"celular": "(61) 99859-0095",
		"altura": "1,59",
		"peso": 48,
		"tipo_sanguineo": "O+",
		"cor": "preto"
	},
	{
		"nome": "Lucas Vicente Assunção",
		"idade": 51,
		"cpf": "590.515.551-80",
		"rg": "24.138.664-0",
		"data_nasc": "08/02/1972",
		"sexo": "Masculino",
		"signo": "Aquário",
		"mae": "Isadora Flávia Giovanna",
		"pai": "Hugo Carlos Manoel Assunção",
		"email": "lucas-assuncao82@bol.com",
		"senha": "y08nCOtqgh",
		"cep": "72261-053",
		"endereco": "Quadra QNO 19 Conjunto 53",
		"numero": 598,
		"bairro": "Ceilândia Norte (Ceilândia)",
		"cidade": "Brasília",
		"estado": "DF",
		"telefone_fixo": "(61) 3931-8138",
		"celular": "(61) 99873-1614",
		"altura": "1,96",
		"peso": 83,
		"tipo_sanguineo": "AB-",
		"cor": "amarelo"
	},
	{
		"nome": "Esther Letícia Cavalcanti",
		"idade": 65,
		"cpf": "668.292.491-71",
		"rg": "21.153.995-8",
		"data_nasc": "04/02/1958",
		"sexo": "Feminino",
		"signo": "Aquário",
		"mae": "Stefany Mariane",
		"pai": "Raimundo Joaquim Cavalcanti",
		"email": "esther_cavalcanti@uol.com",
		"senha": "7w0wWZMJmp",
		"cep": "70740-717",
		"endereco": "Quadra SHCGN 706 Bloco Q",
		"numero": 399,
		"bairro": "Asa Norte",
		"cidade": "Brasília",
		"estado": "DF",
		"telefone_fixo": "(61) 2703-7626",
		"celular": "(61) 98309-8951",
		"altura": "1,59",
		"peso": 55,
		"tipo_sanguineo": "AB+",
		"cor": "vermelho"
	},
	{
		"nome": "Daniel Francisco Corte Real",
		"idade": 33,
		"cpf": "303.544.001-85",
		"rg": "38.799.827-5",
		"data_nasc": "22/01/1990",
		"sexo": "Masculino",
		"signo": "Aquário",
		"mae": "Andrea Caroline Elaine",
		"pai": "Samuel Sérgio Danilo Corte Real",
		"email": "daniel.francisco.cortereal@gastrolight.com.br",
		"senha": "5pWKEJMI35",
		"cep": "70296-500",
		"endereco": "Quadra CLS 413",
		"numero": 746,
		"bairro": "Asa Sul",
		"cidade": "Brasília",
		"estado": "DF",
		"telefone_fixo": "(61) 2534-7209",
		"celular": "(61) 99284-2551",
		"altura": "2,00",
		"peso": 58,
		"tipo_sanguineo": "B+",
		"cor": "amarelo"
	},
	{
		"nome": "Rosa Alice Viana",
		"idade": 53,
		"cpf": "875.184.501-60",
		"rg": "26.891.718-8",
		"data_nasc": "27/01/1970",
		"sexo": "Feminino",
		"signo": "Aquário",
		"mae": "Débora Helena",
		"pai": "Isaac Manuel Giovanni Viana",
		"email": "rosa.alice.viana@andrediaz.com",
		"senha": "zWUJHt1bxi",
		"cep": "73151-010",
		"endereco": "Rodovia DF-205",
		"numero": 101,
		"bairro": "Setor Habitacional Fercal (Sobradinho)",
		"cidade": "Brasília",
		"estado": "DF",
		"telefone_fixo": "(61) 2655-5649",
		"celular": "(61) 99958-7667",
		"altura": "1,73",
		"peso": 49,
		"tipo_sanguineo": "A-",
		"cor": "azul"
	},
	{
		"nome": "Kaique Anthony Renato Silva",
		"idade": 31,
		"cpf": "470.214.681-56",
		"rg": "10.253.045-2",
		"data_nasc": "04/01/1992",
		"sexo": "Masculino",
		"signo": "Capricórnio",
		"mae": "Letícia Simone",
		"pai": "Edson Gabriel Silva",
		"email": "kaiqueanthonysilva@focusgrafica.com.br",
		"senha": "nsX3UzHtDs",
		"cep": "72317-001",
		"endereco": "Quadra QR 521 Conjunto 1",
		"numero": 111,
		"bairro": "Samambaia Sul (Samambaia)",
		"cidade": "Brasília",
		"estado": "DF",
		"telefone_fixo": "(61) 3700-2239",
		"celular": "(61) 98913-0511",
		"altura": "1,94",
		"peso": 70,
		"tipo_sanguineo": "A+",
		"cor": "verde"
	},
	{
		"nome": "Renato Felipe Galvão",
		"idade": 46,
		"cpf": "403.859.891-80",
		"rg": "49.012.976-6",
		"data_nasc": "09/02/1977",
		"sexo": "Masculino",
		"signo": "Aquário",
		"mae": "Giovana Elza",
		"pai": "Matheus Yuri Galvão",
		"email": "renato.felipe.galvao@gmapst.com",
		"senha": "KcsYemiyk6",
		"cep": "72737-500",
		"endereco": "Quadra EQ 37/38",
		"numero": 673,
		"bairro": "Vila São José (Brazlândia)",
		"cidade": "Brasília",
		"estado": "DF",
		"telefone_fixo": "(61) 2782-8912",
		"celular": "(61) 99344-2268",
		"altura": "1,95",
		"peso": 74,
		"tipo_sanguineo": "O+",
		"cor": "amarelo"
	},
	{
		"nome": "Luana Bárbara Barbosa",
		"idade": 44,
		"cpf": "095.874.721-01",
		"rg": "27.354.439-1",
		"data_nasc": "18/01/1979",
		"sexo": "Feminino",
		"signo": "Capricórnio",
		"mae": "Allana Rita Marina",
		"pai": "Miguel Elias Breno Barbosa",
		"email": "luanabarbarabarbosa@academiaconcerto.art.br",
		"senha": "sxkXYrj7ES",
		"cep": "70660-024",
		"endereco": "Quadra AOS 2 Bloco D",
		"numero": 593,
		"bairro": "Área Octogonal",
		"cidade": "Brasília",
		"estado": "DF",
		"telefone_fixo": "(61) 2882-7602",
		"celular": "(61) 98361-4415",
		"altura": "1,79",
		"peso": 57,
		"tipo_sanguineo": "AB+",
		"cor": "laranja"
	},
	{
		"nome": "Benjamin Augusto Nelson Aparício",
		"idade": 20,
		"cpf": "015.781.891-87",
		"rg": "19.339.359-1",
		"data_nasc": "14/01/2003",
		"sexo": "Masculino",
		"signo": "Capricórnio",
		"mae": "Jéssica Tânia Flávia",
		"pai": "Bryan José Aparício",
		"email": "benjamin_augusto_aparicio@juliosimoes.com.br",
		"senha": "nLFlulNEDw",
		"cep": "72550-056",
		"endereco": "Quadra 3ª Etapa Quadra 14",
		"numero": 138,
		"bairro": "Setor Habitacional Ribeirão (Santa Maria)",
		"cidade": "Brasília",
		"estado": "DF",
		"telefone_fixo": "(61) 2775-5458",
		"celular": "(61) 99804-1315",
		"altura": "1,73",
		"peso": 97,
		"tipo_sanguineo": "O+",
		"cor": "vermelho"
	},
	{
		"nome": "Sérgio Martin Drumond",
		"idade": 47,
		"cpf": "823.496.511-50",
		"rg": "11.967.278-9",
		"data_nasc": "21/01/1976",
		"sexo": "Masculino",
		"signo": "Aquário",
		"mae": "Clara Silvana",
		"pai": "Thomas César Drumond",
		"email": "sergio.martin.drumond@eletroaquila.net",
		"senha": "NrgqBDByyS",
		"cep": "72311-207",
		"endereco": "Quadra QN 501 Conjunto 7",
		"numero": 622,
		"bairro": "Samambaia Sul (Samambaia)",
		"cidade": "Brasília",
		"estado": "DF",
		"telefone_fixo": "(61) 3714-2054",
		"celular": "(61) 98478-3343",
		"altura": "1,69",
		"peso": 68,
		"tipo_sanguineo": "A+",
		"cor": "roxo"
	},
	{
		"nome": "Elisa Natália Jennifer Brito",
		"idade": 32,
		"cpf": "299.573.291-62",
		"rg": "41.377.647-5",
		"data_nasc": "20/02/1991",
		"sexo": "Feminino",
		"signo": "Peixes",
		"mae": "Letícia Sabrina Eliane",
		"pai": "Isaac Raimundo Henrique Brito",
		"email": "elisa-brito79@delfrateinfo.com.br",
		"senha": "FTYfETD8cM",
		"cep": "71536-178",
		"endereco": "Trecho Trecho 03 Chácara 126",
		"numero": 203,
		"bairro": "Setor de Habitações Individuais Norte",
		"cidade": "Brasília",
		"estado": "DF",
		"telefone_fixo": "(61) 2844-1038",
		"celular": "(61) 98637-0642",
		"altura": "1,55",
		"peso": 51,
		"tipo_sanguineo": "AB+",
		"cor": "vermelho"
	},
	{
		"nome": "Brenda Elza Josefa Moraes",
		"idade": 58,
		"cpf": "383.728.761-00",
		"rg": "10.633.883-3",
		"data_nasc": "26/01/1965",
		"sexo": "Feminino",
		"signo": "Aquário",
		"mae": "Lorena Gabriela Carolina",
		"pai": "Benício Paulo Moraes",
		"email": "brendaelzamoraes@gruposeteestrelas.com.br",
		"senha": "bwtNw417yP",
		"cep": "70670-533",
		"endereco": "Quadra CLSW 104 Bloco C",
		"numero": 497,
		"bairro": "Setor Sudoeste",
		"cidade": "Brasília",
		"estado": "DF",
		"telefone_fixo": "(61) 3797-6995",
		"celular": "(61) 98354-3304",
		"altura": "1,68",
		"peso": 76,
		"tipo_sanguineo": "B-",
		"cor": "vermelho"
	},
	{
		"nome": "Enrico Kevin Castro",
		"idade": 78,
		"cpf": "260.955.041-39",
		"rg": "10.495.852-2",
		"data_nasc": "05/02/1945",
		"sexo": "Masculino",
		"signo": "Aquário",
		"mae": "Patrícia Lúcia",
		"pai": "Manoel Luís Yuri Castro",
		"email": "enrico-castro82@gdsambiental.com.br",
		"senha": "fsXs8dtWpy",
		"cep": "72548-831",
		"endereco": "Quadra CL 518 Bloco A",
		"numero": 118,
		"bairro": "Santa Maria",
		"cidade": "Brasília",
		"estado": "DF",
		"telefone_fixo": "(61) 2919-9570",
		"celular": "(61) 99498-8040",
		"altura": "1,73",
		"peso": 107,
		"tipo_sanguineo": "B+",
		"cor": "vermelho"
	},
	{
		"nome": "Jaqueline Alessandra Heloisa Rezende",
		"idade": 27,
		"cpf": "208.651.861-70",
		"rg": "25.994.556-0",
		"data_nasc": "14/02/1996",
		"sexo": "Feminino",
		"signo": "Aquário",
		"mae": "Tereza Tânia Luana",
		"pai": "Alexandre Erick Rezende",
		"email": "jaqueline-rezende88@willianareiaepedra.com.br",
		"senha": "AsN1ouXgPe",
		"cep": "70363-090",
		"endereco": "Quadra SQS 310 Bloco I",
		"numero": 195,
		"bairro": "Asa Sul",
		"cidade": "Brasília",
		"estado": "DF",
		"telefone_fixo": "(61) 2761-9641",
		"celular": "(61) 98936-9266",
		"altura": "1,70",
		"peso": 61,
		"tipo_sanguineo": "A+",
		"cor": "preto"
	},
	{
		"nome": "Diogo Pietro da Rosa",
		"idade": 70,
		"cpf": "172.828.131-83",
		"rg": "23.826.658-8",
		"data_nasc": "21/01/1953",
		"sexo": "Masculino",
		"signo": "Aquário",
		"mae": "Luiza Beatriz Giovana",
		"pai": "Samuel Giovanni da Rosa",
		"email": "diogo_pietro_darosa@pp33.com.br",
		"senha": "2tpHaqGslt",
		"cep": "71060-910",
		"endereco": "QI 25 Lote 06",
		"numero": 861,
		"bairro": "Guará II",
		"cidade": "Brasília",
		"estado": "DF",
		"telefone_fixo": "(61) 3669-2028",
		"celular": "(61) 99119-5757",
		"altura": "1,84",
		"peso": 97,
		"tipo_sanguineo": "A-",
		"cor": "preto"
	},
	{
		"nome": "Clara Jennifer Sales",
		"idade": 29,
		"cpf": "287.996.261-79",
		"rg": "40.041.223-8",
		"data_nasc": "24/02/1994",
		"sexo": "Feminino",
		"signo": "Peixes",
		"mae": "Clarice Rafaela Vera",
		"pai": "Danilo Arthur Iago Sales",
		"email": "clarajennifersales@yahool.com.br",
		"senha": "r6aPx2UP7f",
		"cep": "71881-359",
		"endereco": "Quadra QN 15E Conjunto 9",
		"numero": 435,
		"bairro": "Riacho Fundo II",
		"cidade": "Brasília",
		"estado": "DF",
		"telefone_fixo": "(61) 2702-1119",
		"celular": "(61) 99639-4744",
		"altura": "1,71",
		"peso": 86,
		"tipo_sanguineo": "AB-",
		"cor": "amarelo"
	},
	{
		"nome": "Mariana Jaqueline Isabelly Almeida",
		"idade": 34,
		"cpf": "279.006.771-60",
		"rg": "29.784.499-4",
		"data_nasc": "02/01/1989",
		"sexo": "Feminino",
		"signo": "Capricórnio",
		"mae": "Ana Catarina",
		"pai": "Manuel Martin Almeida",
		"email": "mariana.jaqueline.almeida@commscope.com",
		"senha": "1BxJmqmC8b",
		"cep": "71693-253",
		"endereco": "Residencial São Gabriel Rua 03",
		"numero": 685,
		"bairro": "São Gabriel (São Sebastião)",
		"cidade": "Brasília",
		"estado": "DF",
		"telefone_fixo": "(61) 2603-9557",
		"celular": "(61) 98378-5737",
		"altura": "1,75",
		"peso": 65,
		"tipo_sanguineo": "A+",
		"cor": "vermelho"
	},
	{
		"nome": "Murilo Augusto Geraldo Pires",
		"idade": 66,
		"cpf": "244.443.511-79",
		"rg": "45.072.714-2",
		"data_nasc": "26/01/1957",
		"sexo": "Masculino",
		"signo": "Aquário",
		"mae": "Beatriz Giovana",
		"pai": "Márcio Vinicius Pires",
		"email": "murilo.augusto.pires@gerdau.com.br",
		"senha": "uxji0eDxq4",
		"cep": "73380-300",
		"endereco": "Condomínio Estância Mestre D'Armas III",
		"numero": 219,
		"bairro": "Setor Residencial Mestre D'Armas (Planaltina)",
		"cidade": "Brasília",
		"estado": "DF",
		"telefone_fixo": "(61) 2906-8231",
		"celular": "(61) 98953-3401",
		"altura": "1,93",
		"peso": 107,
		"tipo_sanguineo": "B-",
		"cor": "azul"
	},
	{
		"nome": "Giovanni Ruan Araújo",
		"idade": 41,
		"cpf": "934.228.871-56",
		"rg": "36.244.017-7",
		"data_nasc": "05/01/1982",
		"sexo": "Masculino",
		"signo": "Capricórnio",
		"mae": "Josefa Andrea",
		"pai": "Elias Benício Araújo",
		"email": "giovanni_ruan_araujo@navescorat.com.br",
		"senha": "GeJFbd1QxE",
		"cep": "71071-118",
		"endereco": "Quadra QE 52 Conjunto I",
		"numero": 362,
		"bairro": "Guará II",
		"cidade": "Brasília",
		"estado": "DF",
		"telefone_fixo": "(61) 2927-3784",
		"celular": "(61) 99897-2033",
		"altura": "1,97",
		"peso": 62,
		"tipo_sanguineo": "A-",
		"cor": "azul"
	},
	{
		"nome": "Letícia Carolina Natália Costa",
		"idade": 54,
		"cpf": "388.774.951-03",
		"rg": "14.901.285-8",
		"data_nasc": "24/01/1969",
		"sexo": "Feminino",
		"signo": "Aquário",
		"mae": "Sophia Ester Emanuelly",
		"pai": "Ian Mário Costa",
		"email": "leticia_carolina_costa@wizardsjc.com.br",
		"senha": "7hufIaTtle",
		"cep": "70773-500",
		"endereco": "Quadra CLN 116",
		"numero": 987,
		"bairro": "Asa Norte",
		"cidade": "Brasília",
		"estado": "DF",
		"telefone_fixo": "(61) 3578-2655",
		"celular": "(61) 98253-5602",
		"altura": "1,85",
		"peso": 49,
		"tipo_sanguineo": "AB+",
		"cor": "preto"
	},
	{
		"nome": "Henrique Oliver Mário Santos",
		"idade": 28,
		"cpf": "170.499.501-90",
		"rg": "49.807.072-4",
		"data_nasc": "05/02/1995",
		"sexo": "Masculino",
		"signo": "Aquário",
		"mae": "Lúcia Esther Heloise",
		"pai": "Martin Guilherme Ricardo Santos",
		"email": "henrique_santos@sodexo.com",
		"senha": "rIal3Zd7tN",
		"cep": "72333-302",
		"endereco": "Quadra QR 623 Conjunto 2",
		"numero": 659,
		"bairro": "Samambaia Norte (Samambaia)",
		"cidade": "Brasília",
		"estado": "DF",
		"telefone_fixo": "(61) 2577-7035",
		"celular": "(61) 99792-0213",
		"altura": "1,88",
		"peso": 69,
		"tipo_sanguineo": "A+",
		"cor": "laranja"
	},
	{
		"nome": "Rita Agatha Fogaça",
		"idade": 64,
		"cpf": "234.028.611-51",
		"rg": "46.351.545-6",
		"data_nasc": "21/01/1959",
		"sexo": "Feminino",
		"signo": "Aquário",
		"mae": "Raquel Natália Sônia",
		"pai": "Ricardo Pietro Fogaça",
		"email": "rita_fogaca@land.com.br",
		"senha": "y8ZDhZgpHx",
		"cep": "70775-100",
		"endereco": "Quadra SQN 316 Bloco J",
		"numero": 570,
		"bairro": "Asa Norte",
		"cidade": "Brasília",
		"estado": "DF",
		"telefone_fixo": "(61) 2598-6826",
		"celular": "(61) 99366-0264",
		"altura": "1,67",
		"peso": 74,
		"tipo_sanguineo": "A+",
		"cor": "azul"
	}
]