[
	{
		"nome": "Luciana Valentina Alícia da Silva",
		"idade": 23,
		"cpf": "355.574.261-24",
		"rg": "44.918.119-4",
		"data_nasc": "21/02/2000",
		"sexo": "Feminino",
		"signo": "Peixes",
		"mae": "Mariah Larissa",
		"pai": "Giovanni Bryan Juan da Silva",
		"email": "luciana_valentina_dasilva@petcamp.com.br",
		"senha": "nCszsDI3Zm",
		"cep": "71655-080",
		"endereco": "Quadra SHIS QI 19 Conjunto 8",
		"numero": 539,
		"bairro": "Setor de Habitações Individuais Sul",
		"cidade": "Brasília",
		"estado": "DF",
		"telefone_fixo": "(61) 3553-8887",
		"celular": "(61) 98155-8886",
		"altura": "1,59",
		"peso": 59,
		"tipo_sanguineo": "O-",
		"cor": "vermelho"
	},
	{
		"nome": "Sandra Isabelly Marcela da Paz",
		"idade": 63,
		"cpf": "978.668.311-06",
		"rg": "14.981.476-8",
		"data_nasc": "26/01/1960",
		"sexo": "Feminino",
		"signo": "Aquário",
		"mae": "Maitê Teresinha",
		"pai": "Breno Fernando da Paz",
		"email": "sandra-dapaz95@planicoop.com.br",
		"senha": "mLr6Wdk6qL",
		"cep": "70630-318",
		"endereco": "Quadra QRS Conjunto 6",
		"numero": 373,
		"bairro": "Setor Militar Urbano",
		"cidade": "Brasília",
		"estado": "DF",
		"telefone_fixo": "(61) 3535-1155",
		"celular": "(61) 98899-4294",
		"altura": "1,57",
		"peso": 65,
		"tipo_sanguineo": "B-",
		"cor": "roxo"
	},
	{
		"nome": "Miguel Oliver Roberto Silveira",
		"idade": 80,
		"cpf": "937.228.551-01",
		"rg": "14.952.715-9",
		"data_nasc": "20/02/1943",
		"sexo": "Masculino",
		"signo": "Peixes",
		"mae": "Maria Josefa Sara",
		"pai": "Juan Cauê Luan Silveira",
		"email": "miguel_silveira@lvnonline.com.be",
		"senha": "GjiCyctW8h",
		"cep": "73343-013",
		"endereco": "Quadra Quadra I Conjunto I-1",
		"numero": 297,
		"bairro": "Setor Residencial Oeste (Planaltina)",
		"cidade": "Brasília",
		"estado": "DF",
		"telefone_fixo": "(61) 2828-2106",
		"celular": "(61) 99782-7292",
		"altura": "1,75",
		"peso": 54,
		"tipo_sanguineo": "B+",
		"cor": "vermelho"
	},
	{
		"nome": "Isaac Julio Nelson Lopes",
		"idade": 80,
		"cpf": "424.869.381-09",
		"rg": "37.341.339-7",
		"data_nasc": "12/01/1943",
		"sexo": "Masculino",
		"signo": "Capricórnio",
		"mae": "Márcia Mariane",
		"pai": "Lucca Tiago Elias Lopes",
		"email": "isaac_julio_lopes@outershoes.com.br",
		"senha": "bo9NOZrr1x",
		"cep": "70645-065",
		"endereco": "Quadra SRES Quadra 12 Bloco F",
		"numero": 774,
		"bairro": "Cruzeiro Velho",
		"cidade": "Brasília",
		"estado": "DF",
		"telefone_fixo": "(61) 3638-4922",
		"celular": "(61) 99777-7701",
		"altura": "1,78",
		"peso": 76,
		"tipo_sanguineo": "A+",
		"cor": "vermelho"
	},
	{
		"nome": "Marcelo Anthony Mateus Rodrigues",
		"idade": 68,
		"cpf": "241.531.981-37",
		"rg": "11.587.271-1",
		"data_nasc": "01/01/1955",
		"sexo": "Masculino",
		"signo": "Capricórnio",
		"mae": "Helena Maria",
		"pai": "Anthony Marcelo Rodrigues",
		"email": "marceloanthonyrodrigues@mucoucah.com.br",
		"senha": "IY5mRmZqiT",
		"cep": "71575-640",
		"endereco": "Quadra Quadra 41 Conjunto H",
		"numero": 399,
		"bairro": "Paranoá",
		"cidade": "Brasília",
		"estado": "DF",
		"telefone_fixo": "(61) 3588-6402",
		"celular": "(61) 98441-3734",
		"altura": "1,85",
		"peso": 74,
		"tipo_sanguineo": "O-",
		"cor": "vermelho"
	},
	{
		"nome": "Thiago Rodrigo Porto",
		"idade": 21,
		"cpf": "766.257.861-52",
		"rg": "43.716.423-8",
		"data_nasc": "22/02/2002",
		"sexo": "Masculino",
		"signo": "Peixes",
		"mae": "Benedita Emanuelly Sueli",
		"pai": "Thiago Joaquim Ruan Porto",
		"email": "thiago-porto80@comprehense.com.br",
		"senha": "EZXOABOir4",
		"cep": "71015-061",
		"endereco": "Quadra QE 14 Conjunto F",
		"numero": 201,
		"bairro": "Guará I",
		"cidade": "Brasília",
		"estado": "DF",
		"telefone_fixo": "(61) 3785-1058",
		"celular": "(61) 98394-5533",
		"altura": "1,84",
		"peso": 65,
		"tipo_sanguineo": "O-",
		"cor": "azul"
	},
	{
		"nome": "Nicolas Benedito Tiago Brito",
		"idade": 53,
		"cpf": "510.153.781-02",
		"rg": "12.081.018-9",
		"data_nasc": "15/02/1970",
		"sexo": "Masculino",
		"signo": "Aquário",
		"mae": "Laís Emilly Julia",
		"pai": "Daniel Pedro Eduardo Brito",
		"email": "nicolas_benedito_brito@solutionimoveis.com.br",
		"senha": "a6iyw92bOI",
		"cep": "71081-275",
		"endereco": "Setor Habitacional IAPI Chácara 20",
		"numero": 975,
		"bairro": "Guará II",
		"cidade": "Brasília",
		"estado": "DF",
		"telefone_fixo": "(61) 3858-5377",
		"celular": "(61) 98304-7686",
		"altura": "1,61",
		"peso": 69,
		"tipo_sanguineo": "A+",
		"cor": "vermelho"
	},
	{
		"nome": "Danilo Juan Dias",
		"idade": 24,
		"cpf": "294.615.361-43",
		"rg": "15.410.678-1",
		"data_nasc": "27/01/1999",
		"sexo": "Masculino",
		"signo": "Aquário",
		"mae": "Márcia Manuela Tereza",
		"pai": "Guilherme Calebe Roberto Dias",
		"email": "danilo_dias@rafaelsouza.com.br",
		"senha": "OPmHcR6wjJ",
		"cep": "71200-000",
		"endereco": "Setor SPMS II",
		"numero": 729,
		"bairro": "Zona Industrial (Guará)",
		"cidade": "Brasília",
		"estado": "DF",
		"telefone_fixo": "(61) 2768-0013",
		"celular": "(61) 99840-4944",
		"altura": "1,72",
		"peso": 80,
		"tipo_sanguineo": "O+",
		"cor": "vermelho"
	},
	{
		"nome": "Carla Teresinha Rita da Cunha",
		"idade": 80,
		"cpf": "171.192.601-97",
		"rg": "40.409.340-1",
		"data_nasc": "04/02/1943",
		"sexo": "Feminino",
		"signo": "Aquário",
		"mae": "Betina Isabela Cristiane",
		"pai": "Gabriel Gael da Cunha",
		"email": "carla_dacunha@charquesorocaba.com.br",
		"senha": "G5m9AoUe7n",
		"cep": "72650-270",
		"endereco": "Quadra Quadra 802 Conjunto 12-A",
		"numero": 940,
		"bairro": "Recanto das Emas",
		"cidade": "Brasília",
		"estado": "DF",
		"telefone_fixo": "(61) 3646-1562",
		"celular": "(61) 98469-9404",
		"altura": "1,68",
		"peso": 58,
		"tipo_sanguineo": "B-",
		"cor": "vermelho"
	},
	{
		"nome": "Antonella Patrícia Rosa Moura",
		"idade": 58,
		"cpf": "144.931.771-52",
		"rg": "43.864.236-3",
		"data_nasc": "13/02/1965",
		"sexo": "Feminino",
		"signo": "Aquário",
		"mae": "Luiza Rayssa Sophia",
		"pai": "Renato Ryan Calebe Moura",
		"email": "antonellapatriciamoura@siexpress.com.br",
		"senha": "2PUf2Rr7cX",
		"cep": "71977-000",
		"endereco": "Quadra QS 9 Rua 140",
		"numero": 996,
		"bairro": "Areal (Águas Claras)",
		"cidade": "Brasília",
		"estado": "DF",
		"telefone_fixo": "(61) 3936-0416",
		"celular": "(61) 99891-6134",
		"altura": "1,76",
		"peso": 76,
		"tipo_sanguineo": "O-",
		"cor": "preto"
	},
	{
		"nome": "Kauê Renan Cardoso",
		"idade": 77,
		"cpf": "907.389.831-52",
		"rg": "46.113.426-3",
		"data_nasc": "27/01/1946",
		"sexo": "Masculino",
		"signo": "Aquário",
		"mae": "Larissa Analu Letícia",
		"pai": "Renan Bruno Cardoso",
		"email": "kauerenancardoso@directnet.com.br",
		"senha": "DnFxHUlCaa",
		"cep": "72319-551",
		"endereco": "Quadra QS 403 Conjunto A",
		"numero": 256,
		"bairro": "Samambaia Norte (Samambaia)",
		"cidade": "Brasília",
		"estado": "DF",
		"telefone_fixo": "(61) 2935-4990",
		"celular": "(61) 98405-3358",
		"altura": "1,66",
		"peso": 73,
		"tipo_sanguineo": "AB-",
		"cor": "amarelo"
	},
	{
		"nome": "Marcelo Paulo Viana",
		"idade": 39,
		"cpf": "427.054.571-27",
		"rg": "15.476.878-9",
		"data_nasc": "22/01/1984",
		"sexo": "Masculino",
		"signo": "Aquário",
		"mae": "Stella Adriana Sandra",
		"pai": "Benjamin Antonio Viana",
		"email": "marcelopauloviana@balaiofilmes.com.br",
		"senha": "nZjaUGyrOH",
		"cep": "71607-000",
		"endereco": "Área Militar do Aeroporto",
		"numero": 388,
		"bairro": "Setor de Habitações Individuais Sul",
		"cidade": "Brasília",
		"estado": "DF",
		"telefone_fixo": "(61) 2770-8697",
		"celular": "(61) 99214-0912",
		"altura": "1,85",
		"peso": 56,
		"tipo_sanguineo": "AB-",
		"cor": "roxo"
	},
	{
		"nome": "Marcela Aparecida Isis Caldeira",
		"idade": 23,
		"cpf": "608.054.741-45",
		"rg": "10.358.735-4",
		"data_nasc": "15/01/2000",
		"sexo": "Feminino",
		"signo": "Capricórnio",
		"mae": "Carolina Tânia",
		"pai": "Bernardo Elias Caldeira",
		"email": "marcela_aparecida_caldeira@coreval.com.br",
		"senha": "8u0IZhQycN",
		"cep": "70336-400",
		"endereco": "Quadra EQS 303/304",
		"numero": 517,
		"bairro": "Asa Sul",
		"cidade": "Brasília",
		"estado": "DF",
		"telefone_fixo": "(61) 2988-3818",
		"celular": "(61) 98915-7727",
		"altura": "1,59",
		"peso": 83,
		"tipo_sanguineo": "O-",
		"cor": "amarelo"
	},
	{
		"nome": "Bárbara Eliane Aline Figueiredo",
		"idade": 60,
		"cpf": "321.157.391-75",
		"rg": "43.582.311-5",
		"data_nasc": "02/02/1963",
		"sexo": "Feminino",
		"signo": "Aquário",
		"mae": "Andreia Maria Maya",
		"pai": "Nicolas Bento Yuri Figueiredo",
		"email": "barbara.eliane.figueiredo@almaquinas.com.br",
		"senha": "KyFxmsWSfx",
		"cep": "71691-970",
		"endereco": "Avenida Comercial 1161",
		"numero": 807,
		"bairro": "Setor Tradicional (São Sebastião)",
		"cidade": "Brasília",
		"estado": "DF",
		"telefone_fixo": "(61) 3869-0804",
		"celular": "(61) 99638-4532",
		"altura": "1,53",
		"peso": 81,
		"tipo_sanguineo": "B+",
		"cor": "vermelho"
	},
	{
		"nome": "Emanuel Yuri Cláudio Assis",
		"idade": 33,
		"cpf": "976.832.411-21",
		"rg": "19.249.088-6",
		"data_nasc": "12/02/1990",
		"sexo": "Masculino",
		"signo": "Aquário",
		"mae": "Vanessa Marli",
		"pai": "Murilo Caio Renato Assis",
		"email": "emanuelyuriassis@edwardmaluf.com.br",
		"senha": "u4mySYgwRp",
		"cep": "72236-003",
		"endereco": "Quadra QNP 30 Conjunto C",
		"numero": 678,
		"bairro": "Ceilândia Sul (Ceilândia)",
		"cidade": "Brasília",
		"estado": "DF",
		"telefone_fixo": "(61) 3505-5970",
		"celular": "(61) 98862-3442",
		"altura": "1,75",
		"peso": 70,
		"tipo_sanguineo": "A-",
		"cor": "azul"
	},
	{
		"nome": "Raimundo Davi Fábio Barbosa",
		"idade": 63,
		"cpf": "855.808.881-04",
		"rg": "43.970.930-1",
		"data_nasc": "10/02/1960",
		"sexo": "Masculino",
		"signo": "Aquário",
		"mae": "Lorena Helena Lorena",
		"pai": "Daniel Jorge Barbosa",
		"email": "raimundo-barbosa92@hmhabitacoesmodernas.com.br",
		"senha": "fsbbsDxgCZ",
		"cep": "72306-507",
		"endereco": "Quadra QS 304 Conjunto 7",
		"numero": 974,
		"bairro": "Samambaia Sul (Samambaia)",
		"cidade": "Brasília",
		"estado": "DF",
		"telefone_fixo": "(61) 2939-7929",
		"celular": "(61) 98397-9397",
		"altura": "1,98",
		"peso": 75,
		"tipo_sanguineo": "B+",
		"cor": "amarelo"
	},
	{
		"nome": "Raquel Isabela Bernardes",
		"idade": 57,
		"cpf": "977.866.971-60",
		"rg": "49.471.566-2",
		"data_nasc": "24/02/1966",
		"sexo": "Feminino",
		"signo": "Peixes",
		"mae": "Jennifer Carolina",
		"pai": "Davi Bernardo Osvaldo Bernardes",
		"email": "raquel.isabela.bernardes@santarte.com",
		"senha": "MhNEa6GLJC",
		"cep": "70675-212",
		"endereco": "Quadra QRSW 2 Bloco A-12",
		"numero": 407,
		"bairro": "Setor Sudoeste",
		"cidade": "Brasília",
		"estado": "DF",
		"telefone_fixo": "(61) 3873-1635",
		"celular": "(61) 98163-1666",
		"altura": "1,82",
		"peso": 55,
		"tipo_sanguineo": "O+",
		"cor": "vermelho"
	},
	{
		"nome": "Carlos Eduardo Arthur Campos",
		"idade": 19,
		"cpf": "781.514.401-20",
		"rg": "10.865.792-9",
		"data_nasc": "18/02/2004",
		"sexo": "Masculino",
		"signo": "Aquário",
		"mae": "Aurora Fátima Mariana",
		"pai": "Filipe Levi Campos",
		"email": "carlos_campos@segplanet.com.br",
		"senha": "TmSRS59xcZ",
		"cep": "71805-804",
		"endereco": "Quadra QN 9 Conjunto 4",
		"numero": 940,
		"bairro": "Riacho Fundo I",
		"cidade": "Brasília",
		"estado": "DF",
		"telefone_fixo": "(61) 2611-1954",
		"celular": "(61) 98946-6447",
		"altura": "1,80",
		"peso": 107,
		"tipo_sanguineo": "A-",
		"cor": "laranja"
	},
	{
		"nome": "Giovanna Antônia Novaes",
		"idade": 43,
		"cpf": "145.445.121-15",
		"rg": "24.508.525-7",
		"data_nasc": "07/02/1980",
		"sexo": "Feminino",
		"signo": "Aquário",
		"mae": "Alícia Louise Mariane",
		"pai": "Cláudio Nicolas Vicente Novaes",
		"email": "giovannaantonianovaes@siemens.com",
		"senha": "hdZO2mTEeb",
		"cep": "72542-503",
		"endereco": "Quadra QR 312 Conjunto C",
		"numero": 125,
		"bairro": "Santa Maria",
		"cidade": "Brasília",
		"estado": "DF",
		"telefone_fixo": "(61) 3971-7953",
		"celular": "(61) 98409-3781",
		"altura": "1,55",
		"peso": 88,
		"tipo_sanguineo": "A+",
		"cor": "laranja"
	},
	{
		"nome": "Rosa Marina Heloise Melo",
		"idade": 31,
		"cpf": "919.479.011-68",
		"rg": "46.440.918-4",
		"data_nasc": "17/02/1992",
		"sexo": "Feminino",
		"signo": "Aquário",
		"mae": "Maitê Nair",
		"pai": "Otávio Giovanni Melo",
		"email": "rosa_melo@tecnew.net",
		"senha": "9rx9E0C69j",
		"cep": "70634-400",
		"endereco": "Quadra SOFN Quadra 4",
		"numero": 844,
		"bairro": "Zona Industrial",
		"cidade": "Brasília",
		"estado": "DF",
		"telefone_fixo": "(61) 2512-8908",
		"celular": "(61) 98737-8928",
		"altura": "1,55",
		"peso": 81,
		"tipo_sanguineo": "O-",
		"cor": "azul"
	},
	{
		"nome": "Stefany Rebeca Marli Oliveira",
		"idade": 62,
		"cpf": "270.591.561-35",
		"rg": "50.469.539-3",
		"data_nasc": "05/01/1961",
		"sexo": "Feminino",
		"signo": "Capricórnio",
		"mae": "Luna Renata",
		"pai": "Lucca Bruno Rodrigo Oliveira",
		"email": "stefany-oliveira76@amure.com.br",
		"senha": "4dD2AF714a",
		"cep": "72025-130",
		"endereco": "Quadra QSE 13",
		"numero": 143,
		"bairro": "Taguatinga Sul (Taguatinga)",
		"cidade": "Brasília",
		"estado": "DF",
		"telefone_fixo": "(61) 3792-6454",
		"celular": "(61) 99914-5453",
		"altura": "1,68",
		"peso": 59,
		"tipo_sanguineo": "B+",
		"cor": "amarelo"
	},
	{
		"nome": "Mário Benício Almada",
		"idade": 41,
		"cpf": "389.172.611-24",
		"rg": "37.493.569-5",
		"data_nasc": "09/02/1982",
		"sexo": "Masculino",
		"signo": "Aquário",
		"mae": "Antônia Mariana Luna",
		"pai": "Levi Diogo Almada",
		"email": "mario.benicio.almada@lajescobre.com",
		"senha": "aA4D4UjKgf",
		"cep": "71060-112",
		"endereco": "Quadra QE 28 Conjunto K",
		"numero": 444,
		"bairro": "Guará II",
		"cidade": "Brasília",
		"estado": "DF",
		"telefone_fixo": "(61) 3943-7130",
		"celular": "(61) 99395-9662",
		"altura": "1,99",
		"peso": 99,
		"tipo_sanguineo": "A+",
		"cor": "amarelo"
	},
	{
		"nome": "Isadora Laura Vitória da Costa",
		"idade": 55,
		"cpf": "231.623.741-03",
		"rg": "24.911.726-5",
		"data_nasc": "17/01/1968",
		"sexo": "Feminino",
		"signo": "Capricórnio",
		"mae": "Jennifer Rebeca Amanda",
		"pai": "Francisco Cauã da Costa",
		"email": "isadoralauradacosta@dc4.com.br",
		"senha": "auUlia2RcI",
		"cep": "72341-004",
		"endereco": "Quadra Quadra 201 Conjunto 4",
		"numero": 457,
		"bairro": "Samambaia Norte (Samambaia)",
		"cidade": "Brasília",
		"estado": "DF",
		"telefone_fixo": "(61) 2719-5285",
		"celular": "(61) 99649-1383",
		"altura": "1,82",
		"peso": 69,
		"tipo_sanguineo": "AB-",
		"cor": "vermelho"
	},
	{
		"nome": "Malu Eliane Monteiro",
		"idade": 34,
		"cpf": "049.299.581-80",
		"rg": "42.914.850-1",
		"data_nasc": "16/02/1989",
		"sexo": "Feminino",
		"signo": "Aquário",
		"mae": "Isis Marcela Sarah",
		"pai": "Joaquim Oliver Eduardo Monteiro",
		"email": "malu.eliane.monteiro@plenamenterh.com.br",
		"senha": "RXDRsp3tKd",
		"cep": "72006-510",
		"endereco": "Rua Rua 6 Chácara 254",
		"numero": 528,
		"bairro": "Setor Habitacional Vicente Pires",
		"cidade": "Brasília",
		"estado": "DF",
		"telefone_fixo": "(61) 2992-0512",
		"celular": "(61) 98763-3652",
		"altura": "1,55",
		"peso": 88,
		"tipo_sanguineo": "AB-",
		"cor": "azul"
	},
	{
		"nome": "Débora Sarah Larissa Lima",
		"idade": 51,
		"cpf": "174.568.221-07",
		"rg": "39.337.416-6",
		"data_nasc": "26/01/1972",
		"sexo": "Feminino",
		"signo": "Aquário",
		"mae": "Cristiane Flávia",
		"pai": "Caleb Carlos Lima",
		"email": "debora_sarah_lima@iblojas.com.br",
		"senha": "mBQuWYAKI4",
		"cep": "73402-045",
		"endereco": "Módulo Módulo 15",
		"numero": 499,
		"bairro": "Estância Mestre D'Armas V (Planaltina)",
		"cidade": "Brasília",
		"estado": "DF",
		"telefone_fixo": "(61) 3996-9955",
		"celular": "(61) 98560-0935",
		"altura": "1,62",
		"peso": 49,
		"tipo_sanguineo": "AB-",
		"cor": "vermelho"
	},
	{
		"nome": "Kaique Gabriel Galvão",
		"idade": 32,
		"cpf": "344.012.241-75",
		"rg": "15.090.658-4",
		"data_nasc": "04/01/1991",
		"sexo": "Masculino",
		"signo": "Capricórnio",
		"mae": "Aparecida Luna",
		"pai": "Fernando Arthur Renan Galvão",
		"email": "kaique-galvao80@danielsalla.com.br",
		"senha": "8tQfiQ1Pm0",
		"cep": "72241-101",
		"endereco": "Quadra QNP 11 Conjunto A",
		"numero": 192,
		"bairro": "Ceilândia Norte (Ceilândia)",
		"cidade": "Brasília",
		"estado": "DF",
		"telefone_fixo": "(61) 3914-3296",
		"celular": "(61) 98493-2687",
		"altura": "1,83",
		"peso": 82,
		"tipo_sanguineo": "AB+",
		"cor": "azul"
	},
	{
		"nome": "Cristiane Milena Tânia Nunes",
		"idade": 38,
		"cpf": "996.233.111-09",
		"rg": "43.126.615-3",
		"data_nasc": "08/01/1985",
		"sexo": "Feminino",
		"signo": "Capricórnio",
		"mae": "Heloise Giovanna Fátima",
		"pai": "Lucas Márcio Nunes",
		"email": "cristiane_milena_nunes@vcp.com.br",
		"senha": "EthjmEWy0Q",
		"cep": "73270-365",
		"endereco": "Condomínio Recanto da Serra Rua 5",
		"numero": 990,
		"bairro": "Nova Colina (Sobradinho)",
		"cidade": "Brasília",
		"estado": "DF",
		"telefone_fixo": "(61) 2756-0293",
		"celular": "(61) 98563-6832",
		"altura": "1,56",
		"peso": 65,
		"tipo_sanguineo": "B-",
		"cor": "laranja"
	},
	{
		"nome": "Luís Marcos Vinicius Silva",
		"idade": 70,
		"cpf": "061.391.501-16",
		"rg": "26.111.204-1",
		"data_nasc": "17/02/1953",
		"sexo": "Masculino",
		"signo": "Aquário",
		"mae": "Renata Evelyn",
		"pai": "Guilherme Anthony Tiago Silva",
		"email": "luis-silva99@fclar.net.br",
		"senha": "OhYAyTZxE0",
		"cep": "72240-808",
		"endereco": "Quadra QNP 9 Conjunto H",
		"numero": 114,
		"bairro": "Ceilândia Norte (Ceilândia)",
		"cidade": "Brasília",
		"estado": "DF",
		"telefone_fixo": "(61) 3923-0571",
		"celular": "(61) 98943-7301",
		"altura": "1,61",
		"peso": 73,
		"tipo_sanguineo": "AB+",
		"cor": "azul"
	},
	{
		"nome": "Alice Jennifer Aragão",
		"idade": 47,
		"cpf": "254.451.221-07",
		"rg": "45.049.189-4",
		"data_nasc": "17/02/1976",
		"sexo": "Feminino",
		"signo": "Aquário",
		"mae": "Ester Sophia",
		"pai": "Leonardo Bryan Aragão",
		"email": "alice-aragao76@facebook.com",
		"senha": "D2B6WbSFgS",
		"cep": "73391-217",
		"endereco": "Quadra Residencial Bica do DER 9",
		"numero": 360,
		"bairro": "Residencial Bica do DER (Gleba B - Planaltina)",
		"cidade": "Brasília",
		"estado": "DF",
		"telefone_fixo": "(61) 3820-1423",
		"celular": "(61) 98584-0224",
		"altura": "1,72",
		"peso": 57,
		"tipo_sanguineo": "B-",
		"cor": "preto"
	},
	{
		"nome": "Giovana Larissa Sandra Castro",
		"idade": 76,
		"cpf": "573.302.831-93",
		"rg": "26.993.543-5",
		"data_nasc": "21/01/1947",
		"sexo": "Feminino",
		"signo": "Aquário",
		"mae": "Rosa Valentina",
		"pai": "Rodrigo Daniel Castro",
		"email": "giovanalarissacastro@tafeta.com.br",
		"senha": "pMnA7025Fy",
		"cep": "72322-016",
		"endereco": "Quadra QR 602 Conjunto 16",
		"numero": 265,
		"bairro": "Samambaia Norte (Samambaia)",
		"cidade": "Brasília",
		"estado": "DF",
		"telefone_fixo": "(61) 3725-6034",
		"celular": "(61) 99558-3683",
		"altura": "1,77",
		"peso": 81,
		"tipo_sanguineo": "AB-",
		"cor": "vermelho"
	}
]