[
	{
		"nome": "Mariah Valentina Antonella Baptista",
		"idade": 73,
		"cpf": "766.205.311-30",
		"rg": "33.956.315-1",
		"data_nasc": "25/02/1950",
		"sexo": "Feminino",
		"signo": "Peixes",
		"mae": "Carolina Carolina",
		"pai": "Benedito Bryan Baptista",
		"email": "mariah_baptista@fictor.com.br",
		"senha": "pKjdeRDUOM",
		"cep": "70373-100",
		"endereco": "Quadra SQS 110 Bloco J",
		"numero": 758,
		"bairro": "Asa Sul",
		"cidade": "Brasília",
		"estado": "DF",
		"telefone_fixo": "(61) 3639-7212",
		"celular": "(61) 98170-1514",
		"altura": "1,73",
		"peso": 55,
		"tipo_sanguineo": "A-",
		"cor": "vermelho"
	},
	{
		"nome": "Fernanda Sophia Ferreira",
		"idade": 72,
		"cpf": "895.651.801-75",
		"rg": "18.829.895-2",
		"data_nasc": "17/01/1951",
		"sexo": "Feminino",
		"signo": "Capricórnio",
		"mae": "Antônia Antonella Rayssa",
		"pai": "Miguel Leonardo Ferreira",
		"email": "fernanda_sophia_ferreira@previeweventos.com.br",
		"senha": "Sp0yGWItDE",
		"cep": "71745-202",
		"endereco": "Quadra SMPW Quadra 22 Conjunto 2",
		"numero": 696,
		"bairro": "Setor de Mansões Park Way",
		"cidade": "Brasília",
		"estado": "DF",
		"telefone_fixo": "(61) 3722-1661",
		"celular": "(61) 98773-7400",
		"altura": "1,78",
		"peso": 83,
		"tipo_sanguineo": "B-",
		"cor": "azul"
	},
	{
		"nome": "Bianca Aurora Lima",
		"idade": 22,
		"cpf": "319.913.641-99",
		"rg": "23.875.410-8",
		"data_nasc": "13/02/2001",
		"sexo": "Feminino",
		"signo": "Aquário",
		"mae": "Emily Cristiane",
		"pai": "Alexandre Anderson Kauê Lima",
		"email": "bianca_aurora_lima@amaralmonteiro.com.br",
		"senha": "2F7UqSuO4U",
		"cep": "70687-120",
		"endereco": "Quadra SQNW 309 Bloco D",
		"numero": 938,
		"bairro": "Setor Noroeste",
		"cidade": "Brasília",
		"estado": "DF",
		"telefone_fixo": "(61) 3892-5621",
		"celular": "(61) 98274-5085",
		"altura": "1,78",
		"peso": 48,
		"tipo_sanguineo": "A+",
		"cor": "verde"
	},
	{
		"nome": "Luan José Bernardes",
		"idade": 68,
		"cpf": "331.221.481-53",
		"rg": "40.796.577-4",
		"data_nasc": "15/02/1955",
		"sexo": "Masculino",
		"signo": "Aquário",
		"mae": "Malu Fátima",
		"pai": "Calebe Antonio Severino Bernardes",
		"email": "luan_jose_bernardes@imagemeaudio.com.br",
		"senha": "0d12CyFoak",
		"cep": "73062-411",
		"endereco": "Conjunto AR 14 Conjunto 11",
		"numero": 749,
		"bairro": "Setor Oeste (Sobradinho II)",
		"cidade": "Brasília",
		"estado": "DF",
		"telefone_fixo": "(61) 3957-9512",
		"celular": "(61) 99999-7861",
		"altura": "1,81",
		"peso": 62,
		"tipo_sanguineo": "A-",
		"cor": "amarelo"
	},
	{
		"nome": "Antonio Carlos Rodrigo Galvão",
		"idade": 52,
		"cpf": "759.342.001-94",
		"rg": "21.124.867-8",
		"data_nasc": "25/02/1971",
		"sexo": "Masculino",
		"signo": "Peixes",
		"mae": "Lorena Nair",
		"pai": "Diogo Lucas Galvão",
		"email": "antonio-galvao70@paginacom.com.br",
		"senha": "yIIuh9omRh",
		"cep": "70686-615",
		"endereco": "Quadra CLNW 10/11 Lote C",
		"numero": 450,
		"bairro": "Setor Noroeste",
		"cidade": "Brasília",
		"estado": "DF",
		"telefone_fixo": "(61) 3507-7177",
		"celular": "(61) 99993-7965",
		"altura": "1,66",
		"peso": 86,
		"tipo_sanguineo": "B-",
		"cor": "roxo"
	},
	{
		"nome": "Jéssica Mirella Ribeiro",
		"idade": 46,
		"cpf": "924.971.971-05",
		"rg": "42.576.192-7",
		"data_nasc": "05/01/1977",
		"sexo": "Feminino",
		"signo": "Capricórnio",
		"mae": "Isabelly Márcia Melissa",
		"pai": "Diego Manoel Lucas Ribeiro",
		"email": "jessica_ribeiro@ne.com",
		"senha": "WAf4Fjs42Q",
		"cep": "73050-151",
		"endereco": "Quadra Quadra 16 Área Especial 01",
		"numero": 746,
		"bairro": "Sobradinho",
		"cidade": "Brasília",
		"estado": "DF",
		"telefone_fixo": "(61) 3562-2159",
		"celular": "(61) 99854-2137",
		"altura": "1,57",
		"peso": 81,
		"tipo_sanguineo": "A+",
		"cor": "laranja"
	},
	{
		"nome": "Mateus Ricardo Moura",
		"idade": 63,
		"cpf": "024.532.761-40",
		"rg": "15.365.694-3",
		"data_nasc": "07/02/1960",
		"sexo": "Masculino",
		"signo": "Aquário",
		"mae": "Cláudia Louise Sarah",
		"pai": "Sebastião Leandro Julio Moura",
		"email": "mateus.ricardo.moura@ugeda.com.br",
		"senha": "Tg3mNgt448",
		"cep": "72318-026",
		"endereco": "Quadra QR 402 Conjunto 25",
		"numero": 432,
		"bairro": "Samambaia Norte (Samambaia)",
		"cidade": "Brasília",
		"estado": "DF",
		"telefone_fixo": "(61) 2773-7552",
		"celular": "(61) 99722-0458",
		"altura": "1,93",
		"peso": 110,
		"tipo_sanguineo": "A+",
		"cor": "roxo"
	},
	{
		"nome": "Caroline Andrea Drumond",
		"idade": 78,
		"cpf": "493.617.971-07",
		"rg": "26.491.628-1",
		"data_nasc": "17/02/1945",
		"sexo": "Feminino",
		"signo": "Aquário",
		"mae": "Benedita Marcela",
		"pai": "Caleb Oliver Sérgio Drumond",
		"email": "caroline_andrea_drumond@tedde.com.br",
		"senha": "d9slrEnXhP",
		"cep": "70683-170",
		"endereco": "Quadra CLNW 2/3 Lote D",
		"numero": 893,
		"bairro": "Setor Noroeste",
		"cidade": "Brasília",
		"estado": "DF",
		"telefone_fixo": "(61) 2930-5198",
		"celular": "(61) 99590-3598",
		"altura": "1,53",
		"peso": 71,
		"tipo_sanguineo": "B+",
		"cor": "laranja"
	},
	{
		"nome": "Olivia Fernanda Silveira",
		"idade": 45,
		"cpf": "751.777.921-45",
		"rg": "49.557.557-4",
		"data_nasc": "04/02/1978",
		"sexo": "Feminino",
		"signo": "Aquário",
		"mae": "Agatha Sophie",
		"pai": "Sérgio Yuri Caio Silveira",
		"email": "olivia.fernanda.silveira@athos.srv.br",
		"senha": "gPyim0RPNd",
		"cep": "72404-904",
		"endereco": "SCC Lote  Lote  Projeção 12",
		"numero": 225,
		"bairro": "Setor Central (Gama)",
		"cidade": "Brasília",
		"estado": "DF",
		"telefone_fixo": "(61) 2562-5074",
		"celular": "(61) 98834-0136",
		"altura": "1,83",
		"peso": 56,
		"tipo_sanguineo": "A+",
		"cor": "laranja"
	},
	{
		"nome": "Enzo Kauê Almada",
		"idade": 63,
		"cpf": "060.169.151-22",
		"rg": "29.344.717-2",
		"data_nasc": "03/02/1960",
		"sexo": "Masculino",
		"signo": "Aquário",
		"mae": "Lívia Cristiane",
		"pai": "Caio Cauê Almada",
		"email": "enzo_almada@kaynak.com.br",
		"senha": "hTemmS8QA3",
		"cep": "71693-145",
		"endereco": "Rua 42",
		"numero": 680,
		"bairro": "Vila Nova (São Sebastião)",
		"cidade": "Brasília",
		"estado": "DF",
		"telefone_fixo": "(61) 3586-8727",
		"celular": "(61) 98940-7445",
		"altura": "1,73",
		"peso": 70,
		"tipo_sanguineo": "O-",
		"cor": "azul"
	},
	{
		"nome": "Murilo Kauê da Cruz",
		"idade": 32,
		"cpf": "569.230.591-78",
		"rg": "28.523.924-7",
		"data_nasc": "24/01/1991",
		"sexo": "Masculino",
		"signo": "Aquário",
		"mae": "Giovana Josefa",
		"pai": "Calebe Murilo Bruno da Cruz",
		"email": "murilo-dacruz76@mmarques.com",
		"senha": "QSKQTSTxkQ",
		"cep": "70862-100",
		"endereco": "Quadra SQN 210 Bloco J",
		"numero": 204,
		"bairro": "Asa Norte",
		"cidade": "Brasília",
		"estado": "DF",
		"telefone_fixo": "(61) 2858-8896",
		"celular": "(61) 98703-6667",
		"altura": "1,86",
		"peso": 52,
		"tipo_sanguineo": "AB-",
		"cor": "vermelho"
	},
	{
		"nome": "Oliver Theo Mateus Brito",
		"idade": 44,
		"cpf": "232.562.091-30",
		"rg": "49.467.001-0",
		"data_nasc": "03/02/1979",
		"sexo": "Masculino",
		"signo": "Aquário",
		"mae": "Allana Mariah",
		"pai": "Miguel Lorenzo Brito",
		"email": "oliver_theo_brito@zian.com.br",
		"senha": "suRlPOqyBl",
		"cep": "71071-292",
		"endereco": "Quadra QE 56 Área Especial 3",
		"numero": 314,
		"bairro": "Guará II",
		"cidade": "Brasília",
		"estado": "DF",
		"telefone_fixo": "(61) 2627-2605",
		"celular": "(61) 98993-0831",
		"altura": "1,61",
		"peso": 107,
		"tipo_sanguineo": "B+",
		"cor": "verde"
	},
	{
		"nome": "Aline Marli Evelyn da Mota",
		"idade": 32,
		"cpf": "690.315.851-06",
		"rg": "10.175.546-6",
		"data_nasc": "19/01/1991",
		"sexo": "Feminino",
		"signo": "Capricórnio",
		"mae": "Sônia Sônia",
		"pai": "Benício Márcio da Mota",
		"email": "aline_damota@proshock.com.br",
		"senha": "cLaz5xwN09",
		"cep": "71880-725",
		"endereco": "Quadra QN 32",
		"numero": 619,
		"bairro": "Riacho Fundo II",
		"cidade": "Brasília",
		"estado": "DF",
		"telefone_fixo": "(61) 2597-5175",
		"celular": "(61) 99718-7310",
		"altura": "1,69",
		"peso": 82,
		"tipo_sanguineo": "O-",
		"cor": "vermelho"
	},
	{
		"nome": "Murilo Tomás Rocha",
		"idade": 63,
		"cpf": "864.787.391-20",
		"rg": "14.919.382-8",
		"data_nasc": "09/02/1960",
		"sexo": "Masculino",
		"signo": "Aquário",
		"mae": "Giovanna Olivia",
		"pai": "Fernando Iago Eduardo Rocha",
		"email": "murilo_tomas_rocha@samsaraimoveis.com.br",
		"senha": "8Bf2JYd7Iz",
		"cep": "72307-100",
		"endereco": "Quadra QR 311",
		"numero": 451,
		"bairro": "Samambaia Sul (Samambaia)",
		"cidade": "Brasília",
		"estado": "DF",
		"telefone_fixo": "(61) 2661-3052",
		"celular": "(61) 98227-2223",
		"altura": "1,81",
		"peso": 107,
		"tipo_sanguineo": "A-",
		"cor": "vermelho"
	},
	{
		"nome": "Isadora Mariane Caldeira",
		"idade": 69,
		"cpf": "247.787.011-43",
		"rg": "43.945.748-8",
		"data_nasc": "26/01/1954",
		"sexo": "Feminino",
		"signo": "Aquário",
		"mae": "Yasmin Francisca Lúcia",
		"pai": "Diego Carlos Eduardo Caldeira",
		"email": "isadoramarianecaldeira@saopaulo10hotmail.com",
		"senha": "SEUu2HyGLZ",
		"cep": "70735-540",
		"endereco": "Quadra CLN 303 Bloco D",
		"numero": 364,
		"bairro": "Asa Norte",
		"cidade": "Brasília",
		"estado": "DF",
		"telefone_fixo": "(61) 2811-1372",
		"celular": "(61) 98561-5556",
		"altura": "1,75",
		"peso": 53,
		"tipo_sanguineo": "A-",
		"cor": "vermelho"
	},
	{
		"nome": "Allana Eduarda Cavalcanti",
		"idade": 71,
		"cpf": "494.185.201-09",
		"rg": "13.401.566-6",
		"data_nasc": "23/01/1952",
		"sexo": "Feminino",
		"signo": "Aquário",
		"mae": "Emily Julia",
		"pai": "José Henrique Cavalcanti",
		"email": "allanaeduardacavalcanti@pig.com.br",
		"senha": "TBeAq7dxDF",
		"cep": "71505-270",
		"endereco": "Quadra SHIN QI 3 Conjunto 7",
		"numero": 872,
		"bairro": "Setor de Habitações Individuais Norte",
		"cidade": "Brasília",
		"estado": "DF",
		"telefone_fixo": "(61) 2644-6348",
		"celular": "(61) 99541-9015",
		"altura": "1,70",
		"peso": 86,
		"tipo_sanguineo": "B-",
		"cor": "verde"
	},
	{
		"nome": "Mário Renan Aparício",
		"idade": 80,
		"cpf": "337.936.291-39",
		"rg": "35.091.898-3",
		"data_nasc": "05/01/1943",
		"sexo": "Masculino",
		"signo": "Capricórnio",
		"mae": "Camila Maria Mariana",
		"pai": "Fábio Lucca Aparício",
		"email": "mario_aparicio@dedicasa.com.br",
		"senha": "nlyhqmBarn",
		"cep": "72735-505",
		"endereco": "Quadra Quadra 35 Área Especial 3",
		"numero": 444,
		"bairro": "Vila São José (Brazlândia)",
		"cidade": "Brasília",
		"estado": "DF",
		"telefone_fixo": "(61) 3638-1731",
		"celular": "(61) 99491-1498",
		"altura": "1,90",
		"peso": 88,
		"tipo_sanguineo": "A+",
		"cor": "roxo"
	},
	{
		"nome": "Lorena Betina de Paula",
		"idade": 70,
		"cpf": "230.540.861-78",
		"rg": "50.683.020-2",
		"data_nasc": "04/02/1953",
		"sexo": "Feminino",
		"signo": "Aquário",
		"mae": "Agatha Sandra",
		"pai": "José Danilo Lorenzo de Paula",
		"email": "lorena-depaula88@gamil.com",
		"senha": "5YkLF7gYkG",
		"cep": "73030-031",
		"endereco": "Quadra Quadra 3 Conjunto A",
		"numero": 776,
		"bairro": "Sobradinho",
		"cidade": "Brasília",
		"estado": "DF",
		"telefone_fixo": "(61) 2625-3827",
		"celular": "(61) 98118-4320",
		"altura": "1,55",
		"peso": 52,
		"tipo_sanguineo": "AB-",
		"cor": "preto"
	},
	{
		"nome": "Emilly Laura Porto",
		"idade": 42,
		"cpf": "639.875.411-56",
		"rg": "47.574.554-1",
		"data_nasc": "21/02/1981",
		"sexo": "Feminino",
		"signo": "Peixes",
		"mae": "Isis Marli",
		"pai": "Severino Raimundo Murilo Porto",
		"email": "emilly-porto70@detorsul.com",
		"senha": "8x950Z53DR",
		"cep": "72316-303",
		"endereco": "Quadra QR 212 Conjunto 3",
		"numero": 571,
		"bairro": "Samambaia Sul (Samambaia)",
		"cidade": "Brasília",
		"estado": "DF",
		"telefone_fixo": "(61) 2937-7919",
		"celular": "(61) 99101-9641",
		"altura": "1,85",
		"peso": 90,
		"tipo_sanguineo": "B-",
		"cor": "vermelho"
	},
	{
		"nome": "Bernardo Cauê Almeida",
		"idade": 53,
		"cpf": "500.092.131-39",
		"rg": "21.419.253-2",
		"data_nasc": "14/02/1970",
		"sexo": "Masculino",
		"signo": "Aquário",
		"mae": "Giovana Mariana",
		"pai": "Breno Bento Lucas Almeida",
		"email": "bernardo_caue_almeida@vgl.com.br",
		"senha": "2P9XOUNcY3",
		"cep": "72316-014",
		"endereco": "Quadra QR 206 Conjunto 14",
		"numero": 402,
		"bairro": "Samambaia Norte (Samambaia)",
		"cidade": "Brasília",
		"estado": "DF",
		"telefone_fixo": "(61) 2604-5617",
		"celular": "(61) 98219-6173",
		"altura": "1,87",
		"peso": 94,
		"tipo_sanguineo": "B+",
		"cor": "vermelho"
	},
	{
		"nome": "Nicolas Murilo Costa",
		"idade": 45,
		"cpf": "051.046.271-52",
		"rg": "12.569.520-2",
		"data_nasc": "12/01/1978",
		"sexo": "Masculino",
		"signo": "Capricórnio",
		"mae": "Kamilly Sarah Julia",
		"pai": "Enrico Iago Costa",
		"email": "nicolas_murilo_costa@hidrara.com.br",
		"senha": "91JWawHHfN",
		"cep": "72007-160",
		"endereco": "Rua Rua 10A Chácara 124",
		"numero": 426,
		"bairro": "Setor Habitacional Vicente Pires",
		"cidade": "Brasília",
		"estado": "DF",
		"telefone_fixo": "(61) 3606-4079",
		"celular": "(61) 98771-4845",
		"altura": "1,81",
		"peso": 90,
		"tipo_sanguineo": "AB-",
		"cor": "preto"
	},
	{
		"nome": "Tomás Leonardo Novaes",
		"idade": 56,
		"cpf": "457.750.271-24",
		"rg": "29.418.753-4",
		"data_nasc": "06/02/1967",
		"sexo": "Masculino",
		"signo": "Aquário",
		"mae": "Aurora Olivia",
		"pai": "Lucca Cláudio Novaes",
		"email": "tomasleonardonovaes@archosolutions.com.br",
		"senha": "KsZPNNEErR",
		"cep": "73356-090",
		"endereco": "Quadra Quadra 18 Área Especial 3",
		"numero": 354,
		"bairro": "Setor Residencial Leste (Planaltina)",
		"cidade": "Brasília",
		"estado": "DF",
		"telefone_fixo": "(61) 3595-4921",
		"celular": "(61) 98219-6328",
		"altura": "1,78",
		"peso": 57,
		"tipo_sanguineo": "A-",
		"cor": "azul"
	},
	{
		"nome": "Julia Agatha Assunção",
		"idade": 74,
		"cpf": "473.798.011-04",
		"rg": "16.261.019-1",
		"data_nasc": "13/01/1949",
		"sexo": "Feminino",
		"signo": "Capricórnio",
		"mae": "Isabella Lúcia",
		"pai": "Oliver Osvaldo Jorge Assunção",
		"email": "julia-assuncao78@unicamp.br",
		"senha": "7PlsF3gWqL",
		"cep": "72275-652",
		"endereco": "Quadra QNR 5 Conjunto A",
		"numero": 769,
		"bairro": "Ceilândia Norte (Ceilândia)",
		"cidade": "Brasília",
		"estado": "DF",
		"telefone_fixo": "(61) 2958-8632",
		"celular": "(61) 98783-6871",
		"altura": "1,82",
		"peso": 88,
		"tipo_sanguineo": "A+",
		"cor": "azul"
	},
	{
		"nome": "Daniela Allana Esther Ramos",
		"idade": 28,
		"cpf": "522.183.941-54",
		"rg": "21.644.846-3",
		"data_nasc": "03/02/1995",
		"sexo": "Feminino",
		"signo": "Aquário",
		"mae": "Vera Carolina",
		"pai": "Ruan Caleb Kevin Ramos",
		"email": "danielaallanaramos@i9tec.com.br",
		"senha": "KRM1B5TSM5",
		"cep": "70362-100",
		"endereco": "Quadra SQS 309 Bloco J",
		"numero": 950,
		"bairro": "Asa Sul",
		"cidade": "Brasília",
		"estado": "DF",
		"telefone_fixo": "(61) 3928-9003",
		"celular": "(61) 99228-3008",
		"altura": "1,53",
		"peso": 81,
		"tipo_sanguineo": "AB+",
		"cor": "azul"
	},
	{
		"nome": "Sophia Mariane Moreira",
		"idade": 21,
		"cpf": "312.983.561-05",
		"rg": "25.350.565-3",
		"data_nasc": "06/01/2002",
		"sexo": "Feminino",
		"signo": "Capricórnio",
		"mae": "Márcia Andrea",
		"pai": "Marcos Vinicius Vinicius Moreira",
		"email": "sophiamarianemoreira@bsd.com.br",
		"senha": "dCkFrYgsFu",
		"cep": "70258-010",
		"endereco": "Quadra SQS 409 Bloco A",
		"numero": 587,
		"bairro": "Asa Sul",
		"cidade": "Brasília",
		"estado": "DF",
		"telefone_fixo": "(61) 3842-0972",
		"celular": "(61) 98940-1334",
		"altura": "1,82",
		"peso": 73,
		"tipo_sanguineo": "A+",
		"cor": "verde"
	},
	{
		"nome": "Nair Sueli Mariane Monteiro",
		"idade": 27,
		"cpf": "240.691.001-64",
		"rg": "20.045.094-3",
		"data_nasc": "15/01/1996",
		"sexo": "Feminino",
		"signo": "Capricórnio",
		"mae": "Isabella Sophia Larissa",
		"pai": "Vicente César Rodrigo Monteiro",
		"email": "nair_sueli_monteiro@allurepesquisa.com.br",
		"senha": "nnj2ScCMXO",
		"cep": "72225-331",
		"endereco": "Quadra QNN 33 Área Especial A",
		"numero": 715,
		"bairro": "Ceilândia Norte (Ceilândia)",
		"cidade": "Brasília",
		"estado": "DF",
		"telefone_fixo": "(61) 3800-3258",
		"celular": "(61) 98154-1340",
		"altura": "1,56",
		"peso": 69,
		"tipo_sanguineo": "B+",
		"cor": "roxo"
	},
	{
		"nome": "Yago Enrico Nunes",
		"idade": 42,
		"cpf": "184.691.141-90",
		"rg": "43.347.308-3",
		"data_nasc": "18/01/1981",
		"sexo": "Masculino",
		"signo": "Capricórnio",
		"mae": "Daiane Vera",
		"pai": "Severino Thiago César Nunes",
		"email": "yago-nunes89@outlook.com",
		"senha": "32WhWdMaX8",
		"cep": "72329-504",
		"endereco": "Quadra QN 429 Conjunto D",
		"numero": 810,
		"bairro": "Samambaia Norte (Samambaia)",
		"cidade": "Brasília",
		"estado": "DF",
		"telefone_fixo": "(61) 3913-7991",
		"celular": "(61) 99976-8044",
		"altura": "2,00",
		"peso": 108,
		"tipo_sanguineo": "AB-",
		"cor": "roxo"
	},
	{
		"nome": "Silvana Marli Josefa da Rosa",
		"idade": 31,
		"cpf": "704.987.251-20",
		"rg": "42.969.833-1",
		"data_nasc": "20/02/1992",
		"sexo": "Feminino",
		"signo": "Peixes",
		"mae": "Jaqueline Tânia",
		"pai": "Kaique Guilherme Bryan da Rosa",
		"email": "silvana-darosa94@tcotecnologia.com.br",
		"senha": "MNckPO22KT",
		"cep": "71995-390",
		"endereco": "Conjunto SHA Conjunto 5 Chácara 99",
		"numero": 478,
		"bairro": "Setor Habitacional Arniqueira (Águas Claras)",
		"cidade": "Brasília",
		"estado": "DF",
		"telefone_fixo": "(61) 2580-4812",
		"celular": "(61) 98366-4652",
		"altura": "1,74",
		"peso": 60,
		"tipo_sanguineo": "AB-",
		"cor": "verde"
	},
	{
		"nome": "Priscila Laís Melissa Pinto",
		"idade": 44,
		"cpf": "039.675.901-78",
		"rg": "42.546.008-3",
		"data_nasc": "25/01/1979",
		"sexo": "Feminino",
		"signo": "Aquário",
		"mae": "Isabel Valentina",
		"pai": "Luís Rodrigo Pinto",
		"email": "priscila.lais.pinto@wwlimpador.com.br",
		"senha": "sL53uuMrcL",
		"cep": "71510-045",
		"endereco": "Quadra SHIN QL 2 Conjunto 4",
		"numero": 439,
		"bairro": "Setor de Habitações Individuais Norte",
		"cidade": "Brasília",
		"estado": "DF",
		"telefone_fixo": "(61) 2678-0608",
		"celular": "(61) 99452-0974",
		"altura": "1,63",
		"peso": 50,
		"tipo_sanguineo": "AB-",
		"cor": "vermelho"
	},
	{
		"nome": "Lorenzo Nelson Lopes",
		"idade": 35,
		"cpf": "399.625.601-95",
		"rg": "43.023.875-7",
		"data_nasc": "05/01/1988",
		"sexo": "Masculino",
		"signo": "Capricórnio",
		"mae": "Heloisa Fátima",
		"pai": "Enzo Raimundo Lopes",
		"email": "lorenzo.nelson.lopes@santarte.com",
		"senha": "z5mDZcSDBF",
		"cep": "72220-900",
		"endereco": "Campus Universitário Centro Metropolitano 1 Conjunto A",
		"numero": 526,
		"bairro": "Ceilândia Sul (Ceilândia)",
		"cidade": "Brasília",
		"estado": "DF",
		"telefone_fixo": "(61) 2810-2911",
		"celular": "(61) 98922-2264",
		"altura": "1,75",
		"peso": 71,
		"tipo_sanguineo": "B-",
		"cor": "preto"
	}
]