[
	{
		"nome": "Fernanda Cláudia das Neves",
		"idade": 47,
		"cpf": "777.037.501-07",
		"rg": "40.765.399-5",
		"data_nasc": "06/02/1976",
		"sexo": "Feminino",
		"signo": "Aquário",
		"mae": "Evelyn Mariah Allana",
		"pai": "Davi Ryan Ian das Neves",
		"email": "fernanda.claudia.dasneves@moderna.com.br",
		"senha": "S1chenOdBl",
		"cep": "72305-503",
		"endereco": "Quadra QS 303 Conjunto 3",
		"numero": 988,
		"bairro": "Samambaia Sul (Samambaia)",
		"cidade": "Brasília",
		"estado": "DF",
		"telefone_fixo": "(61) 3918-1954",
		"celular": "(61) 99396-2262",
		"altura": "1,61",
		"peso": 87,
		"tipo_sanguineo": "A-",
		"cor": "azul"
	},
	{
		"nome": "Vitória Nina dos Santos",
		"idade": 54,
		"cpf": "495.956.701-54",
		"rg": "12.690.415-7",
		"data_nasc": "22/02/1969",
		"sexo": "Feminino",
		"signo": "Peixes",
		"mae": "Raimunda Isabella",
		"pai": "Ricardo Raimundo Ricardo dos Santos",
		"email": "vitorianinadossantos@geometrabte.com.br",
		"senha": "9Ztz131NL4",
		"cep": "71745-402",
		"endereco": "Quadra SMPW Quadra 24 Conjunto 2",
		"numero": 516,
		"bairro": "Setor de Mansões Park Way",
		"cidade": "Brasília",
		"estado": "DF",
		"telefone_fixo": "(61) 2893-1012",
		"celular": "(61) 99507-8365",
		"altura": "1,67",
		"peso": 66,
		"tipo_sanguineo": "B-",
		"cor": "vermelho"
	},
	{
		"nome": "Calebe Breno Alves",
		"idade": 25,
		"cpf": "883.587.261-80",
		"rg": "10.318.796-0",
		"data_nasc": "06/01/1998",
		"sexo": "Masculino",
		"signo": "Capricórnio",
		"mae": "Regina Amanda Débora",
		"pai": "Victor Thiago Kaique Alves",
		"email": "calebe_breno_alves@paraisopolis.com.br",
		"senha": "eqE2Bltsc1",
		"cep": "72005-175",
		"endereco": "Rua Rua 1 Chácara 13B",
		"numero": 173,
		"bairro": "Setor Habitacional Vicente Pires",
		"cidade": "Brasília",
		"estado": "DF",
		"telefone_fixo": "(61) 2508-0573",
		"celular": "(61) 99536-2315",
		"altura": "1,62",
		"peso": 52,
		"tipo_sanguineo": "O+",
		"cor": "roxo"
	},
	{
		"nome": "Caroline Elaine Silveira",
		"idade": 47,
		"cpf": "349.210.261-14",
		"rg": "34.585.145-6",
		"data_nasc": "06/02/1976",
		"sexo": "Feminino",
		"signo": "Aquário",
		"mae": "Hadassa Andreia",
		"pai": "Márcio Bernardo Silveira",
		"email": "carolineelainesilveira@gap.com.br",
		"senha": "Tikg5OMprY",
		"cep": "72006-302",
		"endereco": "Rua Rua 4 Chácara 258",
		"numero": 449,
		"bairro": "Setor Habitacional Vicente Pires",
		"cidade": "Brasília",
		"estado": "DF",
		"telefone_fixo": "(61) 2792-0700",
		"celular": "(61) 99391-6243",
		"altura": "1,54",
		"peso": 85,
		"tipo_sanguineo": "A+",
		"cor": "verde"
	},
	{
		"nome": "Igor João Nogueira",
		"idade": 59,
		"cpf": "985.088.181-06",
		"rg": "22.390.873-3",
		"data_nasc": "06/02/1964",
		"sexo": "Masculino",
		"signo": "Aquário",
		"mae": "Betina Stella",
		"pai": "Matheus Hugo Vitor Nogueira",
		"email": "igorjoaonogueira@kof.com.mx",
		"senha": "cFqDKIp0ao",
		"cep": "70770-116",
		"endereco": "Setor STN Bloco G",
		"numero": 450,
		"bairro": "Asa Norte",
		"cidade": "Brasília",
		"estado": "DF",
		"telefone_fixo": "(61) 3756-0360",
		"celular": "(61) 99564-9246",
		"altura": "1,78",
		"peso": 77,
		"tipo_sanguineo": "AB-",
		"cor": "amarelo"
	},
	{
		"nome": "Mateus Matheus Raul da Luz",
		"idade": 23,
		"cpf": "928.226.671-01",
		"rg": "48.971.076-1",
		"data_nasc": "20/01/2000",
		"sexo": "Masculino",
		"signo": "Capricórnio",
		"mae": "Luciana Luana",
		"pai": "Osvaldo Guilherme Davi da Luz",
		"email": "mateus_matheus_daluz@robertacorrea.com",
		"senha": "NnwcHOUaGN",
		"cep": "72327-003",
		"endereco": "Quadra QR 425 Conjunto 3",
		"numero": 249,
		"bairro": "Samambaia Norte (Samambaia)",
		"cidade": "Brasília",
		"estado": "DF",
		"telefone_fixo": "(61) 3687-7185",
		"celular": "(61) 99297-8760",
		"altura": "1,84",
		"peso": 84,
		"tipo_sanguineo": "AB+",
		"cor": "verde"
	},
	{
		"nome": "Bárbara Mariana Silvana Nunes",
		"idade": 18,
		"cpf": "962.854.971-50",
		"rg": "30.204.618-5",
		"data_nasc": "09/01/2005",
		"sexo": "Feminino",
		"signo": "Capricórnio",
		"mae": "Andreia Eliane",
		"pai": "Lorenzo Yago Nunes",
		"email": "barbaramariananunes@delfrateinfo.com.br",
		"senha": "ox8Rw6Od1M",
		"cep": "71884-278",
		"endereco": "Quadra QS 6 Bloco C",
		"numero": 362,
		"bairro": "Riacho Fundo II",
		"cidade": "Brasília",
		"estado": "DF",
		"telefone_fixo": "(61) 2699-0748",
		"celular": "(61) 99886-4278",
		"altura": "1,82",
		"peso": 60,
		"tipo_sanguineo": "AB-",
		"cor": "azul"
	},
	{
		"nome": "Pedro Henrique Ryan Assunção",
		"idade": 64,
		"cpf": "991.132.831-70",
		"rg": "44.363.292-3",
		"data_nasc": "25/01/1959",
		"sexo": "Masculino",
		"signo": "Aquário",
		"mae": "Luna Débora",
		"pai": "Cauê Edson Igor Assunção",
		"email": "pedro.henrique.assuncao@nipnet.com.br",
		"senha": "k9ANbilaNZ",
		"cep": "71968-360",
		"endereco": "Quadra QS 7 Rua 211",
		"numero": 519,
		"bairro": "Areal (Águas Claras)",
		"cidade": "Brasília",
		"estado": "DF",
		"telefone_fixo": "(61) 3876-0118",
		"celular": "(61) 99984-3623",
		"altura": "1,64",
		"peso": 91,
		"tipo_sanguineo": "O-",
		"cor": "roxo"
	},
	{
		"nome": "Benício Giovanni Caio Santos",
		"idade": 22,
		"cpf": "767.803.851-82",
		"rg": "35.511.541-4",
		"data_nasc": "21/02/2001",
		"sexo": "Masculino",
		"signo": "Peixes",
		"mae": "Isadora Analu",
		"pai": "Roberto Iago Bruno Santos",
		"email": "benicio_giovanni_santos@michaelpage.com.br",
		"senha": "dHk06IIAyT",
		"cep": "73011-130",
		"endereco": "Quadra Quadra 12 Comércio Local 12",
		"numero": 440,
		"bairro": "Sobradinho",
		"cidade": "Brasília",
		"estado": "DF",
		"telefone_fixo": "(61) 2865-6021",
		"celular": "(61) 98405-1348",
		"altura": "1,76",
		"peso": 88,
		"tipo_sanguineo": "A+",
		"cor": "vermelho"
	},
	{
		"nome": "Giovana Bárbara Corte Real",
		"idade": 80,
		"cpf": "093.905.001-33",
		"rg": "44.019.661-9",
		"data_nasc": "09/01/1943",
		"sexo": "Feminino",
		"signo": "Capricórnio",
		"mae": "Emily Marli Patrícia",
		"pai": "Ricardo Cláudio Raimundo Corte Real",
		"email": "giovana_barbara_cortereal@mmetalica.com.br",
		"senha": "gfLX4Cpzy4",
		"cep": "70675-107",
		"endereco": "Quadra QRSW 1 Bloco A-7",
		"numero": 638,
		"bairro": "Setor Sudoeste",
		"cidade": "Brasília",
		"estado": "DF",
		"telefone_fixo": "(61) 3658-0409",
		"celular": "(61) 99283-9113",
		"altura": "1,66",
		"peso": 58,
		"tipo_sanguineo": "AB-",
		"cor": "preto"
	},
	{
		"nome": "Bárbara Lara Cláudia Barros",
		"idade": 43,
		"cpf": "407.851.391-33",
		"rg": "27.339.553-1",
		"data_nasc": "21/01/1980",
		"sexo": "Feminino",
		"signo": "Aquário",
		"mae": "Sarah Vanessa Beatriz",
		"pai": "Heitor Victor Barros",
		"email": "barbara_lara_barros@engeco.com.br",
		"senha": "JEns4D9s9h",
		"cep": "72755-016",
		"endereco": "Quadra Quadra 55 Conjunto P",
		"numero": 735,
		"bairro": "Vila São José (Brazlândia)",
		"cidade": "Brasília",
		"estado": "DF",
		"telefone_fixo": "(61) 3789-7048",
		"celular": "(61) 98548-0769",
		"altura": "1,81",
		"peso": 53,
		"tipo_sanguineo": "B-",
		"cor": "amarelo"
	},
	{
		"nome": "Victor Thomas Gonçalves",
		"idade": 39,
		"cpf": "345.736.471-04",
		"rg": "44.490.470-0",
		"data_nasc": "20/01/1984",
		"sexo": "Masculino",
		"signo": "Capricórnio",
		"mae": "Betina Aparecida",
		"pai": "Benedito Marcelo Gonçalves",
		"email": "victor_goncalves@band.com",
		"senha": "7Ouwh6Zwcs",
		"cep": "72333-402",
		"endereco": "Quadra QR 625 Conjunto 2",
		"numero": 733,
		"bairro": "Samambaia Norte (Samambaia)",
		"cidade": "Brasília",
		"estado": "DF",
		"telefone_fixo": "(61) 3912-4206",
		"celular": "(61) 99311-8568",
		"altura": "1,78",
		"peso": 78,
		"tipo_sanguineo": "A-",
		"cor": "roxo"
	},
	{
		"nome": "Isabela Marina Simone Melo",
		"idade": 75,
		"cpf": "660.158.311-11",
		"rg": "44.786.362-9",
		"data_nasc": "25/01/1948",
		"sexo": "Feminino",
		"signo": "Aquário",
		"mae": "Valentina Nair",
		"pai": "Bento Kauê Melo",
		"email": "isabela-melo92@unitau.com.br",
		"senha": "HgfxgE2udg",
		"cep": "73046-030",
		"endereco": "Quadra Quadra 15 Comércio Local 11",
		"numero": 1000,
		"bairro": "Sobradinho",
		"cidade": "Brasília",
		"estado": "DF",
		"telefone_fixo": "(61) 2802-4353",
		"celular": "(61) 98630-9760",
		"altura": "1,70",
		"peso": 60,
		"tipo_sanguineo": "A+",
		"cor": "roxo"
	},
	{
		"nome": "Benjamin Antonio Gael da Rosa",
		"idade": 36,
		"cpf": "641.550.311-16",
		"rg": "19.820.781-5",
		"data_nasc": "17/01/1987",
		"sexo": "Masculino",
		"signo": "Capricórnio",
		"mae": "Antonella Jéssica Josefa",
		"pai": "Erick Benjamin da Rosa",
		"email": "benjamin_antonio_darosa@sandvik.com",
		"senha": "4Xa2y0ZDKE",
		"cep": "72735-000",
		"endereco": "Quadra Quadra 35",
		"numero": 857,
		"bairro": "Vila São José (Brazlândia)",
		"cidade": "Brasília",
		"estado": "DF",
		"telefone_fixo": "(61) 2607-6213",
		"celular": "(61) 98501-5343",
		"altura": "1,90",
		"peso": 68,
		"tipo_sanguineo": "A-",
		"cor": "preto"
	},
	{
		"nome": "Maitê Nair Raimunda Carvalho",
		"idade": 66,
		"cpf": "475.732.441-34",
		"rg": "23.690.875-3",
		"data_nasc": "22/02/1957",
		"sexo": "Feminino",
		"signo": "Peixes",
		"mae": "Josefa Priscila",
		"pai": "Kevin Gustavo Osvaldo Carvalho",
		"email": "maite_carvalho@mosman.com.br",
		"senha": "cs6KaqrUNP",
		"cep": "71009-010",
		"endereco": "Quadra SQB 1 Bloco A",
		"numero": 967,
		"bairro": "Guará I",
		"cidade": "Brasília",
		"estado": "DF",
		"telefone_fixo": "(61) 3996-8630",
		"celular": "(61) 98120-7423",
		"altura": "1,57",
		"peso": 85,
		"tipo_sanguineo": "O+",
		"cor": "amarelo"
	},
	{
		"nome": "Yasmin Elisa Pinto",
		"idade": 23,
		"cpf": "670.362.411-95",
		"rg": "40.842.430-8",
		"data_nasc": "05/02/2000",
		"sexo": "Feminino",
		"signo": "Aquário",
		"mae": "Sebastiana Daniela",
		"pai": "Breno Emanuel Pinto",
		"email": "yasmin_elisa_pinto@imaxbrasil.com.br",
		"senha": "FY1f7tdKTh",
		"cep": "71010-021",
		"endereco": "Quadra QE 2 Bloco B",
		"numero": 780,
		"bairro": "Guará I",
		"cidade": "Brasília",
		"estado": "DF",
		"telefone_fixo": "(61) 2536-0436",
		"celular": "(61) 99862-2118",
		"altura": "1,74",
		"peso": 90,
		"tipo_sanguineo": "AB-",
		"cor": "roxo"
	},
	{
		"nome": "Eduardo Hugo Vinicius Drumond",
		"idade": 64,
		"cpf": "314.607.321-89",
		"rg": "50.203.226-1",
		"data_nasc": "25/02/1959",
		"sexo": "Masculino",
		"signo": "Peixes",
		"mae": "Liz Mariane Eliane",
		"pai": "Bernardo Rafael Calebe Drumond",
		"email": "eduardo_drumond@ambev.com.br",
		"senha": "PpFS3CGX61",
		"cep": "72669-675",
		"endereco": "Condomínio Residencial Nova Betânia Quadra 16",
		"numero": 710,
		"bairro": "Recanto das Emas",
		"cidade": "Brasília",
		"estado": "DF",
		"telefone_fixo": "(61) 3962-1134",
		"celular": "(61) 98748-9814",
		"altura": "1,99",
		"peso": 103,
		"tipo_sanguineo": "O-",
		"cor": "roxo"
	},
	{
		"nome": "Fábio Ian Antonio Pereira",
		"idade": 70,
		"cpf": "749.921.571-73",
		"rg": "16.257.994-9",
		"data_nasc": "07/02/1953",
		"sexo": "Masculino",
		"signo": "Aquário",
		"mae": "Nicole Alice Larissa",
		"pai": "Davi Osvaldo Pereira",
		"email": "fabioianpereira@eptv.com.br",
		"senha": "ZRRUX1jHYp",
		"cep": "72548-222",
		"endereco": "Quadra CL 218 Bloco B",
		"numero": 121,
		"bairro": "Santa Maria",
		"cidade": "Brasília",
		"estado": "DF",
		"telefone_fixo": "(61) 3578-3503",
		"celular": "(61) 99587-4158",
		"altura": "1,75",
		"peso": 98,
		"tipo_sanguineo": "A+",
		"cor": "vermelho"
	},
	{
		"nome": "Teresinha Jennifer Castro",
		"idade": 42,
		"cpf": "548.154.551-98",
		"rg": "42.215.595-0",
		"data_nasc": "24/01/1981",
		"sexo": "Feminino",
		"signo": "Aquário",
		"mae": "Silvana Elza",
		"pai": "Davi Luís Cauê Castro",
		"email": "teresinhajennifercastro@kimmay.com.br",
		"senha": "FfdEa4EEiZ",
		"cep": "71215-261",
		"endereco": "Quadra SOF Sul Quadra 12 Conjunto A",
		"numero": 239,
		"bairro": "Zona Industrial (Guará)",
		"cidade": "Brasília",
		"estado": "DF",
		"telefone_fixo": "(61) 3660-1183",
		"celular": "(61) 99562-8994",
		"altura": "1,66",
		"peso": 70,
		"tipo_sanguineo": "AB+",
		"cor": "amarelo"
	},
	{
		"nome": "Anderson Benício da Mota",
		"idade": 22,
		"cpf": "848.752.491-52",
		"rg": "29.050.836-8",
		"data_nasc": "17/01/2001",
		"sexo": "Masculino",
		"signo": "Capricórnio",
		"mae": "Luciana Valentina Nair",
		"pai": "Mário Cauê Benjamin da Mota",
		"email": "andersonbeniciodamota@10clic.com.br",
		"senha": "KngMpiWLA6",
		"cep": "70610-100",
		"endereco": "Jardim Zoológico",
		"numero": 775,
		"bairro": "Setores Complementares",
		"cidade": "Brasília",
		"estado": "DF",
		"telefone_fixo": "(61) 2756-4155",
		"celular": "(61) 98836-3078",
		"altura": "1,66",
		"peso": 82,
		"tipo_sanguineo": "B+",
		"cor": "vermelho"
	},
	{
		"nome": "Ricardo Luan Kaique Cardoso",
		"idade": 65,
		"cpf": "017.728.771-31",
		"rg": "18.859.076-6",
		"data_nasc": "08/01/1958",
		"sexo": "Masculino",
		"signo": "Capricórnio",
		"mae": "Priscila Esther",
		"pai": "Anthony Gabriel Cardoso",
		"email": "ricardo_cardoso@facilitycom.com.br",
		"senha": "McYNTfrkli",
		"cep": "72343-152",
		"endereco": "Quadra QN 213 Conjunto 2",
		"numero": 376,
		"bairro": "Samambaia Norte (Samambaia)",
		"cidade": "Brasília",
		"estado": "DF",
		"telefone_fixo": "(61) 3578-8545",
		"celular": "(61) 99691-4678",
		"altura": "1,69",
		"peso": 54,
		"tipo_sanguineo": "B-",
		"cor": "amarelo"
	},
	{
		"nome": "Esther Aparecida Ester Nascimento",
		"idade": 71,
		"cpf": "720.877.911-20",
		"rg": "22.993.272-1",
		"data_nasc": "02/02/1952",
		"sexo": "Feminino",
		"signo": "Aquário",
		"mae": "Emanuelly Francisca",
		"pai": "Igor Lucca Edson Nascimento",
		"email": "estheraparecidanascimento@dillon.com.br",
		"senha": "i3LoBx9b86",
		"cep": "72321-570",
		"endereco": "Quadra QS 413",
		"numero": 966,
		"bairro": "Samambaia Norte (Samambaia)",
		"cidade": "Brasília",
		"estado": "DF",
		"telefone_fixo": "(61) 2936-6752",
		"celular": "(61) 99825-4820",
		"altura": "1,76",
		"peso": 74,
		"tipo_sanguineo": "AB-",
		"cor": "laranja"
	},
	{
		"nome": "Igor José Caio Souza",
		"idade": 52,
		"cpf": "558.108.711-35",
		"rg": "11.144.449-4",
		"data_nasc": "10/01/1971",
		"sexo": "Masculino",
		"signo": "Capricórnio",
		"mae": "Elisa Alessandra",
		"pai": "Luís Isaac Souza",
		"email": "igorjosesouza@kascher.com.br",
		"senha": "eTnY1wFy0I",
		"cep": "70655-013",
		"endereco": "Quadra SHCES Quadra 913 Bloco C",
		"numero": 731,
		"bairro": "Cruzeiro Novo",
		"cidade": "Brasília",
		"estado": "DF",
		"telefone_fixo": "(61) 2805-6792",
		"celular": "(61) 98385-8946",
		"altura": "1,86",
		"peso": 55,
		"tipo_sanguineo": "B-",
		"cor": "azul"
	},
	{
		"nome": "Diogo Theo Aragão",
		"idade": 20,
		"cpf": "263.691.231-29",
		"rg": "44.254.039-5",
		"data_nasc": "20/02/2003",
		"sexo": "Masculino",
		"signo": "Peixes",
		"mae": "Lara Catarina",
		"pai": "Nicolas Otávio Jorge Aragão",
		"email": "diogotheoaragao@redhouse.com.br",
		"senha": "7ouCsBdA55",
		"cep": "72622-414",
		"endereco": "Quadra Quadra 311 Comércio Local s/n",
		"numero": 948,
		"bairro": "Recanto das Emas",
		"cidade": "Brasília",
		"estado": "DF",
		"telefone_fixo": "(61) 2871-5127",
		"celular": "(61) 98406-3872",
		"altura": "1,62",
		"peso": 84,
		"tipo_sanguineo": "B-",
		"cor": "azul"
	},
	{
		"nome": "Thales Igor Ferreira",
		"idade": 32,
		"cpf": "721.509.371-90",
		"rg": "42.466.039-8",
		"data_nasc": "24/02/1991",
		"sexo": "Masculino",
		"signo": "Peixes",
		"mae": "Evelyn Camila",
		"pai": "Osvaldo Guilherme Ferreira",
		"email": "thales_igor_ferreira@carubelli.com.br",
		"senha": "C75iHA0D38",
		"cep": "72260-806",
		"endereco": "Quadra QNO 18 Conjunto 6",
		"numero": 704,
		"bairro": "Ceilândia Norte (Ceilândia)",
		"cidade": "Brasília",
		"estado": "DF",
		"telefone_fixo": "(61) 2753-7018",
		"celular": "(61) 98260-7246",
		"altura": "1,87",
		"peso": 98,
		"tipo_sanguineo": "O-",
		"cor": "azul"
	},
	{
		"nome": "Cláudia Fernanda Fogaça",
		"idade": 28,
		"cpf": "284.696.551-08",
		"rg": "12.587.279-3",
		"data_nasc": "13/01/1995",
		"sexo": "Feminino",
		"signo": "Capricórnio",
		"mae": "Elisa Laura Francisca",
		"pai": "Miguel Carlos Eduardo Fogaça",
		"email": "claudia.fernanda.fogaca@sinsesp.com.br",
		"senha": "9kldBZngof",
		"cep": "72220-107",
		"endereco": "Quadra QNN 10 Conjunto G",
		"numero": 223,
		"bairro": "Ceilândia Sul (Ceilândia)",
		"cidade": "Brasília",
		"estado": "DF",
		"telefone_fixo": "(61) 2861-8238",
		"celular": "(61) 98343-9032",
		"altura": "1,64",
		"peso": 85,
		"tipo_sanguineo": "AB+",
		"cor": "azul"
	},
	{
		"nome": "Stefany Olivia Sarah Almeida",
		"idade": 61,
		"cpf": "733.209.111-98",
		"rg": "32.768.914-6",
		"data_nasc": "15/01/1962",
		"sexo": "Feminino",
		"signo": "Capricórnio",
		"mae": "Adriana Aurora Sandra",
		"pai": "José Theo Edson Almeida",
		"email": "stefany.olivia.almeida@nine9.com.br",
		"senha": "yW6wPt84N4",
		"cep": "72316-023",
		"endereco": "Quadra QR 206 Conjunto 23",
		"numero": 588,
		"bairro": "Samambaia Norte (Samambaia)",
		"cidade": "Brasília",
		"estado": "DF",
		"telefone_fixo": "(61) 3726-6946",
		"celular": "(61) 99552-5480",
		"altura": "1,64",
		"peso": 59,
		"tipo_sanguineo": "B-",
		"cor": "vermelho"
	},
	{
		"nome": "Alessandra Luciana Emilly Novaes",
		"idade": 74,
		"cpf": "913.714.261-55",
		"rg": "21.243.248-5",
		"data_nasc": "02/02/1949",
		"sexo": "Feminino",
		"signo": "Aquário",
		"mae": "Julia Valentina",
		"pai": "Kauê Luan Novaes",
		"email": "alessandra_novaes@corpus.com.br",
		"senha": "yu9e6fqcTY",
		"cep": "72509-200",
		"endereco": "Quadra CL 109",
		"numero": 719,
		"bairro": "Santa Maria",
		"cidade": "Brasília",
		"estado": "DF",
		"telefone_fixo": "(61) 2915-9436",
		"celular": "(61) 98419-9442",
		"altura": "1,68",
		"peso": 53,
		"tipo_sanguineo": "O-",
		"cor": "azul"
	},
	{
		"nome": "Carolina Mariane Lima",
		"idade": 44,
		"cpf": "753.013.431-06",
		"rg": "12.959.735-1",
		"data_nasc": "22/01/1979",
		"sexo": "Feminino",
		"signo": "Aquário",
		"mae": "Isis Sarah Aparecida",
		"pai": "Anthony Kevin Lima",
		"email": "carolinamarianelima@vizzacchi.com.br",
		"senha": "oY4gCW7ya3",
		"cep": "72315-555",
		"endereco": "Quadra QS 517 Conjunto E",
		"numero": 759,
		"bairro": "Samambaia Sul (Samambaia)",
		"cidade": "Brasília",
		"estado": "DF",
		"telefone_fixo": "(61) 2694-5612",
		"celular": "(61) 99902-9075",
		"altura": "1,82",
		"peso": 47,
		"tipo_sanguineo": "O+",
		"cor": "verde"
	},
	{
		"nome": "Benício Luan Davi Bernardes",
		"idade": 48,
		"cpf": "873.611.301-86",
		"rg": "45.464.938-1",
		"data_nasc": "19/02/1975",
		"sexo": "Masculino",
		"signo": "Aquário",
		"mae": "Alessandra Joana",
		"pai": "João Yago Lucca Bernardes",
		"email": "benicioluanbernardes@ulbra.edu.br",
		"senha": "z6MsXx8NtM",
		"cep": "73403-103",
		"endereco": "Módulo Módulo 1",
		"numero": 354,
		"bairro": "Setor Mansões Itiquira (Planaltina)",
		"cidade": "Brasília",
		"estado": "DF",
		"telefone_fixo": "(61) 3982-3342",
		"celular": "(61) 98160-5787",
		"altura": "1,68",
		"peso": 65,
		"tipo_sanguineo": "B-",
		"cor": "verde"
	}
]