[
	{
		"nome": "Alícia Jaqueline Giovanna Bernardes",
		"idade": 77,
		"cpf": "183.541.781-70",
		"rg": "48.033.651-9",
		"data_nasc": "18/02/1946",
		"sexo": "Feminino",
		"signo": "Aquário",
		"mae": "Isabelly Sophia Sophia",
		"pai": "Benjamin Carlos Bernardes",
		"email": "alicia.jaqueline.bernardes@ficopola.net",
		"senha": "oXWgMy4jMQ",
		"cep": "71699-382",
		"endereco": "Quadra QC 8 Rua K",
		"numero": 588,
		"bairro": "Jardins Mangueiral (São Sebastião)",
		"cidade": "Brasília",
		"estado": "DF",
		"telefone_fixo": "(61) 3526-9715",
		"celular": "(61) 98106-5567",
		"altura": "1,76",
		"peso": 53,
		"tipo_sanguineo": "O-",
		"cor": "laranja"
	},
	{
		"nome": "Osvaldo Caio Gustavo Oliveira",
		"idade": 79,
		"cpf": "235.315.471-94",
		"rg": "32.750.169-8",
		"data_nasc": "21/01/1944",
		"sexo": "Masculino",
		"signo": "Aquário",
		"mae": "Teresinha Antonella Esther",
		"pai": "Bruno Sérgio Oliveira",
		"email": "osvaldo_oliveira@uol.com.br",
		"senha": "K4gF2szKIR",
		"cep": "71065-112",
		"endereco": "Quadra QE 34 Conjunto K",
		"numero": 787,
		"bairro": "Guará II",
		"cidade": "Brasília",
		"estado": "DF",
		"telefone_fixo": "(61) 2912-6242",
		"celular": "(61) 99891-4890",
		"altura": "1,65",
		"peso": 95,
		"tipo_sanguineo": "B+",
		"cor": "azul"
	},
	{
		"nome": "Manuel Yuri Calebe Carvalho",
		"idade": 19,
		"cpf": "201.668.801-75",
		"rg": "49.677.875-4",
		"data_nasc": "04/01/2004",
		"sexo": "Masculino",
		"signo": "Capricórnio",
		"mae": "Giovana Milena",
		"pai": "Levi André Carvalho",
		"email": "manuel-carvalho99@tecsysbrasil.com.br",
		"senha": "LgK9k038Ti",
		"cep": "72305-202",
		"endereco": "Quadra QN 305 Conjunto 2",
		"numero": 679,
		"bairro": "Samambaia Sul (Samambaia)",
		"cidade": "Brasília",
		"estado": "DF",
		"telefone_fixo": "(61) 3780-2410",
		"celular": "(61) 98343-5477",
		"altura": "1,63",
		"peso": 77,
		"tipo_sanguineo": "O+",
		"cor": "preto"
	},
	{
		"nome": "Giovanni Carlos Eduardo da Conceição",
		"idade": 66,
		"cpf": "226.454.991-20",
		"rg": "42.109.613-5",
		"data_nasc": "01/01/1957",
		"sexo": "Masculino",
		"signo": "Capricórnio",
		"mae": "Luciana Nicole",
		"pai": "Martin Gustavo da Conceição",
		"email": "giovannicarlosdaconceicao@engineer.com",
		"senha": "RwEfWaM1B5",
		"cep": "70375-520",
		"endereco": "Quadra CLS 112 Bloco B",
		"numero": 100,
		"bairro": "Asa Sul",
		"cidade": "Brasília",
		"estado": "DF",
		"telefone_fixo": "(61) 3605-2706",
		"celular": "(61) 99754-6264",
		"altura": "1,82",
		"peso": 108,
		"tipo_sanguineo": "A+",
		"cor": "roxo"
	},
	{
		"nome": "Renan Eduardo Paulo Almada",
		"idade": 25,
		"cpf": "879.581.981-91",
		"rg": "37.052.627-2",
		"data_nasc": "09/02/1998",
		"sexo": "Masculino",
		"signo": "Aquário",
		"mae": "Larissa Antônia",
		"pai": "Leonardo Fábio Ryan Almada",
		"email": "renan_eduardo_almada@iquattro.com.br",
		"senha": "gayLlpw3RL",
		"cep": "70761-640",
		"endereco": "Quadra SCRN 714/715 Bloco D",
		"numero": 713,
		"bairro": "Asa Norte",
		"cidade": "Brasília",
		"estado": "DF",
		"telefone_fixo": "(61) 2743-0216",
		"celular": "(61) 99429-7950",
		"altura": "1,69",
		"peso": 91,
		"tipo_sanguineo": "AB+",
		"cor": "amarelo"
	},
	{
		"nome": "Gael Breno Davi Brito",
		"idade": 78,
		"cpf": "392.814.951-20",
		"rg": "11.848.095-9",
		"data_nasc": "09/02/1945",
		"sexo": "Masculino",
		"signo": "Aquário",
		"mae": "Giovanna Emilly Heloisa",
		"pai": "Eduardo Raul Brito",
		"email": "gael.breno.brito@jp.ind.br",
		"senha": "A46pRz48aB",
		"cep": "70630-512",
		"endereco": "Quadra QRSN Conjunto 4",
		"numero": 604,
		"bairro": "Setor Militar Urbano",
		"cidade": "Brasília",
		"estado": "DF",
		"telefone_fixo": "(61) 3574-8475",
		"celular": "(61) 98732-3154",
		"altura": "1,75",
		"peso": 86,
		"tipo_sanguineo": "AB+",
		"cor": "verde"
	},
	{
		"nome": "Jaqueline Sebastiana Vitória Vieira",
		"idade": 79,
		"cpf": "708.257.021-00",
		"rg": "45.469.093-9",
		"data_nasc": "18/01/1944",
		"sexo": "Feminino",
		"signo": "Capricórnio",
		"mae": "Adriana Elza Carolina",
		"pai": "Ryan Manoel Vieira",
		"email": "jaqueline.sebastiana.vieira@superig.com.br",
		"senha": "IDkgr7ZSuB",
		"cep": "73310-182",
		"endereco": "Área Setor Educacional Lote Q",
		"numero": 576,
		"bairro": "Setor de Educação (Planaltina)",
		"cidade": "Brasília",
		"estado": "DF",
		"telefone_fixo": "(61) 3828-6485",
		"celular": "(61) 99735-6620",
		"altura": "1,66",
		"peso": 45,
		"tipo_sanguineo": "AB+",
		"cor": "azul"
	},
	{
		"nome": "Clara Carolina da Silva",
		"idade": 48,
		"cpf": "760.585.541-95",
		"rg": "10.023.725-3",
		"data_nasc": "11/01/1975",
		"sexo": "Feminino",
		"signo": "Capricórnio",
		"mae": "Stefany Benedita Priscila",
		"pai": "Giovanni Anthony da Silva",
		"email": "clara_carolina_dasilva@yahoo.es",
		"senha": "uBy3eX9Cao",
		"cep": "72225-353",
		"endereco": "Quadra QNN 35 Conjunto C",
		"numero": 468,
		"bairro": "Ceilândia Norte (Ceilândia)",
		"cidade": "Brasília",
		"estado": "DF",
		"telefone_fixo": "(61) 2505-9473",
		"celular": "(61) 98505-4453",
		"altura": "1,68",
		"peso": 85,
		"tipo_sanguineo": "A+",
		"cor": "amarelo"
	},
	{
		"nome": "Lorenzo Diogo Campos",
		"idade": 18,
		"cpf": "433.594.691-00",
		"rg": "35.639.620-4",
		"data_nasc": "24/02/2005",
		"sexo": "Masculino",
		"signo": "Peixes",
		"mae": "Letícia Rita Laura",
		"pai": "Iago Fernando Campos",
		"email": "lorenzo_diogo_campos@onvale.com",
		"senha": "lX8ha1Y4Il",
		"cep": "72225-190",
		"endereco": "Quadra QNN 19",
		"numero": 625,
		"bairro": "Ceilândia Norte (Ceilândia)",
		"cidade": "Brasília",
		"estado": "DF",
		"telefone_fixo": "(61) 3603-0812",
		"celular": "(61) 98217-9771",
		"altura": "1,89",
		"peso": 79,
		"tipo_sanguineo": "AB+",
		"cor": "laranja"
	},
	{
		"nome": "Bento Henrique Raimundo Porto",
		"idade": 56,
		"cpf": "279.223.731-71",
		"rg": "33.554.332-7",
		"data_nasc": "01/01/1967",
		"sexo": "Masculino",
		"signo": "Capricórnio",
		"mae": "Mirella Isabelly Marcela",
		"pai": "Gael José Porto",
		"email": "bento_porto@ipk.org.br",
		"senha": "Bmr5CbKWEB",
		"cep": "72641-131",
		"endereco": "Quadra Quadra 605 Conjunto 8-A",
		"numero": 514,
		"bairro": "Recanto das Emas",
		"cidade": "Brasília",
		"estado": "DF",
		"telefone_fixo": "(61) 2805-2560",
		"celular": "(61) 98826-9350",
		"altura": "1,70",
		"peso": 109,
		"tipo_sanguineo": "B+",
		"cor": "azul"
	},
	{
		"nome": "Marcelo Guilherme Novaes",
		"idade": 70,
		"cpf": "174.916.351-99",
		"rg": "35.236.804-4",
		"data_nasc": "08/01/1953",
		"sexo": "Masculino",
		"signo": "Capricórnio",
		"mae": "Betina Daniela Alessandra",
		"pai": "Davi Fábio Novaes",
		"email": "marceloguilhermenovaes@publiout.com.br",
		"senha": "lzGW7xt6cM",
		"cep": "71670-220",
		"endereco": "Quadra SHIS QI 28 Conjunto 2",
		"numero": 370,
		"bairro": "Setor de Habitações Individuais Sul",
		"cidade": "Brasília",
		"estado": "DF",
		"telefone_fixo": "(61) 3768-5099",
		"celular": "(61) 99392-0310",
		"altura": "1,76",
		"peso": 90,
		"tipo_sanguineo": "A+",
		"cor": "vermelho"
	},
	{
		"nome": "Carla Betina Josefa Freitas",
		"idade": 80,
		"cpf": "344.706.011-52",
		"rg": "41.881.670-0",
		"data_nasc": "04/02/1943",
		"sexo": "Feminino",
		"signo": "Aquário",
		"mae": "Julia Fabiana Hadassa",
		"pai": "Samuel Danilo Breno Freitas",
		"email": "carlabetinafreitas@tkk.com.br",
		"senha": "1qW7sbymLb",
		"cep": "71261-075",
		"endereco": "Quadra Quadra 1 Conjunto 13",
		"numero": 756,
		"bairro": "Setor Leste (Vila Estrutural - Guará)",
		"cidade": "Brasília",
		"estado": "DF",
		"telefone_fixo": "(61) 2759-9468",
		"celular": "(61) 99710-0316",
		"altura": "1,76",
		"peso": 55,
		"tipo_sanguineo": "A+",
		"cor": "vermelho"
	},
	{
		"nome": "Osvaldo Victor das Neves",
		"idade": 21,
		"cpf": "209.018.071-41",
		"rg": "36.742.324-8",
		"data_nasc": "25/02/2002",
		"sexo": "Masculino",
		"signo": "Peixes",
		"mae": "Ayla Marlene Melissa",
		"pai": "Benedito Igor das Neves",
		"email": "osvaldo_dasneves@oliveiracontabil.com.br",
		"senha": "JCgeozw2Mn",
		"cep": "72669-521",
		"endereco": "Condomínio Residencial Guarapari Quadra 3",
		"numero": 878,
		"bairro": "Recanto das Emas",
		"cidade": "Brasília",
		"estado": "DF",
		"telefone_fixo": "(61) 2504-5402",
		"celular": "(61) 98466-1696",
		"altura": "2,00",
		"peso": 89,
		"tipo_sanguineo": "AB+",
		"cor": "vermelho"
	},
	{
		"nome": "Kevin Fernando Mendes",
		"idade": 68,
		"cpf": "086.178.901-69",
		"rg": "11.898.901-7",
		"data_nasc": "20/01/1955",
		"sexo": "Masculino",
		"signo": "Capricórnio",
		"mae": "Marcela Flávia Daiane",
		"pai": "Cauã Pedro Carlos Eduardo Mendes",
		"email": "kevin_mendes@plani.com.br",
		"senha": "G7ooGx0zBq",
		"cep": "72307-200",
		"endereco": "Quadra QN 313",
		"numero": 536,
		"bairro": "Samambaia Sul (Samambaia)",
		"cidade": "Brasília",
		"estado": "DF",
		"telefone_fixo": "(61) 3795-9167",
		"celular": "(61) 99893-3444",
		"altura": "1,65",
		"peso": 80,
		"tipo_sanguineo": "AB-",
		"cor": "amarelo"
	},
	{
		"nome": "Iago Yuri José Moura",
		"idade": 55,
		"cpf": "134.646.341-75",
		"rg": "27.456.593-6",
		"data_nasc": "07/02/1968",
		"sexo": "Masculino",
		"signo": "Aquário",
		"mae": "Gabrielly Emily Luciana",
		"pai": "Bryan Cláudio Sérgio Moura",
		"email": "iago_yuri_moura@associate.com.br",
		"senha": "nKXW6K5GWJ",
		"cep": "73065-164",
		"endereco": "Conjunto AR 16 Conjunto 4",
		"numero": 522,
		"bairro": "Setor Oeste (Sobradinho II)",
		"cidade": "Brasília",
		"estado": "DF",
		"telefone_fixo": "(61) 2508-1968",
		"celular": "(61) 98436-3291",
		"altura": "1,84",
		"peso": 53,
		"tipo_sanguineo": "O-",
		"cor": "azul"
	},
	{
		"nome": "Laís Heloise Monteiro",
		"idade": 68,
		"cpf": "436.082.391-62",
		"rg": "43.678.463-4",
		"data_nasc": "15/01/1955",
		"sexo": "Feminino",
		"signo": "Capricórnio",
		"mae": "Esther Julia",
		"pai": "Miguel Raul João Monteiro",
		"email": "lais.heloise.monteiro@chalu.com.br",
		"senha": "z39eg9utOb",
		"cep": "71010-620",
		"endereco": "Quadra QI 2 Bloco B",
		"numero": 709,
		"bairro": "Guará I",
		"cidade": "Brasília",
		"estado": "DF",
		"telefone_fixo": "(61) 2925-5592",
		"celular": "(61) 99488-0034",
		"altura": "1,77",
		"peso": 67,
		"tipo_sanguineo": "AB+",
		"cor": "amarelo"
	},
	{
		"nome": "Elisa Olivia Pinto",
		"idade": 21,
		"cpf": "515.376.161-45",
		"rg": "17.874.910-2",
		"data_nasc": "16/02/2002",
		"sexo": "Feminino",
		"signo": "Aquário",
		"mae": "Aurora Rita Giovana",
		"pai": "Rodrigo Heitor Elias Pinto",
		"email": "elisa.olivia.pinto@trimempresas.com.br",
		"senha": "Hn7SCpnyrz",
		"cep": "71884-522",
		"endereco": "Quadra QS 14 Conjunto 6",
		"numero": 321,
		"bairro": "Riacho Fundo II",
		"cidade": "Brasília",
		"estado": "DF",
		"telefone_fixo": "(61) 2960-6136",
		"celular": "(61) 99284-7442",
		"altura": "1,83",
		"peso": 90,
		"tipo_sanguineo": "A-",
		"cor": "azul"
	},
	{
		"nome": "Benjamin Gustavo Jorge dos Santos",
		"idade": 39,
		"cpf": "013.493.701-50",
		"rg": "42.434.494-4",
		"data_nasc": "25/01/1984",
		"sexo": "Masculino",
		"signo": "Aquário",
		"mae": "Alessandra Analu Alessandra",
		"pai": "Juan Benjamin dos Santos",
		"email": "benjamingustavodossantos@habby-appe.com.br",
		"senha": "YzWE1CRR1a",
		"cep": "72310-008",
		"endereco": "Quadra QN 320 Conjunto 8",
		"numero": 183,
		"bairro": "Samambaia Sul (Samambaia)",
		"cidade": "Brasília",
		"estado": "DF",
		"telefone_fixo": "(61) 2998-3293",
		"celular": "(61) 99164-7877",
		"altura": "2,00",
		"peso": 103,
		"tipo_sanguineo": "AB-",
		"cor": "amarelo"
	},
	{
		"nome": "Sueli Brenda Pereira",
		"idade": 60,
		"cpf": "639.203.531-10",
		"rg": "12.178.867-2",
		"data_nasc": "24/02/1963",
		"sexo": "Feminino",
		"signo": "Peixes",
		"mae": "Laís Julia Cláudia",
		"pai": "Yago Benjamin Pereira",
		"email": "sueli_brenda_pereira@baltico.com.br",
		"senha": "WFnNgtKYzq",
		"cep": "71881-672",
		"endereco": "Quadra QN 16 Conjunto 12",
		"numero": 778,
		"bairro": "Riacho Fundo II",
		"cidade": "Brasília",
		"estado": "DF",
		"telefone_fixo": "(61) 2963-3018",
		"celular": "(61) 98429-1555",
		"altura": "1,69",
		"peso": 47,
		"tipo_sanguineo": "O-",
		"cor": "vermelho"
	},
	{
		"nome": "Amanda Sophia Carolina Cavalcanti",
		"idade": 78,
		"cpf": "245.985.431-59",
		"rg": "50.479.793-1",
		"data_nasc": "16/01/1945",
		"sexo": "Feminino",
		"signo": "Capricórnio",
		"mae": "Sônia Rayssa Maya",
		"pai": "Joaquim Murilo Carlos Eduardo Cavalcanti",
		"email": "amanda_sophia_cavalcanti@grupoarteoficio.com.br",
		"senha": "R4MM47cry2",
		"cep": "72509-409",
		"endereco": "Quadra QR 209 Conjunto I",
		"numero": 101,
		"bairro": "Santa Maria",
		"cidade": "Brasília",
		"estado": "DF",
		"telefone_fixo": "(61) 2803-8825",
		"celular": "(61) 98696-0170",
		"altura": "1,74",
		"peso": 83,
		"tipo_sanguineo": "B+",
		"cor": "amarelo"
	},
	{
		"nome": "Leonardo Edson Assis",
		"idade": 59,
		"cpf": "501.710.241-84",
		"rg": "47.964.612-0",
		"data_nasc": "19/01/1964",
		"sexo": "Masculino",
		"signo": "Capricórnio",
		"mae": "Benedita Carolina Aline",
		"pai": "Igor Yuri Nathan Assis",
		"email": "leonardo_edson_assis@hotmmail.com",
		"senha": "4T0bnPWNix",
		"cep": "72316-121",
		"endereco": "Quadra QR 208 Conjunto 20",
		"numero": 379,
		"bairro": "Samambaia Norte (Samambaia)",
		"cidade": "Brasília",
		"estado": "DF",
		"telefone_fixo": "(61) 3951-3048",
		"celular": "(61) 98495-6029",
		"altura": "1,72",
		"peso": 89,
		"tipo_sanguineo": "B+",
		"cor": "azul"
	},
	{
		"nome": "Vitória Eliane Ayla Barros",
		"idade": 21,
		"cpf": "029.715.541-55",
		"rg": "44.807.605-6",
		"data_nasc": "20/02/2002",
		"sexo": "Feminino",
		"signo": "Peixes",
		"mae": "Raquel Eliane Vera",
		"pai": "Iago Henry Barros",
		"email": "vitoriaelianebarros@lctour.com.br",
		"senha": "otktjpg4fZ",
		"cep": "71070-115",
		"endereco": "Quadra QE 42 Conjunto K",
		"numero": 805,
		"bairro": "Guará II",
		"cidade": "Brasília",
		"estado": "DF",
		"telefone_fixo": "(61) 3874-1426",
		"celular": "(61) 98453-6372",
		"altura": "1,56",
		"peso": 74,
		"tipo_sanguineo": "B+",
		"cor": "vermelho"
	},
	{
		"nome": "Milena Analu Almeida",
		"idade": 60,
		"cpf": "350.237.791-06",
		"rg": "14.856.845-2",
		"data_nasc": "08/01/1963",
		"sexo": "Feminino",
		"signo": "Capricórnio",
		"mae": "Carolina Carolina",
		"pai": "Victor Benício Miguel Almeida",
		"email": "milena-almeida96@br.pwc.com",
		"senha": "wiiO1GbsgI",
		"cep": "71675-120",
		"endereco": "Quadra SHIS QI 27 Conjunto 12",
		"numero": 125,
		"bairro": "Setor de Habitações Individuais Sul",
		"cidade": "Brasília",
		"estado": "DF",
		"telefone_fixo": "(61) 3797-1761",
		"celular": "(61) 99208-3454",
		"altura": "1,64",
		"peso": 87,
		"tipo_sanguineo": "AB+",
		"cor": "vermelho"
	},
	{
		"nome": "Sara Josefa Pires",
		"idade": 28,
		"cpf": "835.867.951-30",
		"rg": "17.589.189-8",
		"data_nasc": "01/02/1995",
		"sexo": "Feminino",
		"signo": "Aquário",
		"mae": "Alessandra Emilly",
		"pai": "João Mário Pires",
		"email": "sarajosefapires@lojapetline.com.br",
		"senha": "bOlMCe9w8h",
		"cep": "72318-315",
		"endereco": "Quadra QR 408 Conjunto 14",
		"numero": 421,
		"bairro": "Samambaia Norte (Samambaia)",
		"cidade": "Brasília",
		"estado": "DF",
		"telefone_fixo": "(61) 3521-2228",
		"celular": "(61) 98101-2174",
		"altura": "1,83",
		"peso": 76,
		"tipo_sanguineo": "AB+",
		"cor": "azul"
	},
	{
		"nome": "Murilo Hugo Duarte",
		"idade": 20,
		"cpf": "535.281.831-44",
		"rg": "21.549.985-2",
		"data_nasc": "14/02/2003",
		"sexo": "Masculino",
		"signo": "Aquário",
		"mae": "Josefa Patrícia",
		"pai": "Julio Vicente Duarte",
		"email": "murilo-duarte92@trt15.jus.br",
		"senha": "cqTs5Qox5d",
		"cep": "72705-516",
		"endereco": "Terminal Rodoviário",
		"numero": 258,
		"bairro": "Setor Norte (Brazlândia)",
		"cidade": "Brasília",
		"estado": "DF",
		"telefone_fixo": "(61) 3602-3714",
		"celular": "(61) 98405-3525",
		"altura": "1,99",
		"peso": 55,
		"tipo_sanguineo": "B+",
		"cor": "azul"
	},
	{
		"nome": "Pietra Andreia de Paula",
		"idade": 45,
		"cpf": "353.200.361-91",
		"rg": "16.872.542-3",
		"data_nasc": "08/02/1978",
		"sexo": "Feminino",
		"signo": "Aquário",
		"mae": "Nina Rosa Teresinha",
		"pai": "Arthur Leandro Emanuel de Paula",
		"email": "pietraandreiadepaula@tedde.com.br",
		"senha": "90MBYnWh82",
		"cep": "72428-056",
		"endereco": "Núcleo Rural Casa Grande Módulo 1 MA - 34",
		"numero": 135,
		"bairro": "Ponte Alta (Gama)",
		"cidade": "Brasília",
		"estado": "DF",
		"telefone_fixo": "(61) 2626-1361",
		"celular": "(61) 98959-1391",
		"altura": "1,58",
		"peso": 49,
		"tipo_sanguineo": "A-",
		"cor": "azul"
	},
	{
		"nome": "Liz Raimunda Nunes",
		"idade": 27,
		"cpf": "278.202.041-25",
		"rg": "34.338.161-8",
		"data_nasc": "05/01/1996",
		"sexo": "Feminino",
		"signo": "Capricórnio",
		"mae": "Ester Maitê Luiza",
		"pai": "Caio Erick Oliver Nunes",
		"email": "liz_nunes@dafitex.com.br",
		"senha": "yYBU8g8LAk",
		"cep": "71740-028",
		"endereco": "Quadra SMPW Quadra 13 Conjunto 5",
		"numero": 480,
		"bairro": "Setor de Mansões Park Way",
		"cidade": "Brasília",
		"estado": "DF",
		"telefone_fixo": "(61) 3764-3486",
		"celular": "(61) 99742-4379",
		"altura": "1,79",
		"peso": 59,
		"tipo_sanguineo": "AB-",
		"cor": "preto"
	},
	{
		"nome": "Beatriz Rosângela Clarice Assunção",
		"idade": 73,
		"cpf": "174.048.421-58",
		"rg": "21.601.171-1",
		"data_nasc": "16/01/1950",
		"sexo": "Feminino",
		"signo": "Capricórnio",
		"mae": "Aparecida Sophia Isabelly",
		"pai": "Thales Elias Carlos Assunção",
		"email": "beatriz_rosangela_assuncao@jbtc.com",
		"senha": "bcn3FO9dHu",
		"cep": "72511-103",
		"endereco": "Quadra QR 211 Conjunto C",
		"numero": 861,
		"bairro": "Santa Maria",
		"cidade": "Brasília",
		"estado": "DF",
		"telefone_fixo": "(61) 3596-9435",
		"celular": "(61) 99344-2835",
		"altura": "1,50",
		"peso": 71,
		"tipo_sanguineo": "B-",
		"cor": "vermelho"
	},
	{
		"nome": "Patrícia Elisa Silveira",
		"idade": 45,
		"cpf": "140.889.091-78",
		"rg": "47.218.711-9",
		"data_nasc": "24/01/1978",
		"sexo": "Feminino",
		"signo": "Aquário",
		"mae": "Francisca Esther",
		"pai": "Márcio Gael Silveira",
		"email": "patriciaelisasilveira@comunikapublicidade.com.br",
		"senha": "lzUKDKFQ1r",
		"cep": "72508-208",
		"endereco": "Quadra CL 108 Bloco H",
		"numero": 628,
		"bairro": "Santa Maria",
		"cidade": "Brasília",
		"estado": "DF",
		"telefone_fixo": "(61) 2699-7931",
		"celular": "(61) 99659-8613",
		"altura": "1,66",
		"peso": 75,
		"tipo_sanguineo": "B+",
		"cor": "roxo"
	},
	{
		"nome": "Gustavo Antonio Edson Lima",
		"idade": 35,
		"cpf": "979.670.641-51",
		"rg": "36.654.005-1",
		"data_nasc": "24/02/1988",
		"sexo": "Masculino",
		"signo": "Peixes",
		"mae": "Sandra Elisa",
		"pai": "Benjamin Juan Lucas Lima",
		"email": "gustavo_antonio_lima@policiacivil.sp.gov.br",
		"senha": "JmNOnQ7rUR",
		"cep": "72308-313",
		"endereco": "Quadra QR 314 Conjunto 11",
		"numero": 994,
		"bairro": "Samambaia Sul (Samambaia)",
		"cidade": "Brasília",
		"estado": "DF",
		"telefone_fixo": "(61) 2811-1956",
		"celular": "(61) 98167-7105",
		"altura": "1,60",
		"peso": 56,
		"tipo_sanguineo": "O-",
		"cor": "verde"
	}
]