[
	{
		"nome": "André Sebastião Almeida",
		"idade": 26,
		"cpf": "413.211.666-21",
		"rg": "17.993.345-0",
		"data_nasc": "07/01/1997",
		"sexo": "Masculino",
		"signo": "Capricórnio",
		"mae": "Betina Emanuelly Priscila",
		"pai": "Gael Benedito Almeida",
		"email": "andre_almeida@virage.com.br",
		"senha": "ISUwg3elN3",
		"cep": "59124-570",
		"endereco": "Rua Biguaçu",
		"numero": 893,
		"bairro": "Potengi",
		"cidade": "Natal",
		"estado": "RN",
		"telefone_fixo": "(84) 2987-0473",
		"celular": "(84) 99803-6304",
		"altura": "1,99",
		"peso": 110,
		"tipo_sanguineo": "O+",
		"cor": "vermelho"
	},
	{
		"nome": "Augusto Davi Giovanni Duarte",
		"idade": 56,
		"cpf": "087.829.383-34",
		"rg": "48.301.974-4",
		"data_nasc": "23/02/1967",
		"sexo": "Masculino",
		"signo": "Peixes",
		"mae": "Sophie Regina",
		"pai": "Gael Victor Murilo Duarte",
		"email": "augustodaviduarte@geometrabte.com.br",
		"senha": "K9ntGxopsC",
		"cep": "68702-140",
		"endereco": "Travessa dos Tamoios",
		"numero": 939,
		"bairro": "Tancredo Neves",
		"cidade": "Capanema",
		"estado": "PA",
		"telefone_fixo": "(91) 2854-0693",
		"celular": "(91) 98429-3313",
		"altura": "1,95",
		"peso": 69,
		"tipo_sanguineo": "AB+",
		"cor": "roxo"
	},
	{
		"nome": "Maitê Pietra Tatiane Baptista",
		"idade": 78,
		"cpf": "752.404.909-96",
		"rg": "43.605.415-2",
		"data_nasc": "10/02/1945",
		"sexo": "Feminino",
		"signo": "Aquário",
		"mae": "Nair Nina Vitória",
		"pai": "Fernando Leonardo Victor Baptista",
		"email": "maite_pietra_baptista@pgpci.com.br",
		"senha": "Sf31n6yDbS",
		"cep": "59154-210",
		"endereco": "Rua Pau D'Arco",
		"numero": 533,
		"bairro": "Parque das Árvores",
		"cidade": "Parnamirim",
		"estado": "RN",
		"telefone_fixo": "(84) 2945-5134",
		"celular": "(84) 98843-1655",
		"altura": "1,63",
		"peso": 65,
		"tipo_sanguineo": "A+",
		"cor": "vermelho"
	},
	{
		"nome": "Rodrigo Ruan Nunes",
		"idade": 37,
		"cpf": "254.265.811-00",
		"rg": "18.949.540-6",
		"data_nasc": "19/01/1986",
		"sexo": "Masculino",
		"signo": "Capricórnio",
		"mae": "Julia Patrícia",
		"pai": "Raimundo Augusto Nunes",
		"email": "rodrigo.ruan.nunes@contjulioroberto.com.br",
		"senha": "BuU750XZL5",
		"cep": "71660-280",
		"endereco": "Quadra SHIS QI 25 Conjunto 8",
		"numero": 672,
		"bairro": "Setor de Habitações Individuais Sul",
		"cidade": "Brasília",
		"estado": "DF",
		"telefone_fixo": "(61) 3813-7009",
		"celular": "(61) 99294-8487",
		"altura": "1,71",
		"peso": 56,
		"tipo_sanguineo": "B-",
		"cor": "vermelho"
	},
	{
		"nome": "Yasmin Laura Yasmin Figueiredo",
		"idade": 61,
		"cpf": "564.245.843-40",
		"rg": "16.239.126-2",
		"data_nasc": "02/02/1962",
		"sexo": "Feminino",
		"signo": "Aquário",
		"mae": "Sarah Clarice Giovana",
		"pai": "Edson Oliver Osvaldo Figueiredo",
		"email": "yasmin.laura.figueiredo@tribunaimpressa.com.br",
		"senha": "uhBJxD8ERM",
		"cep": "20210-970",
		"endereco": "Avenida Presidente Vargas 3077 2º Andar",
		"numero": 245,
		"bairro": "Cidade Nova",
		"cidade": "Rio de Janeiro",
		"estado": "RJ",
		"telefone_fixo": "(21) 2626-9531",
		"celular": "(21) 98964-6182",
		"altura": "1,67",
		"peso": 62,
		"tipo_sanguineo": "A+",
		"cor": "vermelho"
	},
	{
		"nome": "Igor Bernardo Raul Campos",
		"idade": 28,
		"cpf": "718.281.133-28",
		"rg": "17.962.778-8",
		"data_nasc": "08/02/1995",
		"sexo": "Masculino",
		"signo": "Aquário",
		"mae": "Antônia Isabella Mariah",
		"pai": "Vitor Heitor Campos",
		"email": "igor_bernardo_campos@michaelpage.com.br",
		"senha": "Dih7LkLEmZ",
		"cep": "60311-060",
		"endereco": "Travessa Padre Linhares",
		"numero": 408,
		"bairro": "Pirambu",
		"cidade": "Fortaleza",
		"estado": "CE",
		"telefone_fixo": "(85) 3732-5718",
		"celular": "(85) 98428-9012",
		"altura": "1,61",
		"peso": 69,
		"tipo_sanguineo": "O-",
		"cor": "amarelo"
	},
	{
		"nome": "Rayssa Andrea Liz Moraes",
		"idade": 33,
		"cpf": "049.807.271-15",
		"rg": "31.403.890-5",
		"data_nasc": "05/02/1990",
		"sexo": "Feminino",
		"signo": "Aquário",
		"mae": "Elisa Isabel",
		"pai": "Leandro Igor Márcio Moraes",
		"email": "rayssa.andrea.moraes@patriciagrillo.adv.br",
		"senha": "4BuDWpARn5",
		"cep": "65044-459",
		"endereco": "Rua União",
		"numero": 682,
		"bairro": "Parque Nice Lobão",
		"cidade": "São Luís",
		"estado": "MA",
		"telefone_fixo": "(98) 2812-2085",
		"celular": "(98) 98706-7476",
		"altura": "1,78",
		"peso": 77,
		"tipo_sanguineo": "B+",
		"cor": "azul"
	},
	{
		"nome": "Giovana Isis Clarice das Neves",
		"idade": 74,
		"cpf": "960.578.793-84",
		"rg": "39.425.969-5",
		"data_nasc": "12/01/1949",
		"sexo": "Feminino",
		"signo": "Capricórnio",
		"mae": "Elza Elza Luna",
		"pai": "Murilo Kaique das Neves",
		"email": "giovana_dasneves@globo.com",
		"senha": "5sGABIX4YL",
		"cep": "76801-972",
		"endereco": "Avenida dos Imigrantes 2137",
		"numero": 576,
		"bairro": "São Sebastião",
		"cidade": "Porto Velho",
		"estado": "RO",
		"telefone_fixo": "(69) 2651-1465",
		"celular": "(69) 98448-0920",
		"altura": "1,56",
		"peso": 49,
		"tipo_sanguineo": "B-",
		"cor": "azul"
	},
	{
		"nome": "Anderson Joaquim José da Mota",
		"idade": 64,
		"cpf": "236.387.852-38",
		"rg": "47.558.579-3",
		"data_nasc": "07/02/1959",
		"sexo": "Masculino",
		"signo": "Aquário",
		"mae": "Carla Isadora",
		"pai": "Carlos Eduardo Leonardo Giovanni da Mota",
		"email": "anderson_joaquim_damota@ugeda.com.br",
		"senha": "n0nztJ1Nf5",
		"cep": "66063-005",
		"endereco": "Travessa Quatorze de Abril",
		"numero": 133,
		"bairro": "São Brás",
		"cidade": "Belém",
		"estado": "PA",
		"telefone_fixo": "(91) 2921-7295",
		"celular": "(91) 99384-4217",
		"altura": "1,77",
		"peso": 76,
		"tipo_sanguineo": "O-",
		"cor": "vermelho"
	},
	{
		"nome": "Kevin Benedito Yuri Almada",
		"idade": 39,
		"cpf": "168.547.262-12",
		"rg": "10.232.677-0",
		"data_nasc": "09/01/1984",
		"sexo": "Masculino",
		"signo": "Capricórnio",
		"mae": "Stefany Catarina Marli",
		"pai": "Tiago Gael Rafael Almada",
		"email": "kevin_benedito_almada@dglnet.com.br",
		"senha": "oNiQeSr61u",
		"cep": "60150-070",
		"endereco": "Vila Pita",
		"numero": 885,
		"bairro": "Aldeota",
		"cidade": "Fortaleza",
		"estado": "CE",
		"telefone_fixo": "(85) 2823-1518",
		"celular": "(85) 99415-4432",
		"altura": "1,69",
		"peso": 99,
		"tipo_sanguineo": "O-",
		"cor": "preto"
	},
	{
		"nome": "Agatha Nina Silva",
		"idade": 75,
		"cpf": "844.076.186-47",
		"rg": "27.843.052-1",
		"data_nasc": "01/01/1948",
		"sexo": "Feminino",
		"signo": "Capricórnio",
		"mae": "Marli Isadora",
		"pai": "Tiago Noah Daniel Silva",
		"email": "agatha-silva73@isometro.com.br",
		"senha": "6K08AGDwiO",
		"cep": "76874-164",
		"endereco": "Rua Francisco Alves Pinto",
		"numero": 673,
		"bairro": "Bom Jesus",
		"cidade": "Ariquemes",
		"estado": "RO",
		"telefone_fixo": "(69) 2753-3348",
		"celular": "(69) 99164-4122",
		"altura": "1,63",
		"peso": 47,
		"tipo_sanguineo": "AB+",
		"cor": "amarelo"
	},
	{
		"nome": "Vinicius Pietro Lima",
		"idade": 57,
		"cpf": "588.518.274-43",
		"rg": "17.571.266-9",
		"data_nasc": "15/02/1966",
		"sexo": "Masculino",
		"signo": "Aquário",
		"mae": "Sueli Emanuelly",
		"pai": "Raul João Murilo Lima",
		"email": "vinicius.pietro.lima@br.gestant.com",
		"senha": "qirz8eqoFL",
		"cep": "69101-428",
		"endereco": "Rua Novo Aripuanã",
		"numero": 780,
		"bairro": "São Francisco",
		"cidade": "Itacoatiara",
		"estado": "AM",
		"telefone_fixo": "(92) 2716-4517",
		"celular": "(92) 99921-0821",
		"altura": "1,77",
		"peso": 100,
		"tipo_sanguineo": "B+",
		"cor": "vermelho"
	},
	{
		"nome": "Marcela Adriana Rezende",
		"idade": 44,
		"cpf": "888.476.180-88",
		"rg": "24.215.246-6",
		"data_nasc": "20/01/1979",
		"sexo": "Feminino",
		"signo": "Capricórnio",
		"mae": "Simone Sebastiana",
		"pai": "Vitor Carlos Rezende",
		"email": "marcela_rezende@live.ca",
		"senha": "8Q2RcuZj07",
		"cep": "91750-733",
		"endereco": "Acesso H",
		"numero": 275,
		"bairro": "Vila Nova",
		"cidade": "Porto Alegre",
		"estado": "RS",
		"telefone_fixo": "(51) 3699-2267",
		"celular": "(51) 98784-5015",
		"altura": "1,82",
		"peso": 61,
		"tipo_sanguineo": "B+",
		"cor": "amarelo"
	},
	{
		"nome": "Lívia Josefa Fernandes",
		"idade": 40,
		"cpf": "653.221.767-05",
		"rg": "10.658.125-9",
		"data_nasc": "01/02/1983",
		"sexo": "Feminino",
		"signo": "Aquário",
		"mae": "Mariah Simone Liz",
		"pai": "João Pedro Fernandes",
		"email": "livia_fernandes@origembr.com",
		"senha": "l8jpxfQt5w",
		"cep": "29162-524",
		"endereco": "Rua Paulo Silva",
		"numero": 689,
		"bairro": "José de Anchieta II",
		"cidade": "Serra",
		"estado": "ES",
		"telefone_fixo": "(27) 3805-5026",
		"celular": "(27) 99173-9311",
		"altura": "1,80",
		"peso": 49,
		"tipo_sanguineo": "AB+",
		"cor": "roxo"
	},
	{
		"nome": "Marcos Vinicius Miguel Freitas",
		"idade": 18,
		"cpf": "218.011.411-77",
		"rg": "24.124.166-2",
		"data_nasc": "22/02/2005",
		"sexo": "Masculino",
		"signo": "Peixes",
		"mae": "Pietra Kamilly",
		"pai": "Jorge Carlos Eduardo Bento Freitas",
		"email": "marcos-freitas74@caferibeiro.com.br",
		"senha": "UmhBAHChyl",
		"cep": "68903-013",
		"endereco": "Avenida Grasiliano da Silva Trindade",
		"numero": 984,
		"bairro": "Jardim Equatorial",
		"cidade": "Macapá",
		"estado": "AP",
		"telefone_fixo": "(96) 3740-6815",
		"celular": "(96) 98146-5684",
		"altura": "1,89",
		"peso": 101,
		"tipo_sanguineo": "O-",
		"cor": "verde"
	},
	{
		"nome": "Elaine Bárbara Alícia Barros",
		"idade": 19,
		"cpf": "851.584.293-91",
		"rg": "42.774.838-0",
		"data_nasc": "10/01/2004",
		"sexo": "Feminino",
		"signo": "Capricórnio",
		"mae": "Pietra Vanessa Marina",
		"pai": "Bruno Thiago Márcio Barros",
		"email": "elaine.barbara.barros@triunfante.com.br",
		"senha": "6wo9Mc2m1O",
		"cep": "45600-345",
		"endereco": "Quadra J",
		"numero": 819,
		"bairro": "Mangabinha",
		"cidade": "Itabuna",
		"estado": "BA",
		"telefone_fixo": "(73) 3703-4305",
		"celular": "(73) 98492-2621",
		"altura": "1,70",
		"peso": 61,
		"tipo_sanguineo": "A+",
		"cor": "preto"
	},
	{
		"nome": "César Edson Aragão",
		"idade": 64,
		"cpf": "516.062.900-96",
		"rg": "33.770.390-5",
		"data_nasc": "11/02/1959",
		"sexo": "Masculino",
		"signo": "Aquário",
		"mae": "Camila Sarah",
		"pai": "Vicente Danilo Yago Aragão",
		"email": "cesar-aragao77@heindmec.com.br",
		"senha": "6m062f6M73",
		"cep": "67130-050",
		"endereco": "Travessa WE-05-A",
		"numero": 341,
		"bairro": "Cidade Nova",
		"cidade": "Ananindeua",
		"estado": "PA",
		"telefone_fixo": "(91) 2970-6639",
		"celular": "(91) 98312-5913",
		"altura": "1,82",
		"peso": 108,
		"tipo_sanguineo": "B+",
		"cor": "azul"
	},
	{
		"nome": "Raquel Melissa Monteiro",
		"idade": 55,
		"cpf": "577.810.476-64",
		"rg": "14.283.083-5",
		"data_nasc": "23/02/1968",
		"sexo": "Feminino",
		"signo": "Peixes",
		"mae": "Isis Lorena Gabrielly",
		"pai": "César Isaac Monteiro",
		"email": "raquelmelissamonteiro@betti.com.br",
		"senha": "enloq7Pjq2",
		"cep": "76870-497",
		"endereco": "Avenida Canaã",
		"numero": 324,
		"bairro": "Setor 03",
		"cidade": "Ariquemes",
		"estado": "RO",
		"telefone_fixo": "(69) 3798-5628",
		"celular": "(69) 98708-3665",
		"altura": "1,68",
		"peso": 46,
		"tipo_sanguineo": "B+",
		"cor": "amarelo"
	},
	{
		"nome": "Allana Agatha Souza",
		"idade": 54,
		"cpf": "898.048.171-36",
		"rg": "16.788.132-2",
		"data_nasc": "18/01/1969",
		"sexo": "Feminino",
		"signo": "Capricórnio",
		"mae": "Gabrielly Rita",
		"pai": "Fábio Eduardo Danilo Souza",
		"email": "allanaagathasouza@campanati.com.br",
		"senha": "XLZiMPxWqr",
		"cep": "76873-272",
		"endereco": "Alameda Jandaias",
		"numero": 465,
		"bairro": "Setor 02",
		"cidade": "Ariquemes",
		"estado": "RO",
		"telefone_fixo": "(69) 2852-1193",
		"celular": "(69) 98172-1745",
		"altura": "1,52",
		"peso": 77,
		"tipo_sanguineo": "B+",
		"cor": "laranja"
	},
	{
		"nome": "Julio Paulo Moreira",
		"idade": 72,
		"cpf": "419.205.492-26",
		"rg": "49.450.063-3",
		"data_nasc": "01/01/1951",
		"sexo": "Masculino",
		"signo": "Capricórnio",
		"mae": "Gabrielly Rayssa",
		"pai": "Noah Daniel Hugo Moreira",
		"email": "juliopaulomoreira@3dmaker.com.br",
		"senha": "8xT8eKxfuh",
		"cep": "54250-211",
		"endereco": "Rua Bom Jesus",
		"numero": 863,
		"bairro": "Cavaleiro",
		"cidade": "Jaboatão dos Guararapes",
		"estado": "PE",
		"telefone_fixo": "(81) 2677-8704",
		"celular": "(81) 98105-0288",
		"altura": "1,68",
		"peso": 79,
		"tipo_sanguineo": "A+",
		"cor": "verde"
	},
	{
		"nome": "Isis Juliana Ribeiro",
		"idade": 18,
		"cpf": "754.108.296-11",
		"rg": "41.049.451-3",
		"data_nasc": "03/02/2005",
		"sexo": "Feminino",
		"signo": "Aquário",
		"mae": "Priscila Isabel",
		"pai": "Anderson Miguel Márcio Ribeiro",
		"email": "isis-ribeiro87@r7.com",
		"senha": "xMwLIzYAP2",
		"cep": "69085-283",
		"endereco": "Rua 16",
		"numero": 869,
		"bairro": "São José Operário",
		"cidade": "Manaus",
		"estado": "AM",
		"telefone_fixo": "(92) 3513-8627",
		"celular": "(92) 98613-6477",
		"altura": "1,75",
		"peso": 67,
		"tipo_sanguineo": "AB+",
		"cor": "vermelho"
	},
	{
		"nome": "Levi Benedito Danilo Novaes",
		"idade": 80,
		"cpf": "669.063.463-93",
		"rg": "23.868.467-2",
		"data_nasc": "08/01/1943",
		"sexo": "Masculino",
		"signo": "Capricórnio",
		"mae": "Allana Andrea Carolina",
		"pai": "Yago Enrico Vicente Novaes",
		"email": "levi_novaes@verdana.com.br",
		"senha": "cxgDzr1UFd",
		"cep": "25035-540",
		"endereco": "Rua Vera",
		"numero": 909,
		"bairro": "Jardim Leal",
		"cidade": "Duque de Caxias",
		"estado": "RJ",
		"telefone_fixo": "(21) 3845-9495",
		"celular": "(21) 98683-8627",
		"altura": "1,73",
		"peso": 66,
		"tipo_sanguineo": "O+",
		"cor": "vermelho"
	},
	{
		"nome": "Gabrielly Priscila Cardoso",
		"idade": 24,
		"cpf": "573.373.929-07",
		"rg": "14.585.459-0",
		"data_nasc": "19/02/1999",
		"sexo": "Feminino",
		"signo": "Aquário",
		"mae": "Alice Valentina Isabelly",
		"pai": "Thiago Juan Theo Cardoso",
		"email": "gabrielly_cardoso@metraseg.com.br",
		"senha": "nyqfwtHBBU",
		"cep": "69312-670",
		"endereco": "Avenida Parque Veneza",
		"numero": 570,
		"bairro": "Centenário",
		"cidade": "Boa Vista",
		"estado": "RR",
		"telefone_fixo": "(95) 2823-0141",
		"celular": "(95) 99800-5073",
		"altura": "1,60",
		"peso": 53,
		"tipo_sanguineo": "A+",
		"cor": "laranja"
	},
	{
		"nome": "Edson Vinicius Gomes",
		"idade": 23,
		"cpf": "412.330.626-89",
		"rg": "43.110.831-6",
		"data_nasc": "23/01/2000",
		"sexo": "Masculino",
		"signo": "Aquário",
		"mae": "Liz Alícia Tatiane",
		"pai": "Carlos Eduardo Noah Iago Gomes",
		"email": "edson.vinicius.gomes@foxtech.com.br",
		"senha": "YL4l0yXqNU",
		"cep": "42500-040",
		"endereco": "Rua da União de Maré",
		"numero": 200,
		"bairro": "Santana (Ilha de Maré)",
		"cidade": "Salvador",
		"estado": "BA",
		"telefone_fixo": "(71) 2841-3219",
		"celular": "(71) 98522-7813",
		"altura": "1,76",
		"peso": 76,
		"tipo_sanguineo": "AB+",
		"cor": "amarelo"
	},
	{
		"nome": "Anthony Bryan Henrique Melo",
		"idade": 30,
		"cpf": "127.013.771-96",
		"rg": "10.926.963-9",
		"data_nasc": "14/02/1993",
		"sexo": "Masculino",
		"signo": "Aquário",
		"mae": "Elza Cecília Natália",
		"pai": "Iago Lucas Geraldo Melo",
		"email": "anthonybryanmelo@dddrin.com.br",
		"senha": "hnzkTlIEht",
		"cep": "69400-314",
		"endereco": "Avenida João XXIII",
		"numero": 473,
		"bairro": "Centro",
		"cidade": "Manacapuru",
		"estado": "AM",
		"telefone_fixo": "(92) 2766-4769",
		"celular": "(92) 98475-6306",
		"altura": "1,73",
		"peso": 61,
		"tipo_sanguineo": "A+",
		"cor": "laranja"
	},
	{
		"nome": "Raul Leonardo Barbosa",
		"idade": 58,
		"cpf": "227.844.462-04",
		"rg": "15.376.786-8",
		"data_nasc": "14/01/1965",
		"sexo": "Masculino",
		"signo": "Capricórnio",
		"mae": "Sara Fernanda",
		"pai": "Emanuel Gustavo Lucca Barbosa",
		"email": "raulleonardobarbosa@iaru.com.br",
		"senha": "Ubq07d8nlC",
		"cep": "59621-500",
		"endereco": "Rua Gilberto Miranda Bezerra",
		"numero": 309,
		"bairro": "Santo Antônio",
		"cidade": "Mossoró",
		"estado": "RN",
		"telefone_fixo": "(84) 2964-9465",
		"celular": "(84) 99512-0119",
		"altura": "1,98",
		"peso": 61,
		"tipo_sanguineo": "O-",
		"cor": "preto"
	},
	{
		"nome": "Caroline Jéssica Benedita Ferreira",
		"idade": 73,
		"cpf": "152.835.864-30",
		"rg": "45.890.814-9",
		"data_nasc": "20/02/1950",
		"sexo": "Feminino",
		"signo": "Peixes",
		"mae": "Aparecida Lavínia Eliane",
		"pai": "Kauê Victor Yago Ferreira",
		"email": "caroline_jessica_ferreira@mnproducoes.com",
		"senha": "WkiU2ZKrHL",
		"cep": "88161-708",
		"endereco": "Avenida Governador Ivo de Figueiredo Campos",
		"numero": 484,
		"bairro": "Rio Caveiras",
		"cidade": "Biguaçu",
		"estado": "SC",
		"telefone_fixo": "(48) 3808-8880",
		"celular": "(48) 99768-5702",
		"altura": "1,67",
		"peso": 81,
		"tipo_sanguineo": "B-",
		"cor": "vermelho"
	},
	{
		"nome": "Carlos Samuel Viana",
		"idade": 58,
		"cpf": "200.290.048-53",
		"rg": "27.419.516-1",
		"data_nasc": "22/02/1965",
		"sexo": "Masculino",
		"signo": "Peixes",
		"mae": "Larissa Vanessa Rita",
		"pai": "Arthur Nicolas Viana",
		"email": "carlos_viana@unimedara.com.br",
		"senha": "iwfyWBjTQa",
		"cep": "59080-095",
		"endereco": "Rua Nossa Senhora da Penha",
		"numero": 413,
		"bairro": "Capim Macio",
		"cidade": "Natal",
		"estado": "RN",
		"telefone_fixo": "(84) 2793-1555",
		"celular": "(84) 98616-0738",
		"altura": "1,83",
		"peso": 82,
		"tipo_sanguineo": "AB+",
		"cor": "laranja"
	},
	{
		"nome": "Vera Emily Ramos",
		"idade": 77,
		"cpf": "663.406.385-03",
		"rg": "48.028.837-9",
		"data_nasc": "20/01/1946",
		"sexo": "Feminino",
		"signo": "Capricórnio",
		"mae": "Sandra Luiza Pietra",
		"pai": "Vitor Marcos Vinicius Ramos",
		"email": "vera_emily_ramos@netpont.com.br",
		"senha": "uj8qfCfmjK",
		"cep": "79090-340",
		"endereco": "Rua Éco",
		"numero": 965,
		"bairro": "Vila Base Aérea",
		"cidade": "Campo Grande",
		"estado": "MS",
		"telefone_fixo": "(67) 2711-9364",
		"celular": "(67) 98776-0739",
		"altura": "1,80",
		"peso": 64,
		"tipo_sanguineo": "O-",
		"cor": "vermelho"
	},
	{
		"nome": "Vera Manuela da Conceição",
		"idade": 60,
		"cpf": "542.230.095-59",
		"rg": "50.198.831-2",
		"data_nasc": "06/01/1963",
		"sexo": "Feminino",
		"signo": "Capricórnio",
		"mae": "Esther Esther Isis",
		"pai": "Pedro Henrique Geraldo da Conceição",
		"email": "veramanueladaconceicao@pontofinalcafe.com.br",
		"senha": "pYBd8sNgGl",
		"cep": "30644-159",
		"endereco": "Rua Geraldo Moreira da Silva",
		"numero": 279,
		"bairro": "Diamante (Barreiro)",
		"cidade": "Belo Horizonte",
		"estado": "MG",
		"telefone_fixo": "(31) 3909-5647",
		"celular": "(31) 99252-2285",
		"altura": "1,51",
		"peso": 71,
		"tipo_sanguineo": "B+",
		"cor": "vermelho"
	}
]