[
	{
		"nome": "Diogo Isaac Martin Fernandes",
		"idade": 78,
		"cpf": "295.945.415-47",
		"rg": "19.865.804-7",
		"data_nasc": "07/01/1945",
		"sexo": "Masculino",
		"signo": "Capricórnio",
		"mae": "Marlene Aparecida Emanuelly",
		"pai": "Manoel Matheus Fernandes",
		"email": "diogo-fernandes71@raffinimobiliario.com.br",
		"senha": "3ppKTjlXrA",
		"cep": "58038-330",
		"endereco": "Rua São Gonçalo",
		"numero": 836,
		"bairro": "Manaíra",
		"cidade": "João Pessoa",
		"estado": "PB",
		"telefone_fixo": "(83) 3754-9695",
		"celular": "(83) 98160-2014",
		"altura": "1,84",
		"peso": 110,
		"tipo_sanguineo": "A+",
		"cor": "amarelo"
	},
	{
		"nome": "Sophie Priscila Ferreira",
		"idade": 56,
		"cpf": "462.951.989-02",
		"rg": "32.355.055-1",
		"data_nasc": "14/02/1967",
		"sexo": "Feminino",
		"signo": "Aquário",
		"mae": "Jennifer Vanessa Carolina",
		"pai": "Cauê Rafael Ferreira",
		"email": "sophie.priscila.ferreira@a.com",
		"senha": "P4WDfgd0Gx",
		"cep": "82810-000",
		"endereco": "Avenida Presidente Affonso Camargo",
		"numero": 399,
		"bairro": "Capão da Imbuia",
		"cidade": "Curitiba",
		"estado": "PR",
		"telefone_fixo": "(41) 2653-8029",
		"celular": "(41) 99830-7369",
		"altura": "1,51",
		"peso": 63,
		"tipo_sanguineo": "B-",
		"cor": "vermelho"
	},
	{
		"nome": "Heloise Eloá Silveira",
		"idade": 41,
		"cpf": "658.366.920-09",
		"rg": "41.738.819-6",
		"data_nasc": "12/02/1982",
		"sexo": "Feminino",
		"signo": "Aquário",
		"mae": "Luana Caroline Flávia",
		"pai": "Antonio Luan Cláudio Silveira",
		"email": "heloise_eloa_silveira@sfreitasadvogados.com.br",
		"senha": "PhtkrNhcCF",
		"cep": "72338-755",
		"endereco": "Quadra QR 833 Conjunto 5",
		"numero": 284,
		"bairro": "Samambaia Norte (Samambaia)",
		"cidade": "Brasília",
		"estado": "DF",
		"telefone_fixo": "(61) 3624-0911",
		"celular": "(61) 99763-1182",
		"altura": "1,69",
		"peso": 50,
		"tipo_sanguineo": "B-",
		"cor": "vermelho"
	},
	{
		"nome": "Geraldo Francisco Severino Peixoto",
		"idade": 40,
		"cpf": "131.614.751-78",
		"rg": "16.544.885-4",
		"data_nasc": "13/01/1983",
		"sexo": "Masculino",
		"signo": "Capricórnio",
		"mae": "Emily Cristiane Aurora",
		"pai": "Theo Anderson Nicolas Peixoto",
		"email": "geraldo.francisco.peixoto@agenziamarketing.com.br",
		"senha": "hswEbkTPkZ",
		"cep": "79811-190",
		"endereco": "Rua André Gomes Brandão",
		"numero": 198,
		"bairro": "Jardim Água Boa",
		"cidade": "Dourados",
		"estado": "MS",
		"telefone_fixo": "(67) 2849-4927",
		"celular": "(67) 99973-5549",
		"altura": "1,64",
		"peso": 59,
		"tipo_sanguineo": "O+",
		"cor": "azul"
	},
	{
		"nome": "Manuela Carolina Giovana Gonçalves",
		"idade": 65,
		"cpf": "777.776.686-41",
		"rg": "12.413.804-4",
		"data_nasc": "11/01/1958",
		"sexo": "Feminino",
		"signo": "Capricórnio",
		"mae": "Allana Camila",
		"pai": "Severino Severino Gonçalves",
		"email": "manuela_carolina_goncalves@construtorastaizabel.com.br",
		"senha": "i5q0jkyH4T",
		"cep": "58071-230",
		"endereco": "Rua Raimundo de Carvalho Nóbrega",
		"numero": 816,
		"bairro": "Cristo Redentor",
		"cidade": "João Pessoa",
		"estado": "PB",
		"telefone_fixo": "(83) 2941-6344",
		"celular": "(83) 99780-0749",
		"altura": "1,54",
		"peso": 74,
		"tipo_sanguineo": "A-",
		"cor": "laranja"
	},
	{
		"nome": "Anderson Pedro da Cruz",
		"idade": 40,
		"cpf": "652.059.699-03",
		"rg": "11.807.083-6",
		"data_nasc": "16/02/1983",
		"sexo": "Masculino",
		"signo": "Aquário",
		"mae": "Manuela Isabelle",
		"pai": "Henry Lucas Osvaldo da Cruz",
		"email": "anderson_dacruz@acaocontabilsjc.com.br",
		"senha": "9AEyBz3Ka4",
		"cep": "76811-234",
		"endereco": "Estrada Treze de Setembro",
		"numero": 938,
		"bairro": "Castanheira",
		"cidade": "Porto Velho",
		"estado": "RO",
		"telefone_fixo": "(69) 3792-8204",
		"celular": "(69) 98507-9353",
		"altura": "1,71",
		"peso": 101,
		"tipo_sanguineo": "A+",
		"cor": "laranja"
	},
	{
		"nome": "Melissa Cecília Bernardes",
		"idade": 73,
		"cpf": "071.770.249-99",
		"rg": "21.937.281-0",
		"data_nasc": "11/02/1950",
		"sexo": "Feminino",
		"signo": "Aquário",
		"mae": "Sueli Helena Maitê",
		"pai": "Erick Calebe Bruno Bernardes",
		"email": "melissa_cecilia_bernardes@r7.com.br",
		"senha": "n70HrYx30f",
		"cep": "81590-030",
		"endereco": "Rua Milton Machado",
		"numero": 521,
		"bairro": "Uberaba",
		"cidade": "Curitiba",
		"estado": "PR",
		"telefone_fixo": "(41) 3729-2822",
		"celular": "(41) 98504-4143",
		"altura": "1,71",
		"peso": 45,
		"tipo_sanguineo": "B+",
		"cor": "laranja"
	},
	{
		"nome": "Sueli Raimunda Evelyn Galvão",
		"idade": 46,
		"cpf": "329.788.980-20",
		"rg": "15.068.591-9",
		"data_nasc": "12/02/1977",
		"sexo": "Feminino",
		"signo": "Aquário",
		"mae": "Aline Nina",
		"pai": "Gustavo Bento Galvão",
		"email": "sueli_galvao@utbr.com.br",
		"senha": "zryfRnBCsJ",
		"cep": "59122-181",
		"endereco": "2ª Travessa São Luiz",
		"numero": 965,
		"bairro": "Redinha",
		"cidade": "Natal",
		"estado": "RN",
		"telefone_fixo": "(84) 3972-5205",
		"celular": "(84) 99278-7748",
		"altura": "1,65",
		"peso": 53,
		"tipo_sanguineo": "B+",
		"cor": "preto"
	},
	{
		"nome": "Emanuel Gabriel de Paula",
		"idade": 60,
		"cpf": "051.891.763-04",
		"rg": "16.278.636-0",
		"data_nasc": "02/01/1963",
		"sexo": "Masculino",
		"signo": "Capricórnio",
		"mae": "Liz Marina",
		"pai": "Luís Eduardo Leonardo de Paula",
		"email": "emanuel-depaula87@unicohost.com.br",
		"senha": "2lFZpGYQas",
		"cep": "72314-312",
		"endereco": "Quadra QR 516 Conjunto 11",
		"numero": 505,
		"bairro": "Samambaia Sul (Samambaia)",
		"cidade": "Brasília",
		"estado": "DF",
		"telefone_fixo": "(61) 3987-1532",
		"celular": "(61) 98298-4530",
		"altura": "1,66",
		"peso": 53,
		"tipo_sanguineo": "AB+",
		"cor": "roxo"
	},
	{
		"nome": "Ruan Martin Rocha",
		"idade": 32,
		"cpf": "689.666.813-01",
		"rg": "37.869.700-6",
		"data_nasc": "06/01/1991",
		"sexo": "Masculino",
		"signo": "Capricórnio",
		"mae": "Carolina Alana Marlene",
		"pai": "Erick Márcio Marcelo Rocha",
		"email": "ruan-rocha92@locare-eventos.com.br",
		"senha": "isnbQYhFUK",
		"cep": "49007-367",
		"endereco": "Rua Três",
		"numero": 879,
		"bairro": "Zona de Expansão (Areia Branca)",
		"cidade": "Aracaju",
		"estado": "SE",
		"telefone_fixo": "(79) 2835-9132",
		"celular": "(79) 98757-9487",
		"altura": "1,72",
		"peso": 55,
		"tipo_sanguineo": "O+",
		"cor": "roxo"
	},
	{
		"nome": "Sarah Luciana Caldeira",
		"idade": 63,
		"cpf": "617.277.174-49",
		"rg": "15.898.079-7",
		"data_nasc": "21/02/1960",
		"sexo": "Feminino",
		"signo": "Peixes",
		"mae": "Heloise Eduarda Mariane",
		"pai": "Benício Ricardo Caldeira",
		"email": "sarah-caldeira92@panfletosecia.com",
		"senha": "JGtMyL8G3K",
		"cep": "89036-618",
		"endereco": "Rua Luiz Albani Júnior",
		"numero": 313,
		"bairro": "Água Verde",
		"cidade": "Blumenau",
		"estado": "SC",
		"telefone_fixo": "(47) 3937-9257",
		"celular": "(47) 99724-6176",
		"altura": "1,67",
		"peso": 54,
		"tipo_sanguineo": "B+",
		"cor": "verde"
	},
	{
		"nome": "Louise Josefa Moreira",
		"idade": 40,
		"cpf": "142.992.197-83",
		"rg": "42.022.355-1",
		"data_nasc": "14/01/1983",
		"sexo": "Feminino",
		"signo": "Capricórnio",
		"mae": "Sebastiana Beatriz Agatha",
		"pai": "Francisco Márcio Pedro Moreira",
		"email": "louise_josefa_moreira@midiasim.com.br",
		"senha": "UsNyhCRmgk",
		"cep": "69553-400",
		"endereco": "Rua Raimundo Lima",
		"numero": 379,
		"bairro": "Nova Esperança",
		"cidade": "Tefé",
		"estado": "AM",
		"telefone_fixo": "(97) 2552-6178",
		"celular": "(97) 99377-8416",
		"altura": "1,83",
		"peso": 85,
		"tipo_sanguineo": "AB-",
		"cor": "roxo"
	},
	{
		"nome": "Ryan Enzo Melo",
		"idade": 23,
		"cpf": "350.683.882-20",
		"rg": "43.420.605-2",
		"data_nasc": "10/01/2000",
		"sexo": "Masculino",
		"signo": "Capricórnio",
		"mae": "Mariah Eliane",
		"pai": "Enrico Nelson Mário Melo",
		"email": "ryan_melo@fernandesfilpi.com.br",
		"senha": "TKl1XobkQ1",
		"cep": "69906-424",
		"endereco": "Travessa Itapeva",
		"numero": 955,
		"bairro": "Taquarí",
		"cidade": "Rio Branco",
		"estado": "AC",
		"telefone_fixo": "(68) 2625-4342",
		"celular": "(68) 98295-2870",
		"altura": "1,86",
		"peso": 73,
		"tipo_sanguineo": "AB-",
		"cor": "roxo"
	},
	{
		"nome": "Bernardo Julio dos Santos",
		"idade": 65,
		"cpf": "306.516.336-56",
		"rg": "44.576.698-0",
		"data_nasc": "09/02/1958",
		"sexo": "Masculino",
		"signo": "Aquário",
		"mae": "Aurora Laís Carla",
		"pai": "Enzo Diego dos Santos",
		"email": "bernardojuliodossantos@poli.ufrj.br",
		"senha": "Ld2LHFMaUj",
		"cep": "76808-630",
		"endereco": "Rua das Seringueiras",
		"numero": 187,
		"bairro": "Eletronorte",
		"cidade": "Porto Velho",
		"estado": "RO",
		"telefone_fixo": "(69) 2991-6440",
		"celular": "(69) 99711-8357",
		"altura": "1,85",
		"peso": 73,
		"tipo_sanguineo": "B+",
		"cor": "roxo"
	},
	{
		"nome": "Sebastião Hugo Aparício",
		"idade": 25,
		"cpf": "713.097.618-76",
		"rg": "42.721.446-4",
		"data_nasc": "08/02/1998",
		"sexo": "Masculino",
		"signo": "Aquário",
		"mae": "Jéssica Giovanna",
		"pai": "Sérgio Igor Ryan Aparício",
		"email": "sebastiao_hugo_aparicio@cheryamur.com.br",
		"senha": "nD0T3bcFFn",
		"cep": "69045-160",
		"endereco": "Rua Mônaco",
		"numero": 702,
		"bairro": "Planalto",
		"cidade": "Manaus",
		"estado": "AM",
		"telefone_fixo": "(92) 2862-0250",
		"celular": "(92) 99599-4352",
		"altura": "1,89",
		"peso": 57,
		"tipo_sanguineo": "AB+",
		"cor": "laranja"
	},
	{
		"nome": "Kaique Caleb Heitor Farias",
		"idade": 65,
		"cpf": "050.903.507-87",
		"rg": "42.271.511-6",
		"data_nasc": "09/02/1958",
		"sexo": "Masculino",
		"signo": "Aquário",
		"mae": "Rosângela Rita Fabiana",
		"pai": "Cauã Nelson Daniel Farias",
		"email": "kaique-farias99@taclog.com.br",
		"senha": "YNjQjdx8tY",
		"cep": "57039-763",
		"endereco": "Loteamento Wandercok II",
		"numero": 999,
		"bairro": "Ipioca",
		"cidade": "Maceió",
		"estado": "AL",
		"telefone_fixo": "(82) 3665-3841",
		"celular": "(82) 98457-4223",
		"altura": "1,77",
		"peso": 78,
		"tipo_sanguineo": "O+",
		"cor": "vermelho"
	},
	{
		"nome": "Vera Laís da Silva",
		"idade": 52,
		"cpf": "203.781.341-40",
		"rg": "34.142.016-5",
		"data_nasc": "01/02/1971",
		"sexo": "Feminino",
		"signo": "Aquário",
		"mae": "Alícia Alice",
		"pai": "Enrico Luís Matheus da Silva",
		"email": "vera.lais.dasilva@infouai.com",
		"senha": "1Wr4F0kWkr",
		"cep": "58076-688",
		"endereco": "Rua Leoniza Pitia de Oliveira",
		"numero": 859,
		"bairro": "João Paulo II",
		"cidade": "João Pessoa",
		"estado": "PB",
		"telefone_fixo": "(83) 3600-9835",
		"celular": "(83) 99548-4400",
		"altura": "1,74",
		"peso": 49,
		"tipo_sanguineo": "AB-",
		"cor": "amarelo"
	},
	{
		"nome": "Alice Débora Eliane Alves",
		"idade": 27,
		"cpf": "121.283.209-41",
		"rg": "26.484.003-3",
		"data_nasc": "14/01/1996",
		"sexo": "Feminino",
		"signo": "Capricórnio",
		"mae": "Maya Sueli Bárbara",
		"pai": "Yago Sebastião Vitor Alves",
		"email": "alicedeboraalves@santarte.com",
		"senha": "Z8y08kqiJY",
		"cep": "69914-538",
		"endereco": "Rua Quatipuru",
		"numero": 297,
		"bairro": "Ilson Ribeiro",
		"cidade": "Rio Branco",
		"estado": "AC",
		"telefone_fixo": "(68) 2884-9084",
		"celular": "(68) 99173-6570",
		"altura": "1,69",
		"peso": 61,
		"tipo_sanguineo": "B+",
		"cor": "verde"
	},
	{
		"nome": "Kevin Giovanni Emanuel da Luz",
		"idade": 39,
		"cpf": "554.772.005-45",
		"rg": "22.631.208-2",
		"data_nasc": "23/02/1984",
		"sexo": "Masculino",
		"signo": "Peixes",
		"mae": "Beatriz Hadassa Alessandra",
		"pai": "Benício Enzo Marcos Vinicius da Luz",
		"email": "kevingiovannidaluz@tursi.com.br",
		"senha": "1ijXHhUyYF",
		"cep": "74580-550",
		"endereco": "Rua G",
		"numero": 436,
		"bairro": "Setor Progresso",
		"cidade": "Goiânia",
		"estado": "GO",
		"telefone_fixo": "(62) 2935-9152",
		"celular": "(62) 98758-3642",
		"altura": "1,93",
		"peso": 57,
		"tipo_sanguineo": "AB+",
		"cor": "vermelho"
	},
	{
		"nome": "Severino Emanuel Marcos Pires",
		"idade": 54,
		"cpf": "657.837.566-01",
		"rg": "41.783.082-8",
		"data_nasc": "08/01/1969",
		"sexo": "Masculino",
		"signo": "Capricórnio",
		"mae": "Kamilly Maria Giovanna",
		"pai": "Nelson Isaac Pires",
		"email": "severino-pires73@estevao.ind.br",
		"senha": "8uZGfRTCF5",
		"cep": "29153-400",
		"endereco": "Avenida Principal",
		"numero": 228,
		"bairro": "Nova Canaã",
		"cidade": "Cariacica",
		"estado": "ES",
		"telefone_fixo": "(27) 3729-9908",
		"celular": "(27) 98235-8995",
		"altura": "1,65",
		"peso": 107,
		"tipo_sanguineo": "B-",
		"cor": "laranja"
	},
	{
		"nome": "Pedro Henrique Yago Benjamin Fogaça",
		"idade": 64,
		"cpf": "031.533.059-78",
		"rg": "15.963.017-4",
		"data_nasc": "19/02/1959",
		"sexo": "Masculino",
		"signo": "Aquário",
		"mae": "Silvana Catarina",
		"pai": "Miguel Ryan Felipe Fogaça",
		"email": "pedro_fogaca@tuenkers.com.br",
		"senha": "ee3c5uXpNM",
		"cep": "59220-971",
		"endereco": "Sítio Figueredo, s/n",
		"numero": 556,
		"bairro": "Sítio Figueredo",
		"cidade": "Coronel Ezequiel",
		"estado": "RN",
		"telefone_fixo": "(84) 3613-8327",
		"celular": "(84) 98623-7494",
		"altura": "1,90",
		"peso": 61,
		"tipo_sanguineo": "O-",
		"cor": "azul"
	},
	{
		"nome": "Ricardo João Novaes",
		"idade": 73,
		"cpf": "641.541.593-05",
		"rg": "17.259.128-4",
		"data_nasc": "03/02/1950",
		"sexo": "Masculino",
		"signo": "Aquário",
		"mae": "Heloise Aparecida",
		"pai": "Eduardo Edson Julio Novaes",
		"email": "ricardo.joao.novaes@powerblade.com.br",
		"senha": "PpMde6CTjh",
		"cep": "78138-670",
		"endereco": "Rua Capitão Alberto Aguiar",
		"numero": 674,
		"bairro": "Marajoara",
		"cidade": "Várzea Grande",
		"estado": "MT",
		"telefone_fixo": "(65) 2543-6544",
		"celular": "(65) 98821-7091",
		"altura": "1,60",
		"peso": 60,
		"tipo_sanguineo": "AB+",
		"cor": "laranja"
	},
	{
		"nome": "Márcio Iago Gael Campos",
		"idade": 47,
		"cpf": "255.587.376-70",
		"rg": "25.259.277-3",
		"data_nasc": "12/01/1976",
		"sexo": "Masculino",
		"signo": "Capricórnio",
		"mae": "Esther Manuela Raimunda",
		"pai": "Tiago Gael Campos",
		"email": "marcio-campos71@contabilidadelibra.com.br",
		"senha": "tDeUh9j2sK",
		"cep": "58051-080",
		"endereco": "Rua Alcebíades da Cunha",
		"numero": 698,
		"bairro": "Bancários",
		"cidade": "João Pessoa",
		"estado": "PB",
		"telefone_fixo": "(83) 2587-2464",
		"celular": "(83) 98852-0075",
		"altura": "1,74",
		"peso": 105,
		"tipo_sanguineo": "O-",
		"cor": "vermelho"
	},
	{
		"nome": "Otávio Manoel Carlos Teixeira",
		"idade": 56,
		"cpf": "415.586.420-72",
		"rg": "29.674.956-4",
		"data_nasc": "13/02/1967",
		"sexo": "Masculino",
		"signo": "Aquário",
		"mae": "Bárbara Andrea Valentina",
		"pai": "Jorge Matheus Teixeira",
		"email": "otavio.manoel.teixeira@accor.com.br",
		"senha": "a5QhqZ8nXX",
		"cep": "49044-350",
		"endereco": "Avenida A200",
		"numero": 652,
		"bairro": "Santa Maria",
		"cidade": "Aracaju",
		"estado": "SE",
		"telefone_fixo": "(79) 3884-1580",
		"celular": "(79) 98281-2868",
		"altura": "1,93",
		"peso": 64,
		"tipo_sanguineo": "B-",
		"cor": "preto"
	},
	{
		"nome": "Marlene Daiane Bárbara Freitas",
		"idade": 37,
		"cpf": "316.408.702-02",
		"rg": "37.527.231-8",
		"data_nasc": "06/02/1986",
		"sexo": "Feminino",
		"signo": "Aquário",
		"mae": "Isis Isabella",
		"pai": "Rodrigo Lucas Freitas",
		"email": "marlene.daiane.freitas@agreonoma.eng.br",
		"senha": "pLFM60we94",
		"cep": "68928-256",
		"endereco": "Alameda das Tulipas",
		"numero": 855,
		"bairro": "Fonte Nova",
		"cidade": "Santana",
		"estado": "AP",
		"telefone_fixo": "(96) 2943-4649",
		"celular": "(96) 99867-1537",
		"altura": "1,84",
		"peso": 81,
		"tipo_sanguineo": "AB-",
		"cor": "azul"
	},
	{
		"nome": "Manoel Márcio Nunes",
		"idade": 21,
		"cpf": "624.240.058-85",
		"rg": "14.789.744-0",
		"data_nasc": "22/02/2002",
		"sexo": "Masculino",
		"signo": "Peixes",
		"mae": "Fabiana Rafaela",
		"pai": "Hugo Raul Henry Nunes",
		"email": "manoel_nunes@gruposantin.com.br",
		"senha": "DkJTakOHr9",
		"cep": "76960-174",
		"endereco": "Rua Professor Ires José Duarte",
		"numero": 937,
		"bairro": "Jardim Itália II",
		"cidade": "Cacoal",
		"estado": "RO",
		"telefone_fixo": "(69) 3905-1121",
		"celular": "(69) 98146-1369",
		"altura": "1,66",
		"peso": 68,
		"tipo_sanguineo": "A+",
		"cor": "preto"
	},
	{
		"nome": "Henry Calebe Paulo Lima",
		"idade": 61,
		"cpf": "483.874.396-30",
		"rg": "25.275.036-6",
		"data_nasc": "21/01/1962",
		"sexo": "Masculino",
		"signo": "Aquário",
		"mae": "Luana Liz",
		"pai": "Eduardo Leonardo Lima",
		"email": "henry_lima@custodes.com.br",
		"senha": "cXs9YbF02O",
		"cep": "76870-774",
		"endereco": "Rua Porto Velho",
		"numero": 998,
		"bairro": "BNH",
		"cidade": "Ariquemes",
		"estado": "RO",
		"telefone_fixo": "(69) 3504-5461",
		"celular": "(69) 98738-3207",
		"altura": "1,98",
		"peso": 84,
		"tipo_sanguineo": "O+",
		"cor": "laranja"
	},
	{
		"nome": "Vicente Anderson Gomes",
		"idade": 34,
		"cpf": "797.469.756-33",
		"rg": "43.659.788-3",
		"data_nasc": "13/02/1989",
		"sexo": "Masculino",
		"signo": "Aquário",
		"mae": "Liz Sabrina Simone",
		"pai": "Caio Sérgio Gomes",
		"email": "vicente-gomes92@itau-unibanco.com.br",
		"senha": "8tdnujw5nx",
		"cep": "87706-435",
		"endereco": "Rua Paraguaçu",
		"numero": 927,
		"bairro": "Jardim das Palmeiras",
		"cidade": "Paranavaí",
		"estado": "PR",
		"telefone_fixo": "(44) 2603-1901",
		"celular": "(44) 99864-2676",
		"altura": "1,87",
		"peso": 100,
		"tipo_sanguineo": "O+",
		"cor": "vermelho"
	},
	{
		"nome": "Henry Raimundo Cavalcanti",
		"idade": 60,
		"cpf": "490.301.966-70",
		"rg": "31.242.844-3",
		"data_nasc": "03/01/1963",
		"sexo": "Masculino",
		"signo": "Capricórnio",
		"mae": "Josefa Raquel",
		"pai": "Raimundo Henry Henrique Cavalcanti",
		"email": "henry_raimundo_cavalcanti@publifix.com.br",
		"senha": "dE3k1o9Gu1",
		"cep": "69046-060",
		"endereco": "Rua Cordado",
		"numero": 179,
		"bairro": "Alvorada",
		"cidade": "Manaus",
		"estado": "AM",
		"telefone_fixo": "(92) 3952-2225",
		"celular": "(92) 98671-9316",
		"altura": "1,80",
		"peso": 103,
		"tipo_sanguineo": "O-",
		"cor": "amarelo"
	},
	{
		"nome": "Eduarda Aurora Laura Cardoso",
		"idade": 55,
		"cpf": "397.682.229-99",
		"rg": "46.781.920-8",
		"data_nasc": "20/01/1968",
		"sexo": "Feminino",
		"signo": "Capricórnio",
		"mae": "Clara Sophia",
		"pai": "Nicolas Vitor Benjamin Cardoso",
		"email": "eduarda_aurora_cardoso@bat.com",
		"senha": "RCeByLG5mZ",
		"cep": "65025-840",
		"endereco": "Rua Dom Xisto Albano",
		"numero": 475,
		"bairro": "Apicum",
		"cidade": "São Luís",
		"estado": "MA",
		"telefone_fixo": "(98) 3891-6840",
		"celular": "(98) 99349-6993",
		"altura": "1,65",
		"peso": 54,
		"tipo_sanguineo": "O+",
		"cor": "preto"
	}
]