[
	{
		"nome": "Carolina Luana Alessandra Moraes",
		"idade": 66,
		"cpf": "255.991.501-43",
		"rg": "11.381.484-7",
		"data_nasc": "11/02/1957",
		"sexo": "Feminino",
		"signo": "Aquário",
		"mae": "Carla Antonella Valentina",
		"pai": "Yuri Vitor Moraes",
		"email": "carolina-moraes88@huios.com.br",
		"senha": "AO0jSAyKed",
		"cep": "70740-516",
		"endereco": "Quadra SCLRN 706 Bloco F",
		"numero": 601,
		"bairro": "Asa Norte",
		"cidade": "Brasília",
		"estado": "DF",
		"telefone_fixo": "(61) 2889-4331",
		"celular": "(61) 98703-1008",
		"altura": "1,59",
		"peso": 47,
		"tipo_sanguineo": "O+",
		"cor": "laranja"
	},
	{
		"nome": "Pedro Joaquim Thomas de Paula",
		"idade": 20,
		"cpf": "104.054.421-57",
		"rg": "47.133.645-2",
		"data_nasc": "24/02/2003",
		"sexo": "Masculino",
		"signo": "Peixes",
		"mae": "Ayla Lívia Giovanna",
		"pai": "Davi Julio de Paula",
		"email": "pedrojoaquimdepaula@caporal.biz",
		"senha": "pSw68zwGkR",
		"cep": "71950-770",
		"endereco": "Quadra QS 1 Rua 210",
		"numero": 527,
		"bairro": "Areal (Águas Claras)",
		"cidade": "Brasília",
		"estado": "DF",
		"telefone_fixo": "(61) 2735-3711",
		"celular": "(61) 99628-1526",
		"altura": "1,93",
		"peso": 75,
		"tipo_sanguineo": "AB+",
		"cor": "vermelho"
	},
	{
		"nome": "Leandro Severino Teixeira",
		"idade": 72,
		"cpf": "891.644.411-05",
		"rg": "42.395.811-2",
		"data_nasc": "06/01/1951",
		"sexo": "Masculino",
		"signo": "Capricórnio",
		"mae": "Renata Ayla Isabelle",
		"pai": "Geraldo Felipe Teixeira",
		"email": "leandroseverinoteixeira@kuehne-nagel.com",
		"senha": "2TsIbnaJII",
		"cep": "72502-202",
		"endereco": "Quadra CL 102 Bloco B",
		"numero": 983,
		"bairro": "Santa Maria",
		"cidade": "Brasília",
		"estado": "DF",
		"telefone_fixo": "(61) 2725-8011",
		"celular": "(61) 98453-1264",
		"altura": "1,65",
		"peso": 65,
		"tipo_sanguineo": "AB+",
		"cor": "preto"
	},
	{
		"nome": "Kevin Bento Mateus Oliveira",
		"idade": 66,
		"cpf": "885.873.641-97",
		"rg": "42.356.631-3",
		"data_nasc": "07/02/1957",
		"sexo": "Masculino",
		"signo": "Aquário",
		"mae": "Sophia Elza",
		"pai": "Henry Thales Oliveira",
		"email": "kevin_oliveira@orthoi.com.br",
		"senha": "rW4gCF9kUu",
		"cep": "72231-400",
		"endereco": "Quadra QNP 14",
		"numero": 693,
		"bairro": "Ceilândia Sul (Ceilândia)",
		"cidade": "Brasília",
		"estado": "DF",
		"telefone_fixo": "(61) 3769-8035",
		"celular": "(61) 98324-3165",
		"altura": "1,93",
		"peso": 88,
		"tipo_sanguineo": "B-",
		"cor": "vermelho"
	},
	{
		"nome": "Renata Eduarda Benedita Martins",
		"idade": 40,
		"cpf": "334.659.151-43",
		"rg": "50.765.398-1",
		"data_nasc": "24/02/1983",
		"sexo": "Feminino",
		"signo": "Peixes",
		"mae": "Mirella Caroline Raquel",
		"pai": "Mateus Paulo Oliver Martins",
		"email": "renataeduardamartins@righettorosa.com.br",
		"senha": "wiOkzYNa6t",
		"cep": "71693-124",
		"endereco": "Rua 21",
		"numero": 583,
		"bairro": "Vila Nova (São Sebastião)",
		"cidade": "Brasília",
		"estado": "DF",
		"telefone_fixo": "(61) 2766-5157",
		"celular": "(61) 98226-0962",
		"altura": "1,84",
		"peso": 55,
		"tipo_sanguineo": "B-",
		"cor": "amarelo"
	},
	{
		"nome": "Tiago Ricardo Raimundo Pinto",
		"idade": 43,
		"cpf": "453.519.641-98",
		"rg": "13.605.848-6",
		"data_nasc": "02/02/1980",
		"sexo": "Masculino",
		"signo": "Aquário",
		"mae": "Betina Priscila Jéssica",
		"pai": "Murilo Tomás Noah Pinto",
		"email": "tiago-pinto94@emcinfo.com.br",
		"senha": "OE9O2gJ3Gc",
		"cep": "71593-165",
		"endereco": "Quadra 303",
		"numero": 397,
		"bairro": "Del Lago II (Itapoã)",
		"cidade": "Brasília",
		"estado": "DF",
		"telefone_fixo": "(61) 2817-2742",
		"celular": "(61) 98700-4313",
		"altura": "1,66",
		"peso": 93,
		"tipo_sanguineo": "A-",
		"cor": "laranja"
	},
	{
		"nome": "Oliver Rodrigo da Rosa",
		"idade": 71,
		"cpf": "601.287.491-05",
		"rg": "38.801.868-9",
		"data_nasc": "07/02/1952",
		"sexo": "Masculino",
		"signo": "Aquário",
		"mae": "Raimunda Luiza",
		"pai": "Marcos Vinicius Anderson Roberto da Rosa",
		"email": "oliverrodrigodarosa@gimail.com",
		"senha": "iuC7ZBwJTn",
		"cep": "71882-014",
		"endereco": "Quadra QC 1 Conjunto 4",
		"numero": 184,
		"bairro": "Riacho Fundo II",
		"cidade": "Brasília",
		"estado": "DF",
		"telefone_fixo": "(61) 2504-4496",
		"celular": "(61) 98254-5523",
		"altura": "1,72",
		"peso": 91,
		"tipo_sanguineo": "O+",
		"cor": "laranja"
	},
	{
		"nome": "Cecília Alice Ribeiro",
		"idade": 23,
		"cpf": "750.215.861-81",
		"rg": "29.628.136-0",
		"data_nasc": "09/02/2000",
		"sexo": "Feminino",
		"signo": "Aquário",
		"mae": "Cecília Nair",
		"pai": "Alexandre Yuri Julio Ribeiro",
		"email": "cecilia_ribeiro@cteep.com.br",
		"senha": "hUrzJQ1Smm",
		"cep": "72312-304",
		"endereco": "Quadra QR 508 Conjunto 3-A",
		"numero": 970,
		"bairro": "Samambaia Sul (Samambaia)",
		"cidade": "Brasília",
		"estado": "DF",
		"telefone_fixo": "(61) 3673-4208",
		"celular": "(61) 98797-0678",
		"altura": "1,55",
		"peso": 66,
		"tipo_sanguineo": "AB-",
		"cor": "azul"
	},
	{
		"nome": "Sophie Louise Renata Corte Real",
		"idade": 47,
		"cpf": "052.763.901-00",
		"rg": "33.026.748-6",
		"data_nasc": "10/01/1976",
		"sexo": "Feminino",
		"signo": "Capricórnio",
		"mae": "Heloisa Louise",
		"pai": "Matheus Guilherme Igor Corte Real",
		"email": "sophie_cortereal@tintasvalecores.com.br",
		"senha": "dSGI1msgl5",
		"cep": "72306-535",
		"endereco": "Quadra QS 310 Conjunto 5",
		"numero": 998,
		"bairro": "Samambaia Sul (Samambaia)",
		"cidade": "Brasília",
		"estado": "DF",
		"telefone_fixo": "(61) 2616-6067",
		"celular": "(61) 99672-6232",
		"altura": "1,85",
		"peso": 88,
		"tipo_sanguineo": "A-",
		"cor": "azul"
	},
	{
		"nome": "Osvaldo Rafael Gabriel Rezende",
		"idade": 26,
		"cpf": "181.094.491-07",
		"rg": "10.391.029-3",
		"data_nasc": "25/02/1997",
		"sexo": "Masculino",
		"signo": "Peixes",
		"mae": "Brenda Maria",
		"pai": "Manoel Raul Rezende",
		"email": "osvaldo_rezende@stilomovelaria.com.br",
		"senha": "5cdmHHnJ1m",
		"cep": "70040-909",
		"endereco": "SBN Quadra 2 Bloco A",
		"numero": 468,
		"bairro": "Asa Norte",
		"cidade": "Brasília",
		"estado": "DF",
		"telefone_fixo": "(61) 3733-5532",
		"celular": "(61) 98449-2079",
		"altura": "1,65",
		"peso": 96,
		"tipo_sanguineo": "A+",
		"cor": "amarelo"
	},
	{
		"nome": "Nicolas Gael Drumond",
		"idade": 61,
		"cpf": "490.629.631-96",
		"rg": "39.717.547-4",
		"data_nasc": "04/01/1962",
		"sexo": "Masculino",
		"signo": "Capricórnio",
		"mae": "Aparecida Elisa Fernanda",
		"pai": "Calebe Mateus Gael Drumond",
		"email": "nicolasgaeldrumond@oerlikon.com",
		"senha": "2zCxDK0HwE",
		"cep": "72325-561",
		"endereco": "Quadra QN 423 Conjunto A",
		"numero": 901,
		"bairro": "Samambaia Norte (Samambaia)",
		"cidade": "Brasília",
		"estado": "DF",
		"telefone_fixo": "(61) 3766-1678",
		"celular": "(61) 98652-3298",
		"altura": "1,65",
		"peso": 58,
		"tipo_sanguineo": "O+",
		"cor": "verde"
	},
	{
		"nome": "Rita Sara Lorena da Mata",
		"idade": 43,
		"cpf": "904.693.361-02",
		"rg": "15.359.678-8",
		"data_nasc": "17/02/1980",
		"sexo": "Feminino",
		"signo": "Aquário",
		"mae": "Alana Aurora",
		"pai": "Alexandre Nicolas da Mata",
		"email": "rita_damata@krika.com.br",
		"senha": "BnUE1ZMp9s",
		"cep": "71591-220",
		"endereco": "Quadra 14",
		"numero": 946,
		"bairro": "Del Lago I (Itapoã)",
		"cidade": "Brasília",
		"estado": "DF",
		"telefone_fixo": "(61) 3646-2914",
		"celular": "(61) 98149-5449",
		"altura": "1,77",
		"peso": 77,
		"tipo_sanguineo": "A-",
		"cor": "preto"
	},
	{
		"nome": "Regina Eloá Gomes",
		"idade": 24,
		"cpf": "195.484.861-72",
		"rg": "11.191.750-5",
		"data_nasc": "03/02/1999",
		"sexo": "Feminino",
		"signo": "Aquário",
		"mae": "Vanessa Alessandra Heloise",
		"pai": "Luiz Pedro Marcelo Gomes",
		"email": "regina_eloa_gomes@atualecomex.com.br",
		"senha": "5IZU7khC1h",
		"cep": "71699-725",
		"endereco": "Quadra QC 13 Rua F",
		"numero": 835,
		"bairro": "Jardins Mangueiral (São Sebastião)",
		"cidade": "Brasília",
		"estado": "DF",
		"telefone_fixo": "(61) 3642-8246",
		"celular": "(61) 98649-9397",
		"altura": "1,79",
		"peso": 84,
		"tipo_sanguineo": "B+",
		"cor": "azul"
	},
	{
		"nome": "Daniela Helena Novaes",
		"idade": 21,
		"cpf": "261.188.361-08",
		"rg": "14.660.785-5",
		"data_nasc": "13/02/2002",
		"sexo": "Feminino",
		"signo": "Aquário",
		"mae": "Laura Cecília Giovanna",
		"pai": "Filipe João Novaes",
		"email": "danielahelenanovaes@mailinator.com",
		"senha": "0hHHl1qAmB",
		"cep": "71996-080",
		"endereco": "Conjunto SHA Conjunto 6 Chácara 11",
		"numero": 789,
		"bairro": "Setor Habitacional Arniqueira (Águas Claras)",
		"cidade": "Brasília",
		"estado": "DF",
		"telefone_fixo": "(61) 2568-8551",
		"celular": "(61) 98253-0384",
		"altura": "1,64",
		"peso": 87,
		"tipo_sanguineo": "A-",
		"cor": "vermelho"
	},
	{
		"nome": "Yasmin Débora Galvão",
		"idade": 21,
		"cpf": "923.885.131-03",
		"rg": "39.733.089-3",
		"data_nasc": "21/02/2002",
		"sexo": "Feminino",
		"signo": "Peixes",
		"mae": "Francisca Kamilly Mirella",
		"pai": "Murilo Luiz Francisco Galvão",
		"email": "yasmin-galvao99@fclcapital.com",
		"senha": "irtzT7zKdG",
		"cep": "71607-000",
		"endereco": "Área Militar do Aeroporto",
		"numero": 230,
		"bairro": "Setor de Habitações Individuais Sul",
		"cidade": "Brasília",
		"estado": "DF",
		"telefone_fixo": "(61) 3804-7161",
		"celular": "(61) 98170-8628",
		"altura": "1,72",
		"peso": 77,
		"tipo_sanguineo": "O-",
		"cor": "verde"
	},
	{
		"nome": "Severino Giovanni Kevin Monteiro",
		"idade": 66,
		"cpf": "556.007.351-20",
		"rg": "50.067.179-5",
		"data_nasc": "03/01/1957",
		"sexo": "Masculino",
		"signo": "Capricórnio",
		"mae": "Heloisa Débora",
		"pai": "Calebe Alexandre Monteiro",
		"email": "severino_monteiro@chiba.net.br",
		"senha": "KniP5AJayq",
		"cep": "71692-655",
		"endereco": "Quadra Quadra 203 Conjunto 19",
		"numero": 454,
		"bairro": "Setor Residencial Oeste (São Sebastião)",
		"cidade": "Brasília",
		"estado": "DF",
		"telefone_fixo": "(61) 3825-4581",
		"celular": "(61) 98871-9157",
		"altura": "1,82",
		"peso": 86,
		"tipo_sanguineo": "A-",
		"cor": "verde"
	},
	{
		"nome": "Sandra Teresinha Vieira",
		"idade": 70,
		"cpf": "755.459.951-88",
		"rg": "13.549.440-0",
		"data_nasc": "14/01/1953",
		"sexo": "Feminino",
		"signo": "Capricórnio",
		"mae": "Beatriz Rosângela Flávia",
		"pai": "Roberto Guilherme Vieira",
		"email": "sandra_vieira@icloub.com",
		"senha": "guHnzzHok5",
		"cep": "72231-578",
		"endereco": "Quadra EQNP 16/20 Módulo H",
		"numero": 979,
		"bairro": "Ceilândia Sul (Ceilândia)",
		"cidade": "Brasília",
		"estado": "DF",
		"telefone_fixo": "(61) 3894-2378",
		"celular": "(61) 98891-6718",
		"altura": "1,56",
		"peso": 70,
		"tipo_sanguineo": "A+",
		"cor": "preto"
	},
	{
		"nome": "Isabella Emily da Cunha",
		"idade": 79,
		"cpf": "103.260.581-25",
		"rg": "43.042.812-1",
		"data_nasc": "04/01/1944",
		"sexo": "Feminino",
		"signo": "Capricórnio",
		"mae": "Yasmin Marlene Antonella",
		"pai": "Igor Nelson Murilo da Cunha",
		"email": "isabellaemilydacunha@cladm.com.br",
		"senha": "X24lY4TMwp",
		"cep": "73401-101",
		"endereco": "Módulo Módulo H",
		"numero": 929,
		"bairro": "Estância Mestre D'Armas I (Planaltina)",
		"cidade": "Brasília",
		"estado": "DF",
		"telefone_fixo": "(61) 3509-4162",
		"celular": "(61) 98695-5392",
		"altura": "1,61",
		"peso": 76,
		"tipo_sanguineo": "B-",
		"cor": "preto"
	},
	{
		"nome": "Sarah Raimunda Simone Araújo",
		"idade": 73,
		"cpf": "808.890.591-52",
		"rg": "18.520.668-2",
		"data_nasc": "25/01/1950",
		"sexo": "Feminino",
		"signo": "Aquário",
		"mae": "Lara Gabriela Vitória",
		"pai": "Eduardo Gabriel Renan Araújo",
		"email": "sarah-araujo82@gmx.de",
		"senha": "62KHoutBap",
		"cep": "72320-528",
		"endereco": "Quadra QS 410 Conjunto H",
		"numero": 415,
		"bairro": "Samambaia Norte (Samambaia)",
		"cidade": "Brasília",
		"estado": "DF",
		"telefone_fixo": "(61) 2790-7369",
		"celular": "(61) 99787-9956",
		"altura": "1,57",
		"peso": 46,
		"tipo_sanguineo": "B+",
		"cor": "verde"
	},
	{
		"nome": "Sarah Manuela Baptista",
		"idade": 23,
		"cpf": "474.552.221-57",
		"rg": "14.433.195-0",
		"data_nasc": "08/01/2000",
		"sexo": "Feminino",
		"signo": "Capricórnio",
		"mae": "Letícia Rosângela",
		"pai": "Samuel Luiz Gabriel Baptista",
		"email": "sarah_manuela_baptista@trincheira.com.br",
		"senha": "MlKIg8lYl0",
		"cep": "73370-063",
		"endereco": "Conjunto Residencial 63",
		"numero": 528,
		"bairro": "Vale do Amanhecer (Planaltina)",
		"cidade": "Brasília",
		"estado": "DF",
		"telefone_fixo": "(61) 3544-4580",
		"celular": "(61) 98730-8819",
		"altura": "1,82",
		"peso": 48,
		"tipo_sanguineo": "A+",
		"cor": "laranja"
	},
	{
		"nome": "Yasmin Jaqueline Louise das Neves",
		"idade": 66,
		"cpf": "165.452.361-56",
		"rg": "20.190.213-8",
		"data_nasc": "09/01/1957",
		"sexo": "Feminino",
		"signo": "Capricórnio",
		"mae": "Catarina Carolina Elaine",
		"pai": "Diego Cláudio Hugo das Neves",
		"email": "yasmin_dasneves@alliancarh.com.br",
		"senha": "yXI5N32tJo",
		"cep": "72503-241",
		"endereco": "Quadra CL 403 Bloco A",
		"numero": 155,
		"bairro": "Santa Maria",
		"cidade": "Brasília",
		"estado": "DF",
		"telefone_fixo": "(61) 3770-1190",
		"celular": "(61) 98862-8580",
		"altura": "1,63",
		"peso": 83,
		"tipo_sanguineo": "A-",
		"cor": "verde"
	},
	{
		"nome": "Pedro Leandro Anthony Fernandes",
		"idade": 41,
		"cpf": "958.308.111-62",
		"rg": "36.724.873-6",
		"data_nasc": "22/01/1982",
		"sexo": "Masculino",
		"signo": "Aquário",
		"mae": "Carolina Benedita",
		"pai": "Vitor Felipe Juan Fernandes",
		"email": "pedro_fernandes@plaman.com.br",
		"senha": "u1KmYJRp23",
		"cep": "71065-201",
		"endereco": "Quadra QE 32 Conjunto T",
		"numero": 632,
		"bairro": "Guará II",
		"cidade": "Brasília",
		"estado": "DF",
		"telefone_fixo": "(61) 3713-4593",
		"celular": "(61) 98876-5832",
		"altura": "1,78",
		"peso": 88,
		"tipo_sanguineo": "B+",
		"cor": "azul"
	},
	{
		"nome": "Geraldo Felipe Sérgio Santos",
		"idade": 21,
		"cpf": "575.448.561-19",
		"rg": "33.600.703-6",
		"data_nasc": "12/01/2002",
		"sexo": "Masculino",
		"signo": "Capricórnio",
		"mae": "Josefa Lorena",
		"pai": "Felipe Henrique Santos",
		"email": "geraldo-santos82@yoma.com.br",
		"senha": "GUoGtfJmO5",
		"cep": "71020-096",
		"endereco": "Quadra QI 7 Conjunto I",
		"numero": 819,
		"bairro": "Guará I",
		"cidade": "Brasília",
		"estado": "DF",
		"telefone_fixo": "(61) 3511-0545",
		"celular": "(61) 98901-5723",
		"altura": "1,71",
		"peso": 77,
		"tipo_sanguineo": "O+",
		"cor": "azul"
	},
	{
		"nome": "Kevin Giovanni Assunção",
		"idade": 65,
		"cpf": "044.495.561-51",
		"rg": "33.736.746-2",
		"data_nasc": "04/01/1958",
		"sexo": "Masculino",
		"signo": "Capricórnio",
		"mae": "Nina Bruna Vitória",
		"pai": "Leandro Marcos Vinicius Assunção",
		"email": "kevin_giovanni_assuncao@ctlive.com.br",
		"senha": "LOoGUHnEhQ",
		"cep": "72210-505",
		"endereco": "Quadra CNM 2 Bloco E",
		"numero": 930,
		"bairro": "Ceilândia Centro (Ceilândia)",
		"cidade": "Brasília",
		"estado": "DF",
		"telefone_fixo": "(61) 2604-6319",
		"celular": "(61) 98573-7174",
		"altura": "1,63",
		"peso": 52,
		"tipo_sanguineo": "B-",
		"cor": "vermelho"
	},
	{
		"nome": "Mariah Bruna Nascimento",
		"idade": 27,
		"cpf": "468.244.101-95",
		"rg": "50.545.201-7",
		"data_nasc": "12/01/1996",
		"sexo": "Feminino",
		"signo": "Capricórnio",
		"mae": "Elisa Kamilly",
		"pai": "Bernardo Nicolas Nascimento",
		"email": "mariah_bruna_nascimento@emitec.com.br",
		"senha": "555MfgOX47",
		"cep": "73310-164",
		"endereco": "Área Setor Educacional Lote H",
		"numero": 100,
		"bairro": "Setor de Educação (Planaltina)",
		"cidade": "Brasília",
		"estado": "DF",
		"telefone_fixo": "(61) 2700-3243",
		"celular": "(61) 99202-4727",
		"altura": "1,75",
		"peso": 74,
		"tipo_sanguineo": "O-",
		"cor": "verde"
	},
	{
		"nome": "Lúcia Maria Isis Bernardes",
		"idade": 60,
		"cpf": "661.217.211-89",
		"rg": "11.344.975-6",
		"data_nasc": "21/02/1963",
		"sexo": "Feminino",
		"signo": "Peixes",
		"mae": "Stefany Rafaela Giovanna",
		"pai": "Raimundo Isaac Marcos Vinicius Bernardes",
		"email": "lucia.maria.bernardes@signa.net.br",
		"senha": "alqBxrrYAs",
		"cep": "72420-155",
		"endereco": "Quadra EQ 15/19",
		"numero": 697,
		"bairro": "Setor Oeste (Gama)",
		"cidade": "Brasília",
		"estado": "DF",
		"telefone_fixo": "(61) 3932-1066",
		"celular": "(61) 99617-9794",
		"altura": "1,79",
		"peso": 86,
		"tipo_sanguineo": "A-",
		"cor": "vermelho"
	},
	{
		"nome": "Fátima Cecília Natália Mendes",
		"idade": 75,
		"cpf": "554.110.041-01",
		"rg": "44.422.453-1",
		"data_nasc": "06/02/1948",
		"sexo": "Feminino",
		"signo": "Aquário",
		"mae": "Luciana Cláudia Raquel",
		"pai": "Nelson Fernando Mendes",
		"email": "fatimaceciliamendes@oliveiraesouza.adv.br",
		"senha": "dX89BFisuC",
		"cep": "73355-003",
		"endereco": "Quadra Quadra 10 Conjunto C",
		"numero": 229,
		"bairro": "Setor Residencial Leste (Planaltina)",
		"cidade": "Brasília",
		"estado": "DF",
		"telefone_fixo": "(61) 3555-6106",
		"celular": "(61) 98339-9490",
		"altura": "1,79",
		"peso": 83,
		"tipo_sanguineo": "AB-",
		"cor": "azul"
	},
	{
		"nome": "Calebe Manuel Danilo da Cruz",
		"idade": 62,
		"cpf": "458.697.461-32",
		"rg": "11.295.645-2",
		"data_nasc": "19/01/1961",
		"sexo": "Masculino",
		"signo": "Capricórnio",
		"mae": "Brenda Laís",
		"pai": "Miguel Marcos da Cruz",
		"email": "calebe_dacruz@tera.com.br",
		"senha": "p5Oe8y80Qf",
		"cep": "72306-804",
		"endereco": "Quadra QR 310 Conjunto 4",
		"numero": 706,
		"bairro": "Samambaia Sul (Samambaia)",
		"cidade": "Brasília",
		"estado": "DF",
		"telefone_fixo": "(61) 2965-3509",
		"celular": "(61) 99646-4233",
		"altura": "1,93",
		"peso": 57,
		"tipo_sanguineo": "B-",
		"cor": "laranja"
	},
	{
		"nome": "Luzia Mariane Porto",
		"idade": 73,
		"cpf": "424.741.131-42",
		"rg": "22.687.910-0",
		"data_nasc": "05/02/1950",
		"sexo": "Feminino",
		"signo": "Aquário",
		"mae": "Sabrina Tereza Sônia",
		"pai": "Theo Otávio Porto",
		"email": "luzia_mariane_porto@comercialrizzo.com",
		"senha": "LaS3wKPD4x",
		"cep": "72405-220",
		"endereco": "Quadra Quadra 22",
		"numero": 214,
		"bairro": "Setor Central (Gama)",
		"cidade": "Brasília",
		"estado": "DF",
		"telefone_fixo": "(61) 2663-5774",
		"celular": "(61) 98425-4455",
		"altura": "1,85",
		"peso": 86,
		"tipo_sanguineo": "A+",
		"cor": "vermelho"
	},
	{
		"nome": "Daniela Isadora Andrea Figueiredo",
		"idade": 72,
		"cpf": "499.526.831-62",
		"rg": "44.346.485-6",
		"data_nasc": "12/01/1951",
		"sexo": "Feminino",
		"signo": "Capricórnio",
		"mae": "Allana Sophie",
		"pai": "Lucas Bryan Figueiredo",
		"email": "daniela-figueiredo94@beminvestir.com.br",
		"senha": "pLs2RCx2lu",
		"cep": "70735-080",
		"endereco": "Quadra SQN 303 Bloco H",
		"numero": 662,
		"bairro": "Asa Norte",
		"cidade": "Brasília",
		"estado": "DF",
		"telefone_fixo": "(61) 2718-2093",
		"celular": "(61) 99145-2526",
		"altura": "1,53",
		"peso": 63,
		"tipo_sanguineo": "AB-",
		"cor": "laranja"
	}
]