[
	{
		"nome": "João Julio Guilherme Lima",
		"idade": 39,
		"cpf": "154.123.021-30",
		"rg": "23.878.335-2",
		"data_nasc": "18/02/1984",
		"sexo": "Masculino",
		"signo": "Aquário",
		"mae": "Julia Bárbara",
		"pai": "Daniel Benjamin Lima",
		"email": "joaojuliolima@ideiaviva.com.br",
		"senha": "bOxai2lNKZ",
		"cep": "70303-911",
		"endereco": "SCS Quadra 3 Bloco A Lote 150/170",
		"numero": 184,
		"bairro": "Asa Sul",
		"cidade": "Brasília",
		"estado": "DF",
		"telefone_fixo": "(61) 2635-7087",
		"celular": "(61) 98535-3565",
		"altura": "1,71",
		"peso": 102,
		"tipo_sanguineo": "A+",
		"cor": "verde"
	},
	{
		"nome": "Oliver Paulo Henry Aparício",
		"idade": 78,
		"cpf": "914.609.221-82",
		"rg": "30.498.773-6",
		"data_nasc": "24/02/1945",
		"sexo": "Masculino",
		"signo": "Peixes",
		"mae": "Ana Sophia",
		"pai": "Yago Raimundo Anthony Aparício",
		"email": "oliver_paulo_aparicio@jh2consulting.com",
		"senha": "1yjXBNDF7T",
		"cep": "71015-189",
		"endereco": "Quadra QI 22 Área Central",
		"numero": 258,
		"bairro": "Guará I",
		"cidade": "Brasília",
		"estado": "DF",
		"telefone_fixo": "(61) 2582-5621",
		"celular": "(61) 99998-5772",
		"altura": "1,78",
		"peso": 90,
		"tipo_sanguineo": "O+",
		"cor": "verde"
	},
	{
		"nome": "Otávio Erick Kauê Rodrigues",
		"idade": 67,
		"cpf": "760.419.401-00",
		"rg": "27.734.457-8",
		"data_nasc": "14/02/1956",
		"sexo": "Masculino",
		"signo": "Aquário",
		"mae": "Fabiana Alice Alice",
		"pai": "Bento Raul Murilo Rodrigues",
		"email": "otavio-rodrigues71@ipmmi.org.br",
		"senha": "8UsAR5x2uG",
		"cep": "72025-015",
		"endereco": "Quadra CSE 1",
		"numero": 411,
		"bairro": "Taguatinga Sul (Taguatinga)",
		"cidade": "Brasília",
		"estado": "DF",
		"telefone_fixo": "(61) 3710-8517",
		"celular": "(61) 98915-1705",
		"altura": "1,94",
		"peso": 91,
		"tipo_sanguineo": "O-",
		"cor": "preto"
	},
	{
		"nome": "João Manoel José Drumond",
		"idade": 29,
		"cpf": "106.766.761-03",
		"rg": "17.795.796-7",
		"data_nasc": "04/02/1994",
		"sexo": "Masculino",
		"signo": "Aquário",
		"mae": "Emily Alana Isabelly",
		"pai": "Bryan Antonio Bento Drumond",
		"email": "joao_drumond@lanchesdahora.com.br",
		"senha": "H9toejBAcl",
		"cep": "72735-520",
		"endereco": "Quadra EQ 35/45",
		"numero": 736,
		"bairro": "Vila São José (Brazlândia)",
		"cidade": "Brasília",
		"estado": "DF",
		"telefone_fixo": "(61) 2837-7769",
		"celular": "(61) 99598-7933",
		"altura": "1,63",
		"peso": 77,
		"tipo_sanguineo": "O-",
		"cor": "roxo"
	},
	{
		"nome": "Manuela Raquel Teresinha Araújo",
		"idade": 61,
		"cpf": "713.524.011-18",
		"rg": "33.072.867-2",
		"data_nasc": "12/02/1962",
		"sexo": "Feminino",
		"signo": "Aquário",
		"mae": "Tatiane Simone",
		"pai": "Pietro Antonio Yuri Araújo",
		"email": "manuela_araujo@cursomarcato.com.br",
		"senha": "pd7b0PnLZ6",
		"cep": "72420-217",
		"endereco": "Quadra EQ 21/24 Bloco B",
		"numero": 357,
		"bairro": "Setor Oeste (Gama)",
		"cidade": "Brasília",
		"estado": "DF",
		"telefone_fixo": "(61) 3631-9035",
		"celular": "(61) 99469-4736",
		"altura": "1,61",
		"peso": 82,
		"tipo_sanguineo": "O+",
		"cor": "vermelho"
	},
	{
		"nome": "Analu Daniela Isabelly da Rosa",
		"idade": 54,
		"cpf": "673.190.681-68",
		"rg": "32.533.143-1",
		"data_nasc": "22/02/1969",
		"sexo": "Feminino",
		"signo": "Peixes",
		"mae": "Liz Analu",
		"pai": "Alexandre Mateus Severino da Rosa",
		"email": "analu_darosa@hidracom.com.br",
		"senha": "lJTY601YOP",
		"cep": "71825-423",
		"endereco": "Quadra QS 14 Área Especial C",
		"numero": 155,
		"bairro": "Riacho Fundo I",
		"cidade": "Brasília",
		"estado": "DF",
		"telefone_fixo": "(61) 2701-5364",
		"celular": "(61) 99100-3922",
		"altura": "1,76",
		"peso": 63,
		"tipo_sanguineo": "B-",
		"cor": "amarelo"
	},
	{
		"nome": "Yago Henrique Silveira",
		"idade": 72,
		"cpf": "339.445.001-13",
		"rg": "27.920.976-9",
		"data_nasc": "08/01/1951",
		"sexo": "Masculino",
		"signo": "Capricórnio",
		"mae": "Liz Flávia",
		"pai": "Nicolas Bryan Yago Silveira",
		"email": "yago_henrique_silveira@provale.com.br",
		"senha": "sQLbwHXiA2",
		"cep": "71536-200",
		"endereco": "Trecho Trecho 03 Chácara 137",
		"numero": 593,
		"bairro": "Setor de Habitações Individuais Norte",
		"cidade": "Brasília",
		"estado": "DF",
		"telefone_fixo": "(61) 3562-1760",
		"celular": "(61) 99554-0131",
		"altura": "1,95",
		"peso": 78,
		"tipo_sanguineo": "B-",
		"cor": "vermelho"
	},
	{
		"nome": "Daniela Caroline Hadassa Caldeira",
		"idade": 52,
		"cpf": "476.375.241-32",
		"rg": "38.244.878-9",
		"data_nasc": "16/01/1971",
		"sexo": "Feminino",
		"signo": "Capricórnio",
		"mae": "Brenda Stefany",
		"pai": "Lucas Cauê José Caldeira",
		"email": "danielacarolinecaldeira@tuds.com.br",
		"senha": "qEdnUKwpAy",
		"cep": "71741-805",
		"endereco": "Quadra SMPW Quadra 18 Conjunto 5",
		"numero": 209,
		"bairro": "Setor de Mansões Park Way",
		"cidade": "Brasília",
		"estado": "DF",
		"telefone_fixo": "(61) 3769-2240",
		"celular": "(61) 98353-5198",
		"altura": "1,80",
		"peso": 71,
		"tipo_sanguineo": "A+",
		"cor": "amarelo"
	},
	{
		"nome": "Elza Ayla Clarice da Rocha",
		"idade": 78,
		"cpf": "004.251.611-02",
		"rg": "36.459.610-7",
		"data_nasc": "25/01/1945",
		"sexo": "Feminino",
		"signo": "Aquário",
		"mae": "Simone Stella",
		"pai": "Bryan Cauê da Rocha",
		"email": "elza_darocha@uol.om.br",
		"senha": "mJEBzAGuZg",
		"cep": "71060-012",
		"endereco": "Quadra QE 28 Conjunto A",
		"numero": 845,
		"bairro": "Guará II",
		"cidade": "Brasília",
		"estado": "DF",
		"telefone_fixo": "(61) 3583-5424",
		"celular": "(61) 99195-7834",
		"altura": "1,82",
		"peso": 60,
		"tipo_sanguineo": "B+",
		"cor": "amarelo"
	},
	{
		"nome": "Helena Lúcia Ayla Pereira",
		"idade": 60,
		"cpf": "576.099.171-09",
		"rg": "33.094.617-1",
		"data_nasc": "19/02/1963",
		"sexo": "Feminino",
		"signo": "Aquário",
		"mae": "Elisa Elza Sophia",
		"pai": "Antonio Leandro Cauê Pereira",
		"email": "helenaluciapereira@2emesconstrutora.com.br",
		"senha": "Y4pEm0Iwbd",
		"cep": "71693-005",
		"endereco": "Quadra 4",
		"numero": 176,
		"bairro": "Vila São José (São Sebastião)",
		"cidade": "Brasília",
		"estado": "DF",
		"telefone_fixo": "(61) 3884-1297",
		"celular": "(61) 98252-2563",
		"altura": "1,80",
		"peso": 56,
		"tipo_sanguineo": "AB-",
		"cor": "vermelho"
	},
	{
		"nome": "Nina Eliane Moura",
		"idade": 57,
		"cpf": "375.832.381-96",
		"rg": "25.475.565-3",
		"data_nasc": "22/01/1966",
		"sexo": "Feminino",
		"signo": "Aquário",
		"mae": "Cecília Bianca",
		"pai": "Pedro Francisco Renan Moura",
		"email": "nina-moura81@solucao.adm.br",
		"senha": "E1XkldANLR",
		"cep": "71976-200",
		"endereco": "Quadra QS 8 Conjunto 230D",
		"numero": 374,
		"bairro": "Areal (Águas Claras)",
		"cidade": "Brasília",
		"estado": "DF",
		"telefone_fixo": "(61) 3668-7519",
		"celular": "(61) 98565-5496",
		"altura": "1,65",
		"peso": 70,
		"tipo_sanguineo": "A-",
		"cor": "azul"
	},
	{
		"nome": "Gabriel Isaac Peixoto",
		"idade": 67,
		"cpf": "111.324.351-10",
		"rg": "36.996.602-8",
		"data_nasc": "14/02/1956",
		"sexo": "Masculino",
		"signo": "Aquário",
		"mae": "Laura Melissa Olivia",
		"pai": "Elias Thiago Enzo Peixoto",
		"email": "gabriel_peixoto@zepto.com.br",
		"senha": "oiQeqKFHah",
		"cep": "70278-400",
		"endereco": "Quadra EQS 412/413",
		"numero": 638,
		"bairro": "Asa Sul",
		"cidade": "Brasília",
		"estado": "DF",
		"telefone_fixo": "(61) 2692-7786",
		"celular": "(61) 98796-0557",
		"altura": "1,71",
		"peso": 106,
		"tipo_sanguineo": "AB+",
		"cor": "roxo"
	},
	{
		"nome": "João Kevin Rafael das Neves",
		"idade": 49,
		"cpf": "986.431.031-36",
		"rg": "10.509.443-2",
		"data_nasc": "12/01/1974",
		"sexo": "Masculino",
		"signo": "Capricórnio",
		"mae": "Marcela Ayla",
		"pai": "Bernardo Cauê das Neves",
		"email": "joao_kevin_dasneves@teofilorezende.com.br",
		"senha": "8d0NCKGetz",
		"cep": "70273-050",
		"endereco": "Quadra SQS 210 Bloco E",
		"numero": 642,
		"bairro": "Asa Sul",
		"cidade": "Brasília",
		"estado": "DF",
		"telefone_fixo": "(61) 3870-0228",
		"celular": "(61) 99675-4324",
		"altura": "1,61",
		"peso": 97,
		"tipo_sanguineo": "A+",
		"cor": "roxo"
	},
	{
		"nome": "Yuri Giovanni Novaes",
		"idade": 19,
		"cpf": "473.674.391-38",
		"rg": "33.645.073-4",
		"data_nasc": "01/01/2004",
		"sexo": "Masculino",
		"signo": "Capricórnio",
		"mae": "Daniela Luna",
		"pai": "Daniel Francisco Novaes",
		"email": "yuri_novaes@davimil.com.br",
		"senha": "oTXCdGfoLL",
		"cep": "72404-090",
		"endereco": "Setor SCC Projeção 9",
		"numero": 373,
		"bairro": "Setor Central (Gama)",
		"cidade": "Brasília",
		"estado": "DF",
		"telefone_fixo": "(61) 2617-8172",
		"celular": "(61) 99576-6560",
		"altura": "1,69",
		"peso": 71,
		"tipo_sanguineo": "O-",
		"cor": "vermelho"
	},
	{
		"nome": "Andrea Antônia Louise Pires",
		"idade": 62,
		"cpf": "649.989.731-00",
		"rg": "38.502.666-3",
		"data_nasc": "10/02/1961",
		"sexo": "Feminino",
		"signo": "Aquário",
		"mae": "Andrea Rafaela",
		"pai": "Thales Cauã Carlos Pires",
		"email": "andreaantoniapires@tetrapark.com",
		"senha": "aXXox0D5kB",
		"cep": "72322-014",
		"endereco": "Quadra QR 602 Conjunto 14",
		"numero": 727,
		"bairro": "Samambaia Norte (Samambaia)",
		"cidade": "Brasília",
		"estado": "DF",
		"telefone_fixo": "(61) 2659-8195",
		"celular": "(61) 98517-6077",
		"altura": "1,63",
		"peso": 79,
		"tipo_sanguineo": "O+",
		"cor": "preto"
	},
	{
		"nome": "Marcos Bernardo Gael Souza",
		"idade": 68,
		"cpf": "308.042.751-30",
		"rg": "23.444.560-9",
		"data_nasc": "11/02/1955",
		"sexo": "Masculino",
		"signo": "Aquário",
		"mae": "Giovanna Marina",
		"pai": "Jorge Sebastião Enzo Souza",
		"email": "marcos_souza@thewishes.com.br",
		"senha": "WB6G2C0QhF",
		"cep": "71645-040",
		"endereco": "Quadra SHIS QI 17 Conjunto 4",
		"numero": 360,
		"bairro": "Setor de Habitações Individuais Sul",
		"cidade": "Brasília",
		"estado": "DF",
		"telefone_fixo": "(61) 3626-9129",
		"celular": "(61) 98770-9921",
		"altura": "1,79",
		"peso": 63,
		"tipo_sanguineo": "B-",
		"cor": "amarelo"
	},
	{
		"nome": "Benedito Gustavo Geraldo Bernardes",
		"idade": 35,
		"cpf": "841.163.191-55",
		"rg": "37.790.908-7",
		"data_nasc": "22/02/1988",
		"sexo": "Masculino",
		"signo": "Peixes",
		"mae": "Clarice Ester Raquel",
		"pai": "Joaquim Raul Henry Bernardes",
		"email": "benedito_bernardes@diebold.com",
		"senha": "EIjW7j8ijh",
		"cep": "72003-775",
		"endereco": "Rua Rua 8 Chácara 34",
		"numero": 849,
		"bairro": "Vila São José (Vicente Pires)",
		"cidade": "Brasília",
		"estado": "DF",
		"telefone_fixo": "(61) 2663-5563",
		"celular": "(61) 98125-3921",
		"altura": "1,81",
		"peso": 85,
		"tipo_sanguineo": "AB+",
		"cor": "azul"
	},
	{
		"nome": "Larissa Carolina da Costa",
		"idade": 32,
		"cpf": "479.515.691-35",
		"rg": "39.600.591-3",
		"data_nasc": "25/02/1991",
		"sexo": "Feminino",
		"signo": "Peixes",
		"mae": "Lorena Isabelly",
		"pai": "Leonardo Paulo da Costa",
		"email": "larissa_dacosta@dhl.com",
		"senha": "Iua1QBGJfT",
		"cep": "70399-900",
		"endereco": "SCS Quadra 1 Bloco H Lote 30",
		"numero": 761,
		"bairro": "Asa Sul",
		"cidade": "Brasília",
		"estado": "DF",
		"telefone_fixo": "(61) 2901-3326",
		"celular": "(61) 99381-6243",
		"altura": "1,73",
		"peso": 57,
		"tipo_sanguineo": "O-",
		"cor": "vermelho"
	},
	{
		"nome": "Osvaldo Renan Luiz da Mata",
		"idade": 66,
		"cpf": "067.184.921-24",
		"rg": "42.912.713-3",
		"data_nasc": "09/01/1957",
		"sexo": "Masculino",
		"signo": "Capricórnio",
		"mae": "Marli Kamilly",
		"pai": "Mário Luan Henrique da Mata",
		"email": "osvaldo-damata81@gaviola.com",
		"senha": "JAonhl7WgS",
		"cep": "72251-803",
		"endereco": "Quadra QNO 8 Conjunto C",
		"numero": 995,
		"bairro": "Ceilândia Norte (Ceilândia)",
		"cidade": "Brasília",
		"estado": "DF",
		"telefone_fixo": "(61) 3992-4887",
		"celular": "(61) 99718-6487",
		"altura": "1,91",
		"peso": 68,
		"tipo_sanguineo": "B+",
		"cor": "laranja"
	},
	{
		"nome": "Giovanna Marcela Gonçalves",
		"idade": 32,
		"cpf": "094.743.191-89",
		"rg": "47.751.018-8",
		"data_nasc": "04/01/1991",
		"sexo": "Feminino",
		"signo": "Capricórnio",
		"mae": "Lúcia Elaine Catarina",
		"pai": "Heitor Yuri Gonçalves",
		"email": "giovanna.marcela.goncalves@live.ca",
		"senha": "MlMQmo7jiE",
		"cep": "70236-170",
		"endereco": "Quadra SQS 402 Bloco Q",
		"numero": 794,
		"bairro": "Asa Sul",
		"cidade": "Brasília",
		"estado": "DF",
		"telefone_fixo": "(61) 2783-8542",
		"celular": "(61) 98189-9957",
		"altura": "1,60",
		"peso": 68,
		"tipo_sanguineo": "O-",
		"cor": "vermelho"
	},
	{
		"nome": "Elisa Mariana Ayla Fernandes",
		"idade": 70,
		"cpf": "715.382.681-59",
		"rg": "37.349.580-8",
		"data_nasc": "05/02/1953",
		"sexo": "Feminino",
		"signo": "Aquário",
		"mae": "Valentina Giovana",
		"pai": "Enzo Nathan Fábio Fernandes",
		"email": "elisa_mariana_fernandes@daimler.com",
		"senha": "Z7fUYn8zmh",
		"cep": "71572-707",
		"endereco": "Avenida Paranoá Bloco 19",
		"numero": 142,
		"bairro": "Paranoá",
		"cidade": "Brasília",
		"estado": "DF",
		"telefone_fixo": "(61) 2622-4622",
		"celular": "(61) 98696-7128",
		"altura": "1,56",
		"peso": 80,
		"tipo_sanguineo": "O+",
		"cor": "vermelho"
	},
	{
		"nome": "Lara Isabella Stella Barbosa",
		"idade": 75,
		"cpf": "449.052.581-89",
		"rg": "44.865.325-4",
		"data_nasc": "10/02/1948",
		"sexo": "Feminino",
		"signo": "Aquário",
		"mae": "Sebastiana Antônia",
		"pai": "Manoel Erick Miguel Barbosa",
		"email": "lara.isabella.barbosa@raninho.com.br",
		"senha": "aefZ1g2OAi",
		"cep": "71573-105",
		"endereco": "Quadra Quadra 31 Conjunto E",
		"numero": 103,
		"bairro": "Paranoá",
		"cidade": "Brasília",
		"estado": "DF",
		"telefone_fixo": "(61) 3667-0483",
		"celular": "(61) 98600-0922",
		"altura": "1,85",
		"peso": 75,
		"tipo_sanguineo": "O+",
		"cor": "preto"
	},
	{
		"nome": "Anderson Nicolas Freitas",
		"idade": 38,
		"cpf": "240.009.241-92",
		"rg": "50.906.909-5",
		"data_nasc": "19/02/1985",
		"sexo": "Masculino",
		"signo": "Aquário",
		"mae": "Maitê Emanuelly",
		"pai": "Kaique Carlos Eduardo Matheus Freitas",
		"email": "anderson-freitas95@orteca.com.br",
		"senha": "uLeCg77uDj",
		"cep": "70760-530",
		"endereco": "Quadra SCLRN 713",
		"numero": 574,
		"bairro": "Asa Norte",
		"cidade": "Brasília",
		"estado": "DF",
		"telefone_fixo": "(61) 2893-5011",
		"celular": "(61) 98143-0779",
		"altura": "1,80",
		"peso": 92,
		"tipo_sanguineo": "AB-",
		"cor": "vermelho"
	},
	{
		"nome": "Nicolas Anderson Otávio Assis",
		"idade": 36,
		"cpf": "059.675.341-13",
		"rg": "20.038.939-7",
		"data_nasc": "22/02/1987",
		"sexo": "Masculino",
		"signo": "Peixes",
		"mae": "Joana Alice Aurora",
		"pai": "Nathan Márcio Mário Assis",
		"email": "nicolas-assis90@ativacofres.com.br",
		"senha": "OYPEMeSnMa",
		"cep": "71515-790",
		"endereco": "Quadra SHIN QI 11 Conjunto 9",
		"numero": 221,
		"bairro": "Setor de Habitações Individuais Norte",
		"cidade": "Brasília",
		"estado": "DF",
		"telefone_fixo": "(61) 2908-7881",
		"celular": "(61) 98934-2242",
		"altura": "1,77",
		"peso": 98,
		"tipo_sanguineo": "B-",
		"cor": "azul"
	},
	{
		"nome": "Aline Luana Sandra Nogueira",
		"idade": 65,
		"cpf": "054.361.051-90",
		"rg": "22.935.391-5",
		"data_nasc": "02/01/1958",
		"sexo": "Feminino",
		"signo": "Capricórnio",
		"mae": "Tatiane Silvana",
		"pai": "Alexandre Vitor Raul Nogueira",
		"email": "aline_nogueira@piemme.com.br",
		"senha": "GlX5LsdK2a",
		"cep": "71536-126",
		"endereco": "Trecho Trecho 03 Chácara 67",
		"numero": 800,
		"bairro": "Setor de Habitações Individuais Norte",
		"cidade": "Brasília",
		"estado": "DF",
		"telefone_fixo": "(61) 2972-9734",
		"celular": "(61) 98984-5207",
		"altura": "1,80",
		"peso": 65,
		"tipo_sanguineo": "AB-",
		"cor": "vermelho"
	},
	{
		"nome": "Marcelo Calebe Barros",
		"idade": 44,
		"cpf": "903.607.821-08",
		"rg": "24.527.060-7",
		"data_nasc": "17/01/1979",
		"sexo": "Masculino",
		"signo": "Capricórnio",
		"mae": "Cecília Sueli Gabrielly",
		"pai": "Fernando Tomás Barros",
		"email": "marcelocalebebarros@unimedsjc.com.br",
		"senha": "82WMK4HHMM",
		"cep": "72507-512",
		"endereco": "Quadra QR 307 Conjunto L",
		"numero": 771,
		"bairro": "Santa Maria",
		"cidade": "Brasília",
		"estado": "DF",
		"telefone_fixo": "(61) 3813-9024",
		"celular": "(61) 98729-3336",
		"altura": "1,95",
		"peso": 70,
		"tipo_sanguineo": "A-",
		"cor": "azul"
	},
	{
		"nome": "Vinicius Felipe Figueiredo",
		"idade": 31,
		"cpf": "787.172.081-30",
		"rg": "20.879.302-1",
		"data_nasc": "08/01/1992",
		"sexo": "Masculino",
		"signo": "Capricórnio",
		"mae": "Brenda Mirella Stefany",
		"pai": "Henrique Cauê Ian Figueiredo",
		"email": "vinicius.felipe.figueiredo@hotmnail.com",
		"senha": "3iIqdbnOqF",
		"cep": "70362-400",
		"endereco": "Quadra EQS 309/310",
		"numero": 965,
		"bairro": "Asa Sul",
		"cidade": "Brasília",
		"estado": "DF",
		"telefone_fixo": "(61) 2628-0960",
		"celular": "(61) 98500-0525",
		"altura": "1,95",
		"peso": 72,
		"tipo_sanguineo": "A-",
		"cor": "roxo"
	},
	{
		"nome": "Eloá Emily Duarte",
		"idade": 31,
		"cpf": "202.871.841-29",
		"rg": "36.896.437-1",
		"data_nasc": "05/01/1992",
		"sexo": "Feminino",
		"signo": "Capricórnio",
		"mae": "Sophia Kamilly",
		"pai": "Cláudio Theo Duarte",
		"email": "eloaemilyduarte@fosjc.unesp.br",
		"senha": "osCq3YcMC0",
		"cep": "70655-073",
		"endereco": "Quadra SHCES Quadra 907 Bloco C",
		"numero": 902,
		"bairro": "Cruzeiro Novo",
		"cidade": "Brasília",
		"estado": "DF",
		"telefone_fixo": "(61) 2567-5018",
		"celular": "(61) 99378-5884",
		"altura": "1,73",
		"peso": 56,
		"tipo_sanguineo": "A+",
		"cor": "vermelho"
	},
	{
		"nome": "Cauã Bento Pinto",
		"idade": 62,
		"cpf": "787.510.181-60",
		"rg": "17.949.530-6",
		"data_nasc": "10/01/1961",
		"sexo": "Masculino",
		"signo": "Capricórnio",
		"mae": "Luiza Liz",
		"pai": "Luan Murilo Pinto",
		"email": "caua_bento_pinto@chiba.net.br",
		"senha": "uhrPFtD972",
		"cep": "72630-273",
		"endereco": "Quadra Quadra 402 Conjunto 2-A",
		"numero": 450,
		"bairro": "Recanto das Emas",
		"cidade": "Brasília",
		"estado": "DF",
		"telefone_fixo": "(61) 2817-9961",
		"celular": "(61) 99209-4043",
		"altura": "1,83",
		"peso": 91,
		"tipo_sanguineo": "A+",
		"cor": "preto"
	},
	{
		"nome": "Emilly Sophie Jennifer Nascimento",
		"idade": 80,
		"cpf": "335.971.511-08",
		"rg": "50.361.960-7",
		"data_nasc": "21/02/1943",
		"sexo": "Feminino",
		"signo": "Peixes",
		"mae": "Carla Márcia",
		"pai": "Iago Benjamin Mateus Nascimento",
		"email": "emilly.sophie.nascimento@chavao.com.br",
		"senha": "uZARaNBhBO",
		"cep": "71699-717",
		"endereco": "Quadra QC 13 Rua B",
		"numero": 840,
		"bairro": "Jardins Mangueiral (São Sebastião)",
		"cidade": "Brasília",
		"estado": "DF",
		"telefone_fixo": "(61) 3774-1117",
		"celular": "(61) 98878-4241",
		"altura": "1,50",
		"peso": 47,
		"tipo_sanguineo": "B-",
		"cor": "amarelo"
	}
]