[
	{
		"nome": "Alice Jéssica Rocha",
		"idade": 22,
		"cpf": "649.807.291-18",
		"rg": "25.168.047-2",
		"data_nasc": "20/02/2001",
		"sexo": "Feminino",
		"signo": "Peixes",
		"mae": "Natália Bárbara Gabriela",
		"pai": "Nathan Isaac Rocha",
		"email": "alice-rocha84@ouplook.com",
		"senha": "3FzkMCeQHz",
		"cep": "72579-080",
		"endereco": "Chácara Chácara 08",
		"numero": 429,
		"bairro": "Condomínio Chácaras Ana Maria (Santa Maria)",
		"cidade": "Brasília",
		"estado": "DF",
		"telefone_fixo": "(61) 2844-9539",
		"celular": "(61) 98916-2472",
		"altura": "1,53",
		"peso": 56,
		"tipo_sanguineo": "A-",
		"cor": "verde"
	},
	{
		"nome": "Rosa Fernanda Sueli Lopes",
		"idade": 72,
		"cpf": "302.756.621-01",
		"rg": "34.009.213-0",
		"data_nasc": "04/01/1951",
		"sexo": "Feminino",
		"signo": "Capricórnio",
		"mae": "Kamilly Alana Yasmin",
		"pai": "Marcos Vinicius Anthony Lopes",
		"email": "rosa_lopes@aedu.com",
		"senha": "C4lr42Gd6i",
		"cep": "72622-114",
		"endereco": "Quadra Quadra 308 Conjunto 14",
		"numero": 398,
		"bairro": "Recanto das Emas",
		"cidade": "Brasília",
		"estado": "DF",
		"telefone_fixo": "(61) 2787-9269",
		"celular": "(61) 99493-9617",
		"altura": "1,78",
		"peso": 64,
		"tipo_sanguineo": "A+",
		"cor": "roxo"
	},
	{
		"nome": "Paulo Breno Bruno Viana",
		"idade": 70,
		"cpf": "437.565.211-09",
		"rg": "32.660.592-7",
		"data_nasc": "08/02/1953",
		"sexo": "Masculino",
		"signo": "Aquário",
		"mae": "Emily Eduarda",
		"pai": "Daniel Thomas César Viana",
		"email": "paulobrenoviana@grupogil.com.br",
		"senha": "RRn7bmftGK",
		"cep": "72015-937",
		"endereco": "CSB 3 Lote 04",
		"numero": 761,
		"bairro": "Taguatinga Sul (Taguatinga)",
		"cidade": "Brasília",
		"estado": "DF",
		"telefone_fixo": "(61) 3911-9145",
		"celular": "(61) 99528-3172",
		"altura": "1,77",
		"peso": 65,
		"tipo_sanguineo": "O-",
		"cor": "amarelo"
	},
	{
		"nome": "Liz Fernanda Oliveira",
		"idade": 33,
		"cpf": "799.421.341-31",
		"rg": "35.023.577-6",
		"data_nasc": "14/02/1990",
		"sexo": "Feminino",
		"signo": "Aquário",
		"mae": "Teresinha Isabel",
		"pai": "Levi Theo Noah Oliveira",
		"email": "liz_fernanda_oliveira@acquire.com.br",
		"senha": "Bn3UJ8GAdc",
		"cep": "72620-310",
		"endereco": "Quadra Quadra 302 Conjunto 10",
		"numero": 210,
		"bairro": "Recanto das Emas",
		"cidade": "Brasília",
		"estado": "DF",
		"telefone_fixo": "(61) 3671-9003",
		"celular": "(61) 98841-0393",
		"altura": "1,51",
		"peso": 79,
		"tipo_sanguineo": "AB-",
		"cor": "azul"
	},
	{
		"nome": "Sara Alícia Bernardes",
		"idade": 31,
		"cpf": "606.049.041-77",
		"rg": "32.350.588-0",
		"data_nasc": "05/02/1992",
		"sexo": "Feminino",
		"signo": "Aquário",
		"mae": "Antonella Emily Patrícia",
		"pai": "Nelson Thomas Bernardes",
		"email": "sara_bernardes@cruiser.com.br",
		"senha": "sluQ5w6bIA",
		"cep": "73360-410",
		"endereco": "Quadra Quadra 4 Conjunto J",
		"numero": 726,
		"bairro": "Setor Residencial Leste (Planaltina)",
		"cidade": "Brasília",
		"estado": "DF",
		"telefone_fixo": "(61) 3869-9670",
		"celular": "(61) 98320-5054",
		"altura": "1,64",
		"peso": 58,
		"tipo_sanguineo": "O+",
		"cor": "preto"
	},
	{
		"nome": "Bárbara Jaqueline Heloise Almada",
		"idade": 34,
		"cpf": "475.073.021-13",
		"rg": "40.631.771-9",
		"data_nasc": "11/01/1989",
		"sexo": "Feminino",
		"signo": "Capricórnio",
		"mae": "Alessandra Bárbara",
		"pai": "Ricardo Tiago Almada",
		"email": "barbara_jaqueline_almada@yaooll.com",
		"senha": "m23hup9OnH",
		"cep": "71909-000",
		"endereco": "Quadra Quadra 103",
		"numero": 943,
		"bairro": "Norte (Águas Claras)",
		"cidade": "Brasília",
		"estado": "DF",
		"telefone_fixo": "(61) 3901-7131",
		"celular": "(61) 98232-0751",
		"altura": "1,67",
		"peso": 59,
		"tipo_sanguineo": "A+",
		"cor": "preto"
	},
	{
		"nome": "Fátima Evelyn Giovanna Pinto",
		"idade": 60,
		"cpf": "718.907.141-51",
		"rg": "24.129.130-6",
		"data_nasc": "15/01/1963",
		"sexo": "Feminino",
		"signo": "Capricórnio",
		"mae": "Carolina Fabiana Gabrielly",
		"pai": "Pedro Breno Pinto",
		"email": "fatima-pinto76@sociedadeweb.com.br",
		"senha": "YIkw8Sq85R",
		"cep": "72241-712",
		"endereco": "Quadra QNP 17 Conjunto L",
		"numero": 551,
		"bairro": "Ceilândia Norte (Ceilândia)",
		"cidade": "Brasília",
		"estado": "DF",
		"telefone_fixo": "(61) 2847-1890",
		"celular": "(61) 99875-3857",
		"altura": "1,50",
		"peso": 75,
		"tipo_sanguineo": "B-",
		"cor": "azul"
	},
	{
		"nome": "Luiz Julio Barbosa",
		"idade": 57,
		"cpf": "518.518.981-90",
		"rg": "12.104.946-2",
		"data_nasc": "05/02/1966",
		"sexo": "Masculino",
		"signo": "Aquário",
		"mae": "Juliana Milena",
		"pai": "Erick Roberto Barbosa",
		"email": "luiz-barbosa91@aol.com",
		"senha": "87DIf1UXDh",
		"cep": "70650-531",
		"endereco": "Quadra SHCES Quadra 503 Bloco A",
		"numero": 810,
		"bairro": "Cruzeiro Novo",
		"cidade": "Brasília",
		"estado": "DF",
		"telefone_fixo": "(61) 2797-6695",
		"celular": "(61) 98668-6095",
		"altura": "2,00",
		"peso": 58,
		"tipo_sanguineo": "A+",
		"cor": "preto"
	},
	{
		"nome": "Cristiane Aurora Liz da Mata",
		"idade": 63,
		"cpf": "409.975.161-94",
		"rg": "32.865.488-7",
		"data_nasc": "11/02/1960",
		"sexo": "Feminino",
		"signo": "Aquário",
		"mae": "Catarina Laura Teresinha",
		"pai": "Bernardo Isaac Manoel da Mata",
		"email": "cristiane.aurora.damata@rubens.adm.br",
		"senha": "Od3HbhpeBe",
		"cep": "70686-020",
		"endereco": "Quadra CLNW 6/7 Lote G",
		"numero": 799,
		"bairro": "Setor Noroeste",
		"cidade": "Brasília",
		"estado": "DF",
		"telefone_fixo": "(61) 2797-3625",
		"celular": "(61) 99635-5646",
		"altura": "1,81",
		"peso": 58,
		"tipo_sanguineo": "O-",
		"cor": "laranja"
	},
	{
		"nome": "Milena Tatiane Clarice Rodrigues",
		"idade": 73,
		"cpf": "093.944.551-40",
		"rg": "35.630.374-3",
		"data_nasc": "04/01/1950",
		"sexo": "Feminino",
		"signo": "Capricórnio",
		"mae": "Alana Ana",
		"pai": "Luís Ryan Davi Rodrigues",
		"email": "milena-rodrigues77@arganet.com.br",
		"senha": "KsDCuAakH9",
		"cep": "72425-109",
		"endereco": "Quadra EQ 10/14 Bloco B",
		"numero": 905,
		"bairro": "Setor Oeste (Gama)",
		"cidade": "Brasília",
		"estado": "DF",
		"telefone_fixo": "(61) 3641-6864",
		"celular": "(61) 99417-4185",
		"altura": "1,78",
		"peso": 70,
		"tipo_sanguineo": "AB-",
		"cor": "verde"
	},
	{
		"nome": "Renan Gustavo Benedito Sales",
		"idade": 36,
		"cpf": "672.551.491-03",
		"rg": "12.696.071-9",
		"data_nasc": "12/01/1987",
		"sexo": "Masculino",
		"signo": "Capricórnio",
		"mae": "Josefa Letícia",
		"pai": "Henrique Bento Sales",
		"email": "renan_sales@arosacampinas.com.br",
		"senha": "UhwqP31P1s",
		"cep": "71880-184",
		"endereco": "Quadra QN 8F Bloco D",
		"numero": 208,
		"bairro": "Riacho Fundo II",
		"cidade": "Brasília",
		"estado": "DF",
		"telefone_fixo": "(61) 3687-5135",
		"celular": "(61) 99114-1628",
		"altura": "1,62",
		"peso": 100,
		"tipo_sanguineo": "B+",
		"cor": "laranja"
	},
	{
		"nome": "Cauã Tiago Alexandre Araújo",
		"idade": 59,
		"cpf": "067.110.231-10",
		"rg": "45.511.399-3",
		"data_nasc": "20/02/1964",
		"sexo": "Masculino",
		"signo": "Peixes",
		"mae": "Esther Rosa Juliana",
		"pai": "Gael Miguel Araújo",
		"email": "caua_araujo@hidracom.com.br",
		"senha": "RWPbtJjYLM",
		"cep": "72327-005",
		"endereco": "Quadra QR 425 Conjunto 5",
		"numero": 965,
		"bairro": "Samambaia Norte (Samambaia)",
		"cidade": "Brasília",
		"estado": "DF",
		"telefone_fixo": "(61) 3685-2844",
		"celular": "(61) 98874-3860",
		"altura": "1,60",
		"peso": 98,
		"tipo_sanguineo": "A-",
		"cor": "roxo"
	},
	{
		"nome": "Anthony Danilo Renato Silva",
		"idade": 39,
		"cpf": "326.531.611-41",
		"rg": "23.416.060-3",
		"data_nasc": "03/01/1984",
		"sexo": "Masculino",
		"signo": "Capricórnio",
		"mae": "Emanuelly Tânia Helena",
		"pai": "Mateus Edson Yuri Silva",
		"email": "anthony-silva99@br.live.com",
		"senha": "ZhIixn8BTD",
		"cep": "70675-726",
		"endereco": "Quadra QRSW 7 Bloco B-6",
		"numero": 252,
		"bairro": "Setor Sudoeste",
		"cidade": "Brasília",
		"estado": "DF",
		"telefone_fixo": "(61) 2747-0966",
		"celular": "(61) 98436-9092",
		"altura": "1,86",
		"peso": 70,
		"tipo_sanguineo": "AB-",
		"cor": "vermelho"
	},
	{
		"nome": "Alana Milena Melissa Rezende",
		"idade": 19,
		"cpf": "976.344.621-01",
		"rg": "40.158.921-3",
		"data_nasc": "23/02/2004",
		"sexo": "Feminino",
		"signo": "Peixes",
		"mae": "Giovanna Priscila",
		"pai": "Carlos Eduardo Gael Rezende",
		"email": "alana-rezende83@caferibeiro.com.br",
		"senha": "mccL0i4hLc",
		"cep": "72331-810",
		"endereco": "Quadra QR 615 Conjunto 9",
		"numero": 918,
		"bairro": "Samambaia Norte (Samambaia)",
		"cidade": "Brasília",
		"estado": "DF",
		"telefone_fixo": "(61) 2836-1244",
		"celular": "(61) 99702-7694",
		"altura": "1,66",
		"peso": 78,
		"tipo_sanguineo": "A-",
		"cor": "verde"
	},
	{
		"nome": "Cauê Tiago Baptista",
		"idade": 51,
		"cpf": "866.527.731-55",
		"rg": "49.930.123-7",
		"data_nasc": "01/02/1972",
		"sexo": "Masculino",
		"signo": "Aquário",
		"mae": "Daniela Heloise Malu",
		"pai": "Iago Osvaldo Baptista",
		"email": "caue.tiago.baptista@boll.com.br",
		"senha": "NCOsAikt0I",
		"cep": "71070-632",
		"endereco": "Área Especial Área Especial 2 Módulo C",
		"numero": 554,
		"bairro": "Guará II",
		"cidade": "Brasília",
		"estado": "DF",
		"telefone_fixo": "(61) 2541-7474",
		"celular": "(61) 99391-0198",
		"altura": "1,89",
		"peso": 90,
		"tipo_sanguineo": "AB-",
		"cor": "laranja"
	},
	{
		"nome": "Benedita Natália Julia Vieira",
		"idade": 60,
		"cpf": "901.925.481-23",
		"rg": "26.730.419-5",
		"data_nasc": "05/02/1963",
		"sexo": "Feminino",
		"signo": "Aquário",
		"mae": "Nina Rayssa",
		"pai": "Vicente Luiz Antonio Vieira",
		"email": "beneditanataliavieira@etep.edu.br",
		"senha": "t5z23bwe63",
		"cep": "71995-445",
		"endereco": "Conjunto SHA Conjunto 5 Chácara 108B",
		"numero": 452,
		"bairro": "Setor Habitacional Arniqueira (Águas Claras)",
		"cidade": "Brasília",
		"estado": "DF",
		"telefone_fixo": "(61) 3978-7194",
		"celular": "(61) 98507-1441",
		"altura": "1,65",
		"peso": 62,
		"tipo_sanguineo": "A+",
		"cor": "preto"
	},
	{
		"nome": "Henry Paulo Alexandre Moura",
		"idade": 44,
		"cpf": "223.632.461-87",
		"rg": "27.887.259-1",
		"data_nasc": "03/01/1979",
		"sexo": "Masculino",
		"signo": "Capricórnio",
		"mae": "Alícia Clarice Silvana",
		"pai": "Roberto Bernardo Moura",
		"email": "henry_moura@alkbrasil.com.br",
		"senha": "OzJZPie9dI",
		"cep": "72120-040",
		"endereco": "Quadra QND 4",
		"numero": 451,
		"bairro": "Taguatinga Norte (Taguatinga)",
		"cidade": "Brasília",
		"estado": "DF",
		"telefone_fixo": "(61) 2839-5974",
		"celular": "(61) 98437-4393",
		"altura": "1,92",
		"peso": 92,
		"tipo_sanguineo": "AB+",
		"cor": "preto"
	},
	{
		"nome": "Betina Antônia Kamilly Peixoto",
		"idade": 61,
		"cpf": "038.053.991-89",
		"rg": "42.929.791-9",
		"data_nasc": "09/02/1962",
		"sexo": "Feminino",
		"signo": "Aquário",
		"mae": "Cecília Elaine",
		"pai": "Geraldo Martin José Peixoto",
		"email": "betina.antonia.peixoto@danielsalla.com.br",
		"senha": "nhuG4E63Q3",
		"cep": "72450-115",
		"endereco": "Quadra EQ 11/13",
		"numero": 161,
		"bairro": "Setor Leste (Gama)",
		"cidade": "Brasília",
		"estado": "DF",
		"telefone_fixo": "(61) 3850-1187",
		"celular": "(61) 99552-1660",
		"altura": "1,62",
		"peso": 78,
		"tipo_sanguineo": "AB+",
		"cor": "preto"
	},
	{
		"nome": "Bento Bryan Gonçalves",
		"idade": 40,
		"cpf": "847.266.821-56",
		"rg": "15.308.100-4",
		"data_nasc": "26/01/1983",
		"sexo": "Masculino",
		"signo": "Aquário",
		"mae": "Isis Gabriela Josefa",
		"pai": "Henry Miguel Gonçalves",
		"email": "bento-goncalves80@trilhavitoria.com.br",
		"senha": "wZ38uML0nU",
		"cep": "72331-547",
		"endereco": "Quadra QS 607 Conjunto G",
		"numero": 925,
		"bairro": "Samambaia Norte (Samambaia)",
		"cidade": "Brasília",
		"estado": "DF",
		"telefone_fixo": "(61) 3736-0357",
		"celular": "(61) 98507-9178",
		"altura": "1,68",
		"peso": 82,
		"tipo_sanguineo": "B-",
		"cor": "vermelho"
	},
	{
		"nome": "Bernardo Marcos Vinicius Davi da Mota",
		"idade": 65,
		"cpf": "272.255.501-87",
		"rg": "40.588.122-8",
		"data_nasc": "06/01/1958",
		"sexo": "Masculino",
		"signo": "Capricórnio",
		"mae": "Heloisa Elza",
		"pai": "Henry Matheus da Mota",
		"email": "bernardomarcosdamota@fingrs.com.br",
		"senha": "IPFLFSjrxc",
		"cep": "71993-570",
		"endereco": "Conjunto SHA Conjunto 3 Chácara 38",
		"numero": 538,
		"bairro": "Setor Habitacional Arniqueira (Águas Claras)",
		"cidade": "Brasília",
		"estado": "DF",
		"telefone_fixo": "(61) 2891-5380",
		"celular": "(61) 99539-4191",
		"altura": "1,85",
		"peso": 100,
		"tipo_sanguineo": "O-",
		"cor": "laranja"
	},
	{
		"nome": "Carlos Eduardo Oliver Pereira",
		"idade": 47,
		"cpf": "731.138.761-25",
		"rg": "41.962.947-6",
		"data_nasc": "12/01/1976",
		"sexo": "Masculino",
		"signo": "Capricórnio",
		"mae": "Alice Pietra Emily",
		"pai": "Bernardo Matheus Pereira",
		"email": "carlos_eduardo_pereira@hormail.com",
		"senha": "mBGCx4A14e",
		"cep": "71881-641",
		"endereco": "Quadra QN 12C Conjunto 3",
		"numero": 997,
		"bairro": "Riacho Fundo II",
		"cidade": "Brasília",
		"estado": "DF",
		"telefone_fixo": "(61) 3736-3246",
		"celular": "(61) 98820-0556",
		"altura": "1,89",
		"peso": 90,
		"tipo_sanguineo": "O+",
		"cor": "vermelho"
	},
	{
		"nome": "José Henry Diego da Paz",
		"idade": 30,
		"cpf": "609.884.931-52",
		"rg": "41.705.723-4",
		"data_nasc": "21/01/1993",
		"sexo": "Masculino",
		"signo": "Aquário",
		"mae": "Amanda Teresinha Stella",
		"pai": "Ruan Thales da Paz",
		"email": "jose_dapaz@paulistadovale.org.br",
		"senha": "i6q8pZrtyZ",
		"cep": "70752-050",
		"endereco": "Quadra SQN 109 Bloco E",
		"numero": 282,
		"bairro": "Asa Norte",
		"cidade": "Brasília",
		"estado": "DF",
		"telefone_fixo": "(61) 3977-4537",
		"celular": "(61) 99138-1459",
		"altura": "1,60",
		"peso": 79,
		"tipo_sanguineo": "A-",
		"cor": "vermelho"
	},
	{
		"nome": "Louise Helena Antonella Corte Real",
		"idade": 19,
		"cpf": "438.981.951-80",
		"rg": "16.242.268-4",
		"data_nasc": "21/01/2004",
		"sexo": "Feminino",
		"signo": "Aquário",
		"mae": "Clarice Rebeca",
		"pai": "Daniel Miguel Yago Corte Real",
		"email": "louise_cortereal@artedaserra.com.br",
		"senha": "jGOIcCXzj4",
		"cep": "72305-804",
		"endereco": "Quadra QR 309 Conjunto 4",
		"numero": 871,
		"bairro": "Samambaia Sul (Samambaia)",
		"cidade": "Brasília",
		"estado": "DF",
		"telefone_fixo": "(61) 2699-1745",
		"celular": "(61) 99322-0292",
		"altura": "1,69",
		"peso": 56,
		"tipo_sanguineo": "B+",
		"cor": "roxo"
	},
	{
		"nome": "Aurora Letícia Cardoso",
		"idade": 41,
		"cpf": "259.620.981-02",
		"rg": "23.864.746-8",
		"data_nasc": "08/02/1982",
		"sexo": "Feminino",
		"signo": "Aquário",
		"mae": "Mariah Sarah",
		"pai": "Benedito Francisco Cardoso",
		"email": "aurora-cardoso92@yoma.com.br",
		"senha": "mRxdfFfpPa",
		"cep": "70658-499",
		"endereco": "Quadra SHCES Quadra 1409 Bloco I",
		"numero": 414,
		"bairro": "Cruzeiro Novo",
		"cidade": "Brasília",
		"estado": "DF",
		"telefone_fixo": "(61) 2849-9905",
		"celular": "(61) 98348-5403",
		"altura": "1,54",
		"peso": 68,
		"tipo_sanguineo": "A-",
		"cor": "laranja"
	},
	{
		"nome": "Benedito Breno Figueiredo",
		"idade": 46,
		"cpf": "266.368.181-40",
		"rg": "21.191.660-2",
		"data_nasc": "05/02/1977",
		"sexo": "Masculino",
		"signo": "Aquário",
		"mae": "Maya Eloá",
		"pai": "Julio Julio Figueiredo",
		"email": "benedito.breno.figueiredo@royalplas.com.br",
		"senha": "a0lG7n4ucw",
		"cep": "73250-000",
		"endereco": "Rodovia DF-001",
		"numero": 453,
		"bairro": "Região dos Lagos (Sobradinho)",
		"cidade": "Brasília",
		"estado": "DF",
		"telefone_fixo": "(61) 2523-0596",
		"celular": "(61) 99951-1910",
		"altura": "1,92",
		"peso": 71,
		"tipo_sanguineo": "A-",
		"cor": "azul"
	},
	{
		"nome": "Nicolas Samuel Duarte",
		"idade": 55,
		"cpf": "697.388.801-14",
		"rg": "31.948.880-9",
		"data_nasc": "04/02/1968",
		"sexo": "Masculino",
		"signo": "Aquário",
		"mae": "Amanda Cristiane Isabel",
		"pai": "Kaique Anthony Duarte",
		"email": "nicolas_duarte@tuenkers.com.br",
		"senha": "e7ozwCw8PF",
		"cep": "72321-536",
		"endereco": "Quadra QS 409 Área Especial 1",
		"numero": 762,
		"bairro": "Samambaia Norte (Samambaia)",
		"cidade": "Brasília",
		"estado": "DF",
		"telefone_fixo": "(61) 3866-8145",
		"celular": "(61) 98781-7545",
		"altura": "1,86",
		"peso": 58,
		"tipo_sanguineo": "O-",
		"cor": "amarelo"
	},
	{
		"nome": "Tomás Nathan da Rosa",
		"idade": 74,
		"cpf": "315.517.661-08",
		"rg": "19.599.430-9",
		"data_nasc": "06/01/1949",
		"sexo": "Masculino",
		"signo": "Capricórnio",
		"mae": "Jéssica Brenda Laura",
		"pai": "Nathan Enzo Vinicius da Rosa",
		"email": "tomas_nathan_darosa@chavao.com.br",
		"senha": "jpcYOBdZeg",
		"cep": "72236-514",
		"endereco": "Quadra EQNP 30/34 Módulo D",
		"numero": 829,
		"bairro": "Ceilândia Sul (Ceilândia)",
		"cidade": "Brasília",
		"estado": "DF",
		"telefone_fixo": "(61) 2958-3176",
		"celular": "(61) 98318-3904",
		"altura": "1,82",
		"peso": 106,
		"tipo_sanguineo": "O+",
		"cor": "vermelho"
	},
	{
		"nome": "Bernardo Igor Raul Melo",
		"idade": 48,
		"cpf": "126.536.071-58",
		"rg": "23.701.116-5",
		"data_nasc": "12/01/1975",
		"sexo": "Masculino",
		"signo": "Capricórnio",
		"mae": "Lavínia Esther Andrea",
		"pai": "Vicente Luís Enrico Melo",
		"email": "bernardo_melo@fiorecomunicacao.com.br",
		"senha": "1BsFxhxYTB",
		"cep": "72507-202",
		"endereco": "Quadra CL 107 Bloco B",
		"numero": 334,
		"bairro": "Santa Maria",
		"cidade": "Brasília",
		"estado": "DF",
		"telefone_fixo": "(61) 3823-1513",
		"celular": "(61) 98786-0489",
		"altura": "1,98",
		"peso": 55,
		"tipo_sanguineo": "AB-",
		"cor": "roxo"
	},
	{
		"nome": "Fátima Agatha Rosa Souza",
		"idade": 30,
		"cpf": "357.624.301-11",
		"rg": "11.731.950-8",
		"data_nasc": "16/02/1993",
		"sexo": "Feminino",
		"signo": "Aquário",
		"mae": "Luiza Raimunda",
		"pai": "Thomas Victor Souza",
		"email": "fatima.agatha.souza@lnaa.com.br",
		"senha": "cYaqfWkzCq",
		"cep": "73375-549",
		"endereco": "Conjunto D",
		"numero": 274,
		"bairro": "Vale do Sol (Planaltina)",
		"cidade": "Brasília",
		"estado": "DF",
		"telefone_fixo": "(61) 2642-6496",
		"celular": "(61) 99748-6924",
		"altura": "1,80",
		"peso": 85,
		"tipo_sanguineo": "B-",
		"cor": "vermelho"
	},
	{
		"nome": "Sara Melissa Castro",
		"idade": 40,
		"cpf": "322.001.791-62",
		"rg": "20.005.296-2",
		"data_nasc": "22/01/1983",
		"sexo": "Feminino",
		"signo": "Aquário",
		"mae": "Adriana Aparecida Sarah",
		"pai": "Joaquim André Castro",
		"email": "sara.melissa.castro@hitmail.com",
		"senha": "ulhGpzb0BB",
		"cep": "72007-315",
		"endereco": "Rua Rua 10 Chácara 163",
		"numero": 965,
		"bairro": "Setor Habitacional Vicente Pires",
		"cidade": "Brasília",
		"estado": "DF",
		"telefone_fixo": "(61) 3543-0738",
		"celular": "(61) 98235-9505",
		"altura": "1,50",
		"peso": 60,
		"tipo_sanguineo": "B-",
		"cor": "azul"
	}
]