[
	{
		"nome": "Josefa Luna Fernandes",
		"idade": 23,
		"cpf": "643.229.371-52",
		"rg": "47.838.835-4",
		"data_nasc": "02/01/2000",
		"sexo": "Feminino",
		"signo": "Capricórnio",
		"mae": "Marlene Amanda Rosângela",
		"pai": "Enrico Juan Fernandes",
		"email": "josefa_fernandes@rj.net",
		"senha": "lU9uJ0CMSW",
		"cep": "72602-203",
		"endereco": "Quadra Quadra 110 Conjunto 3",
		"numero": 290,
		"bairro": "Recanto das Emas",
		"cidade": "Brasília",
		"estado": "DF",
		"telefone_fixo": "(61) 2694-0553",
		"celular": "(61) 98657-8187",
		"altura": "1,83",
		"peso": 72,
		"tipo_sanguineo": "B+",
		"cor": "preto"
	},
	{
		"nome": "Bento Severino Cardoso",
		"idade": 26,
		"cpf": "362.409.101-80",
		"rg": "33.978.100-2",
		"data_nasc": "02/02/1997",
		"sexo": "Masculino",
		"signo": "Aquário",
		"mae": "Mariane Alice",
		"pai": "Lucca Hugo Cardoso",
		"email": "bento_severino_cardoso@right.com.br",
		"senha": "hYxa0aOXQy",
		"cep": "72151-503",
		"endereco": "Quadra EQNL 9/11 Bloco C",
		"numero": 838,
		"bairro": "Taguatinga Norte (Taguatinga)",
		"cidade": "Brasília",
		"estado": "DF",
		"telefone_fixo": "(61) 2784-4678",
		"celular": "(61) 99648-7146",
		"altura": "1,72",
		"peso": 102,
		"tipo_sanguineo": "O+",
		"cor": "amarelo"
	},
	{
		"nome": "Leandro Márcio Porto",
		"idade": 48,
		"cpf": "346.652.551-99",
		"rg": "36.437.524-3",
		"data_nasc": "26/01/1975",
		"sexo": "Masculino",
		"signo": "Aquário",
		"mae": "Rebeca Gabriela",
		"pai": "Theo Francisco Porto",
		"email": "leandromarcioporto@athos.srv.br",
		"senha": "7ozeSTfFNC",
		"cep": "72280-254",
		"endereco": "Rua Rua 4 Módulo 2",
		"numero": 940,
		"bairro": "Condomínio Privê Lucena Roriz (Ceilândia)",
		"cidade": "Brasília",
		"estado": "DF",
		"telefone_fixo": "(61) 3686-2307",
		"celular": "(61) 98377-4894",
		"altura": "1,96",
		"peso": 104,
		"tipo_sanguineo": "AB-",
		"cor": "azul"
	},
	{
		"nome": "Beatriz Manuela Mariah Brito",
		"idade": 41,
		"cpf": "898.281.911-80",
		"rg": "10.683.149-5",
		"data_nasc": "25/02/1982",
		"sexo": "Feminino",
		"signo": "Peixes",
		"mae": "Heloisa Eloá Aparecida",
		"pai": "Hugo Bento Cauê Brito",
		"email": "beatrizmanuelabrito@autvale.com",
		"senha": "F1UZYRcYYK",
		"cep": "70802-060",
		"endereco": "Rua 1",
		"numero": 735,
		"bairro": "Vila Planalto",
		"cidade": "Brasília",
		"estado": "DF",
		"telefone_fixo": "(61) 3633-3971",
		"celular": "(61) 99202-1376",
		"altura": "1,69",
		"peso": 55,
		"tipo_sanguineo": "AB+",
		"cor": "preto"
	},
	{
		"nome": "Henry Márcio Isaac da Silva",
		"idade": 42,
		"cpf": "316.157.491-52",
		"rg": "37.036.395-4",
		"data_nasc": "04/02/1981",
		"sexo": "Masculino",
		"signo": "Aquário",
		"mae": "Mariah Tatiane",
		"pai": "Luan Guilherme Severino da Silva",
		"email": "henry.marcio.dasilva@editorazap.com.br",
		"senha": "6xfnSQeJ8B",
		"cep": "72125-110",
		"endereco": "Quadra QNE 11",
		"numero": 429,
		"bairro": "Taguatinga Norte (Taguatinga)",
		"cidade": "Brasília",
		"estado": "DF",
		"telefone_fixo": "(61) 2527-3955",
		"celular": "(61) 98538-4724",
		"altura": "1,77",
		"peso": 110,
		"tipo_sanguineo": "O+",
		"cor": "vermelho"
	},
	{
		"nome": "Thales Tiago da Luz",
		"idade": 20,
		"cpf": "673.900.721-72",
		"rg": "49.696.092-1",
		"data_nasc": "01/01/2003",
		"sexo": "Masculino",
		"signo": "Capricórnio",
		"mae": "Giovanna Amanda Carolina",
		"pai": "Sebastião Nelson Manuel da Luz",
		"email": "thales_tiago_daluz@aulicinobastos.com.br",
		"senha": "zBTLiEtRtP",
		"cep": "71884-293",
		"endereco": "Quadra QS 7",
		"numero": 308,
		"bairro": "Riacho Fundo II",
		"cidade": "Brasília",
		"estado": "DF",
		"telefone_fixo": "(61) 2702-2559",
		"celular": "(61) 98394-0224",
		"altura": "1,77",
		"peso": 55,
		"tipo_sanguineo": "B+",
		"cor": "azul"
	},
	{
		"nome": "Thales Benício Galvão",
		"idade": 64,
		"cpf": "728.756.931-07",
		"rg": "24.047.401-6",
		"data_nasc": "14/02/1959",
		"sexo": "Masculino",
		"signo": "Aquário",
		"mae": "Rita Stefany Luciana",
		"pai": "Pedro Anthony Galvão",
		"email": "thales.benicio.galvao@vmetaiscba.com.br",
		"senha": "phax5tBkGp",
		"cep": "73367-421",
		"endereco": "Conjunto 7",
		"numero": 995,
		"bairro": "Quintas do Amanhecer III (Planaltina)",
		"cidade": "Brasília",
		"estado": "DF",
		"telefone_fixo": "(61) 2704-9509",
		"celular": "(61) 98555-6768",
		"altura": "1,75",
		"peso": 51,
		"tipo_sanguineo": "AB-",
		"cor": "amarelo"
	},
	{
		"nome": "Beatriz Adriana Silvana Assis",
		"idade": 21,
		"cpf": "986.829.941-19",
		"rg": "22.841.335-7",
		"data_nasc": "03/01/2002",
		"sexo": "Feminino",
		"signo": "Capricórnio",
		"mae": "Isadora Allana Sandra",
		"pai": "Manoel Cauã Assis",
		"email": "beatrizadrianaassis@centerdiesel.com.br",
		"senha": "jNZgNhDYAc",
		"cep": "73020-113",
		"endereco": "Quadra Quadra 1 Conjunto C-1",
		"numero": 990,
		"bairro": "Sobradinho",
		"cidade": "Brasília",
		"estado": "DF",
		"telefone_fixo": "(61) 2624-6157",
		"celular": "(61) 99821-5045",
		"altura": "1,56",
		"peso": 57,
		"tipo_sanguineo": "B-",
		"cor": "azul"
	},
	{
		"nome": "Yasmin Milena Viana",
		"idade": 28,
		"cpf": "801.350.191-41",
		"rg": "16.070.202-1",
		"data_nasc": "15/01/1995",
		"sexo": "Feminino",
		"signo": "Capricórnio",
		"mae": "Vanessa Sandra Milena",
		"pai": "Enzo Samuel Viana",
		"email": "yasmin-viana98@radicigroup.com",
		"senha": "trMECDayyh",
		"cep": "72410-308",
		"endereco": "Quadra Quadra 5 Conjunto H",
		"numero": 649,
		"bairro": "Setor Sul (Gama)",
		"cidade": "Brasília",
		"estado": "DF",
		"telefone_fixo": "(61) 3581-9478",
		"celular": "(61) 99295-0902",
		"altura": "1,63",
		"peso": 79,
		"tipo_sanguineo": "O+",
		"cor": "vermelho"
	},
	{
		"nome": "Débora Eduarda Jesus",
		"idade": 65,
		"cpf": "383.242.941-71",
		"rg": "41.390.428-3",
		"data_nasc": "05/02/1958",
		"sexo": "Feminino",
		"signo": "Aquário",
		"mae": "Lavínia Lúcia Raquel",
		"pai": "Calebe Igor Lorenzo Jesus",
		"email": "debora.eduarda.jesus@corp.inf.br",
		"senha": "riExPoUal4",
		"cep": "71070-027",
		"endereco": "Quadra QE 44 Conjunto B",
		"numero": 976,
		"bairro": "Guará II",
		"cidade": "Brasília",
		"estado": "DF",
		"telefone_fixo": "(61) 3781-8965",
		"celular": "(61) 99766-7197",
		"altura": "1,74",
		"peso": 47,
		"tipo_sanguineo": "AB-",
		"cor": "preto"
	},
	{
		"nome": "Nair Marlene Isadora Corte Real",
		"idade": 39,
		"cpf": "376.298.621-56",
		"rg": "27.749.164-2",
		"data_nasc": "07/02/1984",
		"sexo": "Feminino",
		"signo": "Aquário",
		"mae": "Andreia Priscila Lavínia",
		"pai": "Francisco Erick Gustavo Corte Real",
		"email": "nairmarlenecortereal@castromobile.com.br",
		"senha": "LBauBmGeui",
		"cep": "70236-060",
		"endereco": "Quadra SQS 402 Bloco F",
		"numero": 776,
		"bairro": "Asa Sul",
		"cidade": "Brasília",
		"estado": "DF",
		"telefone_fixo": "(61) 2780-8887",
		"celular": "(61) 99165-9589",
		"altura": "1,70",
		"peso": 84,
		"tipo_sanguineo": "O-",
		"cor": "preto"
	},
	{
		"nome": "Mariah Fernanda Nascimento",
		"idade": 29,
		"cpf": "476.856.661-89",
		"rg": "15.884.499-3",
		"data_nasc": "21/02/1994",
		"sexo": "Feminino",
		"signo": "Peixes",
		"mae": "Francisca Isabel",
		"pai": "Carlos Eduardo Thales Nascimento",
		"email": "mariah.fernanda.nascimento@yhaoo.com.br",
		"senha": "qeod9GMmkT",
		"cep": "72321-526",
		"endereco": "Quadra QN 409 Conjunto F",
		"numero": 836,
		"bairro": "Samambaia Norte (Samambaia)",
		"cidade": "Brasília",
		"estado": "DF",
		"telefone_fixo": "(61) 2842-7889",
		"celular": "(61) 99696-2008",
		"altura": "1,69",
		"peso": 73,
		"tipo_sanguineo": "A-",
		"cor": "amarelo"
	},
	{
		"nome": "Marcela Francisca Mariane Alves",
		"idade": 24,
		"cpf": "094.227.241-20",
		"rg": "39.527.675-5",
		"data_nasc": "15/01/1999",
		"sexo": "Feminino",
		"signo": "Capricórnio",
		"mae": "Emilly Sandra Aline",
		"pai": "Marcelo Leonardo Arthur Alves",
		"email": "marcela-alves97@ime.unicamp.br",
		"senha": "FWyjwZrA5n",
		"cep": "71725-107",
		"endereco": "Quadra QR 1 Conjunto G",
		"numero": 188,
		"bairro": "Candangolândia",
		"cidade": "Brasília",
		"estado": "DF",
		"telefone_fixo": "(61) 2595-7184",
		"celular": "(61) 98779-5440",
		"altura": "1,60",
		"peso": 87,
		"tipo_sanguineo": "B+",
		"cor": "vermelho"
	},
	{
		"nome": "Nicolas Francisco Oliveira",
		"idade": 69,
		"cpf": "685.120.571-81",
		"rg": "35.243.718-2",
		"data_nasc": "23/02/1954",
		"sexo": "Masculino",
		"signo": "Peixes",
		"mae": "Luzia Isadora Laís",
		"pai": "Leandro Gabriel Oliveira",
		"email": "nicolas_oliveira@corpus.com.br",
		"senha": "Fek9sinkwE",
		"cep": "71515-800",
		"endereco": "Quadra SHIN QI 11 Conjunto 10",
		"numero": 113,
		"bairro": "Setor de Habitações Individuais Norte",
		"cidade": "Brasília",
		"estado": "DF",
		"telefone_fixo": "(61) 3625-3809",
		"celular": "(61) 99478-4531",
		"altura": "1,98",
		"peso": 93,
		"tipo_sanguineo": "A+",
		"cor": "preto"
	},
	{
		"nome": "Ryan Joaquim da Rocha",
		"idade": 44,
		"cpf": "977.113.091-98",
		"rg": "37.969.967-9",
		"data_nasc": "09/02/1979",
		"sexo": "Masculino",
		"signo": "Aquário",
		"mae": "Isadora Malu Débora",
		"pai": "Benício Rafael da Rocha",
		"email": "ryanjoaquimdarocha@hidrara.com.br",
		"senha": "hky8EA1XL4",
		"cep": "72006-470",
		"endereco": "Rua Rua 6 Chácara 246",
		"numero": 532,
		"bairro": "Setor Habitacional Vicente Pires",
		"cidade": "Brasília",
		"estado": "DF",
		"telefone_fixo": "(61) 2911-6614",
		"celular": "(61) 99919-9784",
		"altura": "1,86",
		"peso": 90,
		"tipo_sanguineo": "AB+",
		"cor": "roxo"
	},
	{
		"nome": "Luan Pietro Iago Cavalcanti",
		"idade": 20,
		"cpf": "569.389.221-28",
		"rg": "28.616.644-6",
		"data_nasc": "22/02/2003",
		"sexo": "Masculino",
		"signo": "Peixes",
		"mae": "Flávia Eliane",
		"pai": "Ricardo Antonio Thales Cavalcanti",
		"email": "luan.pietro.cavalcanti@fernandesfilpi.com.br",
		"senha": "j8PQJ6esmN",
		"cep": "72305-540",
		"endereco": "Quadra QS 309 Conjunto 10",
		"numero": 871,
		"bairro": "Samambaia Sul (Samambaia)",
		"cidade": "Brasília",
		"estado": "DF",
		"telefone_fixo": "(61) 2760-0345",
		"celular": "(61) 99536-7842",
		"altura": "1,96",
		"peso": 62,
		"tipo_sanguineo": "O+",
		"cor": "preto"
	},
	{
		"nome": "Emilly Fabiana Julia Costa",
		"idade": 60,
		"cpf": "780.377.631-02",
		"rg": "11.645.485-4",
		"data_nasc": "05/01/1963",
		"sexo": "Feminino",
		"signo": "Capricórnio",
		"mae": "Tereza Eliane",
		"pai": "Fernando Juan Costa",
		"email": "emilly_fabiana_costa@landovale.com.br",
		"senha": "9wyKFMGMEJ",
		"cep": "71540-111",
		"endereco": "Quadra SMLN ML Trecho 11 Conjunto 1",
		"numero": 167,
		"bairro": "Setor de Mansões do Lago Norte",
		"cidade": "Brasília",
		"estado": "DF",
		"telefone_fixo": "(61) 3804-6449",
		"celular": "(61) 98127-8801",
		"altura": "1,82",
		"peso": 82,
		"tipo_sanguineo": "AB-",
		"cor": "roxo"
	},
	{
		"nome": "Thales Manoel Enzo Ribeiro",
		"idade": 41,
		"cpf": "052.445.931-29",
		"rg": "32.721.642-6",
		"data_nasc": "22/02/1982",
		"sexo": "Masculino",
		"signo": "Peixes",
		"mae": "Elza Ester Liz",
		"pai": "Caio Kauê Ribeiro",
		"email": "thalesmanoelribeiro@fredericodiniz.com",
		"senha": "0ugUiUaEgH",
		"cep": "72506-104",
		"endereco": "Quadra AC 106 Bloco D",
		"numero": 436,
		"bairro": "Santa Maria",
		"cidade": "Brasília",
		"estado": "DF",
		"telefone_fixo": "(61) 2941-2740",
		"celular": "(61) 99440-3341",
		"altura": "1,94",
		"peso": 64,
		"tipo_sanguineo": "AB-",
		"cor": "azul"
	},
	{
		"nome": "Débora Sebastiana Luiza da Rosa",
		"idade": 61,
		"cpf": "474.260.031-24",
		"rg": "40.794.165-4",
		"data_nasc": "22/01/1962",
		"sexo": "Feminino",
		"signo": "Aquário",
		"mae": "Stefany Alessandra Carolina",
		"pai": "Sebastião Vicente Otávio da Rosa",
		"email": "debora.sebastiana.darosa@companyvivo.com.br",
		"senha": "3C60AkaaII",
		"cep": "72310-422",
		"endereco": "Quadra QR 502 Conjunto 22",
		"numero": 480,
		"bairro": "Samambaia Sul (Samambaia)",
		"cidade": "Brasília",
		"estado": "DF",
		"telefone_fixo": "(61) 3551-5712",
		"celular": "(61) 99135-2097",
		"altura": "1,59",
		"peso": 62,
		"tipo_sanguineo": "O-",
		"cor": "vermelho"
	},
	{
		"nome": "Clarice Aurora Dias",
		"idade": 77,
		"cpf": "628.838.911-09",
		"rg": "44.195.584-8",
		"data_nasc": "08/01/1946",
		"sexo": "Feminino",
		"signo": "Capricórnio",
		"mae": "Andrea Clara Yasmin",
		"pai": "Gabriel Gabriel Dias",
		"email": "clarice_dias@costaporto.com.br",
		"senha": "sqY3UO8NFX",
		"cep": "70276-020",
		"endereco": "Quadra SQS 410 Bloco B",
		"numero": 986,
		"bairro": "Asa Sul",
		"cidade": "Brasília",
		"estado": "DF",
		"telefone_fixo": "(61) 2868-5725",
		"celular": "(61) 99365-7525",
		"altura": "1,61",
		"peso": 53,
		"tipo_sanguineo": "B-",
		"cor": "amarelo"
	},
	{
		"nome": "Vitória Giovanna Freitas",
		"idade": 49,
		"cpf": "581.348.021-84",
		"rg": "22.906.249-0",
		"data_nasc": "13/02/1974",
		"sexo": "Feminino",
		"signo": "Aquário",
		"mae": "Francisca Vera",
		"pai": "Felipe Kaique Freitas",
		"email": "vitoria-freitas92@life.com",
		"senha": "SIRUykzx6k",
		"cep": "72007-055",
		"endereco": "Rua Rua 8 Chácara 223",
		"numero": 180,
		"bairro": "Setor Habitacional Vicente Pires",
		"cidade": "Brasília",
		"estado": "DF",
		"telefone_fixo": "(61) 3688-6186",
		"celular": "(61) 99321-2098",
		"altura": "1,68",
		"peso": 73,
		"tipo_sanguineo": "O-",
		"cor": "verde"
	},
	{
		"nome": "Rosa Fabiana Nogueira",
		"idade": 39,
		"cpf": "722.129.191-82",
		"rg": "36.187.266-5",
		"data_nasc": "06/01/1984",
		"sexo": "Feminino",
		"signo": "Capricórnio",
		"mae": "Eloá Amanda Ayla",
		"pai": "Ricardo Kaique Nogueira",
		"email": "rosa_nogueira@helponline-sti.com",
		"senha": "29k8KM7LJT",
		"cep": "72318-564",
		"endereco": "Quadra QN 406 Conjunto D",
		"numero": 860,
		"bairro": "Samambaia Norte (Samambaia)",
		"cidade": "Brasília",
		"estado": "DF",
		"telefone_fixo": "(61) 2897-7136",
		"celular": "(61) 98361-3471",
		"altura": "1,62",
		"peso": 50,
		"tipo_sanguineo": "AB-",
		"cor": "laranja"
	},
	{
		"nome": "Patrícia Aline Francisca Teixeira",
		"idade": 20,
		"cpf": "906.003.081-89",
		"rg": "43.777.229-9",
		"data_nasc": "09/02/2003",
		"sexo": "Feminino",
		"signo": "Aquário",
		"mae": "Stefany Vera Nair",
		"pai": "Nelson Miguel Teixeira",
		"email": "patricia.aline.teixeira@flama.biz",
		"senha": "ZwoZqZPjhh",
		"cep": "71071-036",
		"endereco": "Quadra QE 50 Conjunto M",
		"numero": 749,
		"bairro": "Guará II",
		"cidade": "Brasília",
		"estado": "DF",
		"telefone_fixo": "(61) 2995-0991",
		"celular": "(61) 98861-4062",
		"altura": "1,55",
		"peso": 47,
		"tipo_sanguineo": "B+",
		"cor": "amarelo"
	},
	{
		"nome": "Gabriela Emily Santos",
		"idade": 60,
		"cpf": "817.951.281-94",
		"rg": "35.863.522-6",
		"data_nasc": "18/02/1963",
		"sexo": "Feminino",
		"signo": "Aquário",
		"mae": "Nair Sueli Priscila",
		"pai": "Thales Gustavo Santos",
		"email": "gabriela_santos@yahoo.com.com.br",
		"senha": "8KqdOku2nj",
		"cep": "72502-411",
		"endereco": "Quadra QR 202 Conjunto K",
		"numero": 704,
		"bairro": "Santa Maria",
		"cidade": "Brasília",
		"estado": "DF",
		"telefone_fixo": "(61) 2658-4419",
		"celular": "(61) 98999-7506",
		"altura": "1,63",
		"peso": 45,
		"tipo_sanguineo": "B+",
		"cor": "amarelo"
	},
	{
		"nome": "Milena Flávia Lima",
		"idade": 59,
		"cpf": "882.120.561-47",
		"rg": "32.728.462-6",
		"data_nasc": "20/02/1964",
		"sexo": "Feminino",
		"signo": "Peixes",
		"mae": "Malu Emanuelly Esther",
		"pai": "Luiz Raul Lima",
		"email": "milena.flavia.lima@pib.com.br",
		"senha": "TzDlM3xYWU",
		"cep": "72006-212",
		"endereco": "Rua Rua 4A Bloco 4",
		"numero": 897,
		"bairro": "Setor Habitacional Vicente Pires",
		"cidade": "Brasília",
		"estado": "DF",
		"telefone_fixo": "(61) 2896-5589",
		"celular": "(61) 98178-1844",
		"altura": "1,53",
		"peso": 60,
		"tipo_sanguineo": "A+",
		"cor": "verde"
	},
	{
		"nome": "Marina Raquel Giovana Pereira",
		"idade": 52,
		"cpf": "669.810.781-63",
		"rg": "24.530.502-6",
		"data_nasc": "22/02/1971",
		"sexo": "Feminino",
		"signo": "Peixes",
		"mae": "Allana Sophia",
		"pai": "Cauê Henry Luís Pereira",
		"email": "marina-pereira97@infouai.com",
		"senha": "Puhj8XXtIp",
		"cep": "70650-550",
		"endereco": "Quadra SHCES Quadra 505",
		"numero": 463,
		"bairro": "Cruzeiro Novo",
		"cidade": "Brasília",
		"estado": "DF",
		"telefone_fixo": "(61) 2509-5237",
		"celular": "(61) 98190-2874",
		"altura": "1,70",
		"peso": 82,
		"tipo_sanguineo": "B-",
		"cor": "vermelho"
	},
	{
		"nome": "Amanda Alice Renata Caldeira",
		"idade": 34,
		"cpf": "441.974.631-97",
		"rg": "21.043.477-6",
		"data_nasc": "02/01/1989",
		"sexo": "Feminino",
		"signo": "Capricórnio",
		"mae": "Daniela Márcia",
		"pai": "Erick Kevin Eduardo Caldeira",
		"email": "amanda_caldeira@gestion.com.br",
		"senha": "bzSAtbAC5J",
		"cep": "71691-417",
		"endereco": "Quadra Quadra 204 Conjunto 9",
		"numero": 206,
		"bairro": "Setor Residencial Oeste (São Sebastião)",
		"cidade": "Brasília",
		"estado": "DF",
		"telefone_fixo": "(61) 2646-6841",
		"celular": "(61) 98954-5231",
		"altura": "1,55",
		"peso": 72,
		"tipo_sanguineo": "A-",
		"cor": "azul"
	},
	{
		"nome": "Eduardo Raul Caio Rocha",
		"idade": 61,
		"cpf": "910.834.281-44",
		"rg": "43.475.747-0",
		"data_nasc": "11/01/1962",
		"sexo": "Masculino",
		"signo": "Capricórnio",
		"mae": "Juliana Betina Lúcia",
		"pai": "Gael Erick Oliver Rocha",
		"email": "eduardo_rocha@hotmail.it",
		"senha": "CS0SPElptw",
		"cep": "70648-035",
		"endereco": "Quadra SRES Quadra 6 Bloco C",
		"numero": 352,
		"bairro": "Cruzeiro Velho",
		"cidade": "Brasília",
		"estado": "DF",
		"telefone_fixo": "(61) 2593-0451",
		"celular": "(61) 98674-9114",
		"altura": "1,78",
		"peso": 109,
		"tipo_sanguineo": "O+",
		"cor": "vermelho"
	},
	{
		"nome": "Nina Isis Aragão",
		"idade": 21,
		"cpf": "148.437.461-42",
		"rg": "26.915.591-0",
		"data_nasc": "07/02/2002",
		"sexo": "Feminino",
		"signo": "Aquário",
		"mae": "Cláudia Rebeca Maria",
		"pai": "Kaique Bernardo Matheus Aragão",
		"email": "nina_aragao@iedi.com.br",
		"senha": "FalyaQ1c0Y",
		"cep": "72505-410",
		"endereco": "Quadra QR 205 Conjunto J",
		"numero": 545,
		"bairro": "Santa Maria",
		"cidade": "Brasília",
		"estado": "DF",
		"telefone_fixo": "(61) 2674-5641",
		"celular": "(61) 98212-7992",
		"altura": "1,58",
		"peso": 61,
		"tipo_sanguineo": "AB-",
		"cor": "preto"
	},
	{
		"nome": "Louise Nina Evelyn Monteiro",
		"idade": 33,
		"cpf": "909.745.881-13",
		"rg": "13.517.228-7",
		"data_nasc": "19/02/1990",
		"sexo": "Feminino",
		"signo": "Aquário",
		"mae": "Isabela Amanda Fernanda",
		"pai": "Cauê Victor Monteiro",
		"email": "louise.nina.monteiro@eccofibra.com.br",
		"senha": "Po40h7RgE9",
		"cep": "71881-151",
		"endereco": "Quadra QN 14E Conjunto 1",
		"numero": 586,
		"bairro": "Riacho Fundo II",
		"cidade": "Brasília",
		"estado": "DF",
		"telefone_fixo": "(61) 2819-3069",
		"celular": "(61) 98557-3241",
		"altura": "1,69",
		"peso": 53,
		"tipo_sanguineo": "B-",
		"cor": "roxo"
	}
]