[
	{
		"nome": "Cauê Augusto Gonçalves",
		"idade": 38,
		"cpf": "825.023.071-04",
		"rg": "25.718.347-4",
		"data_nasc": "21/02/1985",
		"sexo": "Masculino",
		"signo": "Peixes",
		"mae": "Kamilly Louise",
		"pai": "Sérgio Carlos Cauã Gonçalves",
		"email": "caue.augusto.goncalves@officetectecnologia.com.br",
		"senha": "Fnw6qopR1z",
		"cep": "72596-852",
		"endereco": "Travessa Cristal",
		"numero": 870,
		"bairro": "Condomínio Residencial Santa Mônica (Santa Maria)",
		"cidade": "Brasília",
		"estado": "DF",
		"telefone_fixo": "(61) 3715-3553",
		"celular": "(61) 98344-3425",
		"altura": "1,72",
		"peso": 61,
		"tipo_sanguineo": "O+",
		"cor": "vermelho"
	},
	{
		"nome": "Márcia Malu Sabrina Silva",
		"idade": 33,
		"cpf": "390.180.221-52",
		"rg": "21.159.857-4",
		"data_nasc": "12/01/1990",
		"sexo": "Feminino",
		"signo": "Capricórnio",
		"mae": "Carla Isabelle Hadassa",
		"pai": "André Hugo Silva",
		"email": "marcia.malu.silva@autvale.com",
		"senha": "LWuX69C7pg",
		"cep": "71697-580",
		"endereco": "Residencial Itaipu Quadra 80",
		"numero": 467,
		"bairro": "Residencial Itaipu (São Sebastião)",
		"cidade": "Brasília",
		"estado": "DF",
		"telefone_fixo": "(61) 3912-3170",
		"celular": "(61) 98663-3627",
		"altura": "1,75",
		"peso": 73,
		"tipo_sanguineo": "A-",
		"cor": "vermelho"
	},
	{
		"nome": "Emanuelly Mariah Rayssa Drumond",
		"idade": 39,
		"cpf": "853.982.681-04",
		"rg": "24.747.952-4",
		"data_nasc": "09/02/1984",
		"sexo": "Feminino",
		"signo": "Aquário",
		"mae": "Julia Mariane",
		"pai": "Joaquim Gael Drumond",
		"email": "emanuelly_drumond@zuinzuin.com.br",
		"senha": "dZFe8UDYoU",
		"cep": "71020-430",
		"endereco": "Quadra QI 11 Conjunto M",
		"numero": 203,
		"bairro": "Guará I",
		"cidade": "Brasília",
		"estado": "DF",
		"telefone_fixo": "(61) 3517-1032",
		"celular": "(61) 98159-3188",
		"altura": "1,59",
		"peso": 82,
		"tipo_sanguineo": "AB+",
		"cor": "vermelho"
	},
	{
		"nome": "Regina Benedita Sônia Vieira",
		"idade": 74,
		"cpf": "572.409.281-60",
		"rg": "33.536.470-6",
		"data_nasc": "10/01/1949",
		"sexo": "Feminino",
		"signo": "Capricórnio",
		"mae": "Allana Sophia",
		"pai": "Giovanni Arthur Vieira",
		"email": "regina.benedita.vieira@pronursing.com.br",
		"senha": "smuGGMKZMr",
		"cep": "71655-060",
		"endereco": "Quadra SHIS QI 19 Conjunto 6",
		"numero": 680,
		"bairro": "Setor de Habitações Individuais Sul",
		"cidade": "Brasília",
		"estado": "DF",
		"telefone_fixo": "(61) 3780-3147",
		"celular": "(61) 98190-1791",
		"altura": "1,85",
		"peso": 77,
		"tipo_sanguineo": "O+",
		"cor": "laranja"
	},
	{
		"nome": "Caroline Clara Pires",
		"idade": 38,
		"cpf": "603.959.941-36",
		"rg": "49.985.647-8",
		"data_nasc": "16/01/1985",
		"sexo": "Feminino",
		"signo": "Capricórnio",
		"mae": "Isabelle Eduarda Josefa",
		"pai": "Noah Anderson Pires",
		"email": "caroline.clara.pires@vlcorporate.com",
		"senha": "MmWHHe9uq9",
		"cep": "73021-005",
		"endereco": "Quadra Quadra 1 Comércio Local 1",
		"numero": 806,
		"bairro": "Sobradinho",
		"cidade": "Brasília",
		"estado": "DF",
		"telefone_fixo": "(61) 3603-8251",
		"celular": "(61) 98480-4672",
		"altura": "1,83",
		"peso": 63,
		"tipo_sanguineo": "A+",
		"cor": "verde"
	},
	{
		"nome": "Sara Bianca Gabrielly Jesus",
		"idade": 70,
		"cpf": "729.312.461-90",
		"rg": "50.886.526-8",
		"data_nasc": "05/01/1953",
		"sexo": "Feminino",
		"signo": "Capricórnio",
		"mae": "Isadora Malu Stella",
		"pai": "Benedito Thomas Diogo Jesus",
		"email": "sara-jesus97@comercialrafael.com.br",
		"senha": "8KFAKliAjR",
		"cep": "70775-550",
		"endereco": "Quadra CLN 316 Bloco E",
		"numero": 144,
		"bairro": "Asa Norte",
		"cidade": "Brasília",
		"estado": "DF",
		"telefone_fixo": "(61) 3687-0753",
		"celular": "(61) 99851-2914",
		"altura": "1,77",
		"peso": 89,
		"tipo_sanguineo": "AB-",
		"cor": "vermelho"
	},
	{
		"nome": "André Mateus Francisco Carvalho",
		"idade": 52,
		"cpf": "489.369.061-27",
		"rg": "17.502.188-0",
		"data_nasc": "27/01/1971",
		"sexo": "Masculino",
		"signo": "Aquário",
		"mae": "Tatiane Marli Marli",
		"pai": "Iago Marcos Raul Carvalho",
		"email": "andre.mateus.carvalho@power.alston.com",
		"senha": "SSCObjo3wQ",
		"cep": "72302-102",
		"endereco": "Quadra QR 106 Conjunto 2",
		"numero": 827,
		"bairro": "Samambaia Sul (Samambaia)",
		"cidade": "Brasília",
		"estado": "DF",
		"telefone_fixo": "(61) 3501-4607",
		"celular": "(61) 99984-6013",
		"altura": "1,69",
		"peso": 88,
		"tipo_sanguineo": "O-",
		"cor": "vermelho"
	},
	{
		"nome": "Sabrina Evelyn Moreira",
		"idade": 80,
		"cpf": "884.170.911-14",
		"rg": "33.385.375-1",
		"data_nasc": "08/02/1943",
		"sexo": "Feminino",
		"signo": "Aquário",
		"mae": "Lúcia Sônia",
		"pai": "Antonio Nelson Caleb Moreira",
		"email": "sabrina-moreira89@artelazer.com",
		"senha": "CCwLWXdtnj",
		"cep": "72547-321",
		"endereco": "Entre Quadra 417-517 Módulo A",
		"numero": 822,
		"bairro": "Santa Maria",
		"cidade": "Brasília",
		"estado": "DF",
		"telefone_fixo": "(61) 3829-5296",
		"celular": "(61) 99339-3964",
		"altura": "1,85",
		"peso": 48,
		"tipo_sanguineo": "AB-",
		"cor": "vermelho"
	},
	{
		"nome": "José Raimundo Castro",
		"idade": 49,
		"cpf": "814.296.861-46",
		"rg": "16.463.609-2",
		"data_nasc": "03/02/1974",
		"sexo": "Masculino",
		"signo": "Aquário",
		"mae": "Stefany Kamilly Luciana",
		"pai": "Lucas Enzo Castro",
		"email": "jose.raimundo.castro@devuono.com.br",
		"senha": "zAQBqJWX7T",
		"cep": "72335-010",
		"endereco": "Quadra QR 629 Conjunto 9",
		"numero": 901,
		"bairro": "Samambaia Norte (Samambaia)",
		"cidade": "Brasília",
		"estado": "DF",
		"telefone_fixo": "(61) 2628-6103",
		"celular": "(61) 98401-5250",
		"altura": "1,93",
		"peso": 68,
		"tipo_sanguineo": "AB-",
		"cor": "laranja"
	},
	{
		"nome": "Marina Marcela Cardoso",
		"idade": 29,
		"cpf": "224.291.991-14",
		"rg": "26.721.011-5",
		"data_nasc": "04/01/1994",
		"sexo": "Feminino",
		"signo": "Capricórnio",
		"mae": "Tatiane Alice Isis",
		"pai": "Geraldo Fernando André Cardoso",
		"email": "marina.marcela.cardoso@atiara.com.br",
		"senha": "Yg1XONZtNI",
		"cep": "70753-090",
		"endereco": "Quadra SQN 110 Bloco I",
		"numero": 655,
		"bairro": "Asa Norte",
		"cidade": "Brasília",
		"estado": "DF",
		"telefone_fixo": "(61) 3560-7412",
		"celular": "(61) 99677-0148",
		"altura": "1,68",
		"peso": 90,
		"tipo_sanguineo": "B-",
		"cor": "vermelho"
	},
	{
		"nome": "Isabel Tatiane Silveira",
		"idade": 76,
		"cpf": "435.399.301-16",
		"rg": "12.059.882-6",
		"data_nasc": "15/01/1947",
		"sexo": "Feminino",
		"signo": "Capricórnio",
		"mae": "Esther Isabelly",
		"pai": "João Oliver Silveira",
		"email": "isabeltatianesilveira@comercialmendes.net",
		"senha": "fGPHMsneqf",
		"cep": "71635-168",
		"endereco": "Quadra SHIS QI 13 Bloco E",
		"numero": 676,
		"bairro": "Setor de Habitações Individuais Sul",
		"cidade": "Brasília",
		"estado": "DF",
		"telefone_fixo": "(61) 3593-9700",
		"celular": "(61) 98340-9583",
		"altura": "1,56",
		"peso": 47,
		"tipo_sanguineo": "B+",
		"cor": "azul"
	},
	{
		"nome": "Melissa Mariane Teixeira",
		"idade": 41,
		"cpf": "995.128.941-06",
		"rg": "23.559.732-6",
		"data_nasc": "05/01/1982",
		"sexo": "Feminino",
		"signo": "Capricórnio",
		"mae": "Rayssa Vitória Sueli",
		"pai": "Manuel Leandro Teixeira",
		"email": "melissa_mariane_teixeira@spires.com.br",
		"senha": "GMnjShKrB3",
		"cep": "72710-086",
		"endereco": "Quadra Quadra 8 Rua F",
		"numero": 222,
		"bairro": "Setor Norte (Brazlândia)",
		"cidade": "Brasília",
		"estado": "DF",
		"telefone_fixo": "(61) 3784-3520",
		"celular": "(61) 98104-2373",
		"altura": "1,73",
		"peso": 60,
		"tipo_sanguineo": "AB-",
		"cor": "preto"
	},
	{
		"nome": "Cauã Vicente da Mata",
		"idade": 65,
		"cpf": "113.667.061-02",
		"rg": "15.509.877-9",
		"data_nasc": "12/01/1958",
		"sexo": "Masculino",
		"signo": "Capricórnio",
		"mae": "Eliane Mariane",
		"pai": "Calebe César Thomas da Mata",
		"email": "caua.vicente.damata@termakui.com.br",
		"senha": "SgWHJoiO3h",
		"cep": "71909-360",
		"endereco": "Rua Alecrim",
		"numero": 166,
		"bairro": "Norte (Águas Claras)",
		"cidade": "Brasília",
		"estado": "DF",
		"telefone_fixo": "(61) 3863-7623",
		"celular": "(61) 99352-7511",
		"altura": "1,92",
		"peso": 71,
		"tipo_sanguineo": "B+",
		"cor": "vermelho"
	},
	{
		"nome": "Rafael César Santos",
		"idade": 48,
		"cpf": "148.426.511-48",
		"rg": "24.506.421-7",
		"data_nasc": "10/01/1975",
		"sexo": "Masculino",
		"signo": "Capricórnio",
		"mae": "Adriana Teresinha Mirella",
		"pai": "Filipe Filipe Santos",
		"email": "rafael.cesar.santos@compecia.com.br",
		"senha": "BjaAxQk6ef",
		"cep": "72325-216",
		"endereco": "Quadra QR 423 Conjunto 14",
		"numero": 491,
		"bairro": "Samambaia Norte (Samambaia)",
		"cidade": "Brasília",
		"estado": "DF",
		"telefone_fixo": "(61) 2773-0955",
		"celular": "(61) 98909-6587",
		"altura": "1,86",
		"peso": 99,
		"tipo_sanguineo": "A+",
		"cor": "amarelo"
	},
	{
		"nome": "Kaique Felipe Vinicius da Cunha",
		"idade": 67,
		"cpf": "733.751.121-30",
		"rg": "37.627.948-5",
		"data_nasc": "02/01/1956",
		"sexo": "Masculino",
		"signo": "Capricórnio",
		"mae": "Lavínia Alice Teresinha",
		"pai": "Alexandre Erick Oliver da Cunha",
		"email": "kaique.felipe.dacunha@ematelecom.com.br",
		"senha": "7nZRpPFYbo",
		"cep": "72501-404",
		"endereco": "Quadra QR 201 Conjunto D",
		"numero": 374,
		"bairro": "Santa Maria",
		"cidade": "Brasília",
		"estado": "DF",
		"telefone_fixo": "(61) 3661-1944",
		"celular": "(61) 99644-6916",
		"altura": "1,73",
		"peso": 53,
		"tipo_sanguineo": "A-",
		"cor": "laranja"
	},
	{
		"nome": "Noah Ian Nelson Corte Real",
		"idade": 55,
		"cpf": "079.897.501-63",
		"rg": "47.766.664-4",
		"data_nasc": "10/01/1968",
		"sexo": "Masculino",
		"signo": "Capricórnio",
		"mae": "Rosa Milena",
		"pai": "Tomás Luan Vitor Corte Real",
		"email": "noah-cortereal79@danzarin.com.br",
		"senha": "C7dhTdMkTD",
		"cep": "72310-408",
		"endereco": "Quadra QR 502 Conjunto 8",
		"numero": 897,
		"bairro": "Samambaia Sul (Samambaia)",
		"cidade": "Brasília",
		"estado": "DF",
		"telefone_fixo": "(61) 3580-7279",
		"celular": "(61) 99177-2675",
		"altura": "1,63",
		"peso": 87,
		"tipo_sanguineo": "B+",
		"cor": "vermelho"
	},
	{
		"nome": "Cláudio Carlos Eduardo Aragão",
		"idade": 32,
		"cpf": "018.191.291-01",
		"rg": "43.858.217-2",
		"data_nasc": "22/01/1991",
		"sexo": "Masculino",
		"signo": "Aquário",
		"mae": "Larissa Emanuelly Aparecida",
		"pai": "Ruan Diogo Vicente Aragão",
		"email": "claudio.carlos.aragao@disparco.com.br",
		"senha": "OpPPOWYzRx",
		"cep": "73050-607",
		"endereco": "Área Especial Área Especial para Indústria 10 Lote 8",
		"numero": 123,
		"bairro": "Sobradinho",
		"cidade": "Brasília",
		"estado": "DF",
		"telefone_fixo": "(61) 2784-9895",
		"celular": "(61) 98872-5284",
		"altura": "1,79",
		"peso": 67,
		"tipo_sanguineo": "A+",
		"cor": "vermelho"
	},
	{
		"nome": "Tatiane Marina da Rosa",
		"idade": 60,
		"cpf": "880.441.891-57",
		"rg": "41.502.176-5",
		"data_nasc": "18/02/1963",
		"sexo": "Feminino",
		"signo": "Aquário",
		"mae": "Vanessa Regina Nina",
		"pai": "Osvaldo Osvaldo da Rosa",
		"email": "tatiane_marina_darosa@projetti.com",
		"senha": "BUXcLtwuDd",
		"cep": "71070-610",
		"endereco": "Quadra QE 38 Bloco s/n",
		"numero": 822,
		"bairro": "Guará II",
		"cidade": "Brasília",
		"estado": "DF",
		"telefone_fixo": "(61) 3682-1628",
		"celular": "(61) 99849-6378",
		"altura": "1,55",
		"peso": 79,
		"tipo_sanguineo": "O+",
		"cor": "verde"
	},
	{
		"nome": "Igor Gabriel Alves",
		"idade": 62,
		"cpf": "391.567.451-68",
		"rg": "30.659.906-5",
		"data_nasc": "22/02/1961",
		"sexo": "Masculino",
		"signo": "Peixes",
		"mae": "Maya Sabrina",
		"pai": "Anderson Pedro Emanuel Alves",
		"email": "igor.gabriel.alves@igly.com.br",
		"senha": "lX3Ch5AxdR",
		"cep": "71536-144",
		"endereco": "Trecho Trecho 03 Chácara 78",
		"numero": 961,
		"bairro": "Setor de Habitações Individuais Norte",
		"cidade": "Brasília",
		"estado": "DF",
		"telefone_fixo": "(61) 3516-6531",
		"celular": "(61) 99609-2819",
		"altura": "1,73",
		"peso": 83,
		"tipo_sanguineo": "B+",
		"cor": "roxo"
	},
	{
		"nome": "Francisca Evelyn Benedita da Cruz",
		"idade": 30,
		"cpf": "149.123.721-02",
		"rg": "45.342.732-7",
		"data_nasc": "09/02/1993",
		"sexo": "Feminino",
		"signo": "Aquário",
		"mae": "Rebeca Elza",
		"pai": "Heitor Caleb da Cruz",
		"email": "francisca_dacruz@omnibrasil.com.br",
		"senha": "xw6c49q2Ny",
		"cep": "71615-090",
		"endereco": "Quadra SHIS QI 5 Conjunto 9",
		"numero": 119,
		"bairro": "Setor de Habitações Individuais Sul",
		"cidade": "Brasília",
		"estado": "DF",
		"telefone_fixo": "(61) 2877-4091",
		"celular": "(61) 99324-0125",
		"altura": "1,78",
		"peso": 77,
		"tipo_sanguineo": "A+",
		"cor": "azul"
	},
	{
		"nome": "Luzia Manuela Pereira",
		"idade": 60,
		"cpf": "189.756.701-47",
		"rg": "12.813.109-3",
		"data_nasc": "22/01/1963",
		"sexo": "Feminino",
		"signo": "Aquário",
		"mae": "Laura Emilly Nicole",
		"pai": "Fernando Severino Marcelo Pereira",
		"email": "luziamanuelapereira@bol.com",
		"senha": "15QblmKODm",
		"cep": "72316-204",
		"endereco": "Quadra QR 210 Conjunto 4",
		"numero": 887,
		"bairro": "Samambaia Norte (Samambaia)",
		"cidade": "Brasília",
		"estado": "DF",
		"telefone_fixo": "(61) 2629-7101",
		"celular": "(61) 98171-6649",
		"altura": "1,53",
		"peso": 46,
		"tipo_sanguineo": "O-",
		"cor": "roxo"
	},
	{
		"nome": "Malu Larissa da Luz",
		"idade": 58,
		"cpf": "082.940.301-98",
		"rg": "32.974.299-1",
		"data_nasc": "20/02/1965",
		"sexo": "Feminino",
		"signo": "Peixes",
		"mae": "Nair Jéssica",
		"pai": "Vitor Marcelo Manoel da Luz",
		"email": "malu.larissa.daluz@mourafiorito.com",
		"senha": "8OW2KK5h2q",
		"cep": "72260-773",
		"endereco": "Quadra QNO 17 Conjunto C",
		"numero": 118,
		"bairro": "Ceilândia Norte (Ceilândia)",
		"cidade": "Brasília",
		"estado": "DF",
		"telefone_fixo": "(61) 3567-2116",
		"celular": "(61) 98561-9737",
		"altura": "1,84",
		"peso": 73,
		"tipo_sanguineo": "AB+",
		"cor": "preto"
	},
	{
		"nome": "Augusto Yuri Freitas",
		"idade": 33,
		"cpf": "379.359.351-73",
		"rg": "45.507.364-8",
		"data_nasc": "14/01/1990",
		"sexo": "Masculino",
		"signo": "Capricórnio",
		"mae": "Rita Bianca Rosângela",
		"pai": "Iago Bryan Francisco Freitas",
		"email": "augustoyurifreitas@aol.com",
		"senha": "mDe7HIPzp6",
		"cep": "70645-165",
		"endereco": "Quadra SRES Quadra 12 Bloco P",
		"numero": 393,
		"bairro": "Cruzeiro Velho",
		"cidade": "Brasília",
		"estado": "DF",
		"telefone_fixo": "(61) 3533-5072",
		"celular": "(61) 98876-1246",
		"altura": "1,94",
		"peso": 63,
		"tipo_sanguineo": "O+",
		"cor": "laranja"
	},
	{
		"nome": "Jennifer Elza Bernardes",
		"idade": 44,
		"cpf": "079.212.811-76",
		"rg": "27.095.924-5",
		"data_nasc": "25/02/1979",
		"sexo": "Feminino",
		"signo": "Peixes",
		"mae": "Lara Tatiane",
		"pai": "Danilo Cauê Bernardes",
		"email": "jennifer_elza_bernardes@unicamp.br",
		"senha": "Dw4Sg5sktl",
		"cep": "72302-004",
		"endereco": "Quadra QR 104 Conjunto 4",
		"numero": 395,
		"bairro": "Samambaia Sul (Samambaia)",
		"cidade": "Brasília",
		"estado": "DF",
		"telefone_fixo": "(61) 2644-9382",
		"celular": "(61) 99837-1099",
		"altura": "1,61",
		"peso": 49,
		"tipo_sanguineo": "O-",
		"cor": "roxo"
	},
	{
		"nome": "Heloise Regina Isadora da Conceição",
		"idade": 56,
		"cpf": "167.515.201-23",
		"rg": "13.425.144-1",
		"data_nasc": "20/02/1967",
		"sexo": "Feminino",
		"signo": "Peixes",
		"mae": "Regina Sebastiana",
		"pai": "Felipe Lucas da Conceição",
		"email": "heloisereginadaconceicao@igui.com.br",
		"senha": "9qhALaxieu",
		"cep": "73370-051",
		"endereco": "Conjunto Residencial 51",
		"numero": 546,
		"bairro": "Vale do Amanhecer (Planaltina)",
		"cidade": "Brasília",
		"estado": "DF",
		"telefone_fixo": "(61) 3611-9374",
		"celular": "(61) 99434-0933",
		"altura": "1,81",
		"peso": 59,
		"tipo_sanguineo": "AB-",
		"cor": "vermelho"
	},
	{
		"nome": "Bruno Emanuel Fogaça",
		"idade": 48,
		"cpf": "918.267.031-52",
		"rg": "23.661.760-6",
		"data_nasc": "07/02/1975",
		"sexo": "Masculino",
		"signo": "Aquário",
		"mae": "Nair Patrícia",
		"pai": "Lucca Vinicius Heitor Fogaça",
		"email": "bruno-fogaca87@associate.com.br",
		"senha": "DX0pBioY7Y",
		"cep": "72579-550",
		"endereco": "Setor Mansões Abraão I Chácara 10",
		"numero": 409,
		"bairro": "Mansões Abraão I (Santa Maria)",
		"cidade": "Brasília",
		"estado": "DF",
		"telefone_fixo": "(61) 2753-7181",
		"celular": "(61) 98377-4635",
		"altura": "1,96",
		"peso": 97,
		"tipo_sanguineo": "O-",
		"cor": "roxo"
	},
	{
		"nome": "Benício Martin Lucca Caldeira",
		"idade": 24,
		"cpf": "916.247.251-80",
		"rg": "47.749.740-8",
		"data_nasc": "16/01/1999",
		"sexo": "Masculino",
		"signo": "Capricórnio",
		"mae": "Silvana Pietra Rosa",
		"pai": "Mateus Manoel Caldeira",
		"email": "benicio_caldeira@dyna.com.br",
		"senha": "F1fJrH05Er",
		"cep": "72005-565",
		"endereco": "Rua Rua 3B Chácara 31",
		"numero": 476,
		"bairro": "Setor Habitacional Vicente Pires",
		"cidade": "Brasília",
		"estado": "DF",
		"telefone_fixo": "(61) 3611-8062",
		"celular": "(61) 99353-3557",
		"altura": "1,79",
		"peso": 56,
		"tipo_sanguineo": "AB+",
		"cor": "laranja"
	},
	{
		"nome": "Valentina Alessandra Fátima Moura",
		"idade": 75,
		"cpf": "229.724.261-18",
		"rg": "24.573.781-9",
		"data_nasc": "11/01/1948",
		"sexo": "Feminino",
		"signo": "Capricórnio",
		"mae": "Marli Francisca Heloise",
		"pai": "Pedro Henrique Benício Thiago Moura",
		"email": "valentinaalessandramoura@tce.am.gov.br",
		"senha": "nBa8Syo5FR",
		"cep": "72460-220",
		"endereco": "Quadra Quadra 22",
		"numero": 395,
		"bairro": "Setor Leste (Gama)",
		"cidade": "Brasília",
		"estado": "DF",
		"telefone_fixo": "(61) 3937-8704",
		"celular": "(61) 99602-1536",
		"altura": "1,76",
		"peso": 46,
		"tipo_sanguineo": "A+",
		"cor": "preto"
	},
	{
		"nome": "Yago Ian Assis",
		"idade": 60,
		"cpf": "163.382.491-80",
		"rg": "25.368.533-3",
		"data_nasc": "02/02/1963",
		"sexo": "Masculino",
		"signo": "Aquário",
		"mae": "Jaqueline Fátima Esther",
		"pai": "Gustavo Bernardo Assis",
		"email": "yago_ian_assis@expressoforte.com.br",
		"senha": "FpqLqdcJRu",
		"cep": "72321-502",
		"endereco": "Quadra QN 407 Conjunto B",
		"numero": 508,
		"bairro": "Samambaia Norte (Samambaia)",
		"cidade": "Brasília",
		"estado": "DF",
		"telefone_fixo": "(61) 3893-1307",
		"celular": "(61) 99103-8824",
		"altura": "1,89",
		"peso": 65,
		"tipo_sanguineo": "A+",
		"cor": "azul"
	},
	{
		"nome": "Theo Sebastião Sales",
		"idade": 70,
		"cpf": "616.314.181-49",
		"rg": "22.330.611-3",
		"data_nasc": "19/01/1953",
		"sexo": "Masculino",
		"signo": "Capricórnio",
		"mae": "Maya Mariane Ana",
		"pai": "Samuel Felipe Sales",
		"email": "theo_sebastiao_sales@mpeventos.com.br",
		"senha": "Bje5H4fKIk",
		"cep": "72620-149",
		"endereco": "Quadra Quadra 300 Conjunto 48",
		"numero": 336,
		"bairro": "Recanto das Emas",
		"cidade": "Brasília",
		"estado": "DF",
		"telefone_fixo": "(61) 3705-1563",
		"celular": "(61) 98779-7694",
		"altura": "1,93",
		"peso": 53,
		"tipo_sanguineo": "AB-",
		"cor": "laranja"
	}
]