[
	{
		"nome": "Olivia Julia Silvana Mendes",
		"idade": 55,
		"cpf": "287.834.381-65",
		"rg": "35.189.724-0",
		"data_nasc": "06/02/1968",
		"sexo": "Feminino",
		"signo": "Aquário",
		"mae": "Fernanda Raimunda",
		"pai": "Vinicius Cauã Antonio Mendes",
		"email": "olivia_mendes@costaporto.com.br",
		"senha": "An8C1jbHGl",
		"cep": "71090-105",
		"endereco": "Colônia Agrícola Águas Claras Chácara 11",
		"numero": 666,
		"bairro": "Guará I",
		"cidade": "Brasília",
		"estado": "DF",
		"telefone_fixo": "(61) 2910-6299",
		"celular": "(61) 98319-9209",
		"altura": "1,71",
		"peso": 57,
		"tipo_sanguineo": "A-",
		"cor": "preto"
	},
	{
		"nome": "Malu Giovanna Viana",
		"idade": 26,
		"cpf": "731.761.781-40",
		"rg": "24.215.131-0",
		"data_nasc": "21/01/1997",
		"sexo": "Feminino",
		"signo": "Aquário",
		"mae": "Antônia Elisa Sabrina",
		"pai": "Marcelo Gustavo Viana",
		"email": "malu_giovanna_viana@ci.com.br",
		"senha": "m3qukHtq3r",
		"cep": "72220-362",
		"endereco": "Quadra QNN 36 Conjunto B",
		"numero": 303,
		"bairro": "Ceilândia Sul (Ceilândia)",
		"cidade": "Brasília",
		"estado": "DF",
		"telefone_fixo": "(61) 3777-5681",
		"celular": "(61) 98725-2802",
		"altura": "1,50",
		"peso": 51,
		"tipo_sanguineo": "AB+",
		"cor": "laranja"
	},
	{
		"nome": "Nicolas Francisco Carlos Eduardo da Costa",
		"idade": 51,
		"cpf": "977.701.471-66",
		"rg": "21.306.494-7",
		"data_nasc": "01/02/1972",
		"sexo": "Masculino",
		"signo": "Aquário",
		"mae": "Lavínia Betina Flávia",
		"pai": "Fernando Ryan da Costa",
		"email": "nicolas-dacosta98@avoeazul.com.br",
		"senha": "tX3fiiY2wG",
		"cep": "70390-035",
		"endereco": "Quadra SGAS 903/904",
		"numero": 184,
		"bairro": "Asa Sul",
		"cidade": "Brasília",
		"estado": "DF",
		"telefone_fixo": "(61) 3827-0416",
		"celular": "(61) 98459-1112",
		"altura": "1,71",
		"peso": 73,
		"tipo_sanguineo": "AB+",
		"cor": "vermelho"
	},
	{
		"nome": "Yago João Vinicius Drumond",
		"idade": 37,
		"cpf": "833.664.491-10",
		"rg": "13.217.430-3",
		"data_nasc": "09/01/1986",
		"sexo": "Masculino",
		"signo": "Capricórnio",
		"mae": "Ayla Sophia Allana",
		"pai": "Breno Luís Thiago Drumond",
		"email": "yago-drumond73@carreira.com.br",
		"senha": "BkGZEKRknW",
		"cep": "70237-520",
		"endereco": "Quadra CLS 403 Bloco B",
		"numero": 693,
		"bairro": "Asa Sul",
		"cidade": "Brasília",
		"estado": "DF",
		"telefone_fixo": "(61) 3514-3781",
		"celular": "(61) 99949-8812",
		"altura": "1,93",
		"peso": 60,
		"tipo_sanguineo": "AB+",
		"cor": "azul"
	},
	{
		"nome": "Beatriz Sabrina Olivia Barros",
		"idade": 48,
		"cpf": "857.022.451-64",
		"rg": "46.145.352-6",
		"data_nasc": "23/01/1975",
		"sexo": "Feminino",
		"signo": "Aquário",
		"mae": "Daiane Daniela Andrea",
		"pai": "Renato Rafael Gabriel Barros",
		"email": "beatriz-barros76@trt15.jus.br",
		"senha": "3AZsxtROpi",
		"cep": "72593-204",
		"endereco": "Quadra QRI 4",
		"numero": 208,
		"bairro": "Residencial Santos Dumont (Santa Maria)",
		"cidade": "Brasília",
		"estado": "DF",
		"telefone_fixo": "(61) 3721-6499",
		"celular": "(61) 99785-4912",
		"altura": "1,71",
		"peso": 52,
		"tipo_sanguineo": "B+",
		"cor": "vermelho"
	},
	{
		"nome": "Ester Melissa Rezende",
		"idade": 37,
		"cpf": "919.683.911-26",
		"rg": "45.330.999-9",
		"data_nasc": "16/02/1986",
		"sexo": "Feminino",
		"signo": "Aquário",
		"mae": "Daiane Letícia Hadassa",
		"pai": "Alexandre Luan Carlos Eduardo Rezende",
		"email": "ester_melissa_rezende@51hotmail.com",
		"senha": "xcFyDHGZ3X",
		"cep": "72316-313",
		"endereco": "Quadra QR 212 Conjunto 13",
		"numero": 914,
		"bairro": "Samambaia Norte (Samambaia)",
		"cidade": "Brasília",
		"estado": "DF",
		"telefone_fixo": "(61) 3895-2668",
		"celular": "(61) 99672-2551",
		"altura": "1,50",
		"peso": 47,
		"tipo_sanguineo": "A+",
		"cor": "azul"
	},
	{
		"nome": "Luiz Cauê Leandro Lopes",
		"idade": 57,
		"cpf": "299.258.941-15",
		"rg": "25.454.729-1",
		"data_nasc": "11/01/1966",
		"sexo": "Masculino",
		"signo": "Capricórnio",
		"mae": "Lúcia Cláudia",
		"pai": "Samuel Renato Lopes",
		"email": "luiz.caue.lopes@ruilacos.com.br",
		"senha": "6a33baDS8r",
		"cep": "72225-196",
		"endereco": "Quadra QNN 19 Conjunto F",
		"numero": 765,
		"bairro": "Ceilândia Norte (Ceilândia)",
		"cidade": "Brasília",
		"estado": "DF",
		"telefone_fixo": "(61) 2630-4619",
		"celular": "(61) 99645-8013",
		"altura": "1,96",
		"peso": 74,
		"tipo_sanguineo": "AB+",
		"cor": "vermelho"
	},
	{
		"nome": "Sophia Sara Caroline da Mata",
		"idade": 40,
		"cpf": "805.850.931-05",
		"rg": "14.794.774-1",
		"data_nasc": "25/01/1983",
		"sexo": "Feminino",
		"signo": "Aquário",
		"mae": "Marli Maya Ayla",
		"pai": "Miguel Iago Fernando da Mata",
		"email": "sophiasaradamata@agreonoma.eng.br",
		"senha": "QSjWJzbspd",
		"cep": "72020-150",
		"endereco": "Quadra QSD 15",
		"numero": 408,
		"bairro": "Taguatinga Sul (Taguatinga)",
		"cidade": "Brasília",
		"estado": "DF",
		"telefone_fixo": "(61) 3722-2203",
		"celular": "(61) 98754-9678",
		"altura": "1,78",
		"peso": 89,
		"tipo_sanguineo": "B-",
		"cor": "amarelo"
	},
	{
		"nome": "Roberto Osvaldo Enzo Almeida",
		"idade": 70,
		"cpf": "824.653.931-03",
		"rg": "26.886.576-0",
		"data_nasc": "24/01/1953",
		"sexo": "Masculino",
		"signo": "Aquário",
		"mae": "Yasmin Clara",
		"pai": "Antonio Enzo Almeida",
		"email": "robertoosvaldoalmeida@fpsgeodata.com.br",
		"senha": "hTfmfmBQSy",
		"cep": "72592-105",
		"endereco": "Quadra QRC 5",
		"numero": 133,
		"bairro": "Residencial Santos Dumont (Santa Maria)",
		"cidade": "Brasília",
		"estado": "DF",
		"telefone_fixo": "(61) 3723-3605",
		"celular": "(61) 98493-4928",
		"altura": "1,83",
		"peso": 77,
		"tipo_sanguineo": "AB-",
		"cor": "verde"
	},
	{
		"nome": "Alexandre Mateus da Conceição",
		"idade": 51,
		"cpf": "345.718.181-06",
		"rg": "16.366.429-8",
		"data_nasc": "22/02/1972",
		"sexo": "Masculino",
		"signo": "Peixes",
		"mae": "Hadassa Jaqueline",
		"pai": "Enzo Bernardo da Conceição",
		"email": "alexandremateusdaconceicao@gmeil.com",
		"senha": "c9NWx3Pzkg",
		"cep": "71732-130",
		"endereco": "Setor SPLM Conjunto 13",
		"numero": 468,
		"bairro": "Setor Placa da Mercedes (Núcleo Bandeirante)",
		"cidade": "Brasília",
		"estado": "DF",
		"telefone_fixo": "(61) 3649-5676",
		"celular": "(61) 99276-2687",
		"altura": "1,87",
		"peso": 76,
		"tipo_sanguineo": "A+",
		"cor": "verde"
	},
	{
		"nome": "Luiz Lucca Vieira",
		"idade": 42,
		"cpf": "377.924.091-20",
		"rg": "14.575.779-1",
		"data_nasc": "16/01/1981",
		"sexo": "Masculino",
		"signo": "Capricórnio",
		"mae": "Eloá Letícia",
		"pai": "Rodrigo Luís Isaac Vieira",
		"email": "luiz_lucca_vieira@limao.com.br",
		"senha": "9kCm0d9744",
		"cep": "70361-708",
		"endereco": "Quadra SHIGS 711 Bloco H",
		"numero": 497,
		"bairro": "Asa Sul",
		"cidade": "Brasília",
		"estado": "DF",
		"telefone_fixo": "(61) 2801-7987",
		"celular": "(61) 99629-7500",
		"altura": "1,94",
		"peso": 71,
		"tipo_sanguineo": "A-",
		"cor": "vermelho"
	},
	{
		"nome": "César Calebe Lucca Bernardes",
		"idade": 67,
		"cpf": "386.775.771-22",
		"rg": "15.841.122-5",
		"data_nasc": "01/01/1956",
		"sexo": "Masculino",
		"signo": "Capricórnio",
		"mae": "Sophia Elza",
		"pai": "Marcelo Arthur Bernardes",
		"email": "cesar_calebe_bernardes@ortovip.com.br",
		"senha": "O0m4lmedsF",
		"cep": "70866-090",
		"endereco": "Quadra SQN 411 Bloco I",
		"numero": 120,
		"bairro": "Asa Norte",
		"cidade": "Brasília",
		"estado": "DF",
		"telefone_fixo": "(61) 3840-1936",
		"celular": "(61) 98312-2237",
		"altura": "1,87",
		"peso": 84,
		"tipo_sanguineo": "A-",
		"cor": "preto"
	},
	{
		"nome": "André Miguel Freitas",
		"idade": 33,
		"cpf": "548.104.991-03",
		"rg": "24.618.351-2",
		"data_nasc": "10/01/1990",
		"sexo": "Masculino",
		"signo": "Capricórnio",
		"mae": "Fabiana Marcela",
		"pai": "Hugo Bento Freitas",
		"email": "andre.miguel.freitas@soluxenergiasolar.com.br",
		"senha": "CaANWyR2Ro",
		"cep": "73368-322",
		"endereco": "Quadra 1D Conjunto B",
		"numero": 982,
		"bairro": "Arapoanga (Planaltina)",
		"cidade": "Brasília",
		"estado": "DF",
		"telefone_fixo": "(61) 2606-3123",
		"celular": "(61) 99383-2727",
		"altura": "1,65",
		"peso": 72,
		"tipo_sanguineo": "A-",
		"cor": "preto"
	},
	{
		"nome": "Enzo Gael da Cunha",
		"idade": 34,
		"cpf": "116.419.261-20",
		"rg": "16.959.842-1",
		"data_nasc": "02/02/1989",
		"sexo": "Masculino",
		"signo": "Aquário",
		"mae": "Luna Manuela Marlene",
		"pai": "Geraldo Isaac Caleb da Cunha",
		"email": "enzo.gael.dacunha@dicid.com.br",
		"senha": "kgXAaTdm5u",
		"cep": "70331-708",
		"endereco": "Quadra SHIGS 703 Bloco H",
		"numero": 373,
		"bairro": "Asa Sul",
		"cidade": "Brasília",
		"estado": "DF",
		"telefone_fixo": "(61) 2935-6830",
		"celular": "(61) 98548-3659",
		"altura": "1,65",
		"peso": 72,
		"tipo_sanguineo": "B-",
		"cor": "laranja"
	},
	{
		"nome": "Breno Marcos Vinicius Diego das Neves",
		"idade": 34,
		"cpf": "523.743.951-97",
		"rg": "39.819.020-3",
		"data_nasc": "24/02/1989",
		"sexo": "Masculino",
		"signo": "Peixes",
		"mae": "Tânia Yasmin Isabel",
		"pai": "Danilo Nicolas Anderson das Neves",
		"email": "breno-dasneves95@marcenariamagno.com.br",
		"senha": "MOgPlA7hry",
		"cep": "72240-508",
		"endereco": "Quadra EQNP 1/5 Bloco H",
		"numero": 654,
		"bairro": "Ceilândia Norte (Ceilândia)",
		"cidade": "Brasília",
		"estado": "DF",
		"telefone_fixo": "(61) 3696-1228",
		"celular": "(61) 98211-7644",
		"altura": "1,81",
		"peso": 59,
		"tipo_sanguineo": "O-",
		"cor": "roxo"
	},
	{
		"nome": "Isadora Isadora Peixoto",
		"idade": 22,
		"cpf": "784.469.231-65",
		"rg": "47.643.749-0",
		"data_nasc": "22/02/2001",
		"sexo": "Feminino",
		"signo": "Peixes",
		"mae": "Simone Fernanda Amanda",
		"pai": "Calebe Theo Peixoto",
		"email": "isadora.isadora.peixoto@midiasim.com.br",
		"senha": "kmUR6rN4Fh",
		"cep": "72450-150",
		"endereco": "Quadra Quadra 15",
		"numero": 909,
		"bairro": "Setor Leste (Gama)",
		"cidade": "Brasília",
		"estado": "DF",
		"telefone_fixo": "(61) 3944-4684",
		"celular": "(61) 99770-4420",
		"altura": "1,72",
		"peso": 45,
		"tipo_sanguineo": "A+",
		"cor": "azul"
	},
	{
		"nome": "Enzo Noah Danilo Farias",
		"idade": 73,
		"cpf": "538.972.211-60",
		"rg": "28.983.175-1",
		"data_nasc": "17/01/1950",
		"sexo": "Masculino",
		"signo": "Capricórnio",
		"mae": "Cristiane Laís Adriana",
		"pai": "Oliver Carlos Eduardo Farias",
		"email": "enzo_noah_farias@larioja.com.br",
		"senha": "koCx0xNw27",
		"cep": "72316-315",
		"endereco": "Quadra QR 212 Conjunto 15",
		"numero": 432,
		"bairro": "Samambaia Norte (Samambaia)",
		"cidade": "Brasília",
		"estado": "DF",
		"telefone_fixo": "(61) 2882-4716",
		"celular": "(61) 99719-2028",
		"altura": "1,89",
		"peso": 108,
		"tipo_sanguineo": "B-",
		"cor": "azul"
	},
	{
		"nome": "Luzia Raimunda Cardoso",
		"idade": 18,
		"cpf": "983.750.251-78",
		"rg": "29.581.409-3",
		"data_nasc": "02/02/2005",
		"sexo": "Feminino",
		"signo": "Aquário",
		"mae": "Jennifer Tânia Nair",
		"pai": "Benjamin Breno Cardoso",
		"email": "luziaraimundacardoso@pisbrasil.com.br",
		"senha": "TMgIW8PrmI",
		"cep": "73368-446",
		"endereco": "Quadra 4E Conjunto D",
		"numero": 824,
		"bairro": "Arapoanga (Planaltina)",
		"cidade": "Brasília",
		"estado": "DF",
		"telefone_fixo": "(61) 3782-2951",
		"celular": "(61) 98534-6730",
		"altura": "1,54",
		"peso": 88,
		"tipo_sanguineo": "AB+",
		"cor": "amarelo"
	},
	{
		"nome": "Cecília Isabela Rosângela Silva",
		"idade": 30,
		"cpf": "041.380.611-18",
		"rg": "39.559.597-6",
		"data_nasc": "04/02/1993",
		"sexo": "Feminino",
		"signo": "Aquário",
		"mae": "Lavínia Fabiana",
		"pai": "Joaquim Severino Francisco Silva",
		"email": "cecilia_silva@grupoarteoficio.com.br",
		"senha": "dgBDawiNDx",
		"cep": "72156-105",
		"endereco": "Quadra QNL 10 Conjunto E",
		"numero": 791,
		"bairro": "Taguatinga Norte (Taguatinga)",
		"cidade": "Brasília",
		"estado": "DF",
		"telefone_fixo": "(61) 2505-1787",
		"celular": "(61) 98421-1176",
		"altura": "1,74",
		"peso": 78,
		"tipo_sanguineo": "AB-",
		"cor": "vermelho"
	},
	{
		"nome": "Ryan Cláudio Levi Moreira",
		"idade": 37,
		"cpf": "250.770.761-54",
		"rg": "42.498.646-2",
		"data_nasc": "22/01/1986",
		"sexo": "Masculino",
		"signo": "Aquário",
		"mae": "Bruna Isabela",
		"pai": "Benjamin Cláudio Moreira",
		"email": "ryan.claudio.moreira@schon.com.br",
		"senha": "cLmGGj6uis",
		"cep": "73402-509",
		"endereco": "Módulo Módulo 3",
		"numero": 910,
		"bairro": "Setor de Mansões Mestre D'Armas (Planaltina)",
		"cidade": "Brasília",
		"estado": "DF",
		"telefone_fixo": "(61) 3649-5245",
		"celular": "(61) 99544-0616",
		"altura": "1,60",
		"peso": 73,
		"tipo_sanguineo": "O-",
		"cor": "vermelho"
	},
	{
		"nome": "Nair Sabrina Campos",
		"idade": 80,
		"cpf": "456.932.051-18",
		"rg": "31.488.910-3",
		"data_nasc": "06/02/1943",
		"sexo": "Feminino",
		"signo": "Aquário",
		"mae": "Sandra Isabela Beatriz",
		"pai": "Levi Eduardo Campos",
		"email": "nairsabrinacampos@virtualcriativa.com.br",
		"senha": "BL0JNAqYjq",
		"cep": "70833-050",
		"endereco": "Quadra SQN 203 Bloco E",
		"numero": 917,
		"bairro": "Asa Norte",
		"cidade": "Brasília",
		"estado": "DF",
		"telefone_fixo": "(61) 2644-3601",
		"celular": "(61) 99361-2833",
		"altura": "1,69",
		"peso": 89,
		"tipo_sanguineo": "A-",
		"cor": "laranja"
	},
	{
		"nome": "Vinicius Bruno Ribeiro",
		"idade": 24,
		"cpf": "288.177.741-46",
		"rg": "32.248.672-5",
		"data_nasc": "07/02/1999",
		"sexo": "Masculino",
		"signo": "Aquário",
		"mae": "Beatriz Benedita",
		"pai": "Thomas Fábio Thiago Ribeiro",
		"email": "vinicius_ribeiro@metalplasma.com.br",
		"senha": "TC44TcINAL",
		"cep": "71692-234",
		"endereco": "Quadra Quadra 103 Conjunto 12",
		"numero": 413,
		"bairro": "Setor Residencial Oeste (São Sebastião)",
		"cidade": "Brasília",
		"estado": "DF",
		"telefone_fixo": "(61) 2759-8858",
		"celular": "(61) 98322-9510",
		"altura": "1,95",
		"peso": 109,
		"tipo_sanguineo": "B+",
		"cor": "roxo"
	},
	{
		"nome": "Nicole Lorena Olivia Caldeira",
		"idade": 69,
		"cpf": "020.418.161-55",
		"rg": "31.626.270-5",
		"data_nasc": "02/01/1954",
		"sexo": "Feminino",
		"signo": "Capricórnio",
		"mae": "Raimunda Agatha",
		"pai": "Antonio André Paulo Caldeira",
		"email": "nicolelorenacaldeira@3cfast.com.br",
		"senha": "nqQ91bMsWu",
		"cep": "73020-680",
		"endereco": "Área Especial Área Especial para Indústria 2 Lote 7",
		"numero": 710,
		"bairro": "Sobradinho",
		"cidade": "Brasília",
		"estado": "DF",
		"telefone_fixo": "(61) 2522-9379",
		"celular": "(61) 98975-4199",
		"altura": "1,58",
		"peso": 85,
		"tipo_sanguineo": "AB-",
		"cor": "preto"
	},
	{
		"nome": "Flávia Mariane Isabela Nascimento",
		"idade": 37,
		"cpf": "437.806.891-54",
		"rg": "26.806.608-5",
		"data_nasc": "03/01/1986",
		"sexo": "Feminino",
		"signo": "Capricórnio",
		"mae": "Fabiana Melissa Emilly",
		"pai": "Vicente Hugo Nascimento",
		"email": "flaviamarianenascimento@pronursing.com.br",
		"senha": "2q4zoxidij",
		"cep": "73402-003",
		"endereco": "Módulo Módulo 1",
		"numero": 213,
		"bairro": "Estância Mestre D'Armas V (Planaltina)",
		"cidade": "Brasília",
		"estado": "DF",
		"telefone_fixo": "(61) 3567-6349",
		"celular": "(61) 99275-8528",
		"altura": "1,80",
		"peso": 66,
		"tipo_sanguineo": "A+",
		"cor": "amarelo"
	},
	{
		"nome": "Vicente Benício Heitor Moraes",
		"idade": 61,
		"cpf": "953.199.561-34",
		"rg": "18.200.242-1",
		"data_nasc": "08/02/1962",
		"sexo": "Masculino",
		"signo": "Aquário",
		"mae": "Marina Catarina",
		"pai": "Francisco Diego Moraes",
		"email": "vicente_moraes@mesquita.not.br",
		"senha": "sKqrxfKp89",
		"cep": "70764-540",
		"endereco": "Quadra CLN 114 Bloco D",
		"numero": 610,
		"bairro": "Asa Norte",
		"cidade": "Brasília",
		"estado": "DF",
		"telefone_fixo": "(61) 3555-7613",
		"celular": "(61) 99955-3013",
		"altura": "1,69",
		"peso": 86,
		"tipo_sanguineo": "AB-",
		"cor": "preto"
	},
	{
		"nome": "Fernando César Igor de Paula",
		"idade": 49,
		"cpf": "430.558.581-23",
		"rg": "31.937.589-4",
		"data_nasc": "04/02/1974",
		"sexo": "Masculino",
		"signo": "Aquário",
		"mae": "Gabriela Esther",
		"pai": "Davi Diogo Kauê de Paula",
		"email": "fernando.cesar.depaula@demasi.com.br",
		"senha": "EkxR5TwcmG",
		"cep": "72641-100",
		"endereco": "Quadra Quadra 605",
		"numero": 830,
		"bairro": "Recanto das Emas",
		"cidade": "Brasília",
		"estado": "DF",
		"telefone_fixo": "(61) 3998-6676",
		"celular": "(61) 99988-2392",
		"altura": "1,88",
		"peso": 52,
		"tipo_sanguineo": "A+",
		"cor": "vermelho"
	},
	{
		"nome": "Yuri Felipe Mateus Souza",
		"idade": 46,
		"cpf": "489.058.171-57",
		"rg": "40.457.271-6",
		"data_nasc": "13/01/1977",
		"sexo": "Masculino",
		"signo": "Capricórnio",
		"mae": "Isabela Stefany Andreia",
		"pai": "Danilo Thomas Samuel Souza",
		"email": "yuri-souza98@knowconsulting.com.br",
		"senha": "ZnrqYsQU9k",
		"cep": "73250-900",
		"endereco": "Rodovia DF-001 Km 0",
		"numero": 844,
		"bairro": "Região dos Lagos (Sobradinho)",
		"cidade": "Brasília",
		"estado": "DF",
		"telefone_fixo": "(61) 2843-4479",
		"celular": "(61) 98570-6402",
		"altura": "1,76",
		"peso": 54,
		"tipo_sanguineo": "O+",
		"cor": "azul"
	},
	{
		"nome": "Nina Raimunda Elaine Dias",
		"idade": 71,
		"cpf": "522.345.171-68",
		"rg": "48.387.463-2",
		"data_nasc": "12/02/1952",
		"sexo": "Feminino",
		"signo": "Aquário",
		"mae": "Sarah Clarice",
		"pai": "Severino Yuri Dias",
		"email": "ninaraimundadias@zoomfoccus.com.br",
		"senha": "eToekqEIC9",
		"cep": "73310-174",
		"endereco": "Área Setor Educacional Lote M",
		"numero": 590,
		"bairro": "Setor de Educação (Planaltina)",
		"cidade": "Brasília",
		"estado": "DF",
		"telefone_fixo": "(61) 3500-3503",
		"celular": "(61) 99955-6579",
		"altura": "1,78",
		"peso": 88,
		"tipo_sanguineo": "B-",
		"cor": "roxo"
	},
	{
		"nome": "Murilo Davi Aragão",
		"idade": 60,
		"cpf": "957.919.561-77",
		"rg": "31.754.165-1",
		"data_nasc": "23/02/1963",
		"sexo": "Masculino",
		"signo": "Peixes",
		"mae": "Sophia Mariana Sabrina",
		"pai": "Ian Ian Aragão",
		"email": "murilo_aragao@obrativaengenharia.com.br",
		"senha": "RBYQKweK4z",
		"cep": "71250-140",
		"endereco": "Setor SCIA Quadra 14 Conjunto 8",
		"numero": 821,
		"bairro": "Zona Industrial (Guará)",
		"cidade": "Brasília",
		"estado": "DF",
		"telefone_fixo": "(61) 2592-3890",
		"celular": "(61) 99467-7688",
		"altura": "1,97",
		"peso": 76,
		"tipo_sanguineo": "O-",
		"cor": "vermelho"
	},
	{
		"nome": "Emilly Emanuelly Tereza da Mota",
		"idade": 21,
		"cpf": "817.371.231-00",
		"rg": "14.496.057-6",
		"data_nasc": "18/01/2002",
		"sexo": "Feminino",
		"signo": "Capricórnio",
		"mae": "Liz Isabela",
		"pai": "Leandro Juan da Mota",
		"email": "emilly_damota@br.gestant.com",
		"senha": "tTXbFWfpJa",
		"cep": "73061-235",
		"endereco": "Quadra Quadra 3 Conjunto M",
		"numero": 708,
		"bairro": "Setor Oeste (Sobradinho II)",
		"cidade": "Brasília",
		"estado": "DF",
		"telefone_fixo": "(61) 3649-8534",
		"celular": "(61) 99368-5813",
		"altura": "1,80",
		"peso": 62,
		"tipo_sanguineo": "A-",
		"cor": "preto"
	}
]