[
	{
		"nome": "Antonio Luan Baptista",
		"idade": 73,
		"cpf": "800.004.571-08",
		"rg": "30.145.547-8",
		"data_nasc": "11/01/1950",
		"sexo": "Masculino",
		"signo": "Capricórnio",
		"mae": "Valentina Vera",
		"pai": "Nathan Pietro Baptista",
		"email": "antonio_luan_baptista@engemanltda.com.br",
		"senha": "HaIx1C83MW",
		"cep": "71699-560",
		"endereco": "Quadra Quadra QC 10",
		"numero": 949,
		"bairro": "Jardins Mangueiral (São Sebastião)",
		"cidade": "Brasília",
		"estado": "DF",
		"telefone_fixo": "(61) 2610-8633",
		"celular": "(61) 99566-0014",
		"altura": "1,84",
		"peso": 57,
		"tipo_sanguineo": "A+",
		"cor": "vermelho"
	},
	{
		"nome": "Carolina Tânia Pires",
		"idade": 25,
		"cpf": "524.843.131-01",
		"rg": "19.553.100-0",
		"data_nasc": "21/01/1998",
		"sexo": "Feminino",
		"signo": "Aquário",
		"mae": "Jennifer Antônia",
		"pai": "Oliver Julio Pires",
		"email": "carolina_tania_pires@infouai.com",
		"senha": "WX3eesp499",
		"cep": "72017-347",
		"endereco": "Quadra QSC 19 Chácara 27 Conjunto I",
		"numero": 122,
		"bairro": "Taguatinga Sul (Taguatinga)",
		"cidade": "Brasília",
		"estado": "DF",
		"telefone_fixo": "(61) 2518-1973",
		"celular": "(61) 98239-9707",
		"altura": "1,61",
		"peso": 59,
		"tipo_sanguineo": "B+",
		"cor": "roxo"
	},
	{
		"nome": "Melissa Luana Ana Moraes",
		"idade": 78,
		"cpf": "456.332.751-44",
		"rg": "45.798.937-3",
		"data_nasc": "16/02/1945",
		"sexo": "Feminino",
		"signo": "Aquário",
		"mae": "Isabela Regina Lúcia",
		"pai": "Gabriel Rafael Martin Moraes",
		"email": "melissa_moraes@picolotoengenharia.com.br",
		"senha": "grFO9yQaFr",
		"cep": "70843-000",
		"endereco": "Quadra SQN 205",
		"numero": 343,
		"bairro": "Asa Norte",
		"cidade": "Brasília",
		"estado": "DF",
		"telefone_fixo": "(61) 3859-7309",
		"celular": "(61) 98241-0525",
		"altura": "1,63",
		"peso": 61,
		"tipo_sanguineo": "A-",
		"cor": "vermelho"
	},
	{
		"nome": "Mateus Carlos Eduardo Yago Moreira",
		"idade": 78,
		"cpf": "211.094.331-90",
		"rg": "45.698.609-1",
		"data_nasc": "02/02/1945",
		"sexo": "Masculino",
		"signo": "Aquário",
		"mae": "Jennifer Márcia",
		"pai": "Breno José Otávio Moreira",
		"email": "mateus_moreira@ramiresmotors.com.br",
		"senha": "hnBg2F3Lyu",
		"cep": "71881-110",
		"endereco": "Quadra QN 14A",
		"numero": 210,
		"bairro": "Riacho Fundo II",
		"cidade": "Brasília",
		"estado": "DF",
		"telefone_fixo": "(61) 2690-0627",
		"celular": "(61) 99955-9685",
		"altura": "1,96",
		"peso": 59,
		"tipo_sanguineo": "A-",
		"cor": "vermelho"
	},
	{
		"nome": "Ryan Benício Ferreira",
		"idade": 47,
		"cpf": "359.420.011-62",
		"rg": "25.605.212-8",
		"data_nasc": "01/01/1976",
		"sexo": "Masculino",
		"signo": "Capricórnio",
		"mae": "Melissa Nair Vitória",
		"pai": "Antonio Marcos Noah Ferreira",
		"email": "ryanbenicioferreira@skapcom.com.br",
		"senha": "KarKGpKp05",
		"cep": "72329-101",
		"endereco": "Quadra QR 431 Conjunto 1",
		"numero": 323,
		"bairro": "Samambaia Norte (Samambaia)",
		"cidade": "Brasília",
		"estado": "DF",
		"telefone_fixo": "(61) 3792-5687",
		"celular": "(61) 98124-8929",
		"altura": "1,78",
		"peso": 81,
		"tipo_sanguineo": "A-",
		"cor": "preto"
	},
	{
		"nome": "Carlos Martin Carlos Eduardo Pereira",
		"idade": 37,
		"cpf": "540.449.481-60",
		"rg": "24.270.989-8",
		"data_nasc": "18/02/1986",
		"sexo": "Masculino",
		"signo": "Aquário",
		"mae": "Daniela Camila Julia",
		"pai": "Raimundo Francisco Enzo Pereira",
		"email": "carlos_martin_pereira@raya3.com.br",
		"senha": "0JwbXBhGMX",
		"cep": "72140-310",
		"endereco": "Quadra QNJ 31",
		"numero": 768,
		"bairro": "Taguatinga Norte (Taguatinga)",
		"cidade": "Brasília",
		"estado": "DF",
		"telefone_fixo": "(61) 3950-1214",
		"celular": "(61) 99798-6327",
		"altura": "1,73",
		"peso": 70,
		"tipo_sanguineo": "O-",
		"cor": "laranja"
	},
	{
		"nome": "Patrícia Caroline Mariah Farias",
		"idade": 75,
		"cpf": "311.009.161-56",
		"rg": "35.051.519-0",
		"data_nasc": "05/01/1948",
		"sexo": "Feminino",
		"signo": "Capricórnio",
		"mae": "Melissa Brenda Rebeca",
		"pai": "Marcos Vinicius Ricardo Ruan Farias",
		"email": "patricia_farias@idesc.com.br",
		"senha": "ysw3t1ZKso",
		"cep": "72215-299",
		"endereco": "Quadra QNM 29 Área Especial I",
		"numero": 437,
		"bairro": "Ceilândia Sul (Ceilândia)",
		"cidade": "Brasília",
		"estado": "DF",
		"telefone_fixo": "(61) 3827-3104",
		"celular": "(61) 99160-1907",
		"altura": "1,54",
		"peso": 63,
		"tipo_sanguineo": "A+",
		"cor": "vermelho"
	},
	{
		"nome": "Noah Osvaldo Fogaça",
		"idade": 41,
		"cpf": "894.163.151-33",
		"rg": "23.325.117-0",
		"data_nasc": "16/01/1982",
		"sexo": "Masculino",
		"signo": "Capricórnio",
		"mae": "Juliana Daiane Isabelly",
		"pai": "Vinicius Ruan Márcio Fogaça",
		"email": "noahosvaldofogaca@terra.com",
		"senha": "QzersQmhc3",
		"cep": "71100-009",
		"endereco": "Quadra EPTG QE 1 Bloco A-9",
		"numero": 709,
		"bairro": "Quadras Econômicas Lúcio Costa (Guará)",
		"cidade": "Brasília",
		"estado": "DF",
		"telefone_fixo": "(61) 2550-5593",
		"celular": "(61) 98426-4785",
		"altura": "1,61",
		"peso": 58,
		"tipo_sanguineo": "B+",
		"cor": "vermelho"
	},
	{
		"nome": "Lara Bárbara Barros",
		"idade": 53,
		"cpf": "293.344.481-05",
		"rg": "45.620.757-0",
		"data_nasc": "24/02/1970",
		"sexo": "Feminino",
		"signo": "Peixes",
		"mae": "Isabel Bárbara Ana",
		"pai": "Roberto Manuel Lucas Barros",
		"email": "larabarbarabarros@hmhabitacoesmodernas.com.br",
		"senha": "iOk9OKh2NT",
		"cep": "70866-400",
		"endereco": "Quadra EQN 411/412",
		"numero": 647,
		"bairro": "Asa Norte",
		"cidade": "Brasília",
		"estado": "DF",
		"telefone_fixo": "(61) 2553-4384",
		"celular": "(61) 98778-5338",
		"altura": "1,63",
		"peso": 82,
		"tipo_sanguineo": "O-",
		"cor": "amarelo"
	},
	{
		"nome": "Noah Sérgio Enzo Pinto",
		"idade": 57,
		"cpf": "183.621.351-40",
		"rg": "10.760.222-2",
		"data_nasc": "16/02/1966",
		"sexo": "Masculino",
		"signo": "Aquário",
		"mae": "Mariana Maria Elaine",
		"pai": "Luís Leonardo Pinto",
		"email": "noahsergiopinto@lta-am.com.br",
		"senha": "A2SzKLPccN",
		"cep": "71994-145",
		"endereco": "Conjunto SHA Conjunto 4 Chácara 23",
		"numero": 667,
		"bairro": "Setor Habitacional Arniqueira (Águas Claras)",
		"cidade": "Brasília",
		"estado": "DF",
		"telefone_fixo": "(61) 2772-0608",
		"celular": "(61) 99763-9431",
		"altura": "1,82",
		"peso": 68,
		"tipo_sanguineo": "AB+",
		"cor": "verde"
	},
	{
		"nome": "Marcos Giovanni Sales",
		"idade": 40,
		"cpf": "322.911.311-09",
		"rg": "40.127.186-9",
		"data_nasc": "17/01/1983",
		"sexo": "Masculino",
		"signo": "Capricórnio",
		"mae": "Marina Andrea Luciana",
		"pai": "Daniel Henrique Sales",
		"email": "marcos.giovanni.sales@rafaelsouza.com.br",
		"senha": "jPR7InnecA",
		"cep": "72660-156",
		"endereco": "Quadra Quadra 509 Conjunto 15",
		"numero": 426,
		"bairro": "Recanto das Emas",
		"cidade": "Brasília",
		"estado": "DF",
		"telefone_fixo": "(61) 2969-3029",
		"celular": "(61) 98510-3857",
		"altura": "1,91",
		"peso": 65,
		"tipo_sanguineo": "AB-",
		"cor": "verde"
	},
	{
		"nome": "Oliver Levi Rezende",
		"idade": 30,
		"cpf": "678.929.951-37",
		"rg": "23.070.527-3",
		"data_nasc": "08/01/1993",
		"sexo": "Masculino",
		"signo": "Capricórnio",
		"mae": "Analu Josefa",
		"pai": "Emanuel Diego Rezende",
		"email": "oliver_levi_rezende@bitco.cc",
		"senha": "zRTXoCRRG7",
		"cep": "71827-660",
		"endereco": "Chácara Chácara 16",
		"numero": 328,
		"bairro": "Riacho Fundo I",
		"cidade": "Brasília",
		"estado": "DF",
		"telefone_fixo": "(61) 2689-6817",
		"celular": "(61) 98551-5596",
		"altura": "1,72",
		"peso": 91,
		"tipo_sanguineo": "B+",
		"cor": "vermelho"
	},
	{
		"nome": "Fátima Eloá Assis",
		"idade": 37,
		"cpf": "820.137.531-95",
		"rg": "43.926.276-8",
		"data_nasc": "22/02/1986",
		"sexo": "Feminino",
		"signo": "Peixes",
		"mae": "Antonella Tereza Aline",
		"pai": "Roberto Paulo Assis",
		"email": "fatimaeloaassis@editorazap.com.br",
		"senha": "kGLpziP76A",
		"cep": "71993-790",
		"endereco": "Conjunto SHA Conjunto 3 Chácara 82",
		"numero": 132,
		"bairro": "Setor Habitacional Arniqueira (Águas Claras)",
		"cidade": "Brasília",
		"estado": "DF",
		"telefone_fixo": "(61) 3597-2296",
		"celular": "(61) 98373-2899",
		"altura": "1,58",
		"peso": 66,
		"tipo_sanguineo": "AB+",
		"cor": "preto"
	},
	{
		"nome": "Geraldo Renato Henrique Castro",
		"idade": 76,
		"cpf": "089.104.671-26",
		"rg": "11.304.653-4",
		"data_nasc": "21/02/1947",
		"sexo": "Masculino",
		"signo": "Peixes",
		"mae": "Andrea Márcia Marcela",
		"pai": "Lucas Igor Castro",
		"email": "geraldo_renato_castro@terrabrasil.com.br",
		"senha": "XBeXe1wlMf",
		"cep": "73015-338",
		"endereco": "Quadra Quadra 2 Conjunto C-6 Bloco A",
		"numero": 140,
		"bairro": "Sobradinho",
		"cidade": "Brasília",
		"estado": "DF",
		"telefone_fixo": "(61) 3991-9189",
		"celular": "(61) 99278-0027",
		"altura": "1,82",
		"peso": 107,
		"tipo_sanguineo": "A-",
		"cor": "azul"
	},
	{
		"nome": "Rita Josefa Lorena Ramos",
		"idade": 38,
		"cpf": "623.375.711-81",
		"rg": "44.716.538-0",
		"data_nasc": "20/01/1985",
		"sexo": "Feminino",
		"signo": "Capricórnio",
		"mae": "Fátima Antonella",
		"pai": "Thiago Murilo Emanuel Ramos",
		"email": "rita.josefa.ramos@boldcron.com.br",
		"senha": "cnfzPGIZts",
		"cep": "71697-301",
		"endereco": "Vila do Boa Rua 1",
		"numero": 570,
		"bairro": "Vila do Boa (São Sebastião)",
		"cidade": "Brasília",
		"estado": "DF",
		"telefone_fixo": "(61) 2605-1499",
		"celular": "(61) 99658-1745",
		"altura": "1,62",
		"peso": 78,
		"tipo_sanguineo": "O+",
		"cor": "laranja"
	},
	{
		"nome": "Geraldo Gustavo Galvão",
		"idade": 77,
		"cpf": "938.144.011-58",
		"rg": "30.011.152-6",
		"data_nasc": "06/02/1946",
		"sexo": "Masculino",
		"signo": "Aquário",
		"mae": "Gabrielly Luana Sophia",
		"pai": "Cláudio Gustavo João Galvão",
		"email": "geraldo_galvao@eximiart.com.br",
		"senha": "7xaYyyfhZB",
		"cep": "72317-532",
		"endereco": "Quadra QS 523 Conjunto B",
		"numero": 267,
		"bairro": "Samambaia Sul (Samambaia)",
		"cidade": "Brasília",
		"estado": "DF",
		"telefone_fixo": "(61) 3795-5872",
		"celular": "(61) 99388-2154",
		"altura": "1,94",
		"peso": 84,
		"tipo_sanguineo": "A+",
		"cor": "vermelho"
	},
	{
		"nome": "Eduarda Sophie Alves",
		"idade": 64,
		"cpf": "071.266.231-60",
		"rg": "15.684.859-4",
		"data_nasc": "21/01/1959",
		"sexo": "Feminino",
		"signo": "Aquário",
		"mae": "Nina Sônia Tatiane",
		"pai": "Gustavo Victor Alves",
		"email": "eduardasophiealves@gilbertorodrigues.com",
		"senha": "zzC5sxzaFO",
		"cep": "73355-101",
		"endereco": "Quadra Quadra 11 Conjunto 1",
		"numero": 854,
		"bairro": "Setor Residencial Leste (Planaltina)",
		"cidade": "Brasília",
		"estado": "DF",
		"telefone_fixo": "(61) 2961-2205",
		"celular": "(61) 98277-1217",
		"altura": "1,53",
		"peso": 55,
		"tipo_sanguineo": "A-",
		"cor": "amarelo"
	},
	{
		"nome": "Heitor Miguel Erick da Silva",
		"idade": 26,
		"cpf": "155.597.071-04",
		"rg": "16.297.028-6",
		"data_nasc": "14/01/1997",
		"sexo": "Masculino",
		"signo": "Capricórnio",
		"mae": "Maria Adriana Nina",
		"pai": "Vitor Eduardo Luís da Silva",
		"email": "heitor_dasilva@rgsa.com.br",
		"senha": "Lb2D0fiLgQ",
		"cep": "70350-510",
		"endereco": "Quadra CRS 505 Bloco A",
		"numero": 637,
		"bairro": "Asa Sul",
		"cidade": "Brasília",
		"estado": "DF",
		"telefone_fixo": "(61) 3920-0553",
		"celular": "(61) 99248-5722",
		"altura": "1,86",
		"peso": 75,
		"tipo_sanguineo": "AB+",
		"cor": "verde"
	},
	{
		"nome": "Raimunda Melissa Teixeira",
		"idade": 63,
		"cpf": "600.381.261-33",
		"rg": "29.569.361-7",
		"data_nasc": "03/02/1960",
		"sexo": "Feminino",
		"signo": "Aquário",
		"mae": "Márcia Stefany Sophia",
		"pai": "Hugo Ricardo Teixeira",
		"email": "raimundamelissateixeira@panevale.com.br",
		"senha": "6nwxm0SQAa",
		"cep": "72251-002",
		"endereco": "Quadra QNO 5 Conjunto B",
		"numero": 359,
		"bairro": "Ceilândia Norte (Ceilândia)",
		"cidade": "Brasília",
		"estado": "DF",
		"telefone_fixo": "(61) 2610-9368",
		"celular": "(61) 98672-7017",
		"altura": "1,54",
		"peso": 64,
		"tipo_sanguineo": "B+",
		"cor": "azul"
	},
	{
		"nome": "Vanessa Isis da Cruz",
		"idade": 70,
		"cpf": "997.919.151-13",
		"rg": "33.720.955-8",
		"data_nasc": "01/02/1953",
		"sexo": "Feminino",
		"signo": "Aquário",
		"mae": "Liz Lara Jéssica",
		"pai": "Martin Iago Miguel da Cruz",
		"email": "vanessa.isis.dacruz@nipnet.com.br",
		"senha": "TK7G0Il34N",
		"cep": "70331-762",
		"endereco": "Quadra SHIGS 704 Bloco L",
		"numero": 986,
		"bairro": "Asa Sul",
		"cidade": "Brasília",
		"estado": "DF",
		"telefone_fixo": "(61) 3604-5965",
		"celular": "(61) 99220-6016",
		"altura": "1,83",
		"peso": 77,
		"tipo_sanguineo": "AB-",
		"cor": "verde"
	},
	{
		"nome": "Heloisa Mariah Cecília Peixoto",
		"idade": 36,
		"cpf": "352.990.121-01",
		"rg": "33.035.555-7",
		"data_nasc": "24/02/1987",
		"sexo": "Feminino",
		"signo": "Peixes",
		"mae": "Isabelle Adriana Julia",
		"pai": "Guilherme Daniel Luiz Peixoto",
		"email": "heloisa.mariah.peixoto@hormail.com",
		"senha": "ULA7K9ysUa",
		"cep": "70650-151",
		"endereco": "Quadra SHCES Quadra 105 Bloco A",
		"numero": 233,
		"bairro": "Cruzeiro Novo",
		"cidade": "Brasília",
		"estado": "DF",
		"telefone_fixo": "(61) 2532-4426",
		"celular": "(61) 98145-4754",
		"altura": "1,50",
		"peso": 48,
		"tipo_sanguineo": "B+",
		"cor": "laranja"
	},
	{
		"nome": "Rodrigo Cláudio Diego Duarte",
		"idade": 28,
		"cpf": "899.949.061-00",
		"rg": "37.403.651-2",
		"data_nasc": "03/02/1995",
		"sexo": "Masculino",
		"signo": "Aquário",
		"mae": "Renata Heloisa",
		"pai": "Nelson Ricardo Duarte",
		"email": "rodrigo-duarte73@gastrolight.com.br",
		"senha": "Ah1uWSy3eS",
		"cep": "71256-155",
		"endereco": "Quadra Quadra 5 Conjunto 1",
		"numero": 270,
		"bairro": "Setor Oeste (Vila Estrutural - Guará)",
		"cidade": "Brasília",
		"estado": "DF",
		"telefone_fixo": "(61) 2621-8995",
		"celular": "(61) 99247-6836",
		"altura": "1,98",
		"peso": 103,
		"tipo_sanguineo": "AB+",
		"cor": "vermelho"
	},
	{
		"nome": "Isaac Gabriel dos Santos",
		"idade": 68,
		"cpf": "043.835.671-34",
		"rg": "15.532.443-3",
		"data_nasc": "07/01/1955",
		"sexo": "Masculino",
		"signo": "Capricórnio",
		"mae": "Allana Marli",
		"pai": "Murilo Elias dos Santos",
		"email": "isaac.gabriel.dossantos@chiba.net.br",
		"senha": "ht4JqT8hjh",
		"cep": "73252-118",
		"endereco": "Quadra Quadra 1 Conjunto D",
		"numero": 158,
		"bairro": "Condomínio Império dos Nobres (Sobradinho)",
		"cidade": "Brasília",
		"estado": "DF",
		"telefone_fixo": "(61) 3929-7715",
		"celular": "(61) 99838-3853",
		"altura": "1,85",
		"peso": 76,
		"tipo_sanguineo": "B-",
		"cor": "roxo"
	},
	{
		"nome": "Carolina Isabela Gabriela Caldeira",
		"idade": 72,
		"cpf": "194.600.651-39",
		"rg": "22.993.837-1",
		"data_nasc": "11/01/1951",
		"sexo": "Feminino",
		"signo": "Capricórnio",
		"mae": "Maria Vitória Luana",
		"pai": "Severino Marcos Vinicius Sebastião Caldeira",
		"email": "carolina-caldeira93@allcor.com.br",
		"senha": "c11AM0txCi",
		"cep": "70683-470",
		"endereco": "Quadra CLNW 4/5 Lote C",
		"numero": 380,
		"bairro": "Setor Noroeste",
		"cidade": "Brasília",
		"estado": "DF",
		"telefone_fixo": "(61) 2576-1961",
		"celular": "(61) 98601-6528",
		"altura": "1,58",
		"peso": 45,
		"tipo_sanguineo": "B+",
		"cor": "verde"
	},
	{
		"nome": "Aparecida Lúcia Rayssa das Neves",
		"idade": 72,
		"cpf": "348.576.871-51",
		"rg": "26.368.951-7",
		"data_nasc": "09/02/1951",
		"sexo": "Feminino",
		"signo": "Aquário",
		"mae": "Patrícia Patrícia Yasmin",
		"pai": "Julio Felipe Bryan das Neves",
		"email": "aparecidaluciadasneves@gmx.de",
		"senha": "qH25rmBbXq",
		"cep": "70351-755",
		"endereco": "Quadra SHIGS 708 Bloco E",
		"numero": 782,
		"bairro": "Asa Sul",
		"cidade": "Brasília",
		"estado": "DF",
		"telefone_fixo": "(61) 2776-4763",
		"celular": "(61) 99996-5734",
		"altura": "1,62",
		"peso": 73,
		"tipo_sanguineo": "AB+",
		"cor": "preto"
	},
	{
		"nome": "Lorenzo Sérgio Gabriel da Cunha",
		"idade": 35,
		"cpf": "678.422.301-29",
		"rg": "39.272.977-5",
		"data_nasc": "15/02/1988",
		"sexo": "Masculino",
		"signo": "Aquário",
		"mae": "Nina Sophie",
		"pai": "Ruan Arthur Ricardo da Cunha",
		"email": "lorenzo_sergio_dacunha@jetstar.com.br",
		"senha": "2COkfaOK11",
		"cep": "71571-100",
		"endereco": "Quadra Quadra 11",
		"numero": 246,
		"bairro": "Paranoá",
		"cidade": "Brasília",
		"estado": "DF",
		"telefone_fixo": "(61) 3899-0425",
		"celular": "(61) 98250-2311",
		"altura": "1,88",
		"peso": 52,
		"tipo_sanguineo": "A+",
		"cor": "azul"
	},
	{
		"nome": "Isabelly Luzia Jennifer Nunes",
		"idade": 72,
		"cpf": "601.043.531-55",
		"rg": "12.055.578-5",
		"data_nasc": "10/02/1951",
		"sexo": "Feminino",
		"signo": "Aquário",
		"mae": "Lara Rayssa",
		"pai": "Luiz Cláudio Nunes",
		"email": "isabelly_luzia_nunes@virage.com.br",
		"senha": "gNiRUrgjTm",
		"cep": "72312-007",
		"endereco": "Quadra QN 506 Conjunto 7",
		"numero": 190,
		"bairro": "Samambaia Sul (Samambaia)",
		"cidade": "Brasília",
		"estado": "DF",
		"telefone_fixo": "(61) 2509-3880",
		"celular": "(61) 99132-2207",
		"altura": "1,76",
		"peso": 61,
		"tipo_sanguineo": "A-",
		"cor": "laranja"
	},
	{
		"nome": "Cristiane Rosângela Juliana da Rocha",
		"idade": 74,
		"cpf": "013.485.651-10",
		"rg": "45.257.725-1",
		"data_nasc": "16/02/1949",
		"sexo": "Feminino",
		"signo": "Aquário",
		"mae": "Cláudia Ester Isadora",
		"pai": "Bruno Bento Daniel da Rocha",
		"email": "cristiane_rosangela_darocha@devuono.com.br",
		"senha": "L8NpGb0zJK",
		"cep": "71100-118",
		"endereco": "Quadra EPTG QE 3 Bloco B-3",
		"numero": 102,
		"bairro": "Quadras Econômicas Lúcio Costa (Guará)",
		"cidade": "Brasília",
		"estado": "DF",
		"telefone_fixo": "(61) 2656-9319",
		"celular": "(61) 98125-7734",
		"altura": "1,55",
		"peso": 48,
		"tipo_sanguineo": "O+",
		"cor": "laranja"
	},
	{
		"nome": "Andreia Andrea Viana",
		"idade": 22,
		"cpf": "037.889.531-10",
		"rg": "41.322.206-8",
		"data_nasc": "25/02/2001",
		"sexo": "Feminino",
		"signo": "Peixes",
		"mae": "Maya Catarina",
		"pai": "Oliver Diego Viana",
		"email": "andreiaandreaviana@granadaimoveis.com.br",
		"senha": "NCeAWIp6yd",
		"cep": "72303-204",
		"endereco": "Quadra QR 127 Conjunto 4",
		"numero": 409,
		"bairro": "Samambaia Sul (Samambaia)",
		"cidade": "Brasília",
		"estado": "DF",
		"telefone_fixo": "(61) 3910-5963",
		"celular": "(61) 98754-5148",
		"altura": "1,66",
		"peso": 88,
		"tipo_sanguineo": "B-",
		"cor": "preto"
	},
	{
		"nome": "Elias Lorenzo Figueiredo",
		"idade": 57,
		"cpf": "571.017.201-45",
		"rg": "49.502.973-7",
		"data_nasc": "09/02/1966",
		"sexo": "Masculino",
		"signo": "Aquário",
		"mae": "Raquel Vitória",
		"pai": "Guilherme Miguel Figueiredo",
		"email": "elias_figueiredo@lineubravo.com.br",
		"senha": "JhKO9uLlCe",
		"cep": "71572-309",
		"endereco": "Quadra Quadra 23 Conjunto I",
		"numero": 226,
		"bairro": "Paranoá",
		"cidade": "Brasília",
		"estado": "DF",
		"telefone_fixo": "(61) 3880-1479",
		"celular": "(61) 98878-8334",
		"altura": "1,83",
		"peso": 68,
		"tipo_sanguineo": "AB+",
		"cor": "roxo"
	}
]