[
	{
		"nome": "Débora Amanda Sophia Baptista",
		"idade": 31,
		"cpf": "514.327.731-00",
		"rg": "35.595.263-4",
		"data_nasc": "15/02/1992",
		"sexo": "Feminino",
		"signo": "Aquário",
		"mae": "Luzia Isabelle",
		"pai": "Cauã Geraldo Baptista",
		"email": "debora_amanda_baptista@parkhotel.com.br",
		"senha": "U661xLc9SP",
		"cep": "72302-574",
		"endereco": "Quadra QS 118 Conjunto 4",
		"numero": 803,
		"bairro": "Samambaia Sul (Samambaia)",
		"cidade": "Brasília",
		"estado": "DF",
		"telefone_fixo": "(61) 3549-5930",
		"celular": "(61) 99757-9770",
		"altura": "1,73",
		"peso": 50,
		"tipo_sanguineo": "A-",
		"cor": "preto"
	},
	{
		"nome": "Kaique Emanuel Fernandes",
		"idade": 27,
		"cpf": "608.822.781-85",
		"rg": "10.510.331-7",
		"data_nasc": "19/02/1996",
		"sexo": "Masculino",
		"signo": "Aquário",
		"mae": "Rosângela Catarina",
		"pai": "Thomas Anthony Marcos Fernandes",
		"email": "kaique-fernandes76@hitmail.com",
		"senha": "QRLxu8rwly",
		"cep": "72220-306",
		"endereco": "Quadra QNN 30 Área Especial F",
		"numero": 250,
		"bairro": "Ceilândia Sul (Ceilândia)",
		"cidade": "Brasília",
		"estado": "DF",
		"telefone_fixo": "(61) 3764-3164",
		"celular": "(61) 99480-7868",
		"altura": "1,66",
		"peso": 101,
		"tipo_sanguineo": "B+",
		"cor": "verde"
	},
	{
		"nome": "Ricardo Rodrigo Teixeira",
		"idade": 76,
		"cpf": "819.401.011-07",
		"rg": "24.742.945-4",
		"data_nasc": "09/02/1947",
		"sexo": "Masculino",
		"signo": "Aquário",
		"mae": "Cecília Patrícia Louise",
		"pai": "Benjamin Pietro Teixeira",
		"email": "ricardo_teixeira@a-qualitybrasil.com.br",
		"senha": "JAnhpJYqtK",
		"cep": "72135-110",
		"endereco": "Quadra QI 11",
		"numero": 581,
		"bairro": "Setor Industrial (Taguatinga)",
		"cidade": "Brasília",
		"estado": "DF",
		"telefone_fixo": "(61) 2549-6493",
		"celular": "(61) 99591-4780",
		"altura": "1,70",
		"peso": 105,
		"tipo_sanguineo": "B+",
		"cor": "azul"
	},
	{
		"nome": "Vitória Emily Mirella Ribeiro",
		"idade": 60,
		"cpf": "409.823.401-76",
		"rg": "24.335.617-1",
		"data_nasc": "24/02/1963",
		"sexo": "Feminino",
		"signo": "Peixes",
		"mae": "Manuela Esther Tereza",
		"pai": "Enzo Noah Ribeiro",
		"email": "vitoria.emily.ribeiro@sabesp.com.br",
		"senha": "LM268hQ8Jn",
		"cep": "73330-061",
		"endereco": "Rua Sergipe",
		"numero": 440,
		"bairro": "Setor Tradicional (Planaltina)",
		"cidade": "Brasília",
		"estado": "DF",
		"telefone_fixo": "(61) 2634-7283",
		"celular": "(61) 99364-4125",
		"altura": "1,72",
		"peso": 59,
		"tipo_sanguineo": "B-",
		"cor": "verde"
	},
	{
		"nome": "Yasmin Rosa Márcia Silveira",
		"idade": 38,
		"cpf": "009.646.981-10",
		"rg": "49.720.287-6",
		"data_nasc": "20/01/1985",
		"sexo": "Feminino",
		"signo": "Capricórnio",
		"mae": "Rayssa Daiane",
		"pai": "Bruno Alexandre Silveira",
		"email": "yasmin_silveira@oul.com.br",
		"senha": "zH2Bzbm9WI",
		"cep": "70763-080",
		"endereco": "Quadra SQN 113 Bloco H",
		"numero": 415,
		"bairro": "Asa Norte",
		"cidade": "Brasília",
		"estado": "DF",
		"telefone_fixo": "(61) 3839-5055",
		"celular": "(61) 98544-3843",
		"altura": "1,69",
		"peso": 76,
		"tipo_sanguineo": "AB-",
		"cor": "amarelo"
	},
	{
		"nome": "Ayla Sarah Tatiane da Rocha",
		"idade": 44,
		"cpf": "152.434.241-61",
		"rg": "49.728.338-4",
		"data_nasc": "17/02/1979",
		"sexo": "Feminino",
		"signo": "Aquário",
		"mae": "Alícia Manuela",
		"pai": "Elias Vicente da Rocha",
		"email": "ayla_darocha@cenia.com.br",
		"senha": "zuWXcgGoCE",
		"cep": "72225-193",
		"endereco": "Quadra QNN 19 Conjunto C",
		"numero": 624,
		"bairro": "Ceilândia Norte (Ceilândia)",
		"cidade": "Brasília",
		"estado": "DF",
		"telefone_fixo": "(61) 3830-3055",
		"celular": "(61) 98132-0065",
		"altura": "1,69",
		"peso": 53,
		"tipo_sanguineo": "AB-",
		"cor": "preto"
	},
	{
		"nome": "Emanuel Benício da Paz",
		"idade": 51,
		"cpf": "980.357.031-53",
		"rg": "17.072.019-6",
		"data_nasc": "18/02/1972",
		"sexo": "Masculino",
		"signo": "Aquário",
		"mae": "Luzia Sabrina",
		"pai": "Severino Fernando da Paz",
		"email": "emanuel-dapaz84@mosman.com.br",
		"senha": "rtXrtpr4sZ",
		"cep": "71881-133",
		"endereco": "Quadra QN 14C Conjunto 3",
		"numero": 371,
		"bairro": "Riacho Fundo II",
		"cidade": "Brasília",
		"estado": "DF",
		"telefone_fixo": "(61) 2605-9171",
		"celular": "(61) 98822-4450",
		"altura": "1,96",
		"peso": 80,
		"tipo_sanguineo": "O-",
		"cor": "roxo"
	},
	{
		"nome": "Fernando José Murilo Araújo",
		"idade": 50,
		"cpf": "718.551.231-00",
		"rg": "27.345.165-0",
		"data_nasc": "16/02/1973",
		"sexo": "Masculino",
		"signo": "Aquário",
		"mae": "Antonella Clarice",
		"pai": "Caleb Yuri Sérgio Araújo",
		"email": "fernando.jose.araujo@splicenet.com.br",
		"senha": "ZDKPXyONea",
		"cep": "71015-057",
		"endereco": "Quadra QE 20 Área Especial E",
		"numero": 118,
		"bairro": "Guará I",
		"cidade": "Brasília",
		"estado": "DF",
		"telefone_fixo": "(61) 2968-7672",
		"celular": "(61) 99844-8163",
		"altura": "1,74",
		"peso": 51,
		"tipo_sanguineo": "AB-",
		"cor": "vermelho"
	},
	{
		"nome": "Eduardo Manoel Mendes",
		"idade": 46,
		"cpf": "358.187.441-59",
		"rg": "24.534.614-4",
		"data_nasc": "03/01/1977",
		"sexo": "Masculino",
		"signo": "Capricórnio",
		"mae": "Sophia Allana Raimunda",
		"pai": "Martin Levi Mendes",
		"email": "eduardo_manoel_mendes@eletrolexeng.com.br",
		"senha": "NiCWX7WbAJ",
		"cep": "71927-360",
		"endereco": "Rua Arariba",
		"numero": 178,
		"bairro": "Sul (Águas Claras)",
		"cidade": "Brasília",
		"estado": "DF",
		"telefone_fixo": "(61) 3977-3359",
		"celular": "(61) 98109-5124",
		"altura": "1,88",
		"peso": 100,
		"tipo_sanguineo": "O+",
		"cor": "amarelo"
	},
	{
		"nome": "Vitória Fátima Carolina Brito",
		"idade": 55,
		"cpf": "644.171.831-63",
		"rg": "50.752.764-1",
		"data_nasc": "12/01/1968",
		"sexo": "Feminino",
		"signo": "Capricórnio",
		"mae": "Evelyn Maya",
		"pai": "Gustavo Enzo Sérgio Brito",
		"email": "vitoria.fatima.brito@dmcard.com.br",
		"senha": "KZG5azdhkn",
		"cep": "71681-475",
		"endereco": "Quadra 9 Conjunto A",
		"numero": 728,
		"bairro": "Setor Habitacional Jardim Botânico (Lago Sul)",
		"cidade": "Brasília",
		"estado": "DF",
		"telefone_fixo": "(61) 3973-9404",
		"celular": "(61) 98520-5757",
		"altura": "1,50",
		"peso": 68,
		"tipo_sanguineo": "A-",
		"cor": "preto"
	},
	{
		"nome": "Juliana Emily Eloá Moura",
		"idade": 67,
		"cpf": "101.964.651-92",
		"rg": "20.743.947-3",
		"data_nasc": "22/01/1956",
		"sexo": "Feminino",
		"signo": "Aquário",
		"mae": "Rosângela Vanessa",
		"pai": "André Caio Anthony Moura",
		"email": "julianaemilymoura@terapeutaholistica.com.br",
		"senha": "RRGn1JkXhS",
		"cep": "73005-650",
		"endereco": "Área Especial Área Especial para Indústria 5",
		"numero": 187,
		"bairro": "Sobradinho",
		"cidade": "Brasília",
		"estado": "DF",
		"telefone_fixo": "(61) 2810-2607",
		"celular": "(61) 98778-5312",
		"altura": "1,74",
		"peso": 55,
		"tipo_sanguineo": "A-",
		"cor": "vermelho"
	},
	{
		"nome": "Alícia Lavínia Clara da Mota",
		"idade": 29,
		"cpf": "007.515.091-32",
		"rg": "18.871.864-3",
		"data_nasc": "12/01/1994",
		"sexo": "Feminino",
		"signo": "Capricórnio",
		"mae": "Evelyn Melissa Clarice",
		"pai": "Nicolas Raimundo da Mota",
		"email": "alicia.lavinia.damota@aiesec.net",
		"senha": "lKN2F4HkRL",
		"cep": "72155-617",
		"endereco": "Quadra QNL 6 Bloco G",
		"numero": 969,
		"bairro": "Taguatinga Norte (Taguatinga)",
		"cidade": "Brasília",
		"estado": "DF",
		"telefone_fixo": "(61) 3735-8574",
		"celular": "(61) 99450-6802",
		"altura": "1,72",
		"peso": 54,
		"tipo_sanguineo": "O-",
		"cor": "vermelho"
	},
	{
		"nome": "José Anderson Assunção",
		"idade": 75,
		"cpf": "294.236.481-50",
		"rg": "17.839.231-5",
		"data_nasc": "09/01/1948",
		"sexo": "Masculino",
		"signo": "Capricórnio",
		"mae": "Bruna Sophie",
		"pai": "Lucas Gabriel Luiz Assunção",
		"email": "jose_anderson_assuncao@msn.com.br",
		"senha": "FqomRZBjI3",
		"cep": "70278-070",
		"endereco": "Quadra SQS 412 Bloco G",
		"numero": 812,
		"bairro": "Asa Sul",
		"cidade": "Brasília",
		"estado": "DF",
		"telefone_fixo": "(61) 3889-8023",
		"celular": "(61) 99839-2881",
		"altura": "1,77",
		"peso": 79,
		"tipo_sanguineo": "B-",
		"cor": "amarelo"
	},
	{
		"nome": "Adriana Isabel Mariana Souza",
		"idade": 21,
		"cpf": "884.140.931-24",
		"rg": "32.964.101-3",
		"data_nasc": "08/02/2002",
		"sexo": "Feminino",
		"signo": "Aquário",
		"mae": "Bruna Vanessa Larissa",
		"pai": "Thomas Thomas Daniel Souza",
		"email": "adriana_souza@diebold.com",
		"senha": "U1ch1WqrCA",
		"cep": "71761-005",
		"endereco": "Setor de Chácaras Córrego da Onça Rua A Área Especial 1",
		"numero": 710,
		"bairro": "Setor de Chácaras Córrego da Onça (Núcleo Bandeirante)",
		"cidade": "Brasília",
		"estado": "DF",
		"telefone_fixo": "(61) 3865-3265",
		"celular": "(61) 98404-0231",
		"altura": "1,62",
		"peso": 90,
		"tipo_sanguineo": "B+",
		"cor": "amarelo"
	},
	{
		"nome": "Marlene Brenda Moraes",
		"idade": 46,
		"cpf": "781.961.131-61",
		"rg": "24.341.149-2",
		"data_nasc": "01/01/1977",
		"sexo": "Feminino",
		"signo": "Capricórnio",
		"mae": "Raimunda Heloisa Elisa",
		"pai": "Diogo Jorge Moraes",
		"email": "marlene.brenda.moraes@marquesalcantra.comabdv.com.br",
		"senha": "4I13GY7j3k",
		"cep": "72280-458",
		"endereco": "Rua Rua 8 Módulo 4",
		"numero": 263,
		"bairro": "Condomínio Privê Lucena Roriz (Ceilândia)",
		"cidade": "Brasília",
		"estado": "DF",
		"telefone_fixo": "(61) 2678-4105",
		"celular": "(61) 99733-3715",
		"altura": "1,58",
		"peso": 64,
		"tipo_sanguineo": "B+",
		"cor": "verde"
	},
	{
		"nome": "Thomas Bryan Galvão",
		"idade": 40,
		"cpf": "550.990.301-57",
		"rg": "50.023.927-7",
		"data_nasc": "02/01/1983",
		"sexo": "Masculino",
		"signo": "Capricórnio",
		"mae": "Yasmin Stefany Bruna",
		"pai": "Gustavo Anthony Renan Galvão",
		"email": "thomas_bryan_galvao@marcofaria.com",
		"senha": "ZIlZsDghnC",
		"cep": "73330-072",
		"endereco": "Rua Eugênio Jardim",
		"numero": 181,
		"bairro": "Setor Tradicional (Planaltina)",
		"cidade": "Brasília",
		"estado": "DF",
		"telefone_fixo": "(61) 2857-8394",
		"celular": "(61) 98418-0455",
		"altura": "1,79",
		"peso": 99,
		"tipo_sanguineo": "B-",
		"cor": "laranja"
	},
	{
		"nome": "Victor Gabriel Severino da Rosa",
		"idade": 74,
		"cpf": "940.392.371-70",
		"rg": "19.283.586-5",
		"data_nasc": "20/01/1949",
		"sexo": "Masculino",
		"signo": "Capricórnio",
		"mae": "Aline Isabelle",
		"pai": "Leandro Enzo Bernardo da Rosa",
		"email": "victorgabrieldarosa@megasurgical.com.br",
		"senha": "4sqcHYuD0H",
		"cep": "73026-664",
		"endereco": "Quadra 6 AR 4",
		"numero": 516,
		"bairro": "Sobradinho",
		"cidade": "Brasília",
		"estado": "DF",
		"telefone_fixo": "(61) 2864-9894",
		"celular": "(61) 98991-9285",
		"altura": "1,63",
		"peso": 98,
		"tipo_sanguineo": "A+",
		"cor": "amarelo"
	},
	{
		"nome": "Juan Nathan Vieira",
		"idade": 76,
		"cpf": "806.706.631-07",
		"rg": "50.845.011-1",
		"data_nasc": "10/02/1947",
		"sexo": "Masculino",
		"signo": "Aquário",
		"mae": "Clarice Mirella",
		"pai": "Renato Juan Vinicius Vieira",
		"email": "juan_vieira@hardquality.com.br",
		"senha": "2OGJCnTLot",
		"cep": "72621-402",
		"endereco": "Quadra Quadra 307 Conjunto 2",
		"numero": 396,
		"bairro": "Recanto das Emas",
		"cidade": "Brasília",
		"estado": "DF",
		"telefone_fixo": "(61) 3706-0092",
		"celular": "(61) 99946-0208",
		"altura": "1,77",
		"peso": 79,
		"tipo_sanguineo": "O+",
		"cor": "vermelho"
	},
	{
		"nome": "Jaqueline Benedita Raquel Freitas",
		"idade": 54,
		"cpf": "156.406.831-55",
		"rg": "18.150.731-6",
		"data_nasc": "13/01/1969",
		"sexo": "Feminino",
		"signo": "Capricórnio",
		"mae": "Rafaela Giovanna Lavínia",
		"pai": "Marcos Vinicius Mateus Pedro Freitas",
		"email": "jaqueline-freitas71@onvale.com",
		"senha": "PLIzkdNA0o",
		"cep": "71258-135",
		"endereco": "Quadra Quadra 2 Conjunto 7",
		"numero": 982,
		"bairro": "Setor Norte (Vila Estrutural - Guará)",
		"cidade": "Brasília",
		"estado": "DF",
		"telefone_fixo": "(61) 3827-9561",
		"celular": "(61) 99692-9684",
		"altura": "1,83",
		"peso": 69,
		"tipo_sanguineo": "O+",
		"cor": "amarelo"
	},
	{
		"nome": "Giovana Joana Viana",
		"idade": 44,
		"cpf": "128.975.621-02",
		"rg": "31.614.441-1",
		"data_nasc": "16/01/1979",
		"sexo": "Feminino",
		"signo": "Capricórnio",
		"mae": "Lavínia Emanuelly",
		"pai": "Julio Gael Sebastião Viana",
		"email": "giovana_joana_viana@eletroaquila.net",
		"senha": "fnC8EjC7Lh",
		"cep": "70655-703",
		"endereco": "Quadra SHCES Quadra 711 Bloco C",
		"numero": 955,
		"bairro": "Cruzeiro Novo",
		"cidade": "Brasília",
		"estado": "DF",
		"telefone_fixo": "(61) 3635-9251",
		"celular": "(61) 99594-2870",
		"altura": "1,79",
		"peso": 50,
		"tipo_sanguineo": "AB-",
		"cor": "laranja"
	},
	{
		"nome": "Raimunda Josefa Porto",
		"idade": 63,
		"cpf": "371.222.761-20",
		"rg": "24.915.665-9",
		"data_nasc": "13/02/1960",
		"sexo": "Feminino",
		"signo": "Aquário",
		"mae": "Brenda Daniela",
		"pai": "Henrique Gustavo Luiz Porto",
		"email": "raimunda-porto88@likaleal.com.br",
		"senha": "xzLajE0hde",
		"cep": "71655-330",
		"endereco": "Quadra SHIS QI 21 Conjunto 13",
		"numero": 127,
		"bairro": "Setor de Habitações Individuais Sul",
		"cidade": "Brasília",
		"estado": "DF",
		"telefone_fixo": "(61) 3560-5932",
		"celular": "(61) 98794-3408",
		"altura": "1,80",
		"peso": 90,
		"tipo_sanguineo": "O+",
		"cor": "roxo"
	},
	{
		"nome": "Lavínia Regina Gomes",
		"idade": 30,
		"cpf": "109.244.401-71",
		"rg": "40.083.147-8",
		"data_nasc": "20/02/1993",
		"sexo": "Feminino",
		"signo": "Peixes",
		"mae": "Maya Aurora",
		"pai": "Miguel Pedro Henrique Diego Gomes",
		"email": "laviniareginagomes@radicigroup.com",
		"senha": "glOEFRT4Ep",
		"cep": "71010-038",
		"endereco": "Quadra QE 10 Conjunto C",
		"numero": 401,
		"bairro": "Guará I",
		"cidade": "Brasília",
		"estado": "DF",
		"telefone_fixo": "(61) 3812-0066",
		"celular": "(61) 99171-0547",
		"altura": "1,68",
		"peso": 60,
		"tipo_sanguineo": "O-",
		"cor": "roxo"
	},
	{
		"nome": "Vitor Geraldo Campos",
		"idade": 73,
		"cpf": "967.757.851-00",
		"rg": "27.818.852-7",
		"data_nasc": "12/02/1950",
		"sexo": "Masculino",
		"signo": "Aquário",
		"mae": "Aline Isabel Francisca",
		"pai": "Francisco Tomás Campos",
		"email": "vitorgeraldocampos@akadnyx.com.br",
		"senha": "WBAaD2mnUd",
		"cep": "71720-017",
		"endereco": "Avenida Terceira Avenida Bloco 1580",
		"numero": 557,
		"bairro": "Núcleo Bandeirante",
		"cidade": "Brasília",
		"estado": "DF",
		"telefone_fixo": "(61) 3719-7841",
		"celular": "(61) 99153-0490",
		"altura": "1,80",
		"peso": 69,
		"tipo_sanguineo": "B-",
		"cor": "azul"
	},
	{
		"nome": "Jorge Geraldo Almeida",
		"idade": 70,
		"cpf": "746.340.331-94",
		"rg": "22.041.261-3",
		"data_nasc": "03/01/1953",
		"sexo": "Masculino",
		"signo": "Capricórnio",
		"mae": "Bárbara Fernanda",
		"pai": "Marcos Vinicius Vinicius Hugo Almeida",
		"email": "jorge-almeida72@uol.com",
		"senha": "ua11ub6ZcN",
		"cep": "71996-645",
		"endereco": "Conjunto SHA Conjunto 7 Chácara 27",
		"numero": 954,
		"bairro": "Setor Habitacional Arniqueira (Águas Claras)",
		"cidade": "Brasília",
		"estado": "DF",
		"telefone_fixo": "(61) 3992-1676",
		"celular": "(61) 98455-9162",
		"altura": "1,73",
		"peso": 85,
		"tipo_sanguineo": "AB-",
		"cor": "preto"
	},
	{
		"nome": "Marcela Sarah Alessandra Silva",
		"idade": 44,
		"cpf": "821.116.071-42",
		"rg": "17.780.443-9",
		"data_nasc": "12/01/1979",
		"sexo": "Feminino",
		"signo": "Capricórnio",
		"mae": "Laura Vitória",
		"pai": "Alexandre Mário Luís Silva",
		"email": "marcelasarahsilva@grupoarteoficio.com.br",
		"senha": "UeJ375Z6fi",
		"cep": "72509-513",
		"endereco": "Quadra QR 309 Conjunto M",
		"numero": 518,
		"bairro": "Santa Maria",
		"cidade": "Brasília",
		"estado": "DF",
		"telefone_fixo": "(61) 2796-4638",
		"celular": "(61) 98820-7970",
		"altura": "1,85",
		"peso": 49,
		"tipo_sanguineo": "AB+",
		"cor": "azul"
	},
	{
		"nome": "Regina Laura da Conceição",
		"idade": 70,
		"cpf": "884.576.391-96",
		"rg": "12.087.114-2",
		"data_nasc": "11/01/1953",
		"sexo": "Feminino",
		"signo": "Capricórnio",
		"mae": "Heloisa Laura Maria",
		"pai": "Raimundo Kevin da Conceição",
		"email": "reginalauradaconceicao@atiara.com.br",
		"senha": "dmA0JA8EmD",
		"cep": "73391-006",
		"endereco": "Área Comercial 1",
		"numero": 324,
		"bairro": "Residencial Cachoeira (Planaltina)",
		"cidade": "Brasília",
		"estado": "DF",
		"telefone_fixo": "(61) 3960-7236",
		"celular": "(61) 98337-9044",
		"altura": "1,68",
		"peso": 89,
		"tipo_sanguineo": "O+",
		"cor": "azul"
	},
	{
		"nome": "João Caio Peixoto",
		"idade": 61,
		"cpf": "066.503.901-86",
		"rg": "15.117.643-7",
		"data_nasc": "20/02/1962",
		"sexo": "Masculino",
		"signo": "Peixes",
		"mae": "Marina Rayssa Allana",
		"pai": "Filipe Diego Murilo Peixoto",
		"email": "joao_caio_peixoto@novadeliveri.com.br",
		"senha": "nj1QgG9gcl",
		"cep": "72015-170",
		"endereco": "Quadra QSA 17",
		"numero": 552,
		"bairro": "Taguatinga Sul (Taguatinga)",
		"cidade": "Brasília",
		"estado": "DF",
		"telefone_fixo": "(61) 3729-0763",
		"celular": "(61) 98755-5368",
		"altura": "1,92",
		"peso": 64,
		"tipo_sanguineo": "B+",
		"cor": "amarelo"
	},
	{
		"nome": "Lucas Calebe Yago Sales",
		"idade": 59,
		"cpf": "189.812.891-07",
		"rg": "18.421.012-4",
		"data_nasc": "07/01/1964",
		"sexo": "Masculino",
		"signo": "Capricórnio",
		"mae": "Cláudia Luciana",
		"pai": "Lucca Luiz Geraldo Sales",
		"email": "lucas-sales78@id.uff.br",
		"senha": "A5Ekt0uWn4",
		"cep": "71020-094",
		"endereco": "Quadra QI 5 Conjunto I",
		"numero": 135,
		"bairro": "Guará I",
		"cidade": "Brasília",
		"estado": "DF",
		"telefone_fixo": "(61) 3963-2520",
		"celular": "(61) 99469-6776",
		"altura": "1,99",
		"peso": 58,
		"tipo_sanguineo": "O+",
		"cor": "verde"
	},
	{
		"nome": "Luana Sophia Sophie Almada",
		"idade": 54,
		"cpf": "647.706.071-05",
		"rg": "41.849.918-4",
		"data_nasc": "15/02/1969",
		"sexo": "Feminino",
		"signo": "Aquário",
		"mae": "Ester Raquel",
		"pai": "Thiago Leonardo Sérgio Almada",
		"email": "luanasophiaalmada@cincoentretenimentos.com.br",
		"senha": "gW9quB1Qjx",
		"cep": "72710-630",
		"endereco": "Área Especial 3",
		"numero": 694,
		"bairro": "Setor Norte (Brazlândia)",
		"cidade": "Brasília",
		"estado": "DF",
		"telefone_fixo": "(61) 3923-5059",
		"celular": "(61) 99747-1388",
		"altura": "1,85",
		"peso": 65,
		"tipo_sanguineo": "B+",
		"cor": "azul"
	},
	{
		"nome": "Nicolas Francisco Dias",
		"idade": 52,
		"cpf": "309.754.481-02",
		"rg": "44.632.934-4",
		"data_nasc": "22/01/1971",
		"sexo": "Masculino",
		"signo": "Aquário",
		"mae": "Tereza Antônia Brenda",
		"pai": "Bento Kevin Dias",
		"email": "nicolas_francisco_dias@agltda.com.br",
		"senha": "bHF9J0wOby",
		"cep": "73403-615",
		"endereco": "Quadra Quadra Conjunto Comercial",
		"numero": 955,
		"bairro": "Condomínio Coohaplan - Itiquira (Planaltina)",
		"cidade": "Brasília",
		"estado": "DF",
		"telefone_fixo": "(61) 3521-0013",
		"celular": "(61) 98122-9110",
		"altura": "1,92",
		"peso": 62,
		"tipo_sanguineo": "A-",
		"cor": "vermelho"
	}
]