[
	{
		"nome": "César Gael da Cunha",
		"idade": 45,
		"cpf": "150.650.731-04",
		"rg": "21.014.121-9",
		"data_nasc": "14/01/1978",
		"sexo": "Masculino",
		"signo": "Capricórnio",
		"mae": "Laís Giovana Manuela",
		"pai": "Oliver Caio Ricardo da Cunha",
		"email": "cesar-dacunha95@aguianet.com.br",
		"senha": "X8IrkaGiA3",
		"cep": "71650-135",
		"endereco": "Quadra SHIS QL 20 Conjunto 3",
		"numero": 607,
		"bairro": "Setor de Habitações Individuais Sul",
		"cidade": "Brasília",
		"estado": "DF",
		"telefone_fixo": "(61) 3529-1932",
		"celular": "(61) 99619-6291",
		"altura": "1,97",
		"peso": 100,
		"tipo_sanguineo": "O-",
		"cor": "azul"
	},
	{
		"nome": "Stefany Mirella Freitas",
		"idade": 38,
		"cpf": "192.966.811-20",
		"rg": "23.532.939-3",
		"data_nasc": "10/02/1985",
		"sexo": "Feminino",
		"signo": "Aquário",
		"mae": "Sabrina Mirella Louise",
		"pai": "Henry Vicente Freitas",
		"email": "stefanymirellafreitas@lubeka.com.br",
		"senha": "e2zctFK8kO",
		"cep": "70904-970",
		"endereco": "Campus Universitário Darcy Ribeiro Bloco A  PMU I Sala AT 08/03",
		"numero": 228,
		"bairro": "Asa Norte",
		"cidade": "Brasília",
		"estado": "DF",
		"telefone_fixo": "(61) 3675-4279",
		"celular": "(61) 98751-3749",
		"altura": "1,77",
		"peso": 76,
		"tipo_sanguineo": "A-",
		"cor": "azul"
	},
	{
		"nome": "Raimundo Murilo Ferreira",
		"idade": 29,
		"cpf": "406.838.091-05",
		"rg": "31.181.204-1",
		"data_nasc": "12/01/1994",
		"sexo": "Masculino",
		"signo": "Capricórnio",
		"mae": "Clarice Liz",
		"pai": "Bruno Isaac Carlos Eduardo Ferreira",
		"email": "raimundo_murilo_ferreira@power.alstom.com",
		"senha": "Fkgf8hcHtu",
		"cep": "72001-190",
		"endereco": "Rua Rua 4C Chácara 13",
		"numero": 548,
		"bairro": "Setor Habitacional Samambaia (Vicente Pires)",
		"cidade": "Brasília",
		"estado": "DF",
		"telefone_fixo": "(61) 2683-8984",
		"celular": "(61) 99709-8132",
		"altura": "1,86",
		"peso": 59,
		"tipo_sanguineo": "B-",
		"cor": "vermelho"
	},
	{
		"nome": "Martin Kauê Duarte",
		"idade": 31,
		"cpf": "693.934.411-03",
		"rg": "24.849.164-7",
		"data_nasc": "08/01/1992",
		"sexo": "Masculino",
		"signo": "Capricórnio",
		"mae": "Jéssica Eloá Isadora",
		"pai": "Geraldo Rafael Duarte",
		"email": "martinkaueduarte@huggoromano.com",
		"senha": "zz1FA5P4E0",
		"cep": "70852-020",
		"endereco": "Quadra SQN 207 Bloco B",
		"numero": 920,
		"bairro": "Asa Norte",
		"cidade": "Brasília",
		"estado": "DF",
		"telefone_fixo": "(61) 2566-4496",
		"celular": "(61) 99304-1375",
		"altura": "1,86",
		"peso": 106,
		"tipo_sanguineo": "B+",
		"cor": "amarelo"
	},
	{
		"nome": "Nelson Lucas Gonçalves",
		"idade": 61,
		"cpf": "215.135.061-45",
		"rg": "16.639.759-3",
		"data_nasc": "12/01/1962",
		"sexo": "Masculino",
		"signo": "Capricórnio",
		"mae": "Silvana Marli",
		"pai": "Carlos Bryan Gonçalves",
		"email": "nelsonlucasgoncalves@ogn.com.br",
		"senha": "AUwq9RePwu",
		"cep": "71551-420",
		"endereco": "Quadra Quadra 4 Conjunto 5",
		"numero": 455,
		"bairro": "Setor Habitacional Taquari (Lago Norte)",
		"cidade": "Brasília",
		"estado": "DF",
		"telefone_fixo": "(61) 3706-3922",
		"celular": "(61) 98160-8416",
		"altura": "1,64",
		"peso": 61,
		"tipo_sanguineo": "B-",
		"cor": "amarelo"
	},
	{
		"nome": "Sara Pietra da Rocha",
		"idade": 52,
		"cpf": "867.399.981-24",
		"rg": "34.870.920-1",
		"data_nasc": "15/02/1971",
		"sexo": "Feminino",
		"signo": "Aquário",
		"mae": "Luzia Heloisa Nair",
		"pai": "Lorenzo Mateus da Rocha",
		"email": "sarapietradarocha@bucaneiro.com.br",
		"senha": "gNHpKWPosu",
		"cep": "72660-209",
		"endereco": "Quadra Quadra 510 Conjunto 3",
		"numero": 631,
		"bairro": "Recanto das Emas",
		"cidade": "Brasília",
		"estado": "DF",
		"telefone_fixo": "(61) 2730-7026",
		"celular": "(61) 98949-4809",
		"altura": "1,56",
		"peso": 56,
		"tipo_sanguineo": "AB+",
		"cor": "vermelho"
	},
	{
		"nome": "Enrico Matheus Kevin Viana",
		"idade": 59,
		"cpf": "068.213.211-08",
		"rg": "26.063.314-8",
		"data_nasc": "01/01/1964",
		"sexo": "Masculino",
		"signo": "Capricórnio",
		"mae": "Bruna Louise",
		"pai": "Vinicius Thomas Rafael Viana",
		"email": "enrico.matheus.viana@dc4.com.br",
		"senha": "XOopU50QI4",
		"cep": "72333-208",
		"endereco": "Quadra QR 621 Conjunto 6-A",
		"numero": 759,
		"bairro": "Samambaia Norte (Samambaia)",
		"cidade": "Brasília",
		"estado": "DF",
		"telefone_fixo": "(61) 2620-0615",
		"celular": "(61) 98524-6688",
		"altura": "1,77",
		"peso": 72,
		"tipo_sanguineo": "AB+",
		"cor": "vermelho"
	},
	{
		"nome": "Beatriz Esther Carvalho",
		"idade": 42,
		"cpf": "198.889.801-30",
		"rg": "13.079.060-6",
		"data_nasc": "06/02/1981",
		"sexo": "Feminino",
		"signo": "Aquário",
		"mae": "Rosângela Benedita Fabiana",
		"pai": "Benício Cláudio Carvalho",
		"email": "beatriz.esther.carvalho@andressamelo.com.br",
		"senha": "F3AFrqrW5M",
		"cep": "72601-100",
		"endereco": "Quadra Quadra 105",
		"numero": 164,
		"bairro": "Recanto das Emas",
		"cidade": "Brasília",
		"estado": "DF",
		"telefone_fixo": "(61) 2558-3624",
		"celular": "(61) 98611-2663",
		"altura": "1,66",
		"peso": 55,
		"tipo_sanguineo": "A-",
		"cor": "preto"
	},
	{
		"nome": "Giovanna Luciana da Mota",
		"idade": 27,
		"cpf": "806.156.241-38",
		"rg": "16.034.494-3",
		"data_nasc": "06/02/1996",
		"sexo": "Feminino",
		"signo": "Aquário",
		"mae": "Alícia Tânia",
		"pai": "Raul Rodrigo da Mota",
		"email": "giovanna.luciana.damota@recantoalmeida.com.br",
		"senha": "ajDHCgKIhf",
		"cep": "70843-530",
		"endereco": "Quadra CLN 205 Bloco C",
		"numero": 352,
		"bairro": "Asa Norte",
		"cidade": "Brasília",
		"estado": "DF",
		"telefone_fixo": "(61) 2548-1244",
		"celular": "(61) 99104-9581",
		"altura": "1,82",
		"peso": 68,
		"tipo_sanguineo": "AB+",
		"cor": "vermelho"
	},
	{
		"nome": "Cristiane Isis Julia da Paz",
		"idade": 49,
		"cpf": "038.212.971-74",
		"rg": "36.573.564-4",
		"data_nasc": "25/02/1974",
		"sexo": "Feminino",
		"signo": "Peixes",
		"mae": "Benedita Bruna Amanda",
		"pai": "Vitor Ian da Paz",
		"email": "cristiane_dapaz@gerj.com.br",
		"senha": "PewUtWsL9r",
		"cep": "71100-101",
		"endereco": "Quadra EPTG QE 3 Bloco A-1",
		"numero": 676,
		"bairro": "Quadras Econômicas Lúcio Costa (Guará)",
		"cidade": "Brasília",
		"estado": "DF",
		"telefone_fixo": "(61) 2548-6473",
		"celular": "(61) 99798-0711",
		"altura": "1,61",
		"peso": 66,
		"tipo_sanguineo": "AB-",
		"cor": "vermelho"
	},
	{
		"nome": "Jéssica Gabrielly Fernanda Monteiro",
		"idade": 80,
		"cpf": "066.625.691-86",
		"rg": "25.684.626-1",
		"data_nasc": "20/01/1943",
		"sexo": "Feminino",
		"signo": "Capricórnio",
		"mae": "Luiza Bárbara Sophie",
		"pai": "Rodrigo Lucca André Monteiro",
		"email": "jessica.gabrielly.monteiro@fingrs.com.br",
		"senha": "xu8LNtSFQP",
		"cep": "73151-010",
		"endereco": "Rodovia DF-205",
		"numero": 706,
		"bairro": "Setor Habitacional Fercal (Sobradinho)",
		"cidade": "Brasília",
		"estado": "DF",
		"telefone_fixo": "(61) 3569-0936",
		"celular": "(61) 98616-5115",
		"altura": "1,75",
		"peso": 55,
		"tipo_sanguineo": "A-",
		"cor": "amarelo"
	},
	{
		"nome": "Luciana Sophia Melo",
		"idade": 57,
		"cpf": "105.494.421-03",
		"rg": "50.601.201-3",
		"data_nasc": "17/01/1966",
		"sexo": "Feminino",
		"signo": "Capricórnio",
		"mae": "Emily Jaqueline Márcia",
		"pai": "Marcelo Emanuel Francisco Melo",
		"email": "luciana.sophia.melo@agreonoma.eng.br",
		"senha": "inPae3St9y",
		"cep": "73011-060",
		"endereco": "Quadra 12 AR 08",
		"numero": 994,
		"bairro": "Sobradinho",
		"cidade": "Brasília",
		"estado": "DF",
		"telefone_fixo": "(61) 3969-2965",
		"celular": "(61) 98727-6801",
		"altura": "1,56",
		"peso": 71,
		"tipo_sanguineo": "O+",
		"cor": "vermelho"
	},
	{
		"nome": "Rita Manuela Bernardes",
		"idade": 54,
		"cpf": "714.290.831-90",
		"rg": "16.818.320-1",
		"data_nasc": "24/01/1969",
		"sexo": "Feminino",
		"signo": "Aquário",
		"mae": "Valentina Elaine Daiane",
		"pai": "Bruno Juan Bernardes",
		"email": "rita_manuela_bernardes@ig.com",
		"senha": "IqoetjRsS2",
		"cep": "71010-222",
		"endereco": "Quadra QI 4 Conjunto V",
		"numero": 275,
		"bairro": "Guará I",
		"cidade": "Brasília",
		"estado": "DF",
		"telefone_fixo": "(61) 2665-0166",
		"celular": "(61) 98517-7632",
		"altura": "1,76",
		"peso": 46,
		"tipo_sanguineo": "AB+",
		"cor": "preto"
	},
	{
		"nome": "Vitória Carolina Costa",
		"idade": 51,
		"cpf": "639.283.761-28",
		"rg": "45.373.387-6",
		"data_nasc": "24/01/1972",
		"sexo": "Feminino",
		"signo": "Aquário",
		"mae": "Sabrina Rosângela Maya",
		"pai": "Pietro Ryan Costa",
		"email": "vitoria_carolina_costa@fepextrusao.com.br",
		"senha": "kM6wz3d7bo",
		"cep": "71655-320",
		"endereco": "Quadra SHIS QI 21 Conjunto 12",
		"numero": 639,
		"bairro": "Setor de Habitações Individuais Sul",
		"cidade": "Brasília",
		"estado": "DF",
		"telefone_fixo": "(61) 3818-9304",
		"celular": "(61) 98743-6008",
		"altura": "1,61",
		"peso": 76,
		"tipo_sanguineo": "AB-",
		"cor": "azul"
	},
	{
		"nome": "Vitor Nelson Assis",
		"idade": 70,
		"cpf": "902.797.391-17",
		"rg": "50.740.793-3",
		"data_nasc": "06/01/1953",
		"sexo": "Masculino",
		"signo": "Capricórnio",
		"mae": "Raquel Letícia Brenda",
		"pai": "Ruan Filipe Assis",
		"email": "vitor_nelson_assis@valparaibaimoveis.com.br",
		"senha": "eWrENg1GCC",
		"cep": "71505-060",
		"endereco": "Quadra SHIN QI 1 Conjunto 6",
		"numero": 565,
		"bairro": "Setor de Habitações Individuais Norte",
		"cidade": "Brasília",
		"estado": "DF",
		"telefone_fixo": "(61) 2764-7651",
		"celular": "(61) 98145-9109",
		"altura": "1,62",
		"peso": 109,
		"tipo_sanguineo": "AB-",
		"cor": "vermelho"
	},
	{
		"nome": "Maria Lara Ramos",
		"idade": 78,
		"cpf": "531.186.091-09",
		"rg": "24.677.991-3",
		"data_nasc": "26/01/1945",
		"sexo": "Feminino",
		"signo": "Aquário",
		"mae": "Betina Fabiana Sara",
		"pai": "Tiago Rafael Ramos",
		"email": "marialararamos@greenbikeshop.com.br",
		"senha": "wC0haB0jAX",
		"cep": "71697-043",
		"endereco": "Quadra Quadra 2 Conjunto 2",
		"numero": 727,
		"bairro": "São Bartolomeu (São Sebastião)",
		"cidade": "Brasília",
		"estado": "DF",
		"telefone_fixo": "(61) 2598-3073",
		"celular": "(61) 99699-2035",
		"altura": "1,75",
		"peso": 81,
		"tipo_sanguineo": "AB+",
		"cor": "preto"
	},
	{
		"nome": "Milena Fátima Almada",
		"idade": 57,
		"cpf": "835.296.221-33",
		"rg": "39.855.043-8",
		"data_nasc": "24/02/1966",
		"sexo": "Feminino",
		"signo": "Peixes",
		"mae": "Luna Sophia",
		"pai": "Murilo Marcos Ruan Almada",
		"email": "milena-almada88@yahoo.de",
		"senha": "teF3Q0L0IT",
		"cep": "71692-134",
		"endereco": "Quadra Quadra 102 Conjunto 12",
		"numero": 696,
		"bairro": "Setor Residencial Oeste (São Sebastião)",
		"cidade": "Brasília",
		"estado": "DF",
		"telefone_fixo": "(61) 2740-8192",
		"celular": "(61) 98754-5585",
		"altura": "1,63",
		"peso": 65,
		"tipo_sanguineo": "O+",
		"cor": "verde"
	},
	{
		"nome": "Eduardo Giovanni Cláudio Silveira",
		"idade": 42,
		"cpf": "341.043.741-05",
		"rg": "35.410.303-9",
		"data_nasc": "01/01/1981",
		"sexo": "Masculino",
		"signo": "Capricórnio",
		"mae": "Heloise Patrícia",
		"pai": "Martin Diego Silveira",
		"email": "eduardo_silveira@digitalsj.com.br",
		"senha": "UtNDGdUmnA",
		"cep": "72001-845",
		"endereco": "Chácara Chácara 136",
		"numero": 737,
		"bairro": "Setor Habitacional Samambaia (Vicente Pires)",
		"cidade": "Brasília",
		"estado": "DF",
		"telefone_fixo": "(61) 2743-5929",
		"celular": "(61) 99915-2088",
		"altura": "1,79",
		"peso": 50,
		"tipo_sanguineo": "AB+",
		"cor": "vermelho"
	},
	{
		"nome": "Rosa Yasmin Rezende",
		"idade": 25,
		"cpf": "429.226.621-28",
		"rg": "29.575.594-5",
		"data_nasc": "18/02/1998",
		"sexo": "Feminino",
		"signo": "Aquário",
		"mae": "Rebeca Ana",
		"pai": "Enzo José Rezende",
		"email": "rosa.yasmin.rezende@ornatopresentes.com.br",
		"senha": "C9kopwuxKm",
		"cep": "70331-705",
		"endereco": "Quadra SHIGS 703 Bloco E",
		"numero": 548,
		"bairro": "Asa Sul",
		"cidade": "Brasília",
		"estado": "DF",
		"telefone_fixo": "(61) 3873-6497",
		"celular": "(61) 99479-6971",
		"altura": "1,76",
		"peso": 89,
		"tipo_sanguineo": "A-",
		"cor": "roxo"
	},
	{
		"nome": "Caio Thiago Heitor Lima",
		"idade": 69,
		"cpf": "577.378.071-28",
		"rg": "40.842.377-8",
		"data_nasc": "26/01/1954",
		"sexo": "Masculino",
		"signo": "Aquário",
		"mae": "Alícia Brenda Silvana",
		"pai": "Heitor Nicolas Isaac Lima",
		"email": "caio_lima@brastek.com.br",
		"senha": "i3XUmN0qFl",
		"cep": "70337-050",
		"endereco": "Quadra SQS 304 Bloco E",
		"numero": 458,
		"bairro": "Asa Sul",
		"cidade": "Brasília",
		"estado": "DF",
		"telefone_fixo": "(61) 2958-0848",
		"celular": "(61) 99357-3313",
		"altura": "1,82",
		"peso": 96,
		"tipo_sanguineo": "A-",
		"cor": "preto"
	},
	{
		"nome": "Rayssa Nina Márcia Fernandes",
		"idade": 21,
		"cpf": "693.880.951-89",
		"rg": "33.349.403-9",
		"data_nasc": "18/01/2002",
		"sexo": "Feminino",
		"signo": "Capricórnio",
		"mae": "Jéssica Sônia Allana",
		"pai": "Noah Cauê Fernandes",
		"email": "rayssa_fernandes@sinelcom.com.br",
		"senha": "UepfcRF1De",
		"cep": "73006-620",
		"endereco": "Quadra Quadra 10 Comércio Local 8",
		"numero": 240,
		"bairro": "Sobradinho",
		"cidade": "Brasília",
		"estado": "DF",
		"telefone_fixo": "(61) 3735-8527",
		"celular": "(61) 99200-4287",
		"altura": "1,78",
		"peso": 86,
		"tipo_sanguineo": "B+",
		"cor": "amarelo"
	},
	{
		"nome": "Kaique João Barbosa",
		"idade": 72,
		"cpf": "436.294.221-10",
		"rg": "37.331.313-5",
		"data_nasc": "01/02/1951",
		"sexo": "Masculino",
		"signo": "Aquário",
		"mae": "Renata Analu Nina",
		"pai": "Emanuel Edson Augusto Barbosa",
		"email": "kaique.joao.barbosa@vegacon.com.br",
		"senha": "tdhpulgL9r",
		"cep": "72305-117",
		"endereco": "Quadra QR 303 Conjunto 16",
		"numero": 446,
		"bairro": "Samambaia Sul (Samambaia)",
		"cidade": "Brasília",
		"estado": "DF",
		"telefone_fixo": "(61) 2714-9227",
		"celular": "(61) 99761-7329",
		"altura": "1,71",
		"peso": 57,
		"tipo_sanguineo": "AB+",
		"cor": "laranja"
	},
	{
		"nome": "Rodrigo Sebastião Ryan Cavalcanti",
		"idade": 80,
		"cpf": "138.025.341-15",
		"rg": "20.672.186-9",
		"data_nasc": "13/02/1943",
		"sexo": "Masculino",
		"signo": "Aquário",
		"mae": "Ayla Josefa Cláudia",
		"pai": "Roberto Vinicius Gabriel Cavalcanti",
		"email": "rodrigo_cavalcanti@grupoamericaville.com.br",
		"senha": "9mpJCqSLfS",
		"cep": "72550-031",
		"endereco": "Quadra 2ª Etapa Quadra K",
		"numero": 940,
		"bairro": "Setor Habitacional Ribeirão (Santa Maria)",
		"cidade": "Brasília",
		"estado": "DF",
		"telefone_fixo": "(61) 2753-6413",
		"celular": "(61) 99955-8524",
		"altura": "1,63",
		"peso": 90,
		"tipo_sanguineo": "A+",
		"cor": "laranja"
	},
	{
		"nome": "Malu Elza Dias",
		"idade": 59,
		"cpf": "139.402.321-90",
		"rg": "31.451.640-2",
		"data_nasc": "16/02/1964",
		"sexo": "Feminino",
		"signo": "Aquário",
		"mae": "Rita Sophia Larissa",
		"pai": "Breno Fábio Jorge Dias",
		"email": "malu_dias@silnave.com.br",
		"senha": "YhsHUK2Tll",
		"cep": "73017-012",
		"endereco": "Condomínio Novo Setor de Mansões",
		"numero": 707,
		"bairro": "Sobradinho",
		"cidade": "Brasília",
		"estado": "DF",
		"telefone_fixo": "(61) 2586-4600",
		"celular": "(61) 98749-8510",
		"altura": "1,67",
		"peso": 65,
		"tipo_sanguineo": "AB-",
		"cor": "laranja"
	},
	{
		"nome": "Sueli Laura Antonella Cardoso",
		"idade": 73,
		"cpf": "311.963.191-46",
		"rg": "39.037.310-2",
		"data_nasc": "08/01/1950",
		"sexo": "Feminino",
		"signo": "Capricórnio",
		"mae": "Isabelly Alessandra Mariah",
		"pai": "Miguel Cauê Cardoso",
		"email": "sueli_laura_cardoso@grupoarteoficio.com.br",
		"senha": "mEX7q1g0Kl",
		"cep": "72323-526",
		"endereco": "Quadra QS 415 Conjunto F",
		"numero": 197,
		"bairro": "Samambaia Norte (Samambaia)",
		"cidade": "Brasília",
		"estado": "DF",
		"telefone_fixo": "(61) 2622-2118",
		"celular": "(61) 99163-6675",
		"altura": "1,66",
		"peso": 52,
		"tipo_sanguineo": "B+",
		"cor": "verde"
	},
	{
		"nome": "Erick Luís Aragão",
		"idade": 41,
		"cpf": "218.426.351-66",
		"rg": "11.057.133-2",
		"data_nasc": "08/01/1982",
		"sexo": "Masculino",
		"signo": "Capricórnio",
		"mae": "Laura Emanuelly",
		"pai": "Diogo Diogo Ricardo Aragão",
		"email": "erick.luis.aragao@gutembier.com.br",
		"senha": "gzeBirbktN",
		"cep": "72301-510",
		"endereco": "Quadra QS 105",
		"numero": 274,
		"bairro": "Samambaia Sul (Samambaia)",
		"cidade": "Brasília",
		"estado": "DF",
		"telefone_fixo": "(61) 3813-3296",
		"celular": "(61) 98260-5002",
		"altura": "1,87",
		"peso": 81,
		"tipo_sanguineo": "A+",
		"cor": "vermelho"
	},
	{
		"nome": "Juliana Bruna Novaes",
		"idade": 54,
		"cpf": "411.977.361-23",
		"rg": "36.850.655-1",
		"data_nasc": "20/01/1969",
		"sexo": "Feminino",
		"signo": "Capricórnio",
		"mae": "Cecília Giovana Laura",
		"pai": "Raimundo Bruno Novaes",
		"email": "juliana.bruna.novaes@geopx.com.br",
		"senha": "74swxQjT3Z",
		"cep": "70770-118",
		"endereco": "Setor STN Bloco H",
		"numero": 712,
		"bairro": "Asa Norte",
		"cidade": "Brasília",
		"estado": "DF",
		"telefone_fixo": "(61) 2826-5688",
		"celular": "(61) 99395-9004",
		"altura": "1,73",
		"peso": 83,
		"tipo_sanguineo": "O-",
		"cor": "preto"
	},
	{
		"nome": "Benedito Guilherme da Luz",
		"idade": 68,
		"cpf": "440.133.631-35",
		"rg": "18.053.423-3",
		"data_nasc": "10/01/1955",
		"sexo": "Masculino",
		"signo": "Capricórnio",
		"mae": "Sarah Lara Heloisa",
		"pai": "Kevin Iago Ruan da Luz",
		"email": "benedito.guilherme.daluz@bwmtrade.com",
		"senha": "eImQpPJcPn",
		"cep": "72312-311",
		"endereco": "Quadra QR 508 Conjunto 9",
		"numero": 499,
		"bairro": "Samambaia Sul (Samambaia)",
		"cidade": "Brasília",
		"estado": "DF",
		"telefone_fixo": "(61) 2709-9693",
		"celular": "(61) 99992-5631",
		"altura": "1,98",
		"peso": 101,
		"tipo_sanguineo": "B-",
		"cor": "verde"
	},
	{
		"nome": "Nair Priscila Drumond",
		"idade": 70,
		"cpf": "279.928.011-05",
		"rg": "11.613.209-7",
		"data_nasc": "12/01/1953",
		"sexo": "Feminino",
		"signo": "Capricórnio",
		"mae": "Giovana Alícia",
		"pai": "Joaquim Felipe Drumond",
		"email": "nair-drumond81@lojascentrodamoda.com.br",
		"senha": "oOeMEfPjCW",
		"cep": "72492-150",
		"endereco": "Rua da Igreja",
		"numero": 633,
		"bairro": "Engenho das Lages (Gama)",
		"cidade": "Brasília",
		"estado": "DF",
		"telefone_fixo": "(61) 3883-8614",
		"celular": "(61) 98170-5096",
		"altura": "1,64",
		"peso": 66,
		"tipo_sanguineo": "AB+",
		"cor": "verde"
	},
	{
		"nome": "Miguel Vitor da Silva",
		"idade": 40,
		"cpf": "399.076.001-72",
		"rg": "48.671.180-8",
		"data_nasc": "25/01/1983",
		"sexo": "Masculino",
		"signo": "Aquário",
		"mae": "Juliana Daniela",
		"pai": "Tomás Leandro da Silva",
		"email": "miguel.vitor.dasilva@sp.senac.com.br",
		"senha": "mCx9rtGDgt",
		"cep": "72341-206",
		"endereco": "Quadra QR 205 Conjunto 6",
		"numero": 314,
		"bairro": "Samambaia Norte (Samambaia)",
		"cidade": "Brasília",
		"estado": "DF",
		"telefone_fixo": "(61) 2871-3879",
		"celular": "(61) 99991-0855",
		"altura": "1,95",
		"peso": 92,
		"tipo_sanguineo": "A-",
		"cor": "laranja"
	}
]